{
  "fio version" : "fio-3.36",
  "timestamp" : 1752804337,
  "timestamp_ms" : 1752804337474,
  "time" : "Fri Jul 18 02:05:37 2025",
  "global options" : {
    "ioengine" : "libaio",
    "direct" : "0",
    "directory" : "/mnt/test",
    "buffer_compress_percentage" : "70",
    "buffer_pattern" : "0xdeadbeef"
  },
  "jobs" : [
    {
      "jobname" : "database_mysql_innodb_test",
      "groupid" : 0,
      "job_start" : 1752804277267,
      "error" : 0,
      "eta" : 0,
      "elapsed" : 61,
      "job options" : {
        "rw" : "randrw",
        "rwmixread" : "70",
        "size" : "1G",
        "numjobs" : "24",
        "runtime" : "60",
        "iodepth" : "16",
        "bssplit" : "16k"
      },
      "read" : {
        "io_bytes" : 260620288,
        "io_kbytes" : 254512,
        "bw_bytes" : 4331111,
        "bw" : 4229,
        "iops" : 264.350052,
        "runtime" : 60174,
        "total_ios" : 15907,
        "short_ios" : 0,
        "drop_ios" : 0,
        "slat_ns" : {
          "min" : 3025058,
          "max" : 2021004970,
          "mean" : 90587358.895706,
          "stddev" : 116347182.876463,
          "N" : 15907
        },
        "clat_ns" : {
          "min" : 11007,
          "max" : 6721908107,
          "mean" : 935469291.264286,
          "stddev" : 552360858.439108,
          "N" : 15907,
          "percentile" : {
            "1.000000" : 229638144,
            "5.000000" : 354418688,
            "10.000000" : 438304768,
            "20.000000" : 557842432,
            "30.000000" : 650117120,
            "40.000000" : 734003200,
            "50.000000" : 817889280,
            "60.000000" : 926941184,
            "70.000000" : 1044381696,
            "80.000000" : 1216348160,
            "90.000000" : 1518338048,
            "95.000000" : 1837105152,
            "99.000000" : 2768240640,
            "99.500000" : 4211081216,
            "99.900000" : 5872025600,
            "99.950000" : 6006243328,
            "99.990000" : 6677331968
          }
        },
        "lat_ns" : {
          "min" : 8151620,
          "max" : 7094239877,
          "mean" : 1026056650.159993,
          "stddev" : 586316473.485393,
          "N" : 15907
        },
        "bw_min" : 768,
        "bw_max" : 12288,
        "bw_agg" : 100.000000,
        "bw_mean" : 4380.944586,
        "bw_dev" : 105.108577,
        "bw_samples" : 2693,
        "iops_min" : 48,
        "iops_max" : 768,
        "iops_mean" : 273.809037,
        "iops_stddev" : 6.569286,
        "iops_samples" : 2693
      },
      "write" : {
        "io_bytes" : 114573312,
        "io_kbytes" : 111888,
        "bw_bytes" : 1904033,
        "bw" : 1859,
        "iops" : 116.212982,
        "runtime" : 60174,
        "total_ios" : 6993,
        "short_ios" : 0,
        "drop_ios" : 0,
        "slat_ns" : {
          "min" : 5484,
          "max" : 337958,
          "mean" : 61436.043901,
          "stddev" : 22850.809233,
          "N" : 6993
        },
        "clat_ns" : {
          "min" : 112801975,
          "max" : 6933213262,
          "mean" : 936533348.466038,
          "stddev" : 524354886.150956,
          "N" : 6993,
          "percentile" : {
            "1.000000" : 258998272,
            "5.000000" : 362807296,
            "10.000000" : 450887680,
            "20.000000" : 566231040,
            "30.000000" : 658505728,
            "40.000000" : 742391808,
            "50.000000" : 834666496,
            "60.000000" : 935329792,
            "70.000000" : 1052770304,
            "80.000000" : 1216348160,
            "90.000000" : 1501560832,
            "95.000000" : 1820327936,
            "99.000000" : 2600468480,
            "99.500000" : 3573547008,
            "99.900000" : 5603590144,
            "99.950000" : 5872025600,
            "99.990000" : 6945767424
          }
        },
        "lat_ns" : {
          "min" : 112879520,
          "max" : 6933292013,
          "mean" : 936594784.509938,
          "stddev" : 524354711.586747,
          "N" : 6993
        },
        "bw_min" : 768,
        "bw_max" : 6656,
        "bw_agg" : 100.000000,
        "bw_mean" : 2168.747016,
        "bw_dev" : 55.812816,
        "bw_samples" : 2382,
        "iops_min" : 48,
        "iops_max" : 416,
        "iops_mean" : 135.546689,
        "iops_stddev" : 3.488301,
        "iops_samples" : 2382
      },
      "trim" : {
        "io_bytes" : 0,
        "io_kbytes" : 0,
        "bw_bytes" : 0,
        "bw" : 0,
        "iops" : 0.000000,
        "runtime" : 0,
        "total_ios" : 0,
        "short_ios" : 0,
        "drop_ios" : 0,
        "slat_ns" : {
          "min" : 0,
          "max" : 0,
          "mean" : 0.000000,
          "stddev" : 0.000000,
          "N" : 0
        },
        "clat_ns" : {
          "min" : 0,
          "max" : 0,
          "mean" : 0.000000,
          "stddev" : 0.000000,
          "N" : 0
        },
        "lat_ns" : {
          "min" : 0,
          "max" : 0,
          "mean" : 0.000000,
          "stddev" : 0.000000,
          "N" : 0
        },
        "bw_min" : 0,
        "bw_max" : 0,
        "bw_agg" : 0.000000,
        "bw_mean" : 0.000000,
        "bw_dev" : 0.000000,
        "bw_samples" : 0,
        "iops_min" : 0,
        "iops_max" : 0,
        "iops_mean" : 0.000000,
        "iops_stddev" : 0.000000,
        "iops_samples" : 0
      },
      "sync" : {
        "total_ios" : 0,
        "lat_ns" : {
          "min" : 0,
          "max" : 0,
          "mean" : 0.000000,
          "stddev" : 0.000000,
          "N" : 0
        }
      },
      "job_runtime" : 1441908,
      "usr_cpu" : 0.038976,
      "sys_cpu" : 0.180247,
      "ctx" : 15989,
      "majf" : 0,
      "minf" : 290,
      "iodepth_level" : {
        "1" : 0.104803,
        "2" : 0.209607,
        "4" : 0.419214,
        "8" : 0.838428,
        "16" : 98.427948,
        "32" : 0.000000,
        ">=64" : 0.000000
      },
      "iodepth_submit" : {
        "0" : 0.000000,
        "4" : 100.000000,
        "8" : 0.000000,
        "16" : 0.000000,
        "32" : 0.000000,
        "64" : 0.000000,
        ">=64" : 0.000000
      },
      "iodepth_complete" : {
        "0" : 0.000000,
        "4" : 99.893636,
        "8" : 0.000000,
        "16" : 0.106364,
        "32" : 0.000000,
        "64" : 0.000000,
        ">=64" : 0.000000
      },
      "latency_ns" : {
        "2" : 0.000000,
        "4" : 0.000000,
        "10" : 0.000000,
        "20" : 0.000000,
        "50" : 0.000000,
        "100" : 0.000000,
        "250" : 0.000000,
        "500" : 0.000000,
        "750" : 0.000000,
        "1000" : 0.000000
      },
      "latency_us" : {
        "2" : 0.000000,
        "4" : 0.000000,
        "10" : 0.000000,
        "20" : 0.096070,
        "50" : 0.010000,
        "100" : 0.000000,
        "250" : 0.000000,
        "500" : 0.000000,
        "750" : 0.000000,
        "1000" : 0.000000
      },
      "latency_ms" : {
        "2" : 0.000000,
        "4" : 0.000000,
        "10" : 0.010000,
        "20" : 0.000000,
        "50" : 0.000000,
        "100" : 0.017467,
        "250" : 1.056769,
        "500" : 13.397380,
        "750" : 26.947598,
        "1000" : 24.606987,
        "2000" : 30.467249,
        ">=2000" : 3.397380
      },
      "latency_depth" : 16,
      "latency_target" : 0,
      "latency_percentile" : 100.000000,
      "latency_window" : 0
    }
  ]
}
