{
  "fio version" : "fio-3.36",
  "timestamp" : 1751316317,
  "timestamp_ms" : 1751316317627,
  "time" : "Mon Jun 30 20:45:17 2025",
  "global options" : {
    "ioengine" : "libaio",
    "direct" : "0",
    "directory" : "/mnt/test"
  },
  "jobs" : [
    {
      "jobname" : "database_test",
      "groupid" : 0,
      "job_start" : 1751316300316,
      "error" : 0,
      "eta" : 0,
      "elapsed" : 18,
      "job options" : {
        "rw" : "randrw",
        "rwmixread" : "70",
        "size" : "1G",
        "numjobs" : "8",
        "runtime" : "60",
        "iodepth" : "16",
        "bssplit" : "4k/80:8k/20"
      },
      "read" : {
        "io_bytes" : 6011162624,
        "io_kbytes" : 5870276,
        "bw_bytes" : 347787700,
        "bw" : 339636,
        "iops" : 74952.615135,
        "runtime" : 17284,
        "total_ios" : 1295481,
        "short_ios" : 0,
        "drop_ios" : 0,
        "slat_ns" : {
          "min" : 32479,
          "max" : 2221520,
          "mean" : 97670.705460,
          "stddev" : 22990.352340,
          "N" : 1295481
        },
        "clat_ns" : {
          "min" : 4413,
          "max" : 2656785,
          "mean" : 1111757.639112,
          "stddev" : 272054.174705,
          "N" : 1295481,
          "percentile" : {
            "1.000000" : 593920,
            "5.000000" : 724992,
            "10.000000" : 790528,
            "20.000000" : 880640,
            "30.000000" : 946176,
            "40.000000" : 1011712,
            "50.000000" : 1073152,
            "60.000000" : 1138688,
            "70.000000" : 1236992,
            "80.000000" : 1335296,
            "90.000000" : 1482752,
            "95.000000" : 1597440,
            "99.000000" : 1843200,
            "99.500000" : 1941504,
            "99.900000" : 2113536,
            "99.950000" : 2179072,
            "99.990000" : 2342912
          }
        },
        "lat_ns" : {
          "min" : 79906,
          "max" : 3152208,
          "mean" : 1209428.344572,
          "stddev" : 282366.826907,
          "N" : 1295481
        },
        "bw_min" : 268608,
        "bw_max" : 417568,
        "bw_agg" : 100.000000,
        "bw_mean" : 343830.905526,
        "bw_dev" : 7233.169030,
        "bw_samples" : 271,
        "iops_min" : 58216,
        "iops_max" : 90202,
        "iops_mean" : 75849.955437,
        "iops_stddev" : 1480.484962,
        "iops_samples" : 271
      },
      "write" : {
        "io_bytes" : 2578771968,
        "io_kbytes" : 2518332,
        "bw_bytes" : 149199951,
        "bw" : 145703,
        "iops" : 32141.807452,
        "runtime" : 17284,
        "total_ios" : 555539,
        "short_ios" : 0,
        "drop_ios" : 0,
        "slat_ns" : {
          "min" : 1374,
          "max" : 185053,
          "mean" : 7758.251862,
          "stddev" : 7791.050570,
          "N" : 555539
        },
        "clat_ns" : {
          "min" : 3748,
          "max" : 2926986,
          "mean" : 1107402.184356,
          "stddev" : 269929.830722,
          "N" : 555539,
          "percentile" : {
            "1.000000" : 593920,
            "5.000000" : 716800,
            "10.000000" : 790528,
            "20.000000" : 880640,
            "30.000000" : 946176,
            "40.000000" : 1011712,
            "50.000000" : 1073152,
            "60.000000" : 1138688,
            "70.000000" : 1220608,
            "80.000000" : 1335296,
            "90.000000" : 1482752,
            "95.000000" : 1597440,
            "99.000000" : 1843200,
            "99.500000" : 1941504,
            "99.900000" : 2113536,
            "99.950000" : 2179072,
            "99.990000" : 2342912
          }
        },
        "lat_ns" : {
          "min" : 10477,
          "max" : 2950471,
          "mean" : 1115160.436218,
          "stddev" : 274028.561873,
          "N" : 555539
        },
        "bw_min" : 111384,
        "bw_max" : 181208,
        "bw_agg" : 100.000000,
        "bw_mean" : 147510.316399,
        "bw_dev" : 3137.750094,
        "bw_samples" : 271,
        "iops_min" : 24622,
        "iops_max" : 38976,
        "iops_mean" : 32528.386809,
        "iops_stddev" : 642.720618,
        "iops_samples" : 271
      },
      "trim" : {
        "io_bytes" : 0,
        "io_kbytes" : 0,
        "bw_bytes" : 0,
        "bw" : 0,
        "iops" : 0.000000,
        "runtime" : 0,
        "total_ios" : 0,
        "short_ios" : 0,
        "drop_ios" : 0,
        "slat_ns" : {
          "min" : 0,
          "max" : 0,
          "mean" : 0.000000,
          "stddev" : 0.000000,
          "N" : 0
        },
        "clat_ns" : {
          "min" : 0,
          "max" : 0,
          "mean" : 0.000000,
          "stddev" : 0.000000,
          "N" : 0
        },
        "lat_ns" : {
          "min" : 0,
          "max" : 0,
          "mean" : 0.000000,
          "stddev" : 0.000000,
          "N" : 0
        },
        "bw_min" : 0,
        "bw_max" : 0,
        "bw_agg" : 0.000000,
        "bw_mean" : 0.000000,
        "bw_dev" : 0.000000,
        "bw_samples" : 0,
        "iops_min" : 0,
        "iops_max" : 0,
        "iops_mean" : 0.000000,
        "iops_stddev" : 0.000000,
        "iops_samples" : 0
      },
      "sync" : {
        "total_ios" : 0,
        "lat_ns" : {
          "min" : 0,
          "max" : 0,
          "mean" : 0.000000,
          "stddev" : 0.000000,
          "N" : 0
        }
      },
      "job_runtime" : 136856,
      "usr_cpu" : 5.179897,
      "sys_cpu" : 17.504530,
      "ctx" : 1295505,
      "majf" : 0,
      "minf" : 114,
      "iodepth_level" : {
        "1" : 0.100000,
        "2" : 0.100000,
        "4" : 0.100000,
        "8" : 0.100000,
        "16" : 99.993517,
        "32" : 0.000000,
        ">=64" : 0.000000
      },
      "iodepth_submit" : {
        "0" : 0.000000,
        "4" : 100.000000,
        "8" : 0.000000,
        "16" : 0.000000,
        "32" : 0.000000,
        "64" : 0.000000,
        ">=64" : 0.000000
      },
      "iodepth_complete" : {
        "0" : 0.000000,
        "4" : 99.999568,
        "8" : 0.000000,
        "16" : 0.100000,
        "32" : 0.000000,
        "64" : 0.000000,
        ">=64" : 0.000000
      },
      "latency_ns" : {
        "2" : 0.000000,
        "4" : 0.000000,
        "10" : 0.000000,
        "20" : 0.000000,
        "50" : 0.000000,
        "100" : 0.000000,
        "250" : 0.000000,
        "500" : 0.000000,
        "750" : 0.000000,
        "1000" : 0.000000
      },
      "latency_us" : {
        "2" : 0.000000,
        "4" : 0.010000,
        "10" : 0.010000,
        "20" : 0.010000,
        "50" : 0.010000,
        "100" : 0.010000,
        "250" : 0.010000,
        "500" : 0.208264,
        "750" : 6.484641,
        "1000" : 31.542393
      },
      "latency_ms" : {
        "2" : 61.444609,
        "4" : 0.317717,
        "10" : 0.000000,
        "20" : 0.000000,
        "50" : 0.000000,
        "100" : 0.000000,
        "250" : 0.000000,
        "500" : 0.000000,
        "750" : 0.000000,
        "1000" : 0.000000,
        "2000" : 0.000000,
        ">=2000" : 0.000000
      },
      "latency_depth" : 16,
      "latency_target" : 0,
      "latency_percentile" : 100.000000,
      "latency_window" : 0
    }
  ],
  "disk_util" : [
    {
      "name" : "nvme0n1",
      "read_ios" : 1294496,
      "write_ios" : 0,
      "read_sectors" : 11732048,
      "write_sectors" : 0,
      "read_merges" : 0,
      "write_merges" : 0,
      "read_ticks" : 108789,
      "write_ticks" : 0,
      "in_queue" : 108789,
      "util" : 61.518446
    }
  ]
}
