{
  "fio version" : "fio-3.36",
  "timestamp" : 1751084694,
  "timestamp_ms" : 1751084694625,
  "time" : "Sat Jun 28 04:24:54 2025",
  "global options" : {
    "ioengine" : "libaio",
    "direct" : "0",
    "directory" : "/mnt/test"
  },
  "jobs" : [
    {
      "jobname" : "database_test",
      "groupid" : 0,
      "job_start" : 1751084634355,
      "error" : 0,
      "eta" : 0,
      "elapsed" : 61,
      "job options" : {
        "rw" : "randrw",
        "rwmixread" : "70",
        "size" : "1G",
        "numjobs" : "8",
        "runtime" : "60",
        "iodepth" : "16",
        "bssplit" : "4k/80:8k/20"
      },
      "read" : {
        "io_bytes" : 3071582208,
        "io_kbytes" : 2999592,
        "bw_bytes" : 50999239,
        "bw" : 49803,
        "iops" : 10776.233645,
        "runtime" : 60228,
        "total_ios" : 649031,
        "short_ios" : 0,
        "drop_ios" : 0,
        "slat_ns" : {
          "min" : 1682,
          "max" : 1631985128,
          "mean" : 476983.390969,
          "stddev" : 8405598.127903,
          "N" : 649031
        },
        "clat_ns" : {
          "min" : 13559,
          "max" : 2241108951,
          "mean" : 7825069.992128,
          "stddev" : 39407721.443899,
          "N" : 649031,
          "percentile" : {
            "1.000000" : 1105920,
            "5.000000" : 1564672,
            "10.000000" : 1843200,
            "20.000000" : 2179072,
            "30.000000" : 2473984,
            "40.000000" : 2703360,
            "50.000000" : 2965504,
            "60.000000" : 3194880,
            "70.000000" : 3489792,
            "80.000000" : 3883008,
            "90.000000" : 4882432,
            "95.000000" : 13041664,
            "99.000000" : 131596288,
            "99.500000" : 212860928,
            "99.900000" : 566231040,
            "99.950000" : 759169024,
            "99.990000" : 1317011456
          }
        },
        "lat_ns" : {
          "min" : 91304,
          "max" : 2241704123,
          "mean" : 8302053.383097,
          "stddev" : 40969763.491375,
          "N" : 649031
        },
        "bw_min" : 624,
        "bw_max" : 147520,
        "bw_agg" : 100.000000,
        "bw_mean" : 51074.868354,
        "bw_dev" : 5256.235600,
        "bw_samples" : 929,
        "iops_min" : 142,
        "iops_max" : 32182,
        "iops_mean" : 11048.618849,
        "iops_stddev" : 1134.757845,
        "iops_samples" : 929
      },
      "write" : {
        "io_bytes" : 1317023744,
        "io_kbytes" : 1286156,
        "bw_bytes" : 21867299,
        "bw" : 21354,
        "iops" : 4615.411437,
        "runtime" : 60228,
        "total_ios" : 277977,
        "short_ios" : 0,
        "drop_ios" : 0,
        "slat_ns" : {
          "min" : 3414,
          "max" : 1182139580,
          "mean" : 606912.785565,
          "stddev" : 9576990.096714,
          "N" : 277977
        },
        "clat_ns" : {
          "min" : 15550,
          "max" : 2241692743,
          "mean" : 7660715.011436,
          "stddev" : 37340307.363783,
          "N" : 277977,
          "percentile" : {
            "1.000000" : 1105920,
            "5.000000" : 1564672,
            "10.000000" : 1843200,
            "20.000000" : 2179072,
            "30.000000" : 2473984,
            "40.000000" : 2703360,
            "50.000000" : 2965504,
            "60.000000" : 3194880,
            "70.000000" : 3489792,
            "80.000000" : 3915776,
            "90.000000" : 4882432,
            "95.000000" : 12648448,
            "99.000000" : 128450560,
            "99.500000" : 206569472,
            "99.900000" : 549453824,
            "99.950000" : 717225984,
            "99.990000" : 1182793728
          }
        },
        "lat_ns" : {
          "min" : 106241,
          "max" : 2242045963,
          "mean" : 8267627.797001,
          "stddev" : 39088699.840149,
          "N" : 277977
        },
        "bw_min" : 328,
        "bw_max" : 64024,
        "bw_agg" : 100.000000,
        "bw_mean" : 21983.421582,
        "bw_dev" : 2249.056607,
        "bw_samples" : 922,
        "iops_min" : 80,
        "iops_max" : 13916,
        "iops_mean" : 4749.729981,
        "iops_stddev" : 485.533354,
        "iops_samples" : 922
      },
      "trim" : {
        "io_bytes" : 0,
        "io_kbytes" : 0,
        "bw_bytes" : 0,
        "bw" : 0,
        "iops" : 0.000000,
        "runtime" : 0,
        "total_ios" : 0,
        "short_ios" : 0,
        "drop_ios" : 0,
        "slat_ns" : {
          "min" : 0,
          "max" : 0,
          "mean" : 0.000000,
          "stddev" : 0.000000,
          "N" : 0
        },
        "clat_ns" : {
          "min" : 0,
          "max" : 0,
          "mean" : 0.000000,
          "stddev" : 0.000000,
          "N" : 0
        },
        "lat_ns" : {
          "min" : 0,
          "max" : 0,
          "mean" : 0.000000,
          "stddev" : 0.000000,
          "N" : 0
        },
        "bw_min" : 0,
        "bw_max" : 0,
        "bw_agg" : 0.000000,
        "bw_mean" : 0.000000,
        "bw_dev" : 0.000000,
        "bw_samples" : 0,
        "iops_min" : 0,
        "iops_max" : 0,
        "iops_mean" : 0.000000,
        "iops_stddev" : 0.000000,
        "iops_samples" : 0
      },
      "sync" : {
        "total_ios" : 0,
        "lat_ns" : {
          "min" : 0,
          "max" : 0,
          "mean" : 0.000000,
          "stddev" : 0.000000,
          "N" : 0
        }
      },
      "job_runtime" : 481046,
      "usr_cpu" : 0.637569,
      "sys_cpu" : 4.848393,
      "ctx" : 582715,
      "majf" : 0,
      "minf" : 116,
      "iodepth_level" : {
        "1" : 0.100000,
        "2" : 0.100000,
        "4" : 0.100000,
        "8" : 0.100000,
        "16" : 99.987055,
        "32" : 0.000000,
        ">=64" : 0.000000
      },
      "iodepth_submit" : {
        "0" : 0.000000,
        "4" : 100.000000,
        "8" : 0.000000,
        "16" : 0.000000,
        "32" : 0.000000,
        "64" : 0.000000,
        ">=64" : 0.000000
      },
      "iodepth_complete" : {
        "0" : 0.000000,
        "4" : 99.999137,
        "8" : 0.000000,
        "16" : 0.100000,
        "32" : 0.000000,
        "64" : 0.000000,
        ">=64" : 0.000000
      },
      "latency_ns" : {
        "2" : 0.000000,
        "4" : 0.000000,
        "10" : 0.000000,
        "20" : 0.000000,
        "50" : 0.000000,
        "100" : 0.000000,
        "250" : 0.000000,
        "500" : 0.000000,
        "750" : 0.000000,
        "1000" : 0.000000
      },
      "latency_us" : {
        "2" : 0.000000,
        "4" : 0.000000,
        "10" : 0.000000,
        "20" : 0.010000,
        "50" : 0.000000,
        "100" : 0.010000,
        "250" : 0.016397,
        "500" : 0.035275,
        "750" : 0.135705,
        "1000" : 0.448648
      },
      "latency_ms" : {
        "2" : 13.549937,
        "4" : 67.654540,
        "10" : 12.770224,
        "20" : 1.207541,
        "50" : 1.684775,
        "100" : 1.124046,
        "250" : 0.986831,
        "500" : 0.257819,
        "750" : 0.074649,
        "1000" : 0.025243,
        "2000" : 0.025998,
        ">=2000" : 0.010000
      },
      "latency_depth" : 16,
      "latency_target" : 0,
      "latency_percentile" : 100.000000,
      "latency_window" : 0
    }
  ]
}
