{
  "fio version" : "fio-3.36",
  "timestamp" : 1750983601,
  "timestamp_ms" : 1750983601195,
  "time" : "Fri Jun 27 00:20:01 2025",
  "global options" : {
    "ioengine" : "libaio",
    "direct" : "1",
    "directory" : "/mnt/test",
    "buffer_compress_percentage" : "70",
    "buffer_pattern" : "0xdeadbeef"
  },
  "jobs" : [
    {
      "jobname" : "database_mysql_innodb_test",
      "groupid" : 0,
      "job_start" : 1750983540887,
      "error" : 0,
      "eta" : 0,
      "elapsed" : 61,
      "job options" : {
        "rw" : "randrw",
        "rwmixread" : "70",
        "size" : "1G",
        "numjobs" : "8",
        "runtime" : "60",
        "iodepth" : "16",
        "bssplit" : "16k"
      },
      "read" : {
        "io_bytes" : 373211136,
        "io_kbytes" : 364464,
        "bw_bytes" : 6192320,
        "bw" : 6047,
        "iops" : 377.949228,
        "runtime" : 60270,
        "total_ios" : 22779,
        "short_ios" : 0,
        "drop_ios" : 0,
        "slat_ns" : {
          "min" : 6653,
          "max" : 176518806,
          "mean" : 17944177.073620,
          "stddev" : 10998445.549138,
          "N" : 22779
        },
        "clat_ns" : {
          "min" : 8318962,
          "max" : 1568874060,
          "mean" : 250501020.604724,
          "stddev" : 125829024.475495,
          "N" : 22779,
          "percentile" : {
            "1.000000" : 58982400,
            "5.000000" : 98041856,
            "10.000000" : 122159104,
            "20.000000" : 154140672,
            "30.000000" : 179306496,
            "40.000000" : 204472320,
            "50.000000" : 227540992,
            "60.000000" : 252706816,
            "70.000000" : 283115520,
            "80.000000" : 325058560,
            "90.000000" : 404750336,
            "95.000000" : 484442112,
            "99.000000" : 683671552,
            "99.500000" : 784334848,
            "99.900000" : 1010827264,
            "99.950000" : 1082130432,
            "99.990000" : 1333788672
          }
        },
        "lat_ns" : {
          "min" : 14231476,
          "max" : 1598074873,
          "mean" : 268445197.678344,
          "stddev" : 126832237.929912,
          "N" : 22779
        },
        "bw_min" : 3168,
        "bw_max" : 8544,
        "bw_agg" : 99.980363,
        "bw_mean" : 6046.933333,
        "bw_dev" : 118.287397,
        "bw_samples" : 960,
        "iops_min" : 198,
        "iops_max" : 534,
        "iops_mean" : 377.933333,
        "iops_stddev" : 7.392962,
        "iops_samples" : 960
      },
      "write" : {
        "io_bytes" : 163020800,
        "io_kbytes" : 159200,
        "bw_bytes" : 2704841,
        "bw" : 2641,
        "iops" : 165.090426,
        "runtime" : 60270,
        "total_ios" : 9950,
        "short_ios" : 0,
        "drop_ios" : 0,
        "slat_ns" : {
          "min" : 5172,
          "max" : 70093612,
          "mean" : 6310727.532764,
          "stddev" : 10099229.562798,
          "N" : 9950
        },
        "clat_ns" : {
          "min" : 6837623,
          "max" : 5049181346,
          "mean" : 153212958.005628,
          "stddev" : 235582166.916081,
          "N" : 9950,
          "percentile" : {
            "1.000000" : 33816576,
            "5.000000" : 56885248,
            "10.000000" : 71827456,
            "20.000000" : 89653248,
            "30.000000" : 104333312,
            "40.000000" : 119013376,
            "50.000000" : 131596288,
            "60.000000" : 145752064,
            "70.000000" : 160432128,
            "80.000000" : 181403648,
            "90.000000" : 208666624,
            "95.000000" : 235929600,
            "99.000000" : 387973120,
            "99.500000" : 1300234240,
            "99.900000" : 4278190080,
            "99.950000" : 4865392640,
            "99.990000" : 5066719232
          }
        },
        "lat_ns" : {
          "min" : 7613106,
          "max" : 5084096879,
          "mean" : 159523685.538392,
          "stddev" : 237454055.694897,
          "N" : 9950
        },
        "bw_min" : 736,
        "bw_max" : 5440,
        "bw_agg" : 100.000000,
        "bw_mean" : 2648.800000,
        "bw_dev" : 115.885490,
        "bw_samples" : 960,
        "iops_min" : 46,
        "iops_max" : 340,
        "iops_mean" : 165.550000,
        "iops_stddev" : 7.242843,
        "iops_samples" : 960
      },
      "trim" : {
        "io_bytes" : 0,
        "io_kbytes" : 0,
        "bw_bytes" : 0,
        "bw" : 0,
        "iops" : 0.000000,
        "runtime" : 0,
        "total_ios" : 0,
        "short_ios" : 0,
        "drop_ios" : 0,
        "slat_ns" : {
          "min" : 0,
          "max" : 0,
          "mean" : 0.000000,
          "stddev" : 0.000000,
          "N" : 0
        },
        "clat_ns" : {
          "min" : 0,
          "max" : 0,
          "mean" : 0.000000,
          "stddev" : 0.000000,
          "N" : 0
        },
        "lat_ns" : {
          "min" : 0,
          "max" : 0,
          "mean" : 0.000000,
          "stddev" : 0.000000,
          "N" : 0
        },
        "bw_min" : 0,
        "bw_max" : 0,
        "bw_agg" : 0.000000,
        "bw_mean" : 0.000000,
        "bw_dev" : 0.000000,
        "bw_samples" : 0,
        "iops_min" : 0,
        "iops_max" : 0,
        "iops_mean" : 0.000000,
        "iops_stddev" : 0.000000,
        "iops_samples" : 0
      },
      "sync" : {
        "total_ios" : 0,
        "lat_ns" : {
          "min" : 0,
          "max" : 0,
          "mean" : 0.000000,
          "stddev" : 0.000000,
          "N" : 0
        }
      },
      "job_runtime" : 481657,
      "usr_cpu" : 0.140972,
      "sys_cpu" : 0.537104,
      "ctx" : 26890,
      "majf" : 0,
      "minf" : 96,
      "iodepth_level" : {
        "1" : 0.100000,
        "2" : 0.100000,
        "4" : 0.100000,
        "8" : 0.195545,
        "16" : 99.633353,
        "32" : 0.000000,
        ">=64" : 0.000000
      },
      "iodepth_submit" : {
        "0" : 0.000000,
        "4" : 100.000000,
        "8" : 0.000000,
        "16" : 0.000000,
        "32" : 0.000000,
        "64" : 0.000000,
        ">=64" : 0.000000
      },
      "iodepth_complete" : {
        "0" : 0.000000,
        "4" : 99.975473,
        "8" : 0.000000,
        "16" : 0.100000,
        "32" : 0.000000,
        "64" : 0.000000,
        ">=64" : 0.000000
      },
      "latency_ns" : {
        "2" : 0.000000,
        "4" : 0.000000,
        "10" : 0.000000,
        "20" : 0.000000,
        "50" : 0.000000,
        "100" : 0.000000,
        "250" : 0.000000,
        "500" : 0.000000,
        "750" : 0.000000,
        "1000" : 0.000000
      },
      "latency_us" : {
        "2" : 0.000000,
        "4" : 0.000000,
        "10" : 0.000000,
        "20" : 0.000000,
        "50" : 0.000000,
        "100" : 0.000000,
        "250" : 0.000000,
        "500" : 0.000000,
        "750" : 0.000000,
        "1000" : 0.000000
      },
      "latency_ms" : {
        "2" : 0.000000,
        "4" : 0.000000,
        "10" : 0.015277,
        "20" : 0.113050,
        "50" : 1.231324,
        "100" : 10.516667,
        "250" : 58.208317,
        "500" : 26.679703,
        "750" : 2.600141,
        "1000" : 0.391090,
        "2000" : 0.122216,
        ">=2000" : 0.122216
      },
      "latency_depth" : 16,
      "latency_target" : 0,
      "latency_percentile" : 100.000000,
      "latency_window" : 0
    }
  ]
}
