{
  "fio version" : "fio-3.36",
  "timestamp" : 1750963770,
  "timestamp_ms" : 1750963770348,
  "time" : "Thu Jun 26 18:49:30 2025",
  "global options" : {
    "ioengine" : "libaio",
    "direct" : "0",
    "directory" : "/mnt/test",
    "buffer_compress_percentage" : "70",
    "buffer_pattern" : "0xdeadbeef"
  },
  "jobs" : [
    {
      "jobname" : "multimedia_test",
      "groupid" : 0,
      "job_start" : 1750963656573,
      "error" : 0,
      "eta" : 0,
      "elapsed" : 114,
      "job options" : {
        "rw" : "read",
        "size" : "4G",
        "numjobs" : "4",
        "runtime" : "120",
        "iodepth" : "64",
        "bssplit" : "128k"
      },
      "read" : {
        "io_bytes" : 17179869184,
        "io_kbytes" : 16777216,
        "bw_bytes" : 151043767,
        "bw" : 147503,
        "iops" : 1152.372495,
        "runtime" : 113741,
        "total_ios" : 131072,
        "short_ios" : 0,
        "drop_ios" : 0,
        "slat_ns" : {
          "min" : 13427,
          "max" : 698371833,
          "mean" : 3451818.003937,
          "stddev" : 33880300.680437,
          "N" : 131072
        },
        "clat_ns" : {
          "min" : 2105,
          "max" : 701732329,
          "mean" : 216525747.903710,
          "stddev" : 164865460.914566,
          "N" : 131072,
          "percentile" : {
            "1.000000" : 3424256,
            "5.000000" : 46399488,
            "10.000000" : 47448064,
            "20.000000" : 49020928,
            "30.000000" : 51642368,
            "40.000000" : 88604672,
            "50.000000" : 101187584,
            "60.000000" : 350224384,
            "70.000000" : 379584512,
            "80.000000" : 387973120,
            "90.000000" : 396361728,
            "95.000000" : 413138944,
            "99.000000" : 505413632,
            "99.500000" : 517996544,
            "99.900000" : 641728512,
            "99.950000" : 658505728,
            "99.990000" : 700448768
          }
        },
        "lat_ns" : {
          "min" : 22336,
          "max" : 1035459718,
          "mean" : 219977565.907646,
          "stddev" : 163982205.791592,
          "N" : 131072
        },
        "bw_min" : 63232,
        "bw_max" : 335366,
        "bw_agg" : 100.000000,
        "bw_mean" : 148507.284172,
        "bw_dev" : 9273.791249,
        "bw_samples" : 899,
        "iops_min" : 494,
        "iops_max" : 2620,
        "iops_mean" : 1160.054617,
        "iops_stddev" : 72.450661,
        "iops_samples" : 899
      },
      "write" : {
        "io_bytes" : 0,
        "io_kbytes" : 0,
        "bw_bytes" : 0,
        "bw" : 0,
        "iops" : 0.000000,
        "runtime" : 0,
        "total_ios" : 0,
        "short_ios" : 0,
        "drop_ios" : 0,
        "slat_ns" : {
          "min" : 0,
          "max" : 0,
          "mean" : 0.000000,
          "stddev" : 0.000000,
          "N" : 0
        },
        "clat_ns" : {
          "min" : 0,
          "max" : 0,
          "mean" : 0.000000,
          "stddev" : 0.000000,
          "N" : 0
        },
        "lat_ns" : {
          "min" : 0,
          "max" : 0,
          "mean" : 0.000000,
          "stddev" : 0.000000,
          "N" : 0
        },
        "bw_min" : 0,
        "bw_max" : 0,
        "bw_agg" : 0.000000,
        "bw_mean" : 0.000000,
        "bw_dev" : 0.000000,
        "bw_samples" : 0,
        "iops_min" : 0,
        "iops_max" : 0,
        "iops_mean" : 0.000000,
        "iops_stddev" : 0.000000,
        "iops_samples" : 0
      },
      "trim" : {
        "io_bytes" : 0,
        "io_kbytes" : 0,
        "bw_bytes" : 0,
        "bw" : 0,
        "iops" : 0.000000,
        "runtime" : 0,
        "total_ios" : 0,
        "short_ios" : 0,
        "drop_ios" : 0,
        "slat_ns" : {
          "min" : 0,
          "max" : 0,
          "mean" : 0.000000,
          "stddev" : 0.000000,
          "N" : 0
        },
        "clat_ns" : {
          "min" : 0,
          "max" : 0,
          "mean" : 0.000000,
          "stddev" : 0.000000,
          "N" : 0
        },
        "lat_ns" : {
          "min" : 0,
          "max" : 0,
          "mean" : 0.000000,
          "stddev" : 0.000000,
          "N" : 0
        },
        "bw_min" : 0,
        "bw_max" : 0,
        "bw_agg" : 0.000000,
        "bw_mean" : 0.000000,
        "bw_dev" : 0.000000,
        "bw_samples" : 0,
        "iops_min" : 0,
        "iops_max" : 0,
        "iops_mean" : 0.000000,
        "iops_stddev" : 0.000000,
        "iops_samples" : 0
      },
      "sync" : {
        "total_ios" : 0,
        "lat_ns" : {
          "min" : 0,
          "max" : 0,
          "mean" : 0.000000,
          "stddev" : 0.000000,
          "N" : 0
        }
      },
      "job_runtime" : 452838,
      "usr_cpu" : 0.070445,
      "sys_cpu" : 3.098238,
      "ctx" : 3077,
      "majf" : 0,
      "minf" : 8250,
      "iodepth_level" : {
        "1" : 0.100000,
        "2" : 0.100000,
        "4" : 0.100000,
        "8" : 0.100000,
        "16" : 0.100000,
        "32" : 0.100000,
        ">=64" : 99.807739
      },
      "iodepth_submit" : {
        "0" : 0.000000,
        "4" : 100.000000,
        "8" : 0.000000,
        "16" : 0.000000,
        "32" : 0.000000,
        "64" : 0.000000,
        ">=64" : 0.000000
      },
      "iodepth_complete" : {
        "0" : 0.000000,
        "4" : 99.996942,
        "8" : 0.000000,
        "16" : 0.000000,
        "32" : 0.000000,
        "64" : 0.100000,
        ">=64" : 0.000000
      },
      "latency_ns" : {
        "2" : 0.000000,
        "4" : 0.000000,
        "10" : 0.000000,
        "20" : 0.000000,
        "50" : 0.000000,
        "100" : 0.000000,
        "250" : 0.000000,
        "500" : 0.000000,
        "750" : 0.000000,
        "1000" : 0.000000
      },
      "latency_us" : {
        "2" : 0.000000,
        "4" : 0.010000,
        "10" : 0.010000,
        "20" : 0.000000,
        "50" : 0.010000,
        "100" : 0.010000,
        "250" : 0.010000,
        "500" : 0.010000,
        "750" : 0.010000,
        "1000" : 0.010000
      },
      "latency_ms" : {
        "2" : 0.361633,
        "4" : 1.289368,
        "10" : 0.054169,
        "20" : 0.050354,
        "50" : 22.599792,
        "100" : 25.190735,
        "250" : 2.067566,
        "500" : 47.122955,
        "750" : 1.228333,
        "1000" : 0.000000,
        "2000" : 0.000000,
        ">=2000" : 0.000000
      },
      "latency_depth" : 64,
      "latency_target" : 0,
      "latency_percentile" : 100.000000,
      "latency_window" : 0
    }
  ]
}
