{
  "fio version" : "fio-3.36",
  "timestamp" : 1748167122,
  "timestamp_ms" : 1748167122440,
  "time" : "Sun May 25 09:58:42 2025",
  "global options" : {
    "ioengine" : "libaio",
    "direct" : "1",
    "directory" : "/mnt/test"
  },
  "jobs" : [
    {
      "jobname" : "seq_read_article_test",
      "groupid" : 0,
      "job_start" : 1748166942407,
      "error" : 0,
      "eta" : 0,
      "elapsed" : 181,
      "job options" : {
        "rw" : "read",
        "size" : "50G",
        "numjobs" : "1",
        "runtime" : "180"
      },
      "read" : {
        "io_bytes" : 34377568256,
        "io_kbytes" : 33571844,
        "bw_bytes" : 190981185,
        "bw" : 186505,
        "iops" : 46626.265937,
        "runtime" : 180005,
        "total_ios" : 8392961,
        "short_ios" : 0,
        "drop_ios" : 0,
        "slat_ns" : {
          "min" : 3429,
          "max" : 53433360,
          "mean" : 19109.924621,
          "stddev" : 361025.987746,
          "N" : 8392961
        },
        "clat_ns" : {
          "min" : 1038,
          "max" : 88335,
          "mean" : 1924.476796,
          "stddev" : 499.794722,
          "N" : 8392961,
          "percentile" : {
            "1.000000" : 1128,
            "5.000000" : 1448,
            "10.000000" : 1624,
            "20.000000" : 1704,
            "30.000000" : 1768,
            "40.000000" : 1832,
            "50.000000" : 1896,
            "60.000000" : 1960,
            "70.000000" : 2008,
            "80.000000" : 2064,
            "90.000000" : 2224,
            "95.000000" : 2448,
            "99.000000" : 2832,
            "99.500000" : 3440,
            "99.900000" : 8512,
            "99.950000" : 9920,
            "99.990000" : 15424
          }
        },
        "lat_ns" : {
          "min" : 4483,
          "max" : 53442774,
          "mean" : 21034.401417,
          "stddev" : 361213.494806,
          "N" : 8392961
        },
        "bw_min" : 167472,
        "bw_max" : 204632,
        "bw_agg" : 100.000000,
        "bw_mean" : 186613.147632,
        "bw_dev" : 3985.196526,
        "bw_samples" : 359,
        "iops_min" : 41868,
        "iops_max" : 51158,
        "iops_mean" : 46653.314763,
        "iops_stddev" : 996.285228,
        "iops_samples" : 359
      },
      "write" : {
        "io_bytes" : 0,
        "io_kbytes" : 0,
        "bw_bytes" : 0,
        "bw" : 0,
        "iops" : 0.000000,
        "runtime" : 0,
        "total_ios" : 0,
        "short_ios" : 0,
        "drop_ios" : 0,
        "slat_ns" : {
          "min" : 0,
          "max" : 0,
          "mean" : 0.000000,
          "stddev" : 0.000000,
          "N" : 0
        },
        "clat_ns" : {
          "min" : 0,
          "max" : 0,
          "mean" : 0.000000,
          "stddev" : 0.000000,
          "N" : 0
        },
        "lat_ns" : {
          "min" : 0,
          "max" : 0,
          "mean" : 0.000000,
          "stddev" : 0.000000,
          "N" : 0
        },
        "bw_min" : 0,
        "bw_max" : 0,
        "bw_agg" : 0.000000,
        "bw_mean" : 0.000000,
        "bw_dev" : 0.000000,
        "bw_samples" : 0,
        "iops_min" : 0,
        "iops_max" : 0,
        "iops_mean" : 0.000000,
        "iops_stddev" : 0.000000,
        "iops_samples" : 0
      },
      "trim" : {
        "io_bytes" : 0,
        "io_kbytes" : 0,
        "bw_bytes" : 0,
        "bw" : 0,
        "iops" : 0.000000,
        "runtime" : 0,
        "total_ios" : 0,
        "short_ios" : 0,
        "drop_ios" : 0,
        "slat_ns" : {
          "min" : 0,
          "max" : 0,
          "mean" : 0.000000,
          "stddev" : 0.000000,
          "N" : 0
        },
        "clat_ns" : {
          "min" : 0,
          "max" : 0,
          "mean" : 0.000000,
          "stddev" : 0.000000,
          "N" : 0
        },
        "lat_ns" : {
          "min" : 0,
          "max" : 0,
          "mean" : 0.000000,
          "stddev" : 0.000000,
          "N" : 0
        },
        "bw_min" : 0,
        "bw_max" : 0,
        "bw_agg" : 0.000000,
        "bw_mean" : 0.000000,
        "bw_dev" : 0.000000,
        "bw_samples" : 0,
        "iops_min" : 0,
        "iops_max" : 0,
        "iops_mean" : 0.000000,
        "iops_stddev" : 0.000000,
        "iops_samples" : 0
      },
      "sync" : {
        "total_ios" : 0,
        "lat_ns" : {
          "min" : 0,
          "max" : 0,
          "mean" : 0.000000,
          "stddev" : 0.000000,
          "N" : 0
        }
      },
      "job_runtime" : 180004,
      "usr_cpu" : 11.401969,
      "sys_cpu" : 33.229817,
      "ctx" : 13433,
      "majf" : 0,
      "minf" : 11,
      "iodepth_level" : {
        "1" : 100.000000,
        "2" : 0.000000,
        "4" : 0.000000,
        "8" : 0.000000,
        "16" : 0.000000,
        "32" : 0.000000,
        ">=64" : 0.000000
      },
      "iodepth_submit" : {
        "0" : 0.000000,
        "4" : 100.000000,
        "8" : 0.000000,
        "16" : 0.000000,
        "32" : 0.000000,
        "64" : 0.000000,
        ">=64" : 0.000000
      },
      "iodepth_complete" : {
        "0" : 0.000000,
        "4" : 100.000000,
        "8" : 0.000000,
        "16" : 0.000000,
        "32" : 0.000000,
        "64" : 0.000000,
        ">=64" : 0.000000
      },
      "latency_ns" : {
        "2" : 0.000000,
        "4" : 0.000000,
        "10" : 0.000000,
        "20" : 0.000000,
        "50" : 0.000000,
        "100" : 0.000000,
        "250" : 0.000000,
        "500" : 0.000000,
        "750" : 0.000000,
        "1000" : 0.000000
      },
      "latency_us" : {
        "2" : 69.205147,
        "4" : 30.395840,
        "10" : 0.350401,
        "20" : 0.044537,
        "50" : 0.010000,
        "100" : 0.010000,
        "250" : 0.000000,
        "500" : 0.000000,
        "750" : 0.000000,
        "1000" : 0.000000
      },
      "latency_ms" : {
        "2" : 0.000000,
        "4" : 0.000000,
        "10" : 0.000000,
        "20" : 0.000000,
        "50" : 0.000000,
        "100" : 0.000000,
        "250" : 0.000000,
        "500" : 0.000000,
        "750" : 0.000000,
        "1000" : 0.000000,
        "2000" : 0.000000,
        ">=2000" : 0.000000
      },
      "latency_depth" : 1,
      "latency_target" : 0,
      "latency_percentile" : 100.000000,
      "latency_window" : 0
    }
  ]
}
