{
  "fio version" : "fio-3.36",
  "timestamp" : 1746823001,
  "timestamp_ms" : 1746823001005,
  "time" : "Fri May  9 20:36:41 2025",
  "global options" : {
    "ioengine" : "libaio",
    "direct" : "1",
    "directory" : "/mnt/test"
  },
  "jobs" : [
    {
      "jobname" : "archive_test",
      "groupid" : 0,
      "job_start" : 1746822920632,
      "error" : 0,
      "eta" : 0,
      "elapsed" : 81,
      "job options" : {
        "rw" : "write",
        "size" : "10G",
        "numjobs" : "2",
        "runtime" : "180",
        "iodepth" : "128",
        "bssplit" : "64k/70:128k/30"
      },
      "read" : {
        "io_bytes" : 0,
        "io_kbytes" : 0,
        "bw_bytes" : 0,
        "bw" : 0,
        "iops" : 0.000000,
        "runtime" : 0,
        "total_ios" : 0,
        "short_ios" : 0,
        "drop_ios" : 0,
        "slat_ns" : {
          "min" : 0,
          "max" : 0,
          "mean" : 0.000000,
          "stddev" : 0.000000,
          "N" : 0
        },
        "clat_ns" : {
          "min" : 0,
          "max" : 0,
          "mean" : 0.000000,
          "stddev" : 0.000000,
          "N" : 0
        },
        "lat_ns" : {
          "min" : 0,
          "max" : 0,
          "mean" : 0.000000,
          "stddev" : 0.000000,
          "N" : 0
        },
        "bw_min" : 0,
        "bw_max" : 0,
        "bw_agg" : 0.000000,
        "bw_mean" : 0.000000,
        "bw_dev" : 0.000000,
        "bw_samples" : 0,
        "iops_min" : 0,
        "iops_max" : 0,
        "iops_mean" : 0.000000,
        "iops_stddev" : 0.000000,
        "iops_samples" : 0
      },
      "write" : {
        "io_bytes" : 21474836480,
        "io_kbytes" : 20971520,
        "bw_bytes" : 267326052,
        "bw" : 261060,
        "iops" : 3136.782353,
        "runtime" : 80332,
        "total_ios" : 251984,
        "short_ios" : 0,
        "drop_ios" : 0,
        "slat_ns" : {
          "min" : 7003,
          "max" : 30453084,
          "mean" : 627011.254627,
          "stddev" : 311407.513184,
          "N" : 251984
        },
        "clat_ns" : {
          "min" : 14414,
          "max" : 188239537,
          "mean" : 80965973.120440,
          "stddev" : 36381248.354218,
          "N" : 251984,
          "percentile" : {
            "1.000000" : 2867200,
            "5.000000" : 3522560,
            "10.000000" : 18219008,
            "20.000000" : 65798144,
            "30.000000" : 69730304,
            "40.000000" : 73924608,
            "50.000000" : 80216064,
            "60.000000" : 85458944,
            "70.000000" : 95944704,
            "80.000000" : 107479040,
            "90.000000" : 126353408,
            "95.000000" : 137363456,
            "99.000000" : 175112192,
            "99.500000" : 179306496,
            "99.900000" : 187695104,
            "99.950000" : 187695104,
            "99.990000" : 187695104
          }
        },
        "lat_ns" : {
          "min" : 642941,
          "max" : 189733726,
          "mean" : 81592984.375068,
          "stddev" : 36663960.471697,
          "N" : 251984
        },
        "bw_min" : 114176,
        "bw_max" : 4347136,
        "bw_agg" : 100.000000,
        "bw_mean" : 261233.600000,
        "bw_dev" : 165913.627060,
        "bw_samples" : 320,
        "iops_min" : 1376,
        "iops_max" : 52202,
        "iops_mean" : 3138.875000,
        "iops_stddev" : 1992.375506,
        "iops_samples" : 320
      },
      "trim" : {
        "io_bytes" : 0,
        "io_kbytes" : 0,
        "bw_bytes" : 0,
        "bw" : 0,
        "iops" : 0.000000,
        "runtime" : 0,
        "total_ios" : 0,
        "short_ios" : 0,
        "drop_ios" : 0,
        "slat_ns" : {
          "min" : 0,
          "max" : 0,
          "mean" : 0.000000,
          "stddev" : 0.000000,
          "N" : 0
        },
        "clat_ns" : {
          "min" : 0,
          "max" : 0,
          "mean" : 0.000000,
          "stddev" : 0.000000,
          "N" : 0
        },
        "lat_ns" : {
          "min" : 0,
          "max" : 0,
          "mean" : 0.000000,
          "stddev" : 0.000000,
          "N" : 0
        },
        "bw_min" : 0,
        "bw_max" : 0,
        "bw_agg" : 0.000000,
        "bw_mean" : 0.000000,
        "bw_dev" : 0.000000,
        "bw_samples" : 0,
        "iops_min" : 0,
        "iops_max" : 0,
        "iops_mean" : 0.000000,
        "iops_stddev" : 0.000000,
        "iops_samples" : 0
      },
      "sync" : {
        "total_ios" : 0,
        "lat_ns" : {
          "min" : 0,
          "max" : 0,
          "mean" : 0.000000,
          "stddev" : 0.000000,
          "N" : 0
        }
      },
      "job_runtime" : 160637,
      "usr_cpu" : 2.643227,
      "sys_cpu" : 15.127897,
      "ctx" : 232260,
      "majf" : 0,
      "minf" : 26,
      "iodepth_level" : {
        "1" : 0.100000,
        "2" : 0.100000,
        "4" : 0.100000,
        "8" : 0.100000,
        "16" : 0.100000,
        "32" : 0.100000,
        ">=64" : 99.949997
      },
      "iodepth_submit" : {
        "0" : 0.000000,
        "4" : 100.000000,
        "8" : 0.000000,
        "16" : 0.000000,
        "32" : 0.000000,
        "64" : 0.000000,
        ">=64" : 0.000000
      },
      "iodepth_complete" : {
        "0" : 0.000000,
        "4" : 99.999206,
        "8" : 0.000000,
        "16" : 0.000000,
        "32" : 0.000000,
        "64" : 0.000000,
        ">=64" : 0.100000
      },
      "latency_ns" : {
        "2" : 0.000000,
        "4" : 0.000000,
        "10" : 0.000000,
        "20" : 0.000000,
        "50" : 0.000000,
        "100" : 0.000000,
        "250" : 0.000000,
        "500" : 0.000000,
        "750" : 0.000000,
        "1000" : 0.000000
      },
      "latency_us" : {
        "2" : 0.000000,
        "4" : 0.000000,
        "10" : 0.000000,
        "20" : 0.010000,
        "50" : 0.000000,
        "100" : 0.000000,
        "250" : 0.000000,
        "500" : 0.000000,
        "750" : 0.010000,
        "1000" : 0.010000
      },
      "latency_ms" : {
        "2" : 0.010000,
        "4" : 8.332672,
        "10" : 1.437790,
        "20" : 0.351213,
        "50" : 4.290749,
        "100" : 59.559734,
        "250" : 26.025462,
        "500" : 0.000000,
        "750" : 0.000000,
        "1000" : 0.000000,
        "2000" : 0.000000,
        ">=2000" : 0.000000
      },
      "latency_depth" : 128,
      "latency_target" : 0,
      "latency_percentile" : 100.000000,
      "latency_window" : 0
    }
  ]
}
