{
  "fio version" : "fio-3.36",
  "timestamp" : 1751623670,
  "timestamp_ms" : 1751623670507,
  "time" : "Fri Jul  4 10:07:50 2025",
  "global options" : {
    "ioengine" : "libaio",
    "direct" : "1",
    "directory" : "/mnt/test"
  },
  "jobs" : [
    {
      "jobname" : "seq_read_article_test",
      "groupid" : 0,
      "job_start" : 1751623665482,
      "error" : 0,
      "eta" : 0,
      "elapsed" : 6,
      "job options" : {
        "rw" : "read",
        "size" : "50M",
        "numjobs" : "1",
        "runtime" : "5"
      },
      "read" : {
        "io_bytes" : 19587072,
        "io_kbytes" : 19128,
        "bw_bytes" : 3916631,
        "bw" : 3824,
        "iops" : 956.208758,
        "runtime" : 5001,
        "total_ios" : 4782,
        "short_ios" : 0,
        "drop_ios" : 0,
        "slat_ns" : {
          "min" : 28812,
          "max" : 129743,
          "mean" : 67763.205353,
          "stddev" : 18468.494679,
          "N" : 4782
        },
        "clat_ns" : {
          "min" : 123685,
          "max" : 36919055,
          "mean" : 970785.507319,
          "stddev" : 2122493.940613,
          "N" : 4782,
          "percentile" : {
            "1.000000" : 150528,
            "5.000000" : 183296,
            "10.000000" : 201728,
            "20.000000" : 222208,
            "30.000000" : 236544,
            "40.000000" : 244736,
            "50.000000" : 248832,
            "60.000000" : 252928,
            "70.000000" : 257024,
            "80.000000" : 264192,
            "90.000000" : 3457024,
            "95.000000" : 6717440,
            "99.000000" : 9371648,
            "99.500000" : 9764864,
            "99.900000" : 10813440,
            "99.950000" : 13303808,
            "99.990000" : 36962304
          }
        },
        "lat_ns" : {
          "min" : 157790,
          "max" : 37005923,
          "mean" : 1038548.712673,
          "stddev" : 2123196.994335,
          "N" : 4782
        },
        "bw_min" : 1808,
        "bw_max" : 4504,
        "bw_agg" : 96.919214,
        "bw_mean" : 3707.555556,
        "bw_dev" : 808.199095,
        "bw_samples" : 9,
        "iops_min" : 452,
        "iops_max" : 1126,
        "iops_mean" : 926.888889,
        "iops_stddev" : 202.049774,
        "iops_samples" : 9
      },
      "write" : {
        "io_bytes" : 0,
        "io_kbytes" : 0,
        "bw_bytes" : 0,
        "bw" : 0,
        "iops" : 0.000000,
        "runtime" : 0,
        "total_ios" : 0,
        "short_ios" : 0,
        "drop_ios" : 0,
        "slat_ns" : {
          "min" : 0,
          "max" : 0,
          "mean" : 0.000000,
          "stddev" : 0.000000,
          "N" : 0
        },
        "clat_ns" : {
          "min" : 0,
          "max" : 0,
          "mean" : 0.000000,
          "stddev" : 0.000000,
          "N" : 0
        },
        "lat_ns" : {
          "min" : 0,
          "max" : 0,
          "mean" : 0.000000,
          "stddev" : 0.000000,
          "N" : 0
        },
        "bw_min" : 0,
        "bw_max" : 0,
        "bw_agg" : 0.000000,
        "bw_mean" : 0.000000,
        "bw_dev" : 0.000000,
        "bw_samples" : 0,
        "iops_min" : 0,
        "iops_max" : 0,
        "iops_mean" : 0.000000,
        "iops_stddev" : 0.000000,
        "iops_samples" : 0
      },
      "trim" : {
        "io_bytes" : 0,
        "io_kbytes" : 0,
        "bw_bytes" : 0,
        "bw" : 0,
        "iops" : 0.000000,
        "runtime" : 0,
        "total_ios" : 0,
        "short_ios" : 0,
        "drop_ios" : 0,
        "slat_ns" : {
          "min" : 0,
          "max" : 0,
          "mean" : 0.000000,
          "stddev" : 0.000000,
          "N" : 0
        },
        "clat_ns" : {
          "min" : 0,
          "max" : 0,
          "mean" : 0.000000,
          "stddev" : 0.000000,
          "N" : 0
        },
        "lat_ns" : {
          "min" : 0,
          "max" : 0,
          "mean" : 0.000000,
          "stddev" : 0.000000,
          "N" : 0
        },
        "bw_min" : 0,
        "bw_max" : 0,
        "bw_agg" : 0.000000,
        "bw_mean" : 0.000000,
        "bw_dev" : 0.000000,
        "bw_samples" : 0,
        "iops_min" : 0,
        "iops_max" : 0,
        "iops_mean" : 0.000000,
        "iops_stddev" : 0.000000,
        "iops_samples" : 0
      },
      "sync" : {
        "total_ios" : 0,
        "lat_ns" : {
          "min" : 0,
          "max" : 0,
          "mean" : 0.000000,
          "stddev" : 0.000000,
          "N" : 0
        }
      },
      "job_runtime" : 5000,
      "usr_cpu" : 1.660000,
      "sys_cpu" : 8.220000,
      "ctx" : 4783,
      "majf" : 0,
      "minf" : 11,
      "iodepth_level" : {
        "1" : 100.000000,
        "2" : 0.000000,
        "4" : 0.000000,
        "8" : 0.000000,
        "16" : 0.000000,
        "32" : 0.000000,
        ">=64" : 0.000000
      },
      "iodepth_submit" : {
        "0" : 0.000000,
        "4" : 100.000000,
        "8" : 0.000000,
        "16" : 0.000000,
        "32" : 0.000000,
        "64" : 0.000000,
        ">=64" : 0.000000
      },
      "iodepth_complete" : {
        "0" : 0.000000,
        "4" : 100.000000,
        "8" : 0.000000,
        "16" : 0.000000,
        "32" : 0.000000,
        "64" : 0.000000,
        ">=64" : 0.000000
      },
      "latency_ns" : {
        "2" : 0.000000,
        "4" : 0.000000,
        "10" : 0.000000,
        "20" : 0.000000,
        "50" : 0.000000,
        "100" : 0.000000,
        "250" : 0.000000,
        "500" : 0.000000,
        "750" : 0.000000,
        "1000" : 0.000000
      },
      "latency_us" : {
        "2" : 0.000000,
        "4" : 0.000000,
        "10" : 0.000000,
        "20" : 0.000000,
        "50" : 0.000000,
        "100" : 0.000000,
        "250" : 53.680468,
        "500" : 32.266834,
        "750" : 0.376412,
        "1000" : 0.083647
      },
      "latency_ms" : {
        "2" : 1.150146,
        "4" : 3.408616,
        "10" : 8.699289,
        "20" : 0.313676,
        "50" : 0.020912,
        "100" : 0.000000,
        "250" : 0.000000,
        "500" : 0.000000,
        "750" : 0.000000,
        "1000" : 0.000000,
        "2000" : 0.000000,
        ">=2000" : 0.000000
      },
      "latency_depth" : 1,
      "latency_target" : 0,
      "latency_percentile" : 100.000000,
      "latency_window" : 0
    }
  ]
}
