{
  "fio version" : "fio-3.36",
  "timestamp" : 1751630417,
  "timestamp_ms" : 1751630417473,
  "time" : "Fri Jul  4 12:00:17 2025",
  "global options" : {
    "ioengine" : "libaio",
    "direct" : "1",
    "directory" : "/mnt/test"
  },
  "jobs" : [
    {
      "jobname" : "seq_write_article_test",
      "groupid" : 0,
      "job_start" : 1751630412446,
      "error" : 0,
      "eta" : 0,
      "elapsed" : 6,
      "job options" : {
        "rw" : "write",
        "size" : "50M",
        "numjobs" : "1",
        "runtime" : "5"
      },
      "read" : {
        "io_bytes" : 0,
        "io_kbytes" : 0,
        "bw_bytes" : 0,
        "bw" : 0,
        "iops" : 0.000000,
        "runtime" : 0,
        "total_ios" : 0,
        "short_ios" : 0,
        "drop_ios" : 0,
        "slat_ns" : {
          "min" : 0,
          "max" : 0,
          "mean" : 0.000000,
          "stddev" : 0.000000,
          "N" : 0
        },
        "clat_ns" : {
          "min" : 0,
          "max" : 0,
          "mean" : 0.000000,
          "stddev" : 0.000000,
          "N" : 0
        },
        "lat_ns" : {
          "min" : 0,
          "max" : 0,
          "mean" : 0.000000,
          "stddev" : 0.000000,
          "N" : 0
        },
        "bw_min" : 0,
        "bw_max" : 0,
        "bw_agg" : 0.000000,
        "bw_mean" : 0.000000,
        "bw_dev" : 0.000000,
        "bw_samples" : 0,
        "iops_min" : 0,
        "iops_max" : 0,
        "iops_mean" : 0.000000,
        "iops_stddev" : 0.000000,
        "iops_samples" : 0
      },
      "write" : {
        "io_bytes" : 154750976,
        "io_kbytes" : 151124,
        "bw_bytes" : 30944006,
        "bw" : 30218,
        "iops" : 7554.689062,
        "runtime" : 5001,
        "total_ios" : 37781,
        "short_ios" : 0,
        "drop_ios" : 0,
        "slat_ns" : {
          "min" : 7563,
          "max" : 130509,
          "mean" : 38612.058733,
          "stddev" : 22754.096791,
          "N" : 37781
        },
        "clat_ns" : {
          "min" : 39944,
          "max" : 29816952,
          "mean" : 90967.886768,
          "stddev" : 254819.823906,
          "N" : 37781,
          "percentile" : {
            "1.000000" : 45312,
            "5.000000" : 48384,
            "10.000000" : 49408,
            "20.000000" : 49920,
            "30.000000" : 53504,
            "40.000000" : 55040,
            "50.000000" : 64256,
            "60.000000" : 68096,
            "70.000000" : 84480,
            "80.000000" : 119296,
            "90.000000" : 173056,
            "95.000000" : 205824,
            "99.000000" : 272384,
            "99.500000" : 292864,
            "99.900000" : 366592,
            "99.950000" : 1056768,
            "99.990000" : 15925248
          }
        },
        "lat_ns" : {
          "min" : 49602,
          "max" : 29876518,
          "mean" : 129579.945502,
          "stddev" : 259758.059695,
          "N" : 37781
        },
        "bw_min" : 13088,
        "bw_max" : 57224,
        "bw_agg" : 100.000000,
        "bw_mean" : 31206.222222,
        "bw_dev" : 14976.504680,
        "bw_samples" : 9,
        "iops_min" : 3272,
        "iops_max" : 14306,
        "iops_mean" : 7801.555556,
        "iops_stddev" : 3744.126170,
        "iops_samples" : 9
      },
      "trim" : {
        "io_bytes" : 0,
        "io_kbytes" : 0,
        "bw_bytes" : 0,
        "bw" : 0,
        "iops" : 0.000000,
        "runtime" : 0,
        "total_ios" : 0,
        "short_ios" : 0,
        "drop_ios" : 0,
        "slat_ns" : {
          "min" : 0,
          "max" : 0,
          "mean" : 0.000000,
          "stddev" : 0.000000,
          "N" : 0
        },
        "clat_ns" : {
          "min" : 0,
          "max" : 0,
          "mean" : 0.000000,
          "stddev" : 0.000000,
          "N" : 0
        },
        "lat_ns" : {
          "min" : 0,
          "max" : 0,
          "mean" : 0.000000,
          "stddev" : 0.000000,
          "N" : 0
        },
        "bw_min" : 0,
        "bw_max" : 0,
        "bw_agg" : 0.000000,
        "bw_mean" : 0.000000,
        "bw_dev" : 0.000000,
        "bw_samples" : 0,
        "iops_min" : 0,
        "iops_max" : 0,
        "iops_mean" : 0.000000,
        "iops_stddev" : 0.000000,
        "iops_samples" : 0
      },
      "sync" : {
        "total_ios" : 0,
        "lat_ns" : {
          "min" : 0,
          "max" : 0,
          "mean" : 0.000000,
          "stddev" : 0.000000,
          "N" : 0
        }
      },
      "job_runtime" : 5000,
      "usr_cpu" : 4.800000,
      "sys_cpu" : 34.480000,
      "ctx" : 37784,
      "majf" : 0,
      "minf" : 11,
      "iodepth_level" : {
        "1" : 100.000000,
        "2" : 0.000000,
        "4" : 0.000000,
        "8" : 0.000000,
        "16" : 0.000000,
        "32" : 0.000000,
        ">=64" : 0.000000
      },
      "iodepth_submit" : {
        "0" : 0.000000,
        "4" : 100.000000,
        "8" : 0.000000,
        "16" : 0.000000,
        "32" : 0.000000,
        "64" : 0.000000,
        ">=64" : 0.000000
      },
      "iodepth_complete" : {
        "0" : 0.000000,
        "4" : 100.000000,
        "8" : 0.000000,
        "16" : 0.000000,
        "32" : 0.000000,
        "64" : 0.000000,
        ">=64" : 0.000000
      },
      "latency_ns" : {
        "2" : 0.000000,
        "4" : 0.000000,
        "10" : 0.000000,
        "20" : 0.000000,
        "50" : 0.000000,
        "100" : 0.000000,
        "250" : 0.000000,
        "500" : 0.000000,
        "750" : 0.000000,
        "1000" : 0.000000
      },
      "latency_us" : {
        "2" : 0.000000,
        "4" : 0.000000,
        "10" : 0.000000,
        "20" : 0.000000,
        "50" : 20.433551,
        "100" : 53.391917,
        "250" : 24.057066,
        "500" : 2.030121,
        "750" : 0.026468,
        "1000" : 0.010000
      },
      "latency_ms" : {
        "2" : 0.015881,
        "4" : 0.010000,
        "10" : 0.018528,
        "20" : 0.010000,
        "50" : 0.010000,
        "100" : 0.000000,
        "250" : 0.000000,
        "500" : 0.000000,
        "750" : 0.000000,
        "1000" : 0.000000,
        "2000" : 0.000000,
        ">=2000" : 0.000000
      },
      "latency_depth" : 1,
      "latency_target" : 0,
      "latency_percentile" : 100.000000,
      "latency_window" : 0
    }
  ]
}
