{
  "fio version" : "fio-3.36",
  "timestamp" : 1751142170,
  "timestamp_ms" : 1751142170878,
  "time" : "Sat Jun 28 20:22:50 2025",
  "global options" : {
    "ioengine" : "libaio",
    "direct" : "0",
    "directory" : "/mnt/test",
    "buffer_compress_percentage" : "70",
    "buffer_pattern" : "0xdeadbeef"
  },
  "jobs" : [
    {
      "jobname" : "multimedia_test",
      "groupid" : 0,
      "job_start" : 1751142163246,
      "error" : 0,
      "eta" : 0,
      "elapsed" : 8,
      "job options" : {
        "rw" : "read",
        "size" : "4G",
        "numjobs" : "4",
        "runtime" : "120",
        "iodepth" : "64",
        "bssplit" : "128k"
      },
      "read" : {
        "io_bytes" : 17179869184,
        "io_kbytes" : 16777216,
        "bw_bytes" : 2262593070,
        "bw" : 2209563,
        "iops" : 17262.215198,
        "runtime" : 7593,
        "total_ios" : 131072,
        "short_ios" : 0,
        "drop_ios" : 0,
        "slat_ns" : {
          "min" : 13765,
          "max" : 21561219,
          "mean" : 229771.217033,
          "stddev" : 1564351.967409,
          "N" : 131072
        },
        "clat_ns" : {
          "min" : 943,
          "max" : 28540078,
          "mean" : 14548951.263306,
          "stddev" : 1806554.080112,
          "N" : 131072,
          "percentile" : {
            "1.000000" : 2007040,
            "5.000000" : 14352384,
            "10.000000" : 14483456,
            "20.000000" : 14483456,
            "30.000000" : 14614528,
            "40.000000" : 14614528,
            "50.000000" : 14745600,
            "60.000000" : 14745600,
            "70.000000" : 14876672,
            "80.000000" : 15007744,
            "90.000000" : 15138816,
            "95.000000" : 15400960,
            "99.000000" : 16056320,
            "99.500000" : 17694720,
            "99.900000" : 22937600,
            "99.950000" : 23461888,
            "99.990000" : 26607616
          }
        },
        "lat_ns" : {
          "min" : 15457,
          "max" : 28576574,
          "mean" : 14778722.480339,
          "stddev" : 922798.739845,
          "N" : 131072
        },
        "bw_min" : 2077696,
        "bw_max" : 2276864,
        "bw_agg" : 99.699056,
        "bw_mean" : 2202914.133333,
        "bw_dev" : 12020.753393,
        "bw_samples" : 60,
        "iops_min" : 16232,
        "iops_max" : 17788,
        "iops_mean" : 17210.266667,
        "iops_stddev" : 93.912136,
        "iops_samples" : 60
      },
      "write" : {
        "io_bytes" : 0,
        "io_kbytes" : 0,
        "bw_bytes" : 0,
        "bw" : 0,
        "iops" : 0.000000,
        "runtime" : 0,
        "total_ios" : 0,
        "short_ios" : 0,
        "drop_ios" : 0,
        "slat_ns" : {
          "min" : 0,
          "max" : 0,
          "mean" : 0.000000,
          "stddev" : 0.000000,
          "N" : 0
        },
        "clat_ns" : {
          "min" : 0,
          "max" : 0,
          "mean" : 0.000000,
          "stddev" : 0.000000,
          "N" : 0
        },
        "lat_ns" : {
          "min" : 0,
          "max" : 0,
          "mean" : 0.000000,
          "stddev" : 0.000000,
          "N" : 0
        },
        "bw_min" : 0,
        "bw_max" : 0,
        "bw_agg" : 0.000000,
        "bw_mean" : 0.000000,
        "bw_dev" : 0.000000,
        "bw_samples" : 0,
        "iops_min" : 0,
        "iops_max" : 0,
        "iops_mean" : 0.000000,
        "iops_stddev" : 0.000000,
        "iops_samples" : 0
      },
      "trim" : {
        "io_bytes" : 0,
        "io_kbytes" : 0,
        "bw_bytes" : 0,
        "bw" : 0,
        "iops" : 0.000000,
        "runtime" : 0,
        "total_ios" : 0,
        "short_ios" : 0,
        "drop_ios" : 0,
        "slat_ns" : {
          "min" : 0,
          "max" : 0,
          "mean" : 0.000000,
          "stddev" : 0.000000,
          "N" : 0
        },
        "clat_ns" : {
          "min" : 0,
          "max" : 0,
          "mean" : 0.000000,
          "stddev" : 0.000000,
          "N" : 0
        },
        "lat_ns" : {
          "min" : 0,
          "max" : 0,
          "mean" : 0.000000,
          "stddev" : 0.000000,
          "N" : 0
        },
        "bw_min" : 0,
        "bw_max" : 0,
        "bw_agg" : 0.000000,
        "bw_mean" : 0.000000,
        "bw_dev" : 0.000000,
        "bw_samples" : 0,
        "iops_min" : 0,
        "iops_max" : 0,
        "iops_mean" : 0.000000,
        "iops_stddev" : 0.000000,
        "iops_samples" : 0
      },
      "sync" : {
        "total_ios" : 0,
        "lat_ns" : {
          "min" : 0,
          "max" : 0,
          "mean" : 0.000000,
          "stddev" : 0.000000,
          "N" : 0
        }
      },
      "job_runtime" : 30353,
      "usr_cpu" : 0.672092,
      "sys_cpu" : 32.098969,
      "ctx" : 2254,
      "majf" : 0,
      "minf" : 8252,
      "iodepth_level" : {
        "1" : 0.100000,
        "2" : 0.100000,
        "4" : 0.100000,
        "8" : 0.100000,
        "16" : 0.100000,
        "32" : 0.100000,
        ">=64" : 99.807739
      },
      "iodepth_submit" : {
        "0" : 0.000000,
        "4" : 100.000000,
        "8" : 0.000000,
        "16" : 0.000000,
        "32" : 0.000000,
        "64" : 0.000000,
        ">=64" : 0.000000
      },
      "iodepth_complete" : {
        "0" : 0.000000,
        "4" : 99.996942,
        "8" : 0.000000,
        "16" : 0.000000,
        "32" : 0.000000,
        "64" : 0.100000,
        ">=64" : 0.000000
      },
      "latency_ns" : {
        "2" : 0.000000,
        "4" : 0.000000,
        "10" : 0.000000,
        "20" : 0.000000,
        "50" : 0.000000,
        "100" : 0.000000,
        "250" : 0.000000,
        "500" : 0.000000,
        "750" : 0.000000,
        "1000" : 0.010000
      },
      "latency_us" : {
        "2" : 0.000000,
        "4" : 0.010000,
        "10" : 0.000000,
        "20" : 0.010000,
        "50" : 0.010000,
        "100" : 0.010000,
        "250" : 0.019836,
        "500" : 0.031281,
        "750" : 0.031281,
        "1000" : 0.029755
      },
      "latency_ms" : {
        "2" : 0.853729,
        "4" : 0.738525,
        "10" : 0.199890,
        "20" : 97.803497,
        "50" : 0.276184,
        "100" : 0.000000,
        "250" : 0.000000,
        "500" : 0.000000,
        "750" : 0.000000,
        "1000" : 0.000000,
        "2000" : 0.000000,
        ">=2000" : 0.000000
      },
      "latency_depth" : 64,
      "latency_target" : 0,
      "latency_percentile" : 100.000000,
      "latency_window" : 0
    }
  ]
}
