{
  "fio version" : "fio-3.36",
  "timestamp" : 1751100162,
  "timestamp_ms" : 1751100162322,
  "time" : "Sat Jun 28 08:42:42 2025",
  "global options" : {
    "ioengine" : "libaio",
    "direct" : "0",
    "directory" : "/mnt/test",
    "buffer_compress_percentage" : "70",
    "buffer_pattern" : "0xdeadbeef"
  },
  "jobs" : [
    {
      "jobname" : "database_test",
      "groupid" : 0,
      "job_start" : 1751100102243,
      "error" : 0,
      "eta" : 0,
      "elapsed" : 61,
      "job options" : {
        "rw" : "randrw",
        "rwmixread" : "70",
        "size" : "1G",
        "numjobs" : "8",
        "runtime" : "60",
        "iodepth" : "16",
        "bssplit" : "4k/80:8k/20"
      },
      "read" : {
        "io_bytes" : 72904704,
        "io_kbytes" : 71196,
        "bw_bytes" : 1214248,
        "bw" : 1185,
        "iops" : 246.947919,
        "runtime" : 60041,
        "total_ios" : 14827,
        "short_ios" : 0,
        "drop_ios" : 0,
        "slat_ns" : {
          "min" : 2795815,
          "max" : 340265284,
          "mean" : 32337754.507857,
          "stddev" : 29532464.654499,
          "N" : 14827
        },
        "clat_ns" : {
          "min" : 8734,
          "max" : 860848688,
          "mean" : 337188601.042895,
          "stddev" : 115125255.265165,
          "N" : 14827,
          "percentile" : {
            "1.000000" : 119013376,
            "5.000000" : 170917888,
            "10.000000" : 202375168,
            "20.000000" : 240123904,
            "30.000000" : 270532608,
            "40.000000" : 295698432,
            "50.000000" : 325058560,
            "60.000000" : 354418688,
            "70.000000" : 383778816,
            "80.000000" : 429916160,
            "90.000000" : 492830720,
            "95.000000" : 541065216,
            "99.000000" : 658505728,
            "99.500000" : 725614592,
            "99.900000" : 792723456,
            "99.950000" : 809500672,
            "99.990000" : 843055104
          }
        },
        "lat_ns" : {
          "min" : 20814139,
          "max" : 910014984,
          "mean" : 369526355.550752,
          "stddev" : 119534601.627333,
          "N" : 14827
        },
        "bw_min" : 277,
        "bw_max" : 2128,
        "bw_agg" : 99.511797,
        "bw_mean" : 1180.243697,
        "bw_dev" : 44.344097,
        "bw_samples" : 952,
        "iops_min" : 56,
        "iops_max" : 432,
        "iops_mean" : 245.705882,
        "iops_stddev" : 8.815411,
        "iops_samples" : 952
      },
      "write" : {
        "io_bytes" : 31543296,
        "io_kbytes" : 30804,
        "bw_bytes" : 525362,
        "bw" : 513,
        "iops" : 107.693076,
        "runtime" : 60041,
        "total_ios" : 6466,
        "short_ios" : 0,
        "drop_ios" : 0,
        "slat_ns" : {
          "min" : 3336,
          "max" : 267973,
          "mean" : 45416.611970,
          "stddev" : 22020.417852,
          "N" : 6466
        },
        "clat_ns" : {
          "min" : 20819871,
          "max" : 826359054,
          "mean" : 337608873.874265,
          "stddev" : 115485888.431272,
          "N" : 6466,
          "percentile" : {
            "1.000000" : 121110528,
            "5.000000" : 170917888,
            "10.000000" : 202375168,
            "20.000000" : 242221056,
            "30.000000" : 270532608,
            "40.000000" : 299892736,
            "50.000000" : 325058560,
            "60.000000" : 354418688,
            "70.000000" : 383778816,
            "80.000000" : 425721856,
            "90.000000" : 492830720,
            "95.000000" : 549453824,
            "99.000000" : 666894336,
            "99.500000" : 717225984,
            "99.900000" : 809500672,
            "99.950000" : 817889280,
            "99.990000" : 826277888
          }
        },
        "lat_ns" : {
          "min" : 20869120,
          "max" : 826439092,
          "mean" : 337654290.486236,
          "stddev" : 115486352.564577,
          "N" : 6466
        },
        "bw_min" : 78,
        "bw_max" : 1400,
        "bw_agg" : 99.795570,
        "bw_mean" : 512.433723,
        "bw_dev" : 30.202169,
        "bw_samples" : 947,
        "iops_min" : 18,
        "iops_max" : 276,
        "iops_mean" : 107.605473,
        "iops_stddev" : 6.116921,
        "iops_samples" : 947
      },
      "trim" : {
        "io_bytes" : 0,
        "io_kbytes" : 0,
        "bw_bytes" : 0,
        "bw" : 0,
        "iops" : 0.000000,
        "runtime" : 0,
        "total_ios" : 0,
        "short_ios" : 0,
        "drop_ios" : 0,
        "slat_ns" : {
          "min" : 0,
          "max" : 0,
          "mean" : 0.000000,
          "stddev" : 0.000000,
          "N" : 0
        },
        "clat_ns" : {
          "min" : 0,
          "max" : 0,
          "mean" : 0.000000,
          "stddev" : 0.000000,
          "N" : 0
        },
        "lat_ns" : {
          "min" : 0,
          "max" : 0,
          "mean" : 0.000000,
          "stddev" : 0.000000,
          "N" : 0
        },
        "bw_min" : 0,
        "bw_max" : 0,
        "bw_agg" : 0.000000,
        "bw_mean" : 0.000000,
        "bw_dev" : 0.000000,
        "bw_samples" : 0,
        "iops_min" : 0,
        "iops_max" : 0,
        "iops_mean" : 0.000000,
        "iops_stddev" : 0.000000,
        "iops_samples" : 0
      },
      "sync" : {
        "total_ios" : 0,
        "lat_ns" : {
          "min" : 0,
          "max" : 0,
          "mean" : 0.000000,
          "stddev" : 0.000000,
          "N" : 0
        }
      },
      "job_runtime" : 480165,
      "usr_cpu" : 0.093301,
      "sys_cpu" : 0.420480,
      "ctx" : 14846,
      "majf" : 0,
      "minf" : 107,
      "iodepth_level" : {
        "1" : 0.100000,
        "2" : 0.100000,
        "4" : 0.150284,
        "8" : 0.300568,
        "16" : 99.436435,
        "32" : 0.000000,
        ">=64" : 0.000000
      },
      "iodepth_submit" : {
        "0" : 0.000000,
        "4" : 100.000000,
        "8" : 0.000000,
        "16" : 0.000000,
        "32" : 0.000000,
        "64" : 0.000000,
        ">=64" : 0.000000
      },
      "iodepth_complete" : {
        "0" : 0.000000,
        "4" : 99.962230,
        "8" : 0.000000,
        "16" : 0.100000,
        "32" : 0.000000,
        "64" : 0.000000,
        ">=64" : 0.000000
      },
      "latency_ns" : {
        "2" : 0.000000,
        "4" : 0.000000,
        "10" : 0.000000,
        "20" : 0.000000,
        "50" : 0.000000,
        "100" : 0.000000,
        "250" : 0.000000,
        "500" : 0.000000,
        "750" : 0.000000,
        "1000" : 0.000000
      },
      "latency_us" : {
        "2" : 0.000000,
        "4" : 0.000000,
        "10" : 0.010000,
        "20" : 0.032875,
        "50" : 0.000000,
        "100" : 0.000000,
        "250" : 0.000000,
        "500" : 0.000000,
        "750" : 0.000000,
        "1000" : 0.000000
      },
      "latency_ms" : {
        "2" : 0.000000,
        "4" : 0.000000,
        "10" : 0.000000,
        "20" : 0.000000,
        "50" : 0.056357,
        "100" : 0.300568,
        "250" : 22.566102,
        "500" : 67.961302,
        "750" : 8.763443,
        "1000" : 0.314657,
        "2000" : 0.000000,
        ">=2000" : 0.000000
      },
      "latency_depth" : 16,
      "latency_target" : 0,
      "latency_percentile" : 100.000000,
      "latency_window" : 0
    }
  ]
}
