{
  "fio version" : "fio-3.36",
  "timestamp" : 1751165237,
  "timestamp_ms" : 1751165237962,
  "time" : "Sun Jun 29 02:47:17 2025",
  "global options" : {
    "ioengine" : "libaio",
    "direct" : "0",
    "directory" : "/mnt/test"
  },
  "jobs" : [
    {
      "jobname" : "database_test",
      "groupid" : 0,
      "job_start" : 1751165232919,
      "error" : 0,
      "eta" : 0,
      "elapsed" : 6,
      "job options" : {
        "rw" : "randrw",
        "rwmixread" : "70",
        "size" : "1M",
        "numjobs" : "8",
        "runtime" : "5",
        "iodepth" : "16",
        "bssplit" : "4k/80:8k/20"
      },
      "read" : {
        "io_bytes" : 39553888256,
        "io_kbytes" : 38626844,
        "bw_bytes" : 7907614605,
        "bw" : 7722279,
        "iops" : 1705247.900840,
        "runtime" : 5002,
        "total_ios" : 8529650,
        "short_ios" : 0,
        "drop_ios" : 0,
        "slat_ns" : {
          "min" : 1332,
          "max" : 15224331,
          "mean" : 1847.377102,
          "stddev" : 14691.898328,
          "N" : 8529650
        },
        "clat_ns" : {
          "min" : 924,
          "max" : 15783494,
          "mean" : 49590.331789,
          "stddev" : 75056.679044,
          "N" : 8529650,
          "percentile" : {
            "1.000000" : 38144,
            "5.000000" : 41216,
            "10.000000" : 42240,
            "20.000000" : 44288,
            "30.000000" : 45824,
            "40.000000" : 46848,
            "50.000000" : 48384,
            "60.000000" : 49408,
            "70.000000" : 50944,
            "80.000000" : 52480,
            "90.000000" : 55040,
            "95.000000" : 57088,
            "99.000000" : 64256,
            "99.500000" : 70144,
            "99.900000" : 175104,
            "99.950000" : 240640,
            "99.990000" : 2670592
          }
        },
        "lat_ns" : {
          "min" : 2566,
          "max" : 15785607,
          "mean" : 51437.708891,
          "stddev" : 76567.788424,
          "N" : 8529650
        },
        "bw_min" : 7483192,
        "bw_max" : 7877688,
        "bw_agg" : 99.871840,
        "bw_mean" : 7712383.111111,
        "bw_dev" : 16067.859234,
        "bw_samples" : 72,
        "iops_min" : 1652288,
        "iops_max" : 1739410,
        "iops_mean" : 1703025.777778,
        "iops_stddev" : 3557.882293,
        "iops_samples" : 72
      },
      "write" : {
        "io_bytes" : 16956915712,
        "io_kbytes" : 16559488,
        "bw_bytes" : 3390027131,
        "bw" : 3310573,
        "iops" : 730824.670132,
        "runtime" : 5002,
        "total_ios" : 3655585,
        "short_ios" : 0,
        "drop_ios" : 0,
        "slat_ns" : {
          "min" : 2891,
          "max" : 15712139,
          "mean" : 4163.039596,
          "stddev" : 23445.122251,
          "N" : 3655585
        },
        "clat_ns" : {
          "min" : 998,
          "max" : 15772886,
          "mean" : 49680.726916,
          "stddev" : 70594.120974,
          "N" : 3655585,
          "percentile" : {
            "1.000000" : 38656,
            "5.000000" : 41216,
            "10.000000" : 42752,
            "20.000000" : 44800,
            "30.000000" : 45824,
            "40.000000" : 47360,
            "50.000000" : 48384,
            "60.000000" : 49920,
            "70.000000" : 50944,
            "80.000000" : 52480,
            "90.000000" : 55040,
            "95.000000" : 57600,
            "99.000000" : 64256,
            "99.500000" : 70144,
            "99.900000" : 173056,
            "99.950000" : 238592,
            "99.990000" : 2088960
          }
        },
        "lat_ns" : {
          "min" : 4550,
          "max" : 15782936,
          "mean" : 53843.766512,
          "stddev" : 74703.760364,
          "N" : 3655585
        },
        "bw_min" : 3208952,
        "bw_max" : 3366504,
        "bw_agg" : 99.875781,
        "bw_mean" : 3306461.333333,
        "bw_dev" : 6441.878135,
        "bw_samples" : 72,
        "iops_min" : 708242,
        "iops_max" : 743622,
        "iops_mean" : 729959.333333,
        "iops_stddev" : 1432.262970,
        "iops_samples" : 72
      },
      "trim" : {
        "io_bytes" : 0,
        "io_kbytes" : 0,
        "bw_bytes" : 0,
        "bw" : 0,
        "iops" : 0.000000,
        "runtime" : 0,
        "total_ios" : 0,
        "short_ios" : 0,
        "drop_ios" : 0,
        "slat_ns" : {
          "min" : 0,
          "max" : 0,
          "mean" : 0.000000,
          "stddev" : 0.000000,
          "N" : 0
        },
        "clat_ns" : {
          "min" : 0,
          "max" : 0,
          "mean" : 0.000000,
          "stddev" : 0.000000,
          "N" : 0
        },
        "lat_ns" : {
          "min" : 0,
          "max" : 0,
          "mean" : 0.000000,
          "stddev" : 0.000000,
          "N" : 0
        },
        "bw_min" : 0,
        "bw_max" : 0,
        "bw_agg" : 0.000000,
        "bw_mean" : 0.000000,
        "bw_dev" : 0.000000,
        "bw_samples" : 0,
        "iops_min" : 0,
        "iops_max" : 0,
        "iops_mean" : 0.000000,
        "iops_stddev" : 0.000000,
        "iops_samples" : 0
      },
      "sync" : {
        "total_ios" : 0,
        "lat_ns" : {
          "min" : 0,
          "max" : 0,
          "mean" : 0.000000,
          "stddev" : 0.000000,
          "N" : 0
        }
      },
      "job_runtime" : 40001,
      "usr_cpu" : 19.832004,
      "sys_cpu" : 78.313042,
      "ctx" : 5899,
      "majf" : 0,
      "minf" : 126,
      "iodepth_level" : {
        "1" : 0.100000,
        "2" : 0.100000,
        "4" : 0.100000,
        "8" : 0.100000,
        "16" : 99.999015,
        "32" : 0.000000,
        ">=64" : 0.000000
      },
      "iodepth_submit" : {
        "0" : 0.000000,
        "4" : 100.000000,
        "8" : 0.000000,
        "16" : 0.000000,
        "32" : 0.000000,
        "64" : 0.000000,
        ">=64" : 0.000000
      },
      "iodepth_complete" : {
        "0" : 0.000000,
        "4" : 99.999934,
        "8" : 0.000000,
        "16" : 0.100000,
        "32" : 0.000000,
        "64" : 0.000000,
        ">=64" : 0.000000
      },
      "latency_ns" : {
        "2" : 0.000000,
        "4" : 0.000000,
        "10" : 0.000000,
        "20" : 0.000000,
        "50" : 0.000000,
        "100" : 0.000000,
        "250" : 0.000000,
        "500" : 0.000000,
        "750" : 0.000000,
        "1000" : 0.010000
      },
      "latency_us" : {
        "2" : 0.010000,
        "4" : 0.010000,
        "10" : 0.010000,
        "20" : 0.010000,
        "50" : 63.317490,
        "100" : 36.489620,
        "250" : 0.145282,
        "500" : 0.022995,
        "750" : 0.010000,
        "1000" : 0.010000
      },
      "latency_ms" : {
        "2" : 0.010000,
        "4" : 0.010000,
        "10" : 0.010000,
        "20" : 0.010000,
        "50" : 0.000000,
        "100" : 0.000000,
        "250" : 0.000000,
        "500" : 0.000000,
        "750" : 0.000000,
        "1000" : 0.000000,
        "2000" : 0.000000,
        ">=2000" : 0.000000
      },
      "latency_depth" : 16,
      "latency_target" : 0,
      "latency_percentile" : 100.000000,
      "latency_window" : 0
    }
  ]
}
