{
  "fio version" : "fio-3.36",
  "timestamp" : 1751106239,
  "timestamp_ms" : 1751106239510,
  "time" : "Sat Jun 28 10:23:59 2025",
  "global options" : {
    "ioengine" : "libaio",
    "direct" : "0",
    "directory" : "/mnt/test",
    "buffer_compress_percentage" : "70",
    "buffer_pattern" : "0xdeadbeef"
  },
  "jobs" : [
    {
      "jobname" : "webserver_test",
      "groupid" : 0,
      "job_start" : 1751106119466,
      "error" : 0,
      "eta" : 0,
      "elapsed" : 121,
      "job options" : {
        "rw" : "randread",
        "size" : "2G",
        "numjobs" : "16",
        "runtime" : "120",
        "iodepth" : "32",
        "bssplit" : "4k/90:8k/10"
      },
      "read" : {
        "io_bytes" : 33150357504,
        "io_kbytes" : 32373396,
        "bw_bytes" : 276220753,
        "bw" : 269746,
        "iops" : 63298.206876,
        "runtime" : 120014,
        "total_ios" : 7596671,
        "short_ios" : 0,
        "drop_ios" : 0,
        "slat_ns" : {
          "min" : 1523,
          "max" : 108539527,
          "mean" : 83936.467422,
          "stddev" : 532503.191301,
          "N" : 7596671
        },
        "clat_ns" : {
          "min" : 1009,
          "max" : 361132913,
          "mean" : 2662355.501680,
          "stddev" : 6516762.986037,
          "N" : 7596671,
          "percentile" : {
            "1.000000" : 626688,
            "5.000000" : 700416,
            "10.000000" : 724992,
            "20.000000" : 765952,
            "30.000000" : 798720,
            "40.000000" : 847872,
            "50.000000" : 978944,
            "60.000000" : 1613824,
            "70.000000" : 2408448,
            "80.000000" : 3719168,
            "90.000000" : 5668864,
            "95.000000" : 7372800,
            "99.000000" : 15794176,
            "99.500000" : 39059456,
            "99.900000" : 82313216,
            "99.950000" : 113770496,
            "99.990000" : 246415360
          }
        },
        "lat_ns" : {
          "min" : 3630,
          "max" : 361277991,
          "mean" : 2746291.969102,
          "stddev" : 6684682.676969,
          "N" : 7596671
        },
        "bw_min" : 263744,
        "bw_max" : 2140183,
        "bw_agg" : 100.000000,
        "bw_mean" : 1132212.651563,
        "bw_dev" : 22321.532942,
        "bw_samples" : 1294,
        "iops_min" : 60272,
        "iops_max" : 506075,
        "iops_mean" : 265657.608290,
        "iops_stddev" : 5277.860307,
        "iops_samples" : 1294
      },
      "write" : {
        "io_bytes" : 0,
        "io_kbytes" : 0,
        "bw_bytes" : 0,
        "bw" : 0,
        "iops" : 0.000000,
        "runtime" : 0,
        "total_ios" : 0,
        "short_ios" : 0,
        "drop_ios" : 0,
        "slat_ns" : {
          "min" : 0,
          "max" : 0,
          "mean" : 0.000000,
          "stddev" : 0.000000,
          "N" : 0
        },
        "clat_ns" : {
          "min" : 0,
          "max" : 0,
          "mean" : 0.000000,
          "stddev" : 0.000000,
          "N" : 0
        },
        "lat_ns" : {
          "min" : 0,
          "max" : 0,
          "mean" : 0.000000,
          "stddev" : 0.000000,
          "N" : 0
        },
        "bw_min" : 0,
        "bw_max" : 0,
        "bw_agg" : 0.000000,
        "bw_mean" : 0.000000,
        "bw_dev" : 0.000000,
        "bw_samples" : 0,
        "iops_min" : 0,
        "iops_max" : 0,
        "iops_mean" : 0.000000,
        "iops_stddev" : 0.000000,
        "iops_samples" : 0
      },
      "trim" : {
        "io_bytes" : 0,
        "io_kbytes" : 0,
        "bw_bytes" : 0,
        "bw" : 0,
        "iops" : 0.000000,
        "runtime" : 0,
        "total_ios" : 0,
        "short_ios" : 0,
        "drop_ios" : 0,
        "slat_ns" : {
          "min" : 0,
          "max" : 0,
          "mean" : 0.000000,
          "stddev" : 0.000000,
          "N" : 0
        },
        "clat_ns" : {
          "min" : 0,
          "max" : 0,
          "mean" : 0.000000,
          "stddev" : 0.000000,
          "N" : 0
        },
        "lat_ns" : {
          "min" : 0,
          "max" : 0,
          "mean" : 0.000000,
          "stddev" : 0.000000,
          "N" : 0
        },
        "bw_min" : 0,
        "bw_max" : 0,
        "bw_agg" : 0.000000,
        "bw_mean" : 0.000000,
        "bw_dev" : 0.000000,
        "bw_samples" : 0,
        "iops_min" : 0,
        "iops_max" : 0,
        "iops_mean" : 0.000000,
        "iops_stddev" : 0.000000,
        "iops_samples" : 0
      },
      "sync" : {
        "total_ios" : 0,
        "lat_ns" : {
          "min" : 0,
          "max" : 0,
          "mean" : 0.000000,
          "stddev" : 0.000000,
          "N" : 0
        }
      },
      "job_runtime" : 652297,
      "usr_cpu" : 1.546075,
      "sys_cpu" : 28.446551,
      "ctx" : 1322410,
      "majf" : 0,
      "minf" : 1192,
      "iodepth_level" : {
        "1" : 0.100000,
        "2" : 0.100000,
        "4" : 0.100000,
        "8" : 0.100000,
        "16" : 0.100000,
        "32" : 99.993471,
        ">=64" : 0.000000
      },
      "iodepth_submit" : {
        "0" : 0.000000,
        "4" : 100.000000,
        "8" : 0.000000,
        "16" : 0.000000,
        "32" : 0.000000,
        "64" : 0.000000,
        ">=64" : 0.000000
      },
      "iodepth_complete" : {
        "0" : 0.000000,
        "4" : 99.999789,
        "8" : 0.000000,
        "16" : 0.000000,
        "32" : 0.100000,
        "64" : 0.000000,
        ">=64" : 0.000000
      },
      "latency_ns" : {
        "2" : 0.000000,
        "4" : 0.000000,
        "10" : 0.000000,
        "20" : 0.000000,
        "50" : 0.000000,
        "100" : 0.000000,
        "250" : 0.000000,
        "500" : 0.000000,
        "750" : 0.000000,
        "1000" : 0.000000
      },
      "latency_us" : {
        "2" : 0.010000,
        "4" : 0.000000,
        "10" : 0.010000,
        "20" : 0.010000,
        "50" : 0.010000,
        "100" : 0.010000,
        "250" : 0.010000,
        "500" : 0.018969,
        "750" : 16.343356,
        "1000" : 34.444193
      },
      "latency_ms" : {
        "2" : 15.208122,
        "4" : 16.222237,
        "10" : 15.263765,
        "20" : 1.722544,
        "50" : 0.407428,
        "100" : 0.305397,
        "250" : 0.053576,
        "500" : 0.010000,
        "750" : 0.000000,
        "1000" : 0.000000,
        "2000" : 0.000000,
        ">=2000" : 0.000000
      },
      "latency_depth" : 32,
      "latency_target" : 0,
      "latency_percentile" : 100.000000,
      "latency_window" : 0
    }
  ]
}
