{
  "fio version" : "fio-3.36",
  "timestamp" : 1753006966,
  "timestamp_ms" : 1753006966349,
  "time" : "Sun Jul 20 10:22:46 2025",
  "global options" : {
    "ioengine" : "libaio",
    "direct" : "1",
    "directory" : "/mnt/test",
    "buffer_compress_percentage" : "70",
    "buffer_pattern" : "0xdeadbeef"
  },
  "jobs" : [
    {
      "jobname" : "database_mysql_innodb_test",
      "groupid" : 0,
      "job_start" : 1753006906105,
      "error" : 0,
      "eta" : 0,
      "elapsed" : 61,
      "job options" : {
        "rw" : "randrw",
        "rwmixread" : "70",
        "size" : "1G",
        "numjobs" : "24",
        "runtime" : "60",
        "iodepth" : "16",
        "bssplit" : "16k"
      },
      "read" : {
        "io_bytes" : 3450896384,
        "io_kbytes" : 3370016,
        "bw_bytes" : 57318147,
        "bw" : 55974,
        "iops" : 3498.422084,
        "runtime" : 60206,
        "total_ios" : 210626,
        "short_ios" : 0,
        "drop_ios" : 0,
        "slat_ns" : {
          "min" : 3951,
          "max" : 2305495293,
          "mean" : 6017084.131973,
          "stddev" : 44484601.161404,
          "N" : 210626
        },
        "clat_ns" : {
          "min" : 1159,
          "max" : 13302531549,
          "mean" : 63575244.063278,
          "stddev" : 396411011.637552,
          "N" : 210626,
          "percentile" : {
            "1.000000" : 333824,
            "5.000000" : 370688,
            "10.000000" : 391168,
            "20.000000" : 415744,
            "30.000000" : 432128,
            "40.000000" : 448512,
            "50.000000" : 464896,
            "60.000000" : 481280,
            "70.000000" : 501760,
            "80.000000" : 528384,
            "90.000000" : 1466368,
            "95.000000" : 10420224,
            "99.000000" : 1769996288,
            "99.500000" : 2122317824,
            "99.900000" : 5872025600,
            "99.950000" : 7348420608,
            "99.990000" : 9193914368
          }
        },
        "lat_ns" : {
          "min" : 33344,
          "max" : 13563150246,
          "mean" : 69592328.195251,
          "stddev" : 430463109.064945,
          "N" : 210626
        },
        "bw_min" : 401863,
        "bw_max" : 2254972,
        "bw_agg" : 100.000000,
        "bw_mean" : 707081.592190,
        "bw_dev" : 12841.863077,
        "bw_samples" : 2238,
        "iops_min" : 25102,
        "iops_max" : 140934,
        "iops_mean" : 44191.635502,
        "iops_stddev" : 802.613975,
        "iops_samples" : 2238
      },
      "write" : {
        "io_bytes" : 1480278016,
        "io_kbytes" : 1445584,
        "bw_bytes" : 24586885,
        "bw" : 24010,
        "iops" : 1500.664386,
        "runtime" : 60206,
        "total_ios" : 90349,
        "short_ios" : 0,
        "drop_ios" : 0,
        "slat_ns" : {
          "min" : 5741,
          "max" : 17489440,
          "mean" : 20293.925179,
          "stddev" : 205689.708831,
          "N" : 90349
        },
        "clat_ns" : {
          "min" : 1218,
          "max" : 13465677867,
          "mean" : 62681035.511594,
          "stddev" : 398870900.700589,
          "N" : 90349,
          "percentile" : {
            "1.000000" : 333824,
            "5.000000" : 370688,
            "10.000000" : 391168,
            "20.000000" : 415744,
            "30.000000" : 432128,
            "40.000000" : 448512,
            "50.000000" : 464896,
            "60.000000" : 485376,
            "70.000000" : 501760,
            "80.000000" : 528384,
            "90.000000" : 1548288,
            "95.000000" : 10420224,
            "99.000000" : 1769996288,
            "99.500000" : 2139095040,
            "99.900000" : 5804916736,
            "99.950000" : 7348420608,
            "99.990000" : 9865003008
          }
        },
        "lat_ns" : {
          "min" : 9532,
          "max" : 13465701795,
          "mean" : 62701329.436773,
          "stddev" : 398882103.742727,
          "N" : 90349
        },
        "bw_min" : 172902,
        "bw_max" : 964319,
        "bw_agg" : 100.000000,
        "bw_mean" : 302186.709906,
        "bw_dev" : 6305.482400,
        "bw_samples" : 1689,
        "iops_min" : 10794,
        "iops_max" : 60269,
        "iops_mean" : 18885.734109,
        "iops_stddev" : 394.094113,
        "iops_samples" : 1689
      },
      "trim" : {
        "io_bytes" : 0,
        "io_kbytes" : 0,
        "bw_bytes" : 0,
        "bw" : 0,
        "iops" : 0.000000,
        "runtime" : 0,
        "total_ios" : 0,
        "short_ios" : 0,
        "drop_ios" : 0,
        "slat_ns" : {
          "min" : 0,
          "max" : 0,
          "mean" : 0.000000,
          "stddev" : 0.000000,
          "N" : 0
        },
        "clat_ns" : {
          "min" : 0,
          "max" : 0,
          "mean" : 0.000000,
          "stddev" : 0.000000,
          "N" : 0
        },
        "lat_ns" : {
          "min" : 0,
          "max" : 0,
          "mean" : 0.000000,
          "stddev" : 0.000000,
          "N" : 0
        },
        "bw_min" : 0,
        "bw_max" : 0,
        "bw_agg" : 0.000000,
        "bw_mean" : 0.000000,
        "bw_dev" : 0.000000,
        "bw_samples" : 0,
        "iops_min" : 0,
        "iops_max" : 0,
        "iops_mean" : 0.000000,
        "iops_stddev" : 0.000000,
        "iops_samples" : 0
      },
      "sync" : {
        "total_ios" : 0,
        "lat_ns" : {
          "min" : 0,
          "max" : 0,
          "mean" : 0.000000,
          "stddev" : 0.000000,
          "N" : 0
        }
      },
      "job_runtime" : 1270564,
      "usr_cpu" : 0.058163,
      "sys_cpu" : 0.797284,
      "ctx" : 8987,
      "majf" : 0,
      "minf" : 363,
      "iodepth_level" : {
        "1" : 0.100000,
        "2" : 0.100000,
        "4" : 0.100000,
        "8" : 0.100000,
        "16" : 99.880389,
        "32" : 0.000000,
        ">=64" : 0.000000
      },
      "iodepth_submit" : {
        "0" : 0.000000,
        "4" : 100.000000,
        "8" : 0.000000,
        "16" : 0.000000,
        "32" : 0.000000,
        "64" : 0.000000,
        ">=64" : 0.000000
      },
      "iodepth_complete" : {
        "0" : 0.000000,
        "4" : 99.992017,
        "8" : 0.000000,
        "16" : 0.100000,
        "32" : 0.000000,
        "64" : 0.000000,
        ">=64" : 0.000000
      },
      "latency_ns" : {
        "2" : 0.000000,
        "4" : 0.000000,
        "10" : 0.000000,
        "20" : 0.000000,
        "50" : 0.000000,
        "100" : 0.000000,
        "250" : 0.000000,
        "500" : 0.000000,
        "750" : 0.000000,
        "1000" : 0.000000
      },
      "latency_us" : {
        "2" : 0.010000,
        "4" : 0.010000,
        "10" : 0.010000,
        "20" : 0.010000,
        "50" : 0.010000,
        "100" : 0.010000,
        "250" : 0.010000,
        "500" : 68.661517,
        "750" : 20.922668,
        "1000" : 0.153169
      },
      "latency_ms" : {
        "2" : 0.520309,
        "4" : 1.855636,
        "10" : 2.813523,
        "20" : 0.573470,
        "50" : 0.026248,
        "100" : 0.224271,
        "250" : 0.429604,
        "500" : 0.305009,
        "750" : 0.143534,
        "1000" : 0.355179,
        "2000" : 2.359997,
        ">=2000" : 0.638259
      },
      "latency_depth" : 16,
      "latency_target" : 0,
      "latency_percentile" : 100.000000,
      "latency_window" : 0
    }
  ]
}
