{
  "fio version" : "fio-3.36",
  "timestamp" : 1751143310,
  "timestamp_ms" : 1751143310126,
  "time" : "Sat Jun 28 20:41:50 2025",
  "global options" : {
    "ioengine" : "libaio",
    "direct" : "0",
    "directory" : "/mnt/test",
    "buffer_compress_percentage" : "70",
    "buffer_pattern" : "0xdeadbeef"
  },
  "jobs" : [
    {
      "jobname" : "database_test",
      "groupid" : 0,
      "job_start" : 1751143282862,
      "error" : 0,
      "eta" : 0,
      "elapsed" : 28,
      "job options" : {
        "rw" : "randrw",
        "rwmixread" : "70",
        "size" : "1G",
        "numjobs" : "8",
        "runtime" : "60",
        "iodepth" : "16",
        "bssplit" : "4k/80:8k/20"
      },
      "read" : {
        "io_bytes" : 6011162624,
        "io_kbytes" : 5870276,
        "bw_bytes" : 220836246,
        "bw" : 215660,
        "iops" : 47592.983101,
        "runtime" : 27220,
        "total_ios" : 1295481,
        "short_ios" : 0,
        "drop_ios" : 0,
        "slat_ns" : {
          "min" : 35345,
          "max" : 14916625,
          "mean" : 153465.866773,
          "stddev" : 241252.857420,
          "N" : 1295481
        },
        "clat_ns" : {
          "min" : 1389,
          "max" : 20473806,
          "mean" : 1767801.009154,
          "stddev" : 1022031.021403,
          "N" : 1295481,
          "percentile" : {
            "1.000000" : 700416,
            "5.000000" : 847872,
            "10.000000" : 937984,
            "20.000000" : 1056768,
            "30.000000" : 1204224,
            "40.000000" : 1417216,
            "50.000000" : 1630208,
            "60.000000" : 1810432,
            "70.000000" : 1990656,
            "80.000000" : 2179072,
            "90.000000" : 2506752,
            "95.000000" : 2867200,
            "99.000000" : 6062080,
            "99.500000" : 6520832,
            "99.900000" : 9502720,
            "99.950000" : 13959168,
            "99.990000" : 17432576
          }
        },
        "lat_ns" : {
          "min" : 63914,
          "max" : 20762047,
          "mean" : 1921266.875927,
          "stddev" : 1075899.395734,
          "N" : 1295481
        },
        "bw_min" : 137856,
        "bw_max" : 393552,
        "bw_agg" : 100.000000,
        "bw_mean" : 216094.222222,
        "bw_dev" : 6837.978995,
        "bw_samples" : 432,
        "iops_min" : 30452,
        "iops_max" : 82264,
        "iops_mean" : 47675.037037,
        "iops_stddev" : 1460.970756,
        "iops_samples" : 432
      },
      "write" : {
        "io_bytes" : 2578771968,
        "io_kbytes" : 2518332,
        "bw_bytes" : 94738132,
        "bw" : 92517,
        "iops" : 20409.221161,
        "runtime" : 27220,
        "total_ios" : 555539,
        "short_ios" : 0,
        "drop_ios" : 0,
        "slat_ns" : {
          "min" : 2248,
          "max" : 18544988,
          "mean" : 16392.881000,
          "stddev" : 77344.693096,
          "N" : 555539
        },
        "clat_ns" : {
          "min" : 798,
          "max" : 20439205,
          "mean" : 1759676.176781,
          "stddev" : 1012478.266807,
          "N" : 555539,
          "percentile" : {
            "1.000000" : 692224,
            "5.000000" : 847872,
            "10.000000" : 929792,
            "20.000000" : 1056768,
            "30.000000" : 1204224,
            "40.000000" : 1400832,
            "50.000000" : 1613824,
            "60.000000" : 1794048,
            "70.000000" : 1990656,
            "80.000000" : 2179072,
            "90.000000" : 2473984,
            "95.000000" : 2834432,
            "99.000000" : 5996544,
            "99.500000" : 6520832,
            "99.900000" : 9109504,
            "99.950000" : 13565952,
            "99.990000" : 17432576
          }
        },
        "lat_ns" : {
          "min" : 3046,
          "max" : 20473898,
          "mean" : 1776069.057782,
          "stddev" : 1019672.685948,
          "N" : 555539
        },
        "bw_min" : 57784,
        "bw_max" : 171072,
        "bw_agg" : 100.000000,
        "bw_mean" : 92701.629630,
        "bw_dev" : 2958.386360,
        "bw_samples" : 432,
        "iops_min" : 12974,
        "iops_max" : 35704,
        "iops_mean" : 20443.740741,
        "iops_stddev" : 630.871542,
        "iops_samples" : 432
      },
      "trim" : {
        "io_bytes" : 0,
        "io_kbytes" : 0,
        "bw_bytes" : 0,
        "bw" : 0,
        "iops" : 0.000000,
        "runtime" : 0,
        "total_ios" : 0,
        "short_ios" : 0,
        "drop_ios" : 0,
        "slat_ns" : {
          "min" : 0,
          "max" : 0,
          "mean" : 0.000000,
          "stddev" : 0.000000,
          "N" : 0
        },
        "clat_ns" : {
          "min" : 0,
          "max" : 0,
          "mean" : 0.000000,
          "stddev" : 0.000000,
          "N" : 0
        },
        "lat_ns" : {
          "min" : 0,
          "max" : 0,
          "mean" : 0.000000,
          "stddev" : 0.000000,
          "N" : 0
        },
        "bw_min" : 0,
        "bw_max" : 0,
        "bw_agg" : 0.000000,
        "bw_mean" : 0.000000,
        "bw_dev" : 0.000000,
        "bw_samples" : 0,
        "iops_min" : 0,
        "iops_max" : 0,
        "iops_mean" : 0.000000,
        "iops_stddev" : 0.000000,
        "iops_samples" : 0
      },
      "sync" : {
        "total_ios" : 0,
        "lat_ns" : {
          "min" : 0,
          "max" : 0,
          "mean" : 0.000000,
          "stddev" : 0.000000,
          "N" : 0
        }
      },
      "job_runtime" : 217593,
      "usr_cpu" : 4.784621,
      "sys_cpu" : 20.928982,
      "ctx" : 1299017,
      "majf" : 0,
      "minf" : 117,
      "iodepth_level" : {
        "1" : 0.100000,
        "2" : 0.100000,
        "4" : 0.100000,
        "8" : 0.100000,
        "16" : 99.993517,
        "32" : 0.000000,
        ">=64" : 0.000000
      },
      "iodepth_submit" : {
        "0" : 0.000000,
        "4" : 100.000000,
        "8" : 0.000000,
        "16" : 0.000000,
        "32" : 0.000000,
        "64" : 0.000000,
        ">=64" : 0.000000
      },
      "iodepth_complete" : {
        "0" : 0.000000,
        "4" : 99.999568,
        "8" : 0.000000,
        "16" : 0.100000,
        "32" : 0.000000,
        "64" : 0.000000,
        ">=64" : 0.000000
      },
      "latency_ns" : {
        "2" : 0.000000,
        "4" : 0.000000,
        "10" : 0.000000,
        "20" : 0.000000,
        "50" : 0.000000,
        "100" : 0.000000,
        "250" : 0.000000,
        "500" : 0.000000,
        "750" : 0.000000,
        "1000" : 0.010000
      },
      "latency_us" : {
        "2" : 0.010000,
        "4" : 0.000000,
        "10" : 0.010000,
        "20" : 0.010000,
        "50" : 0.010000,
        "100" : 0.010000,
        "250" : 0.010000,
        "500" : 0.037817,
        "750" : 1.823103,
        "1000" : 12.980951
      },
      "latency_ms" : {
        "2" : 55.704855,
        "4" : 26.112576,
        "10" : 3.242699,
        "20" : 0.093138,
        "50" : 0.010000,
        "100" : 0.000000,
        "250" : 0.000000,
        "500" : 0.000000,
        "750" : 0.000000,
        "1000" : 0.000000,
        "2000" : 0.000000,
        ">=2000" : 0.000000
      },
      "latency_depth" : 16,
      "latency_target" : 0,
      "latency_percentile" : 100.000000,
      "latency_window" : 0
    }
  ]
}
