{
  "fio version" : "fio-3.36",
  "timestamp" : 1750856180,
  "timestamp_ms" : 1750856180740,
  "time" : "Wed Jun 25 12:56:20 2025",
  "global options" : {
    "ioengine" : "libaio",
    "direct" : "1",
    "directory" : "/mnt/test"
  },
  "jobs" : [
    {
      "jobname" : "database_test",
      "groupid" : 0,
      "job_start" : 1750856175639,
      "error" : 0,
      "eta" : 0,
      "elapsed" : 6,
      "job options" : {
        "rw" : "randrw",
        "rwmixread" : "70",
        "size" : "1M",
        "numjobs" : "8",
        "runtime" : "5",
        "iodepth" : "16",
        "bssplit" : "4k/80:8k/20"
      },
      "read" : {
        "io_bytes" : 28530135040,
        "io_kbytes" : 27861460,
        "bw_bytes" : 5631688716,
        "bw" : 5499696,
        "iops" : 1214464.074220,
        "runtime" : 5066,
        "total_ios" : 6152475,
        "short_ios" : 0,
        "drop_ios" : 0,
        "slat_ns" : {
          "min" : 1480,
          "max" : 171303405,
          "mean" : 2896.046105,
          "stddev" : 226193.351985,
          "N" : 6152475
        },
        "clat_ns" : {
          "min" : 797,
          "max" : 270995968,
          "mean" : 69015.805706,
          "stddev" : 987530.401295,
          "N" : 6152475,
          "percentile" : {
            "1.000000" : 42240,
            "5.000000" : 46336,
            "10.000000" : 48384,
            "20.000000" : 51456,
            "30.000000" : 53504,
            "40.000000" : 55040,
            "50.000000" : 57088,
            "60.000000" : 58624,
            "70.000000" : 60672,
            "80.000000" : 63232,
            "90.000000" : 67072,
            "95.000000" : 72192,
            "99.000000" : 93696,
            "99.500000" : 114176,
            "99.900000" : 831488,
            "99.950000" : 1695744,
            "99.990000" : 19005440
          }
        },
        "lat_ns" : {
          "min" : 2566,
          "max" : 271117195,
          "mean" : 71911.851811,
          "stddev" : 1024877.473918,
          "N" : 6152475
        },
        "bw_min" : 4033735,
        "bw_max" : 6761067,
        "bw_agg" : 100.000000,
        "bw_mean" : 5561521.244444,
        "bw_dev" : 131077.741561,
        "bw_samples" : 75,
        "iops_min" : 891299,
        "iops_max" : 1492853,
        "iops_mean" : 1228115.488889,
        "iops_stddev" : 28932.204325,
        "iops_samples" : 75
      },
      "write" : {
        "io_bytes" : 12234588160,
        "io_kbytes" : 11947840,
        "bw_bytes" : 2415039115,
        "bw" : 2358436,
        "iops" : 520697.197000,
        "runtime" : 5066,
        "total_ios" : 2637852,
        "short_ios" : 0,
        "drop_ios" : 0,
        "slat_ns" : {
          "min" : 3579,
          "max" : 159196769,
          "mean" : 5787.678671,
          "stddev" : 184973.403831,
          "N" : 2637852
        },
        "clat_ns" : {
          "min" : 962,
          "max" : 270956419,
          "mean" : 68811.520505,
          "stddev" : 923833.377907,
          "N" : 2637852,
          "percentile" : {
            "1.000000" : 42752,
            "5.000000" : 46848,
            "10.000000" : 48896,
            "20.000000" : 51456,
            "30.000000" : 53504,
            "40.000000" : 55552,
            "50.000000" : 57088,
            "60.000000" : 59136,
            "70.000000" : 61184,
            "80.000000" : 63744,
            "90.000000" : 68096,
            "95.000000" : 72192,
            "99.000000" : 93696,
            "99.500000" : 114176,
            "99.900000" : 831488,
            "99.950000" : 1679360,
            "99.990000" : 23461888
          }
        },
        "lat_ns" : {
          "min" : 4999,
          "max" : 271009293,
          "mean" : 74599.199176,
          "stddev" : 962769.729119,
          "N" : 2637852
        },
        "bw_min" : 1726464,
        "bw_max" : 2899581,
        "bw_agg" : 100.000000,
        "bw_mean" : 2384964.111111,
        "bw_dev" : 56548.121160,
        "bw_samples" : 75,
        "iops_min" : 381083,
        "iops_max" : 639714,
        "iops_mean" : 526533.011111,
        "iops_stddev" : 12469.313439,
        "iops_samples" : 75
      },
      "trim" : {
        "io_bytes" : 0,
        "io_kbytes" : 0,
        "bw_bytes" : 0,
        "bw" : 0,
        "iops" : 0.000000,
        "runtime" : 0,
        "total_ios" : 0,
        "short_ios" : 0,
        "drop_ios" : 0,
        "slat_ns" : {
          "min" : 0,
          "max" : 0,
          "mean" : 0.000000,
          "stddev" : 0.000000,
          "N" : 0
        },
        "clat_ns" : {
          "min" : 0,
          "max" : 0,
          "mean" : 0.000000,
          "stddev" : 0.000000,
          "N" : 0
        },
        "lat_ns" : {
          "min" : 0,
          "max" : 0,
          "mean" : 0.000000,
          "stddev" : 0.000000,
          "N" : 0
        },
        "bw_min" : 0,
        "bw_max" : 0,
        "bw_agg" : 0.000000,
        "bw_mean" : 0.000000,
        "bw_dev" : 0.000000,
        "bw_samples" : 0,
        "iops_min" : 0,
        "iops_max" : 0,
        "iops_mean" : 0.000000,
        "iops_stddev" : 0.000000,
        "iops_samples" : 0
      },
      "sync" : {
        "total_ios" : 0,
        "lat_ns" : {
          "min" : 0,
          "max" : 0,
          "mean" : 0.000000,
          "stddev" : 0.000000,
          "N" : 0
        }
      },
      "job_runtime" : 40195,
      "usr_cpu" : 16.775718,
      "sys_cpu" : 67.376539,
      "ctx" : 8845,
      "majf" : 0,
      "minf" : 114,
      "iodepth_level" : {
        "1" : 0.100000,
        "2" : 0.100000,
        "4" : 0.100000,
        "8" : 0.100000,
        "16" : 99.998635,
        "32" : 0.000000,
        ">=64" : 0.000000
      },
      "iodepth_submit" : {
        "0" : 0.000000,
        "4" : 100.000000,
        "8" : 0.000000,
        "16" : 0.000000,
        "32" : 0.000000,
        "64" : 0.000000,
        ">=64" : 0.000000
      },
      "iodepth_complete" : {
        "0" : 0.000000,
        "4" : 99.999909,
        "8" : 0.000000,
        "16" : 0.100000,
        "32" : 0.000000,
        "64" : 0.000000,
        ">=64" : 0.000000
      },
      "latency_ns" : {
        "2" : 0.000000,
        "4" : 0.000000,
        "10" : 0.000000,
        "20" : 0.000000,
        "50" : 0.000000,
        "100" : 0.000000,
        "250" : 0.000000,
        "500" : 0.000000,
        "750" : 0.000000,
        "1000" : 0.010000
      },
      "latency_us" : {
        "2" : 0.010000,
        "4" : 0.010000,
        "10" : 0.010000,
        "20" : 0.010000,
        "50" : 14.446459,
        "100" : 84.816242,
        "250" : 0.489845,
        "500" : 0.097664,
        "750" : 0.041091,
        "1000" : 0.023492
      },
      "latency_ms" : {
        "2" : 0.042865,
        "4" : 0.016450,
        "10" : 0.010000,
        "20" : 0.010000,
        "50" : 0.010000,
        "100" : 0.010000,
        "250" : 0.010000,
        "500" : 0.010000,
        "750" : 0.000000,
        "1000" : 0.000000,
        "2000" : 0.000000,
        ">=2000" : 0.000000
      },
      "latency_depth" : 16,
      "latency_target" : 0,
      "latency_percentile" : 100.000000,
      "latency_window" : 0
    }
  ]
}
