{
  "fio version" : "fio-3.36",
  "timestamp" : 1751137936,
  "timestamp_ms" : 1751137936320,
  "time" : "Sat Jun 28 19:12:16 2025",
  "global options" : {
    "ioengine" : "libaio",
    "direct" : "1",
    "directory" : "/mnt/test",
    "buffer_compress_percentage" : "70",
    "buffer_pattern" : "0xdeadbeef"
  },
  "jobs" : [
    {
      "jobname" : "database_mysql_innodb_test",
      "groupid" : 0,
      "job_start" : 1751137905609,
      "error" : 0,
      "eta" : 0,
      "elapsed" : 31,
      "job options" : {
        "rw" : "randrw",
        "rwmixread" : "70",
        "size" : "1G",
        "numjobs" : "8",
        "runtime" : "60",
        "iodepth" : "16",
        "bssplit" : "16k"
      },
      "read" : {
        "io_bytes" : 6009602048,
        "io_kbytes" : 5868752,
        "bw_bytes" : 195892888,
        "bw" : 191301,
        "iops" : 11956.353087,
        "runtime" : 30678,
        "total_ios" : 366797,
        "short_ios" : 0,
        "drop_ios" : 0,
        "slat_ns" : {
          "min" : 3183,
          "max" : 511470455,
          "mean" : 230710.735246,
          "stddev" : 3785409.345504,
          "N" : 366797
        },
        "clat_ns" : {
          "min" : 129959,
          "max" : 540770328,
          "mean" : 3284764.677208,
          "stddev" : 13222268.871940,
          "N" : 366797,
          "percentile" : {
            "1.000000" : 268288,
            "5.000000" : 382976,
            "10.000000" : 552960,
            "20.000000" : 929792,
            "30.000000" : 1253376,
            "40.000000" : 1515520,
            "50.000000" : 1744896,
            "60.000000" : 2039808,
            "70.000000" : 2637824,
            "80.000000" : 4227072,
            "90.000000" : 6520832,
            "95.000000" : 8585216,
            "99.000000" : 21102592,
            "99.500000" : 28442624,
            "99.900000" : 73924608,
            "99.950000" : 497025024,
            "99.990000" : 530579456
          }
        },
        "lat_ns" : {
          "min" : 162747,
          "max" : 540819036,
          "mean" : 3515475.412454,
          "stddev" : 13780111.622308,
          "N" : 366797
        },
        "bw_min" : 15680,
        "bw_max" : 318656,
        "bw_agg" : 100.000000,
        "bw_mean" : 198259.620690,
        "bw_dev" : 9148.445409,
        "bw_samples" : 464,
        "iops_min" : 980,
        "iops_max" : 19916,
        "iops_mean" : 12391.137931,
        "iops_stddev" : 571.795108,
        "iops_samples" : 464
      },
      "write" : {
        "io_bytes" : 2580332544,
        "io_kbytes" : 2519856,
        "bw_bytes" : 84110194,
        "bw" : 82138,
        "iops" : 5133.678858,
        "runtime" : 30678,
        "total_ios" : 157491,
        "short_ios" : 0,
        "drop_ios" : 0,
        "slat_ns" : {
          "min" : 5512,
          "max" : 32432485,
          "mean" : 74930.306100,
          "stddev" : 329020.937105,
          "N" : 157491
        },
        "clat_ns" : {
          "min" : 206228,
          "max" : 566815010,
          "mean" : 16452616.315415,
          "stddev" : 34364628.791913,
          "N" : 157491,
          "percentile" : {
            "1.000000" : 4227072,
            "5.000000" : 6193152,
            "10.000000" : 7372800,
            "20.000000" : 8978432,
            "30.000000" : 10027008,
            "40.000000" : 10944512,
            "50.000000" : 11993088,
            "60.000000" : 13303808,
            "70.000000" : 15138816,
            "80.000000" : 17694720,
            "90.000000" : 23199744,
            "95.000000" : 29491200,
            "99.000000" : 72876032,
            "99.500000" : 102236160,
            "99.900000" : 534773760,
            "99.950000" : 541065216,
            "99.990000" : 557842432
          }
        },
        "lat_ns" : {
          "min" : 263391,
          "max" : 566906160,
          "mean" : 16527546.621515,
          "stddev" : 34366316.520177,
          "N" : 157491
        },
        "bw_min" : 3104,
        "bw_max" : 134624,
        "bw_agg" : 100.000000,
        "bw_mean" : 83657.508475,
        "bw_dev" : 4108.183746,
        "bw_samples" : 472,
        "iops_min" : 194,
        "iops_max" : 8414,
        "iops_mean" : 5228.542373,
        "iops_stddev" : 256.770672,
        "iops_samples" : 472
      },
      "trim" : {
        "io_bytes" : 0,
        "io_kbytes" : 0,
        "bw_bytes" : 0,
        "bw" : 0,
        "iops" : 0.000000,
        "runtime" : 0,
        "total_ios" : 0,
        "short_ios" : 0,
        "drop_ios" : 0,
        "slat_ns" : {
          "min" : 0,
          "max" : 0,
          "mean" : 0.000000,
          "stddev" : 0.000000,
          "N" : 0
        },
        "clat_ns" : {
          "min" : 0,
          "max" : 0,
          "mean" : 0.000000,
          "stddev" : 0.000000,
          "N" : 0
        },
        "lat_ns" : {
          "min" : 0,
          "max" : 0,
          "mean" : 0.000000,
          "stddev" : 0.000000,
          "N" : 0
        },
        "bw_min" : 0,
        "bw_max" : 0,
        "bw_agg" : 0.000000,
        "bw_mean" : 0.000000,
        "bw_dev" : 0.000000,
        "bw_samples" : 0,
        "iops_min" : 0,
        "iops_max" : 0,
        "iops_mean" : 0.000000,
        "iops_stddev" : 0.000000,
        "iops_samples" : 0
      },
      "sync" : {
        "total_ios" : 0,
        "lat_ns" : {
          "min" : 0,
          "max" : 0,
          "mean" : 0.000000,
          "stddev" : 0.000000,
          "N" : 0
        }
      },
      "job_runtime" : 243497,
      "usr_cpu" : 2.210294,
      "sys_cpu" : 10.521690,
      "ctx" : 311941,
      "majf" : 0,
      "minf" : 105,
      "iodepth_level" : {
        "1" : 0.100000,
        "2" : 0.100000,
        "4" : 0.100000,
        "8" : 0.100000,
        "16" : 99.977112,
        "32" : 0.000000,
        ">=64" : 0.000000
      },
      "iodepth_submit" : {
        "0" : 0.000000,
        "4" : 100.000000,
        "8" : 0.000000,
        "16" : 0.000000,
        "32" : 0.000000,
        "64" : 0.000000,
        ">=64" : 0.000000
      },
      "iodepth_complete" : {
        "0" : 0.000000,
        "4" : 99.998474,
        "8" : 0.000000,
        "16" : 0.100000,
        "32" : 0.000000,
        "64" : 0.000000,
        ">=64" : 0.000000
      },
      "latency_ns" : {
        "2" : 0.000000,
        "4" : 0.000000,
        "10" : 0.000000,
        "20" : 0.000000,
        "50" : 0.000000,
        "100" : 0.000000,
        "250" : 0.000000,
        "500" : 0.000000,
        "750" : 0.000000,
        "1000" : 0.000000
      },
      "latency_us" : {
        "2" : 0.000000,
        "4" : 0.000000,
        "10" : 0.000000,
        "20" : 0.000000,
        "50" : 0.000000,
        "100" : 0.000000,
        "250" : 0.374031,
        "500" : 5.654335,
        "750" : 4.461288,
        "1000" : 4.836655
      },
      "latency_ms" : {
        "2" : 25.871849,
        "4" : 14.345741,
        "10" : 20.823097,
        "20" : 18.449783,
        "50" : 4.553986,
        "100" : 0.432396,
        "250" : 0.029755,
        "500" : 0.018883,
        "750" : 0.148201,
        "1000" : 0.000000,
        "2000" : 0.000000,
        ">=2000" : 0.000000
      },
      "latency_depth" : 16,
      "latency_target" : 0,
      "latency_percentile" : 100.000000,
      "latency_window" : 0
    }
  ]
}
