{
  "fio version" : "fio-3.36",
  "timestamp" : 1751425742,
  "timestamp_ms" : 1751425742130,
  "time" : "Wed Jul  2 03:09:02 2025",
  "global options" : {
    "ioengine" : "libaio",
    "direct" : "1",
    "directory" : "/mnt/test"
  },
  "jobs" : [
    {
      "jobname" : "seq_read_article_test",
      "groupid" : 0,
      "job_start" : 1751425562099,
      "error" : 0,
      "eta" : 0,
      "elapsed" : 181,
      "job options" : {
        "rw" : "read",
        "size" : "50G",
        "numjobs" : "1",
        "runtime" : "180"
      },
      "read" : {
        "io_bytes" : 8458883072,
        "io_kbytes" : 8260628,
        "bw_bytes" : 46993533,
        "bw" : 45892,
        "iops" : 11473.030705,
        "runtime" : 180001,
        "total_ios" : 2065157,
        "short_ios" : 0,
        "drop_ios" : 0,
        "slat_ns" : {
          "min" : 3898,
          "max" : 101742,
          "mean" : 13864.030874,
          "stddev" : 4517.390766,
          "N" : 2065157
        },
        "clat_ns" : {
          "min" : 3159,
          "max" : 17972996,
          "mean" : 70634.545829,
          "stddev" : 34203.974638,
          "N" : 2065157,
          "percentile" : {
            "1.000000" : 47360,
            "5.000000" : 48896,
            "10.000000" : 49408,
            "20.000000" : 50432,
            "30.000000" : 50432,
            "40.000000" : 50944,
            "50.000000" : 51456,
            "60.000000" : 51968,
            "70.000000" : 70144,
            "80.000000" : 108032,
            "90.000000" : 125440,
            "95.000000" : 128512,
            "99.000000" : 164864,
            "99.500000" : 173056,
            "99.900000" : 195584,
            "99.950000" : 197632,
            "99.990000" : 232448
          }
        },
        "lat_ns" : {
          "min" : 37772,
          "max" : 18000864,
          "mean" : 84498.576703,
          "stddev" : 35001.296292,
          "N" : 2065157
        },
        "bw_min" : 44640,
        "bw_max" : 47784,
        "bw_agg" : 100.000000,
        "bw_mean" : 45926.827298,
        "bw_dev" : 906.038811,
        "bw_samples" : 359,
        "iops_min" : 11160,
        "iops_max" : 11946,
        "iops_mean" : 11481.646240,
        "iops_stddev" : 226.480271,
        "iops_samples" : 359
      },
      "write" : {
        "io_bytes" : 0,
        "io_kbytes" : 0,
        "bw_bytes" : 0,
        "bw" : 0,
        "iops" : 0.000000,
        "runtime" : 0,
        "total_ios" : 0,
        "short_ios" : 0,
        "drop_ios" : 0,
        "slat_ns" : {
          "min" : 0,
          "max" : 0,
          "mean" : 0.000000,
          "stddev" : 0.000000,
          "N" : 0
        },
        "clat_ns" : {
          "min" : 0,
          "max" : 0,
          "mean" : 0.000000,
          "stddev" : 0.000000,
          "N" : 0
        },
        "lat_ns" : {
          "min" : 0,
          "max" : 0,
          "mean" : 0.000000,
          "stddev" : 0.000000,
          "N" : 0
        },
        "bw_min" : 0,
        "bw_max" : 0,
        "bw_agg" : 0.000000,
        "bw_mean" : 0.000000,
        "bw_dev" : 0.000000,
        "bw_samples" : 0,
        "iops_min" : 0,
        "iops_max" : 0,
        "iops_mean" : 0.000000,
        "iops_stddev" : 0.000000,
        "iops_samples" : 0
      },
      "trim" : {
        "io_bytes" : 0,
        "io_kbytes" : 0,
        "bw_bytes" : 0,
        "bw" : 0,
        "iops" : 0.000000,
        "runtime" : 0,
        "total_ios" : 0,
        "short_ios" : 0,
        "drop_ios" : 0,
        "slat_ns" : {
          "min" : 0,
          "max" : 0,
          "mean" : 0.000000,
          "stddev" : 0.000000,
          "N" : 0
        },
        "clat_ns" : {
          "min" : 0,
          "max" : 0,
          "mean" : 0.000000,
          "stddev" : 0.000000,
          "N" : 0
        },
        "lat_ns" : {
          "min" : 0,
          "max" : 0,
          "mean" : 0.000000,
          "stddev" : 0.000000,
          "N" : 0
        },
        "bw_min" : 0,
        "bw_max" : 0,
        "bw_agg" : 0.000000,
        "bw_mean" : 0.000000,
        "bw_dev" : 0.000000,
        "bw_samples" : 0,
        "iops_min" : 0,
        "iops_max" : 0,
        "iops_mean" : 0.000000,
        "iops_stddev" : 0.000000,
        "iops_samples" : 0
      },
      "sync" : {
        "total_ios" : 0,
        "lat_ns" : {
          "min" : 0,
          "max" : 0,
          "mean" : 0.000000,
          "stddev" : 0.000000,
          "N" : 0
        }
      },
      "job_runtime" : 180000,
      "usr_cpu" : 9.005000,
      "sys_cpu" : 26.182778,
      "ctx" : 2065137,
      "majf" : 0,
      "minf" : 13,
      "iodepth_level" : {
        "1" : 100.000000,
        "2" : 0.000000,
        "4" : 0.000000,
        "8" : 0.000000,
        "16" : 0.000000,
        "32" : 0.000000,
        ">=64" : 0.000000
      },
      "iodepth_submit" : {
        "0" : 0.000000,
        "4" : 100.000000,
        "8" : 0.000000,
        "16" : 0.000000,
        "32" : 0.000000,
        "64" : 0.000000,
        ">=64" : 0.000000
      },
      "iodepth_complete" : {
        "0" : 0.000000,
        "4" : 100.000000,
        "8" : 0.000000,
        "16" : 0.000000,
        "32" : 0.000000,
        "64" : 0.000000,
        ">=64" : 0.000000
      },
      "latency_ns" : {
        "2" : 0.000000,
        "4" : 0.000000,
        "10" : 0.000000,
        "20" : 0.000000,
        "50" : 0.000000,
        "100" : 0.000000,
        "250" : 0.000000,
        "500" : 0.000000,
        "750" : 0.000000,
        "1000" : 0.000000
      },
      "latency_us" : {
        "2" : 0.000000,
        "4" : 0.010000,
        "10" : 0.010000,
        "20" : 0.010000,
        "50" : 15.940822,
        "100" : 56.112247,
        "250" : 27.941653,
        "500" : 0.010000,
        "750" : 0.010000,
        "1000" : 0.010000
      },
      "latency_ms" : {
        "2" : 0.010000,
        "4" : 0.000000,
        "10" : 0.000000,
        "20" : 0.010000,
        "50" : 0.000000,
        "100" : 0.000000,
        "250" : 0.000000,
        "500" : 0.000000,
        "750" : 0.000000,
        "1000" : 0.000000,
        "2000" : 0.000000,
        ">=2000" : 0.000000
      },
      "latency_depth" : 1,
      "latency_target" : 0,
      "latency_percentile" : 100.000000,
      "latency_window" : 0
    }
  ],
  "disk_util" : [
    {
      "name" : "nvme0n1",
      "read_ios" : 2063508,
      "write_ios" : 9,
      "read_sectors" : 16508064,
      "write_sectors" : 71,
      "read_merges" : 0,
      "write_merges" : 1,
      "read_ticks" : 130222,
      "write_ticks" : 3,
      "in_queue" : 130227,
      "util" : 72.398988
    }
  ]
}
