{
  "fio version" : "fio-3.36",
  "timestamp" : 1751732444,
  "timestamp_ms" : 1751732444452,
  "time" : "Sat Jul  5 16:20:44 2025",
  "global options" : {
    "ioengine" : "libaio",
    "direct" : "1",
    "directory" : "/mnt/test"
  },
  "jobs" : [
    {
      "jobname" : "database_mysql_innodb_test",
      "groupid" : 0,
      "job_start" : 1751732439331,
      "error" : 0,
      "eta" : 0,
      "elapsed" : 6,
      "job options" : {
        "rw" : "randrw",
        "rwmixread" : "70",
        "size" : "1M",
        "numjobs" : "8",
        "runtime" : "5",
        "iodepth" : "16",
        "bssplit" : "16k"
      },
      "read" : {
        "io_bytes" : 423002112,
        "io_kbytes" : 413088,
        "bw_bytes" : 83415916,
        "bw" : 81460,
        "iops" : 5091.303490,
        "runtime" : 5071,
        "total_ios" : 25818,
        "short_ios" : 0,
        "drop_ios" : 0,
        "slat_ns" : {
          "min" : 8512,
          "max" : 724226926,
          "mean" : 1041372.463475,
          "stddev" : 8393295.644961,
          "N" : 25818
        },
        "clat_ns" : {
          "min" : 252342,
          "max" : 733595706,
          "mean" : 17663823.034433,
          "stddev" : 36233888.269123,
          "N" : 25818,
          "percentile" : {
            "1.000000" : 1019904,
            "5.000000" : 2277376,
            "10.000000" : 2768896,
            "20.000000" : 3588096,
            "30.000000" : 4423680,
            "40.000000" : 5472256,
            "50.000000" : 7045120,
            "60.000000" : 10027008,
            "70.000000" : 14876672,
            "80.000000" : 21626880,
            "90.000000" : 35389440,
            "95.000000" : 61079552,
            "99.000000" : 168820736,
            "99.500000" : 238026752,
            "99.900000" : 371195904,
            "99.950000" : 387973120,
            "99.990000" : 725614592
          }
        },
        "lat_ns" : {
          "min" : 331203,
          "max" : 736241799,
          "mean" : 18705195.497908,
          "stddev" : 37434410.624527,
          "N" : 25818
        },
        "bw_min" : 26624,
        "bw_max" : 176832,
        "bw_agg" : 100.000000,
        "bw_mean" : 82288.000000,
        "bw_dev" : 6189.846981,
        "bw_samples" : 80,
        "iops_min" : 1664,
        "iops_max" : 11052,
        "iops_mean" : 5143.000000,
        "iops_stddev" : 386.865436,
        "iops_samples" : 80
      },
      "write" : {
        "io_bytes" : 184729600,
        "io_kbytes" : 180400,
        "bw_bytes" : 36428633,
        "bw" : 35574,
        "iops" : 2223.427332,
        "runtime" : 5071,
        "total_ios" : 11275,
        "short_ios" : 0,
        "drop_ios" : 0,
        "slat_ns" : {
          "min" : 16166,
          "max" : 218916448,
          "mean" : 438538.292239,
          "stddev" : 4243808.733432,
          "N" : 11275
        },
        "clat_ns" : {
          "min" : 333272,
          "max" : 783225400,
          "mean" : 14071123.345898,
          "stddev" : 29535368.239410,
          "N" : 11275,
          "percentile" : {
            "1.000000" : 1417216,
            "5.000000" : 2703360,
            "10.000000" : 3096576,
            "20.000000" : 3620864,
            "30.000000" : 4145152,
            "40.000000" : 4816896,
            "50.000000" : 6193152,
            "60.000000" : 8978432,
            "70.000000" : 12255232,
            "80.000000" : 17956864,
            "90.000000" : 27656192,
            "95.000000" : 41680896,
            "99.000000" : 116916224,
            "99.500000" : 162529280,
            "99.900000" : 367001600,
            "99.950000" : 371195904,
            "99.990000" : 725614592
          }
        },
        "lat_ns" : {
          "min" : 403894,
          "max" : 785027787,
          "mean" : 14509661.638137,
          "stddev" : 29980804.530183,
          "N" : 11275
        },
        "bw_min" : 11040,
        "bw_max" : 79968,
        "bw_agg" : 100.000000,
        "bw_mean" : 36009.600000,
        "bw_dev" : 2792.586439,
        "bw_samples" : 80,
        "iops_min" : 690,
        "iops_max" : 4998,
        "iops_mean" : 2250.600000,
        "iops_stddev" : 174.536652,
        "iops_samples" : 80
      },
      "trim" : {
        "io_bytes" : 0,
        "io_kbytes" : 0,
        "bw_bytes" : 0,
        "bw" : 0,
        "iops" : 0.000000,
        "runtime" : 0,
        "total_ios" : 0,
        "short_ios" : 0,
        "drop_ios" : 0,
        "slat_ns" : {
          "min" : 0,
          "max" : 0,
          "mean" : 0.000000,
          "stddev" : 0.000000,
          "N" : 0
        },
        "clat_ns" : {
          "min" : 0,
          "max" : 0,
          "mean" : 0.000000,
          "stddev" : 0.000000,
          "N" : 0
        },
        "lat_ns" : {
          "min" : 0,
          "max" : 0,
          "mean" : 0.000000,
          "stddev" : 0.000000,
          "N" : 0
        },
        "bw_min" : 0,
        "bw_max" : 0,
        "bw_agg" : 0.000000,
        "bw_mean" : 0.000000,
        "bw_dev" : 0.000000,
        "bw_samples" : 0,
        "iops_min" : 0,
        "iops_max" : 0,
        "iops_mean" : 0.000000,
        "iops_stddev" : 0.000000,
        "iops_samples" : 0
      },
      "sync" : {
        "total_ios" : 0,
        "lat_ns" : {
          "min" : 0,
          "max" : 0,
          "mean" : 0.000000,
          "stddev" : 0.000000,
          "N" : 0
        }
      },
      "job_runtime" : 40445,
      "usr_cpu" : 1.075535,
      "sys_cpu" : 6.275189,
      "ctx" : 23878,
      "majf" : 0,
      "minf" : 110,
      "iodepth_level" : {
        "1" : 0.100000,
        "2" : 0.100000,
        "4" : 0.100000,
        "8" : 0.172539,
        "16" : 99.676489,
        "32" : 0.000000,
        ">=64" : 0.000000
      },
      "iodepth_submit" : {
        "0" : 0.000000,
        "4" : 100.000000,
        "8" : 0.000000,
        "16" : 0.000000,
        "32" : 0.000000,
        "64" : 0.000000,
        ">=64" : 0.000000
      },
      "iodepth_complete" : {
        "0" : 0.000000,
        "4" : 99.978367,
        "8" : 0.000000,
        "16" : 0.100000,
        "32" : 0.000000,
        "64" : 0.000000,
        ">=64" : 0.000000
      },
      "latency_ns" : {
        "2" : 0.000000,
        "4" : 0.000000,
        "10" : 0.000000,
        "20" : 0.000000,
        "50" : 0.000000,
        "100" : 0.000000,
        "250" : 0.000000,
        "500" : 0.000000,
        "750" : 0.000000,
        "1000" : 0.000000
      },
      "latency_us" : {
        "2" : 0.000000,
        "4" : 0.000000,
        "10" : 0.000000,
        "20" : 0.000000,
        "50" : 0.000000,
        "100" : 0.000000,
        "250" : 0.000000,
        "500" : 0.075486,
        "750" : 0.401693,
        "1000" : 0.339687
      },
      "latency_ms" : {
        "2" : 1.846710,
        "4" : 23.454560,
        "10" : 34.747796,
        "20" : 18.410482,
        "50" : 14.938128,
        "100" : 3.528968,
        "250" : 1.830534,
        "500" : 0.385517,
        "750" : 0.037743,
        "1000" : 0.010000,
        "2000" : 0.000000,
        ">=2000" : 0.000000
      },
      "latency_depth" : 16,
      "latency_target" : 0,
      "latency_percentile" : 100.000000,
      "latency_window" : 0
    }
  ]
}
