{
  "fio version" : "fio-3.36",
  "timestamp" : 1752810316,
  "timestamp_ms" : 1752810316526,
  "time" : "Fri Jul 18 03:45:16 2025",
  "global options" : {
    "ioengine" : "libaio",
    "direct" : "0",
    "directory" : "/mnt/test"
  },
  "jobs" : [
    {
      "jobname" : "webserver_test",
      "groupid" : 0,
      "job_start" : 1752810196382,
      "error" : 0,
      "eta" : 0,
      "elapsed" : 121,
      "job options" : {
        "rw" : "randread",
        "size" : "2G",
        "numjobs" : "16",
        "runtime" : "120",
        "iodepth" : "32",
        "bssplit" : "4k/90:8k/10"
      },
      "read" : {
        "io_bytes" : 2749091840,
        "io_kbytes" : 2684660,
        "bw_bytes" : 22888117,
        "bw" : 22351,
        "iops" : 5210.448755,
        "runtime" : 120110,
        "total_ios" : 625827,
        "short_ios" : 0,
        "drop_ios" : 0,
        "slat_ns" : {
          "min" : 1792,
          "max" : 923919939,
          "mean" : 2880731.899790,
          "stddev" : 20745936.162181,
          "N" : 625827
        },
        "clat_ns" : {
          "min" : 1110,
          "max" : 5712935962,
          "mean" : 89356890.510788,
          "stddev" : 434127664.829015,
          "N" : 625827,
          "percentile" : {
            "1.000000" : 158720,
            "5.000000" : 168960,
            "10.000000" : 173056,
            "20.000000" : 177152,
            "30.000000" : 181248,
            "40.000000" : 183296,
            "50.000000" : 187392,
            "60.000000" : 191488,
            "70.000000" : 199680,
            "80.000000" : 268288,
            "90.000000" : 391168,
            "95.000000" : 4358144,
            "99.000000" : 2365587456,
            "99.500000" : 2801795072,
            "99.900000" : 3674210304,
            "99.950000" : 4043309056,
            "99.990000" : 4664066048
          }
        },
        "lat_ns" : {
          "min" : 6044,
          "max" : 5843835433,
          "mean" : 92237622.410578,
          "stddev" : 447827101.654221,
          "N" : 625827
        },
        "bw_min" : 417616,
        "bw_max" : 1651592,
        "bw_agg" : 100.000000,
        "bw_mean" : 666062.035125,
        "bw_dev" : 6069.420440,
        "bw_samples" : 3584,
        "iops_min" : 94946,
        "iops_max" : 384350,
        "iops_mean" : 156080.099888,
        "iops_stddev" : 1448.761941,
        "iops_samples" : 3584
      },
      "write" : {
        "io_bytes" : 0,
        "io_kbytes" : 0,
        "bw_bytes" : 0,
        "bw" : 0,
        "iops" : 0.000000,
        "runtime" : 0,
        "total_ios" : 0,
        "short_ios" : 0,
        "drop_ios" : 0,
        "slat_ns" : {
          "min" : 0,
          "max" : 0,
          "mean" : 0.000000,
          "stddev" : 0.000000,
          "N" : 0
        },
        "clat_ns" : {
          "min" : 0,
          "max" : 0,
          "mean" : 0.000000,
          "stddev" : 0.000000,
          "N" : 0
        },
        "lat_ns" : {
          "min" : 0,
          "max" : 0,
          "mean" : 0.000000,
          "stddev" : 0.000000,
          "N" : 0
        },
        "bw_min" : 0,
        "bw_max" : 0,
        "bw_agg" : 0.000000,
        "bw_mean" : 0.000000,
        "bw_dev" : 0.000000,
        "bw_samples" : 0,
        "iops_min" : 0,
        "iops_max" : 0,
        "iops_mean" : 0.000000,
        "iops_stddev" : 0.000000,
        "iops_samples" : 0
      },
      "trim" : {
        "io_bytes" : 0,
        "io_kbytes" : 0,
        "bw_bytes" : 0,
        "bw" : 0,
        "iops" : 0.000000,
        "runtime" : 0,
        "total_ios" : 0,
        "short_ios" : 0,
        "drop_ios" : 0,
        "slat_ns" : {
          "min" : 0,
          "max" : 0,
          "mean" : 0.000000,
          "stddev" : 0.000000,
          "N" : 0
        },
        "clat_ns" : {
          "min" : 0,
          "max" : 0,
          "mean" : 0.000000,
          "stddev" : 0.000000,
          "N" : 0
        },
        "lat_ns" : {
          "min" : 0,
          "max" : 0,
          "mean" : 0.000000,
          "stddev" : 0.000000,
          "N" : 0
        },
        "bw_min" : 0,
        "bw_max" : 0,
        "bw_agg" : 0.000000,
        "bw_mean" : 0.000000,
        "bw_dev" : 0.000000,
        "bw_samples" : 0,
        "iops_min" : 0,
        "iops_max" : 0,
        "iops_mean" : 0.000000,
        "iops_stddev" : 0.000000,
        "iops_samples" : 0
      },
      "sync" : {
        "total_ios" : 0,
        "lat_ns" : {
          "min" : 0,
          "max" : 0,
          "mean" : 0.000000,
          "stddev" : 0.000000,
          "N" : 0
        }
      },
      "job_runtime" : 1803947,
      "usr_cpu" : 0.060589,
      "sys_cpu" : 0.479116,
      "ctx" : 29624,
      "majf" : 0,
      "minf" : 1191,
      "iodepth_level" : {
        "1" : 0.100000,
        "2" : 0.100000,
        "4" : 0.100000,
        "8" : 0.100000,
        "16" : 0.100000,
        "32" : 99.920745,
        ">=64" : 0.000000
      },
      "iodepth_submit" : {
        "0" : 0.000000,
        "4" : 100.000000,
        "8" : 0.000000,
        "16" : 0.000000,
        "32" : 0.000000,
        "64" : 0.000000,
        ">=64" : 0.000000
      },
      "iodepth_complete" : {
        "0" : 0.000000,
        "4" : 99.997441,
        "8" : 0.000000,
        "16" : 0.000000,
        "32" : 0.100000,
        "64" : 0.000000,
        ">=64" : 0.000000
      },
      "latency_ns" : {
        "2" : 0.000000,
        "4" : 0.000000,
        "10" : 0.000000,
        "20" : 0.000000,
        "50" : 0.000000,
        "100" : 0.000000,
        "250" : 0.000000,
        "500" : 0.000000,
        "750" : 0.000000,
        "1000" : 0.000000
      },
      "latency_us" : {
        "2" : 0.010000,
        "4" : 0.000000,
        "10" : 0.010000,
        "20" : 0.010000,
        "50" : 0.010000,
        "100" : 0.010000,
        "250" : 79.306262,
        "500" : 12.988094,
        "750" : 0.868451,
        "1000" : 0.563574
      },
      "latency_ms" : {
        "2" : 0.758996,
        "4" : 0.398992,
        "10" : 0.460191,
        "20" : 0.121919,
        "50" : 0.011665,
        "100" : 0.010000,
        "250" : 0.011824,
        "500" : 0.021092,
        "750" : 0.029401,
        "1000" : 0.112172,
        "2000" : 2.430704,
        ">=2000" : 1.908195
      },
      "latency_depth" : 32,
      "latency_target" : 0,
      "latency_percentile" : 100.000000,
      "latency_window" : 0
    }
  ]
}
