{
  "fio version" : "fio-3.36",
  "timestamp" : 1753323895,
  "timestamp_ms" : 1753323895395,
  "time" : "Thu Jul 24 02:24:55 2025",
  "global options" : {
    "ioengine" : "libaio",
    "direct" : "0",
    "directory" : "/mnt/test",
    "buffer_compress_percentage" : "70",
    "buffer_pattern" : "0xdeadbeef"
  },
  "jobs" : [
    {
      "jobname" : "multimedia_test",
      "groupid" : 0,
      "job_start" : 1753323774982,
      "error" : 0,
      "eta" : 0,
      "elapsed" : 121,
      "job options" : {
        "rw" : "read",
        "size" : "16G",
        "numjobs" : "4",
        "runtime" : "120",
        "iodepth" : "64",
        "bssplit" : "128k"
      },
      "read" : {
        "io_bytes" : 17807441920,
        "io_kbytes" : 17390080,
        "bw_bytes" : 147937974,
        "bw" : 144470,
        "iops" : 1128.677173,
        "runtime" : 120371,
        "total_ios" : 135860,
        "short_ios" : 0,
        "drop_ios" : 0,
        "slat_ns" : {
          "min" : 10202,
          "max" : 631663253,
          "mean" : 3534426.524827,
          "stddev" : 34703204.353335,
          "N" : 135860
        },
        "clat_ns" : {
          "min" : 15509,
          "max" : 634874286,
          "mean" : 222293196.258671,
          "stddev" : 169153889.016560,
          "N" : 135860,
          "percentile" : {
            "1.000000" : 3227648,
            "5.000000" : 46399488,
            "10.000000" : 47972352,
            "20.000000" : 49020928,
            "30.000000" : 51118080,
            "40.000000" : 90701824,
            "50.000000" : 105381888,
            "60.000000" : 362807296,
            "70.000000" : 387973120,
            "80.000000" : 396361728,
            "90.000000" : 404750336,
            "95.000000" : 421527552,
            "99.000000" : 517996544,
            "99.500000" : 534773760,
            "99.900000" : 583008256,
            "99.950000" : 616562688,
            "99.990000" : 633339904
          }
        },
        "lat_ns" : {
          "min" : 3595246,
          "max" : 742429809,
          "mean" : 225827622.783497,
          "stddev" : 168214034.468552,
          "N" : 135860
        },
        "bw_min" : 50649,
        "bw_max" : 262144,
        "bw_agg" : 100.000000,
        "bw_mean" : 145064.191263,
        "bw_dev" : 7831.526154,
        "bw_samples" : 956,
        "iops_min" : 394,
        "iops_max" : 2048,
        "iops_mean" : 1132.999052,
        "iops_stddev" : 61.205469,
        "iops_samples" : 956
      },
      "write" : {
        "io_bytes" : 0,
        "io_kbytes" : 0,
        "bw_bytes" : 0,
        "bw" : 0,
        "iops" : 0.000000,
        "runtime" : 0,
        "total_ios" : 0,
        "short_ios" : 0,
        "drop_ios" : 0,
        "slat_ns" : {
          "min" : 0,
          "max" : 0,
          "mean" : 0.000000,
          "stddev" : 0.000000,
          "N" : 0
        },
        "clat_ns" : {
          "min" : 0,
          "max" : 0,
          "mean" : 0.000000,
          "stddev" : 0.000000,
          "N" : 0
        },
        "lat_ns" : {
          "min" : 0,
          "max" : 0,
          "mean" : 0.000000,
          "stddev" : 0.000000,
          "N" : 0
        },
        "bw_min" : 0,
        "bw_max" : 0,
        "bw_agg" : 0.000000,
        "bw_mean" : 0.000000,
        "bw_dev" : 0.000000,
        "bw_samples" : 0,
        "iops_min" : 0,
        "iops_max" : 0,
        "iops_mean" : 0.000000,
        "iops_stddev" : 0.000000,
        "iops_samples" : 0
      },
      "trim" : {
        "io_bytes" : 0,
        "io_kbytes" : 0,
        "bw_bytes" : 0,
        "bw" : 0,
        "iops" : 0.000000,
        "runtime" : 0,
        "total_ios" : 0,
        "short_ios" : 0,
        "drop_ios" : 0,
        "slat_ns" : {
          "min" : 0,
          "max" : 0,
          "mean" : 0.000000,
          "stddev" : 0.000000,
          "N" : 0
        },
        "clat_ns" : {
          "min" : 0,
          "max" : 0,
          "mean" : 0.000000,
          "stddev" : 0.000000,
          "N" : 0
        },
        "lat_ns" : {
          "min" : 0,
          "max" : 0,
          "mean" : 0.000000,
          "stddev" : 0.000000,
          "N" : 0
        },
        "bw_min" : 0,
        "bw_max" : 0,
        "bw_agg" : 0.000000,
        "bw_mean" : 0.000000,
        "bw_dev" : 0.000000,
        "bw_samples" : 0,
        "iops_min" : 0,
        "iops_max" : 0,
        "iops_mean" : 0.000000,
        "iops_stddev" : 0.000000,
        "iops_samples" : 0
      },
      "sync" : {
        "total_ios" : 0,
        "lat_ns" : {
          "min" : 0,
          "max" : 0,
          "mean" : 0.000000,
          "stddev" : 0.000000,
          "N" : 0
        }
      },
      "job_runtime" : 480593,
      "usr_cpu" : 0.067833,
      "sys_cpu" : 2.789679,
      "ctx" : 2539,
      "majf" : 0,
      "minf" : 8247,
      "iodepth_level" : {
        "1" : 0.100000,
        "2" : 0.100000,
        "4" : 0.100000,
        "8" : 0.100000,
        "16" : 0.100000,
        "32" : 0.100000,
        ">=64" : 99.814515
      },
      "iodepth_submit" : {
        "0" : 0.000000,
        "4" : 100.000000,
        "8" : 0.000000,
        "16" : 0.000000,
        "32" : 0.000000,
        "64" : 0.000000,
        ">=64" : 0.000000
      },
      "iodepth_complete" : {
        "0" : 0.000000,
        "4" : 99.997050,
        "8" : 0.000000,
        "16" : 0.000000,
        "32" : 0.000000,
        "64" : 0.100000,
        ">=64" : 0.000000
      },
      "latency_ns" : {
        "2" : 0.000000,
        "4" : 0.000000,
        "10" : 0.000000,
        "20" : 0.000000,
        "50" : 0.000000,
        "100" : 0.000000,
        "250" : 0.000000,
        "500" : 0.000000,
        "750" : 0.000000,
        "1000" : 0.000000
      },
      "latency_us" : {
        "2" : 0.000000,
        "4" : 0.000000,
        "10" : 0.000000,
        "20" : 0.010000,
        "50" : 0.010000,
        "100" : 0.000000,
        "250" : 0.000000,
        "500" : 0.000000,
        "750" : 0.000000,
        "1000" : 0.010000
      },
      "latency_ms" : {
        "2" : 0.414397,
        "4" : 1.103342,
        "10" : 0.180333,
        "20" : 0.093479,
        "50" : 22.521714,
        "100" : 24.551744,
        "250" : 2.110261,
        "500" : 47.434859,
        "750" : 1.579567,
        "1000" : 0.000000,
        "2000" : 0.000000,
        ">=2000" : 0.000000
      },
      "latency_depth" : 64,
      "latency_target" : 0,
      "latency_percentile" : 100.000000,
      "latency_window" : 0
    }
  ]
}
