{
  "fio version" : "fio-3.36",
  "timestamp" : 1752946353,
  "timestamp_ms" : 1752946353045,
  "time" : "Sat Jul 19 17:32:33 2025",
  "global options" : {
    "ioengine" : "libaio",
    "direct" : "0",
    "directory" : "/mnt/test",
    "buffer_compress_percentage" : "70",
    "buffer_pattern" : "0xdeadbeef"
  },
  "jobs" : [
    {
      "jobname" : "database_mysql_innodb_test",
      "groupid" : 0,
      "job_start" : 1752946293001,
      "error" : 0,
      "eta" : 0,
      "elapsed" : 61,
      "job options" : {
        "rw" : "randrw",
        "rwmixread" : "70",
        "size" : "1G",
        "numjobs" : "24",
        "runtime" : "60",
        "iodepth" : "16",
        "bssplit" : "16k"
      },
      "read" : {
        "io_bytes" : 11877154816,
        "io_kbytes" : 11598784,
        "bw_bytes" : 197949281,
        "bw" : 193309,
        "iops" : 12081.865302,
        "runtime" : 60001,
        "total_ios" : 724924,
        "short_ios" : 0,
        "drop_ios" : 0,
        "slat_ns" : {
          "min" : 30044,
          "max" : 134793651,
          "mean" : 1807328.962333,
          "stddev" : 2932958.665060,
          "N" : 724924
        },
        "clat_ns" : {
          "min" : 1744,
          "max" : 182400232,
          "mean" : 19563570.343072,
          "stddev" : 16089784.551856,
          "N" : 724924,
          "percentile" : {
            "1.000000" : 395264,
            "5.000000" : 505856,
            "10.000000" : 1105920,
            "20.000000" : 8847360,
            "30.000000" : 11337728,
            "40.000000" : 14483456,
            "50.000000" : 18743296,
            "60.000000" : 21364736,
            "70.000000" : 23199744,
            "80.000000" : 25296896,
            "90.000000" : 32899072,
            "95.000000" : 40108032,
            "99.000000" : 92798976,
            "99.500000" : 102236160,
            "99.900000" : 123207680,
            "99.950000" : 132644864,
            "99.990000" : 143654912
          }
        },
        "lat_ns" : {
          "min" : 53045,
          "max" : 219746893,
          "mean" : 21370899.305404,
          "stddev" : 17320023.999289,
          "N" : 724924
        },
        "bw_min" : 198798,
        "bw_max" : 1006042,
        "bw_agg" : 100.000000,
        "bw_mean" : 425478.474323,
        "bw_dev" : 9911.754651,
        "bw_samples" : 2687,
        "iops_min" : 12424,
        "iops_max" : 62877,
        "iops_mean" : 26591.014939,
        "iops_stddev" : 619.479050,
        "iops_samples" : 2687
      },
      "write" : {
        "io_bytes" : 5092130816,
        "io_kbytes" : 4972784,
        "bw_bytes" : 84867432,
        "bw" : 82878,
        "iops" : 5179.897002,
        "runtime" : 60001,
        "total_ios" : 310799,
        "short_ios" : 0,
        "drop_ios" : 0,
        "slat_ns" : {
          "min" : 7352,
          "max" : 26334924,
          "mean" : 86791.062668,
          "stddev" : 173668.162233,
          "N" : 310799
        },
        "clat_ns" : {
          "min" : 1354,
          "max" : 167272530,
          "mean" : 19742454.672370,
          "stddev" : 16099615.997785,
          "N" : 310799,
          "percentile" : {
            "1.000000" : 395264,
            "5.000000" : 509952,
            "10.000000" : 1155072,
            "20.000000" : 8978432,
            "30.000000" : 11599872,
            "40.000000" : 14876672,
            "50.000000" : 19005440,
            "60.000000" : 21364736,
            "70.000000" : 23199744,
            "80.000000" : 25296896,
            "90.000000" : 33161216,
            "95.000000" : 40108032,
            "99.000000" : 92798976,
            "99.500000" : 102236160,
            "99.900000" : 123207680,
            "99.950000" : 132644864,
            "99.990000" : 145752064
          }
        },
        "lat_ns" : {
          "min" : 17170,
          "max" : 167321974,
          "mean" : 19829245.735038,
          "stddev" : 16115297.900981,
          "N" : 310799
        },
        "bw_min" : 80955,
        "bw_max" : 432332,
        "bw_agg" : 100.000000,
        "bw_mean" : 181231.790383,
        "bw_dev" : 4202.086278,
        "bw_samples" : 2687,
        "iops_min" : 5059,
        "iops_max" : 27020,
        "iops_mean" : 11325.594304,
        "iops_stddev" : 262.625002,
        "iops_samples" : 2687
      },
      "trim" : {
        "io_bytes" : 0,
        "io_kbytes" : 0,
        "bw_bytes" : 0,
        "bw" : 0,
        "iops" : 0.000000,
        "runtime" : 0,
        "total_ios" : 0,
        "short_ios" : 0,
        "drop_ios" : 0,
        "slat_ns" : {
          "min" : 0,
          "max" : 0,
          "mean" : 0.000000,
          "stddev" : 0.000000,
          "N" : 0
        },
        "clat_ns" : {
          "min" : 0,
          "max" : 0,
          "mean" : 0.000000,
          "stddev" : 0.000000,
          "N" : 0
        },
        "lat_ns" : {
          "min" : 0,
          "max" : 0,
          "mean" : 0.000000,
          "stddev" : 0.000000,
          "N" : 0
        },
        "bw_min" : 0,
        "bw_max" : 0,
        "bw_agg" : 0.000000,
        "bw_mean" : 0.000000,
        "bw_dev" : 0.000000,
        "bw_samples" : 0,
        "iops_min" : 0,
        "iops_max" : 0,
        "iops_mean" : 0.000000,
        "iops_stddev" : 0.000000,
        "iops_samples" : 0
      },
      "sync" : {
        "total_ios" : 0,
        "lat_ns" : {
          "min" : 0,
          "max" : 0,
          "mean" : 0.000000,
          "stddev" : 0.000000,
          "N" : 0
        }
      },
      "job_runtime" : 1354806,
      "usr_cpu" : 0.795317,
      "sys_cpu" : 5.744734,
      "ctx" : 854970,
      "majf" : 0,
      "minf" : 314,
      "iodepth_level" : {
        "1" : 0.100000,
        "2" : 0.100000,
        "4" : 0.100000,
        "8" : 0.100000,
        "16" : 99.965242,
        "32" : 0.000000,
        ">=64" : 0.000000
      },
      "iodepth_submit" : {
        "0" : 0.000000,
        "4" : 100.000000,
        "8" : 0.000000,
        "16" : 0.000000,
        "32" : 0.000000,
        "64" : 0.000000,
        ">=64" : 0.000000
      },
      "iodepth_complete" : {
        "0" : 0.000000,
        "4" : 99.997682,
        "8" : 0.000000,
        "16" : 0.100000,
        "32" : 0.000000,
        "64" : 0.000000,
        ">=64" : 0.000000
      },
      "latency_ns" : {
        "2" : 0.000000,
        "4" : 0.000000,
        "10" : 0.000000,
        "20" : 0.000000,
        "50" : 0.000000,
        "100" : 0.000000,
        "250" : 0.000000,
        "500" : 0.000000,
        "750" : 0.000000,
        "1000" : 0.000000
      },
      "latency_us" : {
        "2" : 0.010000,
        "4" : 0.010000,
        "10" : 0.010000,
        "20" : 0.000000,
        "50" : 0.010000,
        "100" : 0.010000,
        "250" : 0.010000,
        "500" : 4.809877,
        "750" : 3.590149,
        "1000" : 1.170680
      },
      "latency_ms" : {
        "2" : 0.982502,
        "4" : 0.433320,
        "10" : 13.498686,
        "20" : 29.532510,
        "50" : 41.955813,
        "100" : 3.430937,
        "250" : 0.592050,
        "500" : 0.000000,
        "750" : 0.000000,
        "1000" : 0.000000,
        "2000" : 0.000000,
        ">=2000" : 0.000000
      },
      "latency_depth" : 16,
      "latency_target" : 0,
      "latency_percentile" : 100.000000,
      "latency_window" : 0
    }
  ]
}
