{
  "fio version" : "fio-3.36",
  "timestamp" : 1750987159,
  "timestamp_ms" : 1750987159472,
  "time" : "Fri Jun 27 01:19:19 2025",
  "global options" : {
    "ioengine" : "libaio",
    "direct" : "1",
    "directory" : "/mnt/test",
    "buffer_compress_percentage" : "70",
    "buffer_pattern" : "0xdeadbeef"
  },
  "jobs" : [
    {
      "jobname" : "webserver_test",
      "groupid" : 0,
      "job_start" : 1750987039072,
      "error" : 0,
      "eta" : 0,
      "elapsed" : 121,
      "job options" : {
        "rw" : "randread",
        "size" : "2G",
        "numjobs" : "16",
        "runtime" : "120",
        "iodepth" : "32",
        "bssplit" : "4k/90:8k/10"
      },
      "read" : {
        "io_bytes" : 167133184,
        "io_kbytes" : 163216,
        "bw_bytes" : 1388483,
        "bw" : 1355,
        "iops" : 308.537771,
        "runtime" : 120371,
        "total_ios" : 37139,
        "short_ios" : 0,
        "drop_ios" : 0,
        "slat_ns" : {
          "min" : 23842,
          "max" : 1547170473,
          "mean" : 51694357.379251,
          "stddev" : 38197191.528885,
          "N" : 37139
        },
        "clat_ns" : {
          "min" : 85657783,
          "max" : 4424616084,
          "mean" : 1597467523.717009,
          "stddev" : 282178444.083110,
          "N" : 37139,
          "percentile" : {
            "1.000000" : 985661440,
            "5.000000" : 1249902592,
            "10.000000" : 1333788672,
            "20.000000" : 1417674752,
            "30.000000" : 1484783616,
            "40.000000" : 1518338048,
            "50.000000" : 1568669696,
            "60.000000" : 1602224128,
            "70.000000" : 1652555776,
            "80.000000" : 1736441856,
            "90.000000" : 1887436800,
            "95.000000" : 2071986176,
            "99.000000" : 2600468480,
            "99.500000" : 2835349504,
            "99.900000" : 3372220416,
            "99.950000" : 3640655872,
            "99.990000" : 4043309056
          }
        },
        "lat_ns" : {
          "min" : 147199705,
          "max" : 4456656000,
          "mean" : 1649161881.096261,
          "stddev" : 285835790.819240,
          "N" : 37139
        },
        "bw_min" : 192,
        "bw_max" : 2480,
        "bw_agg" : 100.000000,
        "bw_mean" : 1364.505708,
        "bw_dev" : 18.317069,
        "bw_samples" : 3776,
        "iops_min" : 44,
        "iops_max" : 546,
        "iops_mean" : 310.515976,
        "iops_stddev" : 3.800424,
        "iops_samples" : 3776
      },
      "write" : {
        "io_bytes" : 0,
        "io_kbytes" : 0,
        "bw_bytes" : 0,
        "bw" : 0,
        "iops" : 0.000000,
        "runtime" : 0,
        "total_ios" : 0,
        "short_ios" : 0,
        "drop_ios" : 0,
        "slat_ns" : {
          "min" : 0,
          "max" : 0,
          "mean" : 0.000000,
          "stddev" : 0.000000,
          "N" : 0
        },
        "clat_ns" : {
          "min" : 0,
          "max" : 0,
          "mean" : 0.000000,
          "stddev" : 0.000000,
          "N" : 0
        },
        "lat_ns" : {
          "min" : 0,
          "max" : 0,
          "mean" : 0.000000,
          "stddev" : 0.000000,
          "N" : 0
        },
        "bw_min" : 0,
        "bw_max" : 0,
        "bw_agg" : 0.000000,
        "bw_mean" : 0.000000,
        "bw_dev" : 0.000000,
        "bw_samples" : 0,
        "iops_min" : 0,
        "iops_max" : 0,
        "iops_mean" : 0.000000,
        "iops_stddev" : 0.000000,
        "iops_samples" : 0
      },
      "trim" : {
        "io_bytes" : 0,
        "io_kbytes" : 0,
        "bw_bytes" : 0,
        "bw" : 0,
        "iops" : 0.000000,
        "runtime" : 0,
        "total_ios" : 0,
        "short_ios" : 0,
        "drop_ios" : 0,
        "slat_ns" : {
          "min" : 0,
          "max" : 0,
          "mean" : 0.000000,
          "stddev" : 0.000000,
          "N" : 0
        },
        "clat_ns" : {
          "min" : 0,
          "max" : 0,
          "mean" : 0.000000,
          "stddev" : 0.000000,
          "N" : 0
        },
        "lat_ns" : {
          "min" : 0,
          "max" : 0,
          "mean" : 0.000000,
          "stddev" : 0.000000,
          "N" : 0
        },
        "bw_min" : 0,
        "bw_max" : 0,
        "bw_agg" : 0.000000,
        "bw_mean" : 0.000000,
        "bw_dev" : 0.000000,
        "bw_samples" : 0,
        "iops_min" : 0,
        "iops_max" : 0,
        "iops_mean" : 0.000000,
        "iops_stddev" : 0.000000,
        "iops_samples" : 0
      },
      "sync" : {
        "total_ios" : 0,
        "lat_ns" : {
          "min" : 0,
          "max" : 0,
          "mean" : 0.000000,
          "stddev" : 0.000000,
          "N" : 0
        }
      },
      "job_runtime" : 1924048,
      "usr_cpu" : 0.030768,
      "sys_cpu" : 0.146254,
      "ctx" : 38082,
      "majf" : 0,
      "minf" : 1179,
      "iodepth_level" : {
        "1" : 0.100000,
        "2" : 0.100000,
        "4" : 0.172326,
        "8" : 0.344651,
        "16" : 0.689302,
        "32" : 98.664477,
        ">=64" : 0.000000
      },
      "iodepth_submit" : {
        "0" : 0.000000,
        "4" : 100.000000,
        "8" : 0.000000,
        "16" : 0.000000,
        "32" : 0.000000,
        "64" : 0.000000,
        ">=64" : 0.000000
      },
      "iodepth_complete" : {
        "0" : 0.000000,
        "4" : 99.956355,
        "8" : 0.000000,
        "16" : 0.000000,
        "32" : 0.100000,
        "64" : 0.000000,
        ">=64" : 0.000000
      },
      "latency_ns" : {
        "2" : 0.000000,
        "4" : 0.000000,
        "10" : 0.000000,
        "20" : 0.000000,
        "50" : 0.000000,
        "100" : 0.000000,
        "250" : 0.000000,
        "500" : 0.000000,
        "750" : 0.000000,
        "1000" : 0.000000
      },
      "latency_us" : {
        "2" : 0.000000,
        "4" : 0.000000,
        "10" : 0.000000,
        "20" : 0.000000,
        "50" : 0.000000,
        "100" : 0.000000,
        "250" : 0.000000,
        "500" : 0.000000,
        "750" : 0.000000,
        "1000" : 0.000000
      },
      "latency_ms" : {
        "2" : 0.000000,
        "4" : 0.000000,
        "10" : 0.000000,
        "20" : 0.000000,
        "50" : 0.000000,
        "100" : 0.010000,
        "250" : 0.048467,
        "500" : 0.188481,
        "750" : 0.274644,
        "1000" : 0.541210,
        "2000" : 92.328819,
        ">=2000" : 6.615687
      },
      "latency_depth" : 32,
      "latency_target" : 0,
      "latency_percentile" : 100.000000,
      "latency_window" : 0
    }
  ]
}
