{
  "fio version" : "fio-3.36",
  "timestamp" : 1749340406,
  "timestamp_ms" : 1749340406999,
  "time" : "Sat Jun  7 23:53:26 2025",
  "global options" : {
    "ioengine" : "io_uring",
    "direct" : "1",
    "directory" : "/mnt/test"
  },
  "jobs" : [
    {
      "jobname" : "database_mysql_innodb_test",
      "groupid" : 0,
      "job_start" : 1749340386866,
      "error" : 0,
      "eta" : 0,
      "elapsed" : 21,
      "job options" : {
        "rw" : "randrw",
        "rwmixread" : "70",
        "size" : "1G",
        "numjobs" : "8",
        "runtime" : "60",
        "iodepth" : "16",
        "bssplit" : "16k"
      },
      "read" : {
        "io_bytes" : 6009602048,
        "io_kbytes" : 5868752,
        "bw_bytes" : 298777073,
        "bw" : 291774,
        "iops" : 18235.905340,
        "runtime" : 20114,
        "total_ios" : 366797,
        "short_ios" : 0,
        "drop_ios" : 0,
        "slat_ns" : {
          "min" : 768,
          "max" : 525468,
          "mean" : 28092.548775,
          "stddev" : 17309.985358,
          "N" : 366797
        },
        "clat_ns" : {
          "min" : 146405,
          "max" : 95946896,
          "mean" : 5193248.200569,
          "stddev" : 6356609.387458,
          "N" : 366797,
          "percentile" : {
            "1.000000" : 1826816,
            "5.000000" : 2473984,
            "10.000000" : 2605056,
            "20.000000" : 2867200,
            "30.000000" : 3457024,
            "40.000000" : 4112384,
            "50.000000" : 4423680,
            "60.000000" : 4685824,
            "70.000000" : 5079040,
            "80.000000" : 5865472,
            "90.000000" : 7569408,
            "95.000000" : 9633792,
            "99.000000" : 15269888,
            "99.500000" : 73924608,
            "99.900000" : 86507520,
            "99.950000" : 89653248,
            "99.990000" : 93847552
          }
        },
        "lat_ns" : {
          "min" : 164859,
          "max" : 95973752,
          "mean" : 5221340.749344,
          "stddev" : 6356265.829610,
          "N" : 366797
        },
        "bw_min" : 132608,
        "bw_max" : 388320,
        "bw_agg" : 100.000000,
        "bw_mean" : 291911.200000,
        "bw_dev" : 10572.747738,
        "bw_samples" : 320,
        "iops_min" : 8288,
        "iops_max" : 24270,
        "iops_mean" : 18244.450000,
        "iops_stddev" : 660.796734,
        "iops_samples" : 320
      },
      "write" : {
        "io_bytes" : 2580332544,
        "io_kbytes" : 2519856,
        "bw_bytes" : 128285400,
        "bw" : 125278,
        "iops" : 7829.919459,
        "runtime" : 20114,
        "total_ios" : 157491,
        "short_ios" : 0,
        "drop_ios" : 0,
        "slat_ns" : {
          "min" : 695,
          "max" : 399829,
          "mean" : 19571.199961,
          "stddev" : 14863.534124,
          "N" : 157491
        },
        "clat_ns" : {
          "min" : 48054,
          "max" : 93796930,
          "mean" : 4143065.324469,
          "stddev" : 7382650.023591,
          "N" : 157491,
          "percentile" : {
            "1.000000" : 309248,
            "5.000000" : 501760,
            "10.000000" : 741376,
            "20.000000" : 1859584,
            "30.000000" : 2146304,
            "40.000000" : 2310144,
            "50.000000" : 2506752,
            "60.000000" : 2998272,
            "70.000000" : 3653632,
            "80.000000" : 4554752,
            "90.000000" : 8093696,
            "95.000000" : 10944512,
            "99.000000" : 18219008,
            "99.500000" : 78118912,
            "99.900000" : 87556096,
            "99.950000" : 89653248,
            "99.990000" : 91750400
          }
        },
        "lat_ns" : {
          "min" : 71253,
          "max" : 93813734,
          "mean" : 4162636.524430,
          "stddev" : 7382057.345350,
          "N" : 157491
        },
        "bw_min" : 57024,
        "bw_max" : 171296,
        "bw_agg" : 100.000000,
        "bw_mean" : 125293.600000,
        "bw_dev" : 4564.695606,
        "bw_samples" : 320,
        "iops_min" : 3564,
        "iops_max" : 10706,
        "iops_mean" : 7830.800000,
        "iops_stddev" : 285.291242,
        "iops_samples" : 320
      },
      "trim" : {
        "io_bytes" : 0,
        "io_kbytes" : 0,
        "bw_bytes" : 0,
        "bw" : 0,
        "iops" : 0.000000,
        "runtime" : 0,
        "total_ios" : 0,
        "short_ios" : 0,
        "drop_ios" : 0,
        "slat_ns" : {
          "min" : 0,
          "max" : 0,
          "mean" : 0.000000,
          "stddev" : 0.000000,
          "N" : 0
        },
        "clat_ns" : {
          "min" : 0,
          "max" : 0,
          "mean" : 0.000000,
          "stddev" : 0.000000,
          "N" : 0
        },
        "lat_ns" : {
          "min" : 0,
          "max" : 0,
          "mean" : 0.000000,
          "stddev" : 0.000000,
          "N" : 0
        },
        "bw_min" : 0,
        "bw_max" : 0,
        "bw_agg" : 0.000000,
        "bw_mean" : 0.000000,
        "bw_dev" : 0.000000,
        "bw_samples" : 0,
        "iops_min" : 0,
        "iops_max" : 0,
        "iops_mean" : 0.000000,
        "iops_stddev" : 0.000000,
        "iops_samples" : 0
      },
      "sync" : {
        "total_ios" : 0,
        "lat_ns" : {
          "min" : 0,
          "max" : 0,
          "mean" : 0.000000,
          "stddev" : 0.000000,
          "N" : 0
        }
      },
      "job_runtime" : 160811,
      "usr_cpu" : 2.821946,
      "sys_cpu" : 10.243702,
      "ctx" : 190824,
      "majf" : 0,
      "minf" : 102,
      "iodepth_level" : {
        "1" : 0.100000,
        "2" : 0.100000,
        "4" : 0.100000,
        "8" : 0.100000,
        "16" : 99.977112,
        "32" : 0.000000,
        ">=64" : 0.000000
      },
      "iodepth_submit" : {
        "0" : 0.000000,
        "4" : 100.000000,
        "8" : 0.000000,
        "16" : 0.000000,
        "32" : 0.000000,
        "64" : 0.000000,
        ">=64" : 0.000000
      },
      "iodepth_complete" : {
        "0" : 0.000000,
        "4" : 99.998474,
        "8" : 0.000000,
        "16" : 0.100000,
        "32" : 0.000000,
        "64" : 0.000000,
        ">=64" : 0.000000
      },
      "latency_ns" : {
        "2" : 0.000000,
        "4" : 0.000000,
        "10" : 0.000000,
        "20" : 0.000000,
        "50" : 0.000000,
        "100" : 0.000000,
        "250" : 0.000000,
        "500" : 0.000000,
        "750" : 0.000000,
        "1000" : 0.000000
      },
      "latency_us" : {
        "2" : 0.000000,
        "4" : 0.000000,
        "10" : 0.000000,
        "20" : 0.000000,
        "50" : 0.010000,
        "100" : 0.010000,
        "250" : 0.122452,
        "500" : 1.374626,
        "750" : 1.610756,
        "1000" : 0.953102
      },
      "latency_ms" : {
        "2" : 3.958702,
        "4" : 41.078568,
        "10" : 45.675850,
        "20" : 4.487610,
        "50" : 0.053596,
        "100" : 0.683594,
        "250" : 0.000000,
        "500" : 0.000000,
        "750" : 0.000000,
        "1000" : 0.000000,
        "2000" : 0.000000,
        ">=2000" : 0.000000
      },
      "latency_depth" : 16,
      "latency_target" : 0,
      "latency_percentile" : 100.000000,
      "latency_window" : 0
    }
  ],
  "disk_util" : [
    {
      "name" : "nvme0n1",
      "read_ios" : 366602,
      "write_ios" : 157438,
      "read_sectors" : 11731264,
      "write_sectors" : 5038016,
      "read_merges" : 0,
      "write_merges" : 0,
      "read_ticks" : 1878879,
      "write_ticks" : 621382,
      "in_queue" : 2500261,
      "util" : 83.567005
    }
  ]
}
