{
  "fio version" : "fio-3.36",
  "timestamp" : 1752167903,
  "timestamp_ms" : 1752167903201,
  "time" : "Thu Jul 10 17:18:23 2025",
  "global options" : {
    "ioengine" : "libaio",
    "direct" : "0",
    "directory" : "/mnt/test"
  },
  "jobs" : [
    {
      "jobname" : "database_test",
      "groupid" : 0,
      "job_start" : 1752167849235,
      "error" : 0,
      "eta" : 0,
      "elapsed" : 55,
      "job options" : {
        "rw" : "randrw",
        "rwmixread" : "70",
        "size" : "1G",
        "numjobs" : "24",
        "runtime" : "60",
        "iodepth" : "16",
        "bssplit" : "4k/80:8k/20"
      },
      "read" : {
        "io_bytes" : 18039349248,
        "io_kbytes" : 17616552,
        "bw_bytes" : 334464619,
        "bw" : 326625,
        "iops" : 72083.025864,
        "runtime" : 53935,
        "total_ios" : 3887798,
        "short_ios" : 0,
        "drop_ios" : 0,
        "slat_ns" : {
          "min" : 28537,
          "max" : 250454869,
          "mean" : 323030.710200,
          "stddev" : 1375797.062283,
          "N" : 3887798
        },
        "clat_ns" : {
          "min" : 1174,
          "max" : 478893365,
          "mean" : 3457636.954243,
          "stddev" : 8697341.906465,
          "N" : 3887798,
          "percentile" : {
            "1.000000" : 954368,
            "5.000000" : 1187840,
            "10.000000" : 1318912,
            "20.000000" : 1482752,
            "30.000000" : 1613824,
            "40.000000" : 1728512,
            "50.000000" : 1843200,
            "60.000000" : 1974272,
            "70.000000" : 2146304,
            "80.000000" : 2605056,
            "90.000000" : 6062080,
            "95.000000" : 12517376,
            "99.000000" : 21889024,
            "99.500000" : 25559040,
            "99.900000" : 128450560,
            "99.950000" : 162529280,
            "99.990000" : 312475648
          }
        },
        "lat_ns" : {
          "min" : 36765,
          "max" : 499314958,
          "mean" : 3780667.664443,
          "stddev" : 9406799.847496,
          "N" : 3887798
        },
        "bw_min" : 4048,
        "bw_max" : 693072,
        "bw_agg" : 100.000000,
        "bw_mean" : 329035.235957,
        "bw_dev" : 11364.420289,
        "bw_samples" : 2545,
        "iops_min" : 916,
        "iops_max" : 153046,
        "iops_mean" : 72580.654690,
        "iops_stddev" : 2487.377807,
        "iops_samples" : 2545
      },
      "write" : {
        "io_bytes" : 7730454528,
        "io_kbytes" : 7549272,
        "bw_bytes" : 143329091,
        "bw" : 139969,
        "iops" : 30895.374061,
        "runtime" : 53935,
        "total_ios" : 1666342,
        "short_ios" : 0,
        "drop_ios" : 0,
        "slat_ns" : {
          "min" : 1316,
          "max" : 482039,
          "mean" : 6291.777822,
          "stddev" : 8803.267998,
          "N" : 1666342
        },
        "clat_ns" : {
          "min" : 833,
          "max" : 479025479,
          "mean" : 3456570.354673,
          "stddev" : 8577633.305144,
          "N" : 1666342,
          "percentile" : {
            "1.000000" : 954368,
            "5.000000" : 1187840,
            "10.000000" : 1318912,
            "20.000000" : 1482752,
            "30.000000" : 1613824,
            "40.000000" : 1728512,
            "50.000000" : 1843200,
            "60.000000" : 1974272,
            "70.000000" : 2146304,
            "80.000000" : 2605056,
            "90.000000" : 6062080,
            "95.000000" : 12517376,
            "99.000000" : 21889024,
            "99.500000" : 25559040,
            "99.900000" : 128450560,
            "99.950000" : 162529280,
            "99.990000" : 308281344
          }
        },
        "lat_ns" : {
          "min" : 2504,
          "max" : 479027108,
          "mean" : 3462862.132494,
          "stddev" : 8580919.498695,
          "N" : 1666342
        },
        "bw_min" : 1400,
        "bw_max" : 309432,
        "bw_agg" : 100.000000,
        "bw_mean" : 140987.056276,
        "bw_dev" : 4875.480447,
        "bw_samples" : 2545,
        "iops_min" : 320,
        "iops_max" : 68191,
        "iops_mean" : 31105.197046,
        "iops_stddev" : 1067.113352,
        "iops_samples" : 2545
      },
      "trim" : {
        "io_bytes" : 0,
        "io_kbytes" : 0,
        "bw_bytes" : 0,
        "bw" : 0,
        "iops" : 0.000000,
        "runtime" : 0,
        "total_ios" : 0,
        "short_ios" : 0,
        "drop_ios" : 0,
        "slat_ns" : {
          "min" : 0,
          "max" : 0,
          "mean" : 0.000000,
          "stddev" : 0.000000,
          "N" : 0
        },
        "clat_ns" : {
          "min" : 0,
          "max" : 0,
          "mean" : 0.000000,
          "stddev" : 0.000000,
          "N" : 0
        },
        "lat_ns" : {
          "min" : 0,
          "max" : 0,
          "mean" : 0.000000,
          "stddev" : 0.000000,
          "N" : 0
        },
        "bw_min" : 0,
        "bw_max" : 0,
        "bw_agg" : 0.000000,
        "bw_mean" : 0.000000,
        "bw_dev" : 0.000000,
        "bw_samples" : 0,
        "iops_min" : 0,
        "iops_max" : 0,
        "iops_mean" : 0.000000,
        "iops_stddev" : 0.000000,
        "iops_samples" : 0
      },
      "sync" : {
        "total_ios" : 0,
        "lat_ns" : {
          "min" : 0,
          "max" : 0,
          "mean" : 0.000000,
          "stddev" : 0.000000,
          "N" : 0
        }
      },
      "job_runtime" : 1279888,
      "usr_cpu" : 1.255500,
      "sys_cpu" : 4.474220,
      "ctx" : 3890971,
      "majf" : 0,
      "minf" : 356,
      "iodepth_level" : {
        "1" : 0.100000,
        "2" : 0.100000,
        "4" : 0.100000,
        "8" : 0.100000,
        "16" : 99.993518,
        "32" : 0.000000,
        ">=64" : 0.000000
      },
      "iodepth_submit" : {
        "0" : 0.000000,
        "4" : 100.000000,
        "8" : 0.000000,
        "16" : 0.000000,
        "32" : 0.000000,
        "64" : 0.000000,
        ">=64" : 0.000000
      },
      "iodepth_complete" : {
        "0" : 0.000000,
        "4" : 99.999568,
        "8" : 0.000000,
        "16" : 0.100000,
        "32" : 0.000000,
        "64" : 0.000000,
        ">=64" : 0.000000
      },
      "latency_ns" : {
        "2" : 0.000000,
        "4" : 0.000000,
        "10" : 0.000000,
        "20" : 0.000000,
        "50" : 0.000000,
        "100" : 0.000000,
        "250" : 0.000000,
        "500" : 0.000000,
        "750" : 0.000000,
        "1000" : 0.010000
      },
      "latency_us" : {
        "2" : 0.010000,
        "4" : 0.010000,
        "10" : 0.010000,
        "20" : 0.010000,
        "50" : 0.010000,
        "100" : 0.010000,
        "250" : 0.010000,
        "500" : 0.010000,
        "750" : 0.142254,
        "1000" : 1.293810
      },
      "latency_ms" : {
        "2" : 60.040420,
        "4" : 23.584407,
        "10" : 8.038958,
        "20" : 5.438232,
        "50" : 1.141077,
        "100" : 0.137519,
        "250" : 0.149834,
        "500" : 0.024504,
        "750" : 0.000000,
        "1000" : 0.000000,
        "2000" : 0.000000,
        ">=2000" : 0.000000
      },
      "latency_depth" : 16,
      "latency_target" : 0,
      "latency_percentile" : 100.000000,
      "latency_window" : 0
    }
  ],
  "disk_util" : [
    {
      "name" : "nvme0n1",
      "read_ios" : 3887703,
      "write_ios" : 1017386,
      "read_sectors" : 35232272,
      "write_sectors" : 11294706,
      "read_merges" : 0,
      "write_merges" : 5,
      "read_ticks" : 1195990,
      "write_ticks" : 369597,
      "in_queue" : 1565593,
      "util" : 75.250644
    }
  ]
}
