{
  "fio version" : "fio-3.36",
  "timestamp" : 1752944017,
  "timestamp_ms" : 1752944017543,
  "time" : "Sat Jul 19 16:53:37 2025",
  "global options" : {
    "ioengine" : "libaio",
    "direct" : "1",
    "directory" : "/mnt/test"
  },
  "jobs" : [
    {
      "jobname" : "webserver_test",
      "groupid" : 0,
      "job_start" : 1752943896708,
      "error" : 0,
      "eta" : 0,
      "elapsed" : 121,
      "job options" : {
        "rw" : "randread",
        "size" : "2G",
        "numjobs" : "16",
        "runtime" : "120",
        "iodepth" : "32",
        "bssplit" : "4k/90:8k/10"
      },
      "read" : {
        "io_bytes" : 409931776,
        "io_kbytes" : 400324,
        "bw_bytes" : 3393615,
        "bw" : 3314,
        "iops" : 753.499731,
        "runtime" : 120795,
        "total_ios" : 91019,
        "short_ios" : 0,
        "drop_ios" : 0,
        "slat_ns" : {
          "min" : 4442,
          "max" : 2634528900,
          "mean" : 10831889.473648,
          "stddev" : 42157463.744682,
          "N" : 91019
        },
        "clat_ns" : {
          "min" : 5577151,
          "max" : 5518436870,
          "mean" : 667891030.356958,
          "stddev" : 490633058.477594,
          "N" : 91019,
          "percentile" : {
            "1.000000" : 29753344,
            "5.000000" : 71827456,
            "10.000000" : 120061952,
            "20.000000" : 212860928,
            "30.000000" : 312475648,
            "40.000000" : 429916160,
            "50.000000" : 566231040,
            "60.000000" : 725614592,
            "70.000000" : 910163968,
            "80.000000" : 1098907648,
            "90.000000" : 1350565888,
            "95.000000" : 1518338048,
            "99.000000" : 1954545664,
            "99.500000" : 2298478592,
            "99.900000" : 3573547008,
            "99.950000" : 3909091328,
            "99.990000" : 4278190080
          }
        },
        "lat_ns" : {
          "min" : 5603609,
          "max" : 5518447604,
          "mean" : 678722919.830606,
          "stddev" : 495377585.216056,
          "N" : 91019
        },
        "bw_min" : 136,
        "bw_max" : 10104,
        "bw_agg" : 100.000000,
        "bw_mean" : 3435.937149,
        "bw_dev" : 115.419608,
        "bw_samples" : 3701,
        "iops_min" : 32,
        "iops_max" : 2308,
        "iops_mean" : 781.119669,
        "iops_stddev" : 26.128488,
        "iops_samples" : 3701
      },
      "write" : {
        "io_bytes" : 0,
        "io_kbytes" : 0,
        "bw_bytes" : 0,
        "bw" : 0,
        "iops" : 0.000000,
        "runtime" : 0,
        "total_ios" : 0,
        "short_ios" : 0,
        "drop_ios" : 0,
        "slat_ns" : {
          "min" : 0,
          "max" : 0,
          "mean" : 0.000000,
          "stddev" : 0.000000,
          "N" : 0
        },
        "clat_ns" : {
          "min" : 0,
          "max" : 0,
          "mean" : 0.000000,
          "stddev" : 0.000000,
          "N" : 0
        },
        "lat_ns" : {
          "min" : 0,
          "max" : 0,
          "mean" : 0.000000,
          "stddev" : 0.000000,
          "N" : 0
        },
        "bw_min" : 0,
        "bw_max" : 0,
        "bw_agg" : 0.000000,
        "bw_mean" : 0.000000,
        "bw_dev" : 0.000000,
        "bw_samples" : 0,
        "iops_min" : 0,
        "iops_max" : 0,
        "iops_mean" : 0.000000,
        "iops_stddev" : 0.000000,
        "iops_samples" : 0
      },
      "trim" : {
        "io_bytes" : 0,
        "io_kbytes" : 0,
        "bw_bytes" : 0,
        "bw" : 0,
        "iops" : 0.000000,
        "runtime" : 0,
        "total_ios" : 0,
        "short_ios" : 0,
        "drop_ios" : 0,
        "slat_ns" : {
          "min" : 0,
          "max" : 0,
          "mean" : 0.000000,
          "stddev" : 0.000000,
          "N" : 0
        },
        "clat_ns" : {
          "min" : 0,
          "max" : 0,
          "mean" : 0.000000,
          "stddev" : 0.000000,
          "N" : 0
        },
        "lat_ns" : {
          "min" : 0,
          "max" : 0,
          "mean" : 0.000000,
          "stddev" : 0.000000,
          "N" : 0
        },
        "bw_min" : 0,
        "bw_max" : 0,
        "bw_agg" : 0.000000,
        "bw_mean" : 0.000000,
        "bw_dev" : 0.000000,
        "bw_samples" : 0,
        "iops_min" : 0,
        "iops_max" : 0,
        "iops_mean" : 0.000000,
        "iops_stddev" : 0.000000,
        "iops_samples" : 0
      },
      "sync" : {
        "total_ios" : 0,
        "lat_ns" : {
          "min" : 0,
          "max" : 0,
          "mean" : 0.000000,
          "stddev" : 0.000000,
          "N" : 0
        }
      },
      "job_runtime" : 1930908,
      "usr_cpu" : 0.050650,
      "sys_cpu" : 0.170075,
      "ctx" : 66213,
      "majf" : 0,
      "minf" : 1190,
      "iodepth_level" : {
        "1" : 0.100000,
        "2" : 0.100000,
        "4" : 0.100000,
        "8" : 0.140630,
        "16" : 0.281260,
        "32" : 99.455059,
        ">=64" : 0.000000
      },
      "iodepth_submit" : {
        "0" : 0.000000,
        "4" : 100.000000,
        "8" : 0.000000,
        "16" : 0.000000,
        "32" : 0.000000,
        "64" : 0.000000,
        ">=64" : 0.000000
      },
      "iodepth_complete" : {
        "0" : 0.000000,
        "4" : 99.982328,
        "8" : 0.000000,
        "16" : 0.000000,
        "32" : 0.100000,
        "64" : 0.000000,
        ">=64" : 0.000000
      },
      "latency_ns" : {
        "2" : 0.000000,
        "4" : 0.000000,
        "10" : 0.000000,
        "20" : 0.000000,
        "50" : 0.000000,
        "100" : 0.000000,
        "250" : 0.000000,
        "500" : 0.000000,
        "750" : 0.000000,
        "1000" : 0.000000
      },
      "latency_us" : {
        "2" : 0.000000,
        "4" : 0.000000,
        "10" : 0.000000,
        "20" : 0.000000,
        "50" : 0.000000,
        "100" : 0.000000,
        "250" : 0.000000,
        "500" : 0.000000,
        "750" : 0.000000,
        "1000" : 0.000000
      },
      "latency_ms" : {
        "2" : 0.000000,
        "4" : 0.000000,
        "10" : 0.047243,
        "20" : 0.360364,
        "50" : 2.401696,
        "100" : 5.070370,
        "250" : 16.029620,
        "500" : 21.299948,
        "750" : 16.226282,
        "1000" : 13.425768,
        "2000" : 24.247685,
        ">=2000" : 0.891023
      },
      "latency_depth" : 32,
      "latency_target" : 0,
      "latency_percentile" : 100.000000,
      "latency_window" : 0
    }
  ]
}
