{
  "fio version" : "fio-3.36",
  "timestamp" : 1752998448,
  "timestamp_ms" : 1752998448155,
  "time" : "Sun Jul 20 08:00:48 2025",
  "global options" : {
    "ioengine" : "libaio",
    "direct" : "0",
    "directory" : "/mnt/test",
    "buffer_compress_percentage" : "70",
    "buffer_pattern" : "0xdeadbeef"
  },
  "jobs" : [
    {
      "jobname" : "webserver_test",
      "groupid" : 0,
      "job_start" : 1752998327983,
      "error" : 0,
      "eta" : 0,
      "elapsed" : 121,
      "job options" : {
        "rw" : "randread",
        "size" : "4G",
        "numjobs" : "16",
        "runtime" : "120",
        "iodepth" : "32",
        "bssplit" : "4k/90:8k/10"
      },
      "read" : {
        "io_bytes" : 592990208,
        "io_kbytes" : 579092,
        "bw_bytes" : 4936114,
        "bw" : 4820,
        "iops" : 1095.835449,
        "runtime" : 120133,
        "total_ios" : 131646,
        "short_ios" : 0,
        "drop_ios" : 0,
        "slat_ns" : {
          "min" : 2197,
          "max" : 1209975552,
          "mean" : 14586502.680074,
          "stddev" : 46695116.121421,
          "N" : 131646
        },
        "clat_ns" : {
          "min" : 11179,
          "max" : 6756027500,
          "mean" : 452353507.655090,
          "stddev" : 944150429.084255,
          "N" : 131646,
          "percentile" : {
            "1.000000" : 692224,
            "5.000000" : 831488,
            "10.000000" : 872448,
            "20.000000" : 937984,
            "30.000000" : 1011712,
            "40.000000" : 1105920,
            "50.000000" : 1220608,
            "60.000000" : 1449984,
            "70.000000" : 4292608,
            "80.000000" : 1115684864,
            "90.000000" : 2105540608,
            "95.000000" : 2566914048,
            "99.000000" : 3405774848,
            "99.500000" : 3909091328,
            "99.900000" : 5066719232,
            "99.950000" : 5670699008,
            "99.990000" : 6341787648
          }
        },
        "lat_ns" : {
          "min" : 641456,
          "max" : 6836263288,
          "mean" : 466940010.335164,
          "stddev" : 973735425.418334,
          "N" : 131646
        },
        "bw_min" : 176,
        "bw_max" : 906673,
        "bw_agg" : 100.000000,
        "bw_mean" : 4844.656347,
        "bw_dev" : 3741.526140,
        "bw_samples" : 3803,
        "iops_min" : 42,
        "iops_max" : 206058,
        "iops_mean" : 1101.340858,
        "iops_stddev" : 850.155437,
        "iops_samples" : 3803
      },
      "write" : {
        "io_bytes" : 0,
        "io_kbytes" : 0,
        "bw_bytes" : 0,
        "bw" : 0,
        "iops" : 0.000000,
        "runtime" : 0,
        "total_ios" : 0,
        "short_ios" : 0,
        "drop_ios" : 0,
        "slat_ns" : {
          "min" : 0,
          "max" : 0,
          "mean" : 0.000000,
          "stddev" : 0.000000,
          "N" : 0
        },
        "clat_ns" : {
          "min" : 0,
          "max" : 0,
          "mean" : 0.000000,
          "stddev" : 0.000000,
          "N" : 0
        },
        "lat_ns" : {
          "min" : 0,
          "max" : 0,
          "mean" : 0.000000,
          "stddev" : 0.000000,
          "N" : 0
        },
        "bw_min" : 0,
        "bw_max" : 0,
        "bw_agg" : 0.000000,
        "bw_mean" : 0.000000,
        "bw_dev" : 0.000000,
        "bw_samples" : 0,
        "iops_min" : 0,
        "iops_max" : 0,
        "iops_mean" : 0.000000,
        "iops_stddev" : 0.000000,
        "iops_samples" : 0
      },
      "trim" : {
        "io_bytes" : 0,
        "io_kbytes" : 0,
        "bw_bytes" : 0,
        "bw" : 0,
        "iops" : 0.000000,
        "runtime" : 0,
        "total_ios" : 0,
        "short_ios" : 0,
        "drop_ios" : 0,
        "slat_ns" : {
          "min" : 0,
          "max" : 0,
          "mean" : 0.000000,
          "stddev" : 0.000000,
          "N" : 0
        },
        "clat_ns" : {
          "min" : 0,
          "max" : 0,
          "mean" : 0.000000,
          "stddev" : 0.000000,
          "N" : 0
        },
        "lat_ns" : {
          "min" : 0,
          "max" : 0,
          "mean" : 0.000000,
          "stddev" : 0.000000,
          "N" : 0
        },
        "bw_min" : 0,
        "bw_max" : 0,
        "bw_agg" : 0.000000,
        "bw_mean" : 0.000000,
        "bw_dev" : 0.000000,
        "bw_samples" : 0,
        "iops_min" : 0,
        "iops_max" : 0,
        "iops_mean" : 0.000000,
        "iops_stddev" : 0.000000,
        "iops_samples" : 0
      },
      "sync" : {
        "total_ios" : 0,
        "lat_ns" : {
          "min" : 0,
          "max" : 0,
          "mean" : 0.000000,
          "stddev" : 0.000000,
          "N" : 0
        }
      },
      "job_runtime" : 1921041,
      "usr_cpu" : 0.037532,
      "sys_cpu" : 0.489734,
      "ctx" : 28764,
      "majf" : 0,
      "minf" : 1223,
      "iodepth_level" : {
        "1" : 0.100000,
        "2" : 0.100000,
        "4" : 0.100000,
        "8" : 0.100000,
        "16" : 0.194461,
        "32" : 99.623232,
        ">=64" : 0.000000
      },
      "iodepth_submit" : {
        "0" : 0.000000,
        "4" : 100.000000,
        "8" : 0.000000,
        "16" : 0.000000,
        "32" : 0.000000,
        "64" : 0.000000,
        ">=64" : 0.000000
      },
      "iodepth_complete" : {
        "0" : 0.000000,
        "4" : 99.987802,
        "8" : 0.000000,
        "16" : 0.000000,
        "32" : 0.100000,
        "64" : 0.000000,
        ">=64" : 0.000000
      },
      "latency_ns" : {
        "2" : 0.000000,
        "4" : 0.000000,
        "10" : 0.000000,
        "20" : 0.000000,
        "50" : 0.000000,
        "100" : 0.000000,
        "250" : 0.000000,
        "500" : 0.000000,
        "750" : 0.000000,
        "1000" : 0.000000
      },
      "latency_us" : {
        "2" : 0.000000,
        "4" : 0.000000,
        "10" : 0.000000,
        "20" : 0.011394,
        "50" : 0.010000,
        "100" : 0.000000,
        "250" : 0.000000,
        "500" : 0.000000,
        "750" : 2.385944,
        "1000" : 26.687480
      },
      "latency_ms" : {
        "2" : 36.105920,
        "4" : 3.578536,
        "10" : 9.274874,
        "20" : 1.364265,
        "50" : 0.140528,
        "100" : 0.021269,
        "250" : 0.050134,
        "500" : 0.079000,
        "750" : 0.082038,
        "1000" : 0.112423,
        "2000" : 8.640597,
        ">=2000" : 11.464838
      },
      "latency_depth" : 32,
      "latency_target" : 0,
      "latency_percentile" : 100.000000,
      "latency_window" : 0
    }
  ]
}
