{
  "fio version" : "fio-3.36",
  "timestamp" : 1752830033,
  "timestamp_ms" : 1752830033616,
  "time" : "Fri Jul 18 09:13:53 2025",
  "global options" : {
    "ioengine" : "libaio",
    "direct" : "1",
    "directory" : "/mnt/test",
    "buffer_compress_percentage" : "70",
    "buffer_pattern" : "0xdeadbeef"
  },
  "jobs" : [
    {
      "jobname" : "database_mysql_innodb_test",
      "groupid" : 0,
      "job_start" : 1752830010906,
      "error" : 0,
      "eta" : 0,
      "elapsed" : 24,
      "job options" : {
        "rw" : "randrw",
        "rwmixread" : "70",
        "size" : "1G",
        "numjobs" : "24",
        "runtime" : "60",
        "iodepth" : "16",
        "bssplit" : "16k"
      },
      "read" : {
        "io_bytes" : 18040209408,
        "io_kbytes" : 17617392,
        "bw_bytes" : 795634180,
        "bw" : 776986,
        "iops" : 48561.656523,
        "runtime" : 22674,
        "total_ios" : 1101087,
        "short_ios" : 0,
        "drop_ios" : 0,
        "slat_ns" : {
          "min" : 3598,
          "max" : 17077970,
          "mean" : 26586.269337,
          "stddev" : 103879.026818,
          "N" : 1101087
        },
        "clat_ns" : {
          "min" : 129951,
          "max" : 1669707582,
          "mean" : 5730073.310896,
          "stddev" : 23308226.684109,
          "N" : 1101087,
          "percentile" : {
            "1.000000" : 1138688,
            "5.000000" : 1548288,
            "10.000000" : 1859584,
            "20.000000" : 2408448,
            "30.000000" : 2932736,
            "40.000000" : 3489792,
            "50.000000" : 4112384,
            "60.000000" : 4882432,
            "70.000000" : 5865472,
            "80.000000" : 7372800,
            "90.000000" : 9764864,
            "95.000000" : 12255232,
            "99.000000" : 18743296,
            "99.500000" : 21889024,
            "99.900000" : 30801920,
            "99.950000" : 599785472,
            "99.990000" : 1132462080
          }
        },
        "lat_ns" : {
          "min" : 143797,
          "max" : 1669728302,
          "mean" : 5756659.580232,
          "stddev" : 23309052.740480,
          "N" : 1101087
        },
        "bw_min" : 1843,
        "bw_max" : 944922,
        "bw_agg" : 100.000000,
        "bw_mean" : 781129.807000,
        "bw_dev" : 10373.072213,
        "bw_samples" : 1073,
        "iops_min" : 103,
        "iops_max" : 59055,
        "iops_mean" : 48819.419298,
        "iops_stddev" : 648.393643,
        "iops_samples" : 1073
      },
      "write" : {
        "io_bytes" : 7729594368,
        "io_kbytes" : 7548432,
        "bw_bytes" : 340901224,
        "bw" : 332911,
        "iops" : 20806.959513,
        "runtime" : 22674,
        "total_ios" : 471777,
        "short_ios" : 0,
        "drop_ios" : 0,
        "slat_ns" : {
          "min" : 6959,
          "max" : 17144012,
          "mean" : 45559.975219,
          "stddev" : 115065.112323,
          "N" : 471777
        },
        "clat_ns" : {
          "min" : 1888,
          "max" : 1667404686,
          "mean" : 4880032.760982,
          "stddev" : 23870746.770222,
          "N" : 471777,
          "percentile" : {
            "1.000000" : 374784,
            "5.000000" : 708608,
            "10.000000" : 1003520,
            "20.000000" : 1499136,
            "30.000000" : 2023424,
            "40.000000" : 2572288,
            "50.000000" : 3227648,
            "60.000000" : 3981312,
            "70.000000" : 4947968,
            "80.000000" : 6455296,
            "90.000000" : 8847360,
            "95.000000" : 11468800,
            "99.000000" : 17956864,
            "99.500000" : 21102592,
            "99.900000" : 29753344,
            "99.950000" : 641728512,
            "99.990000" : 1115684864
          }
        },
        "lat_ns" : {
          "min" : 73793,
          "max" : 1667439073,
          "mean" : 4925592.736202,
          "stddev" : 23871199.762130,
          "N" : 471777
        },
        "bw_min" : 8691,
        "bw_max" : 414102,
        "bw_agg" : 100.000000,
        "bw_mean" : 338467.808190,
        "bw_dev" : 4237.415243,
        "bw_samples" : 1061,
        "iops_min" : 531,
        "iops_max" : 25880,
        "iops_mean" : 21153.147165,
        "iops_stddev" : 264.910435,
        "iops_samples" : 1061
      },
      "trim" : {
        "io_bytes" : 0,
        "io_kbytes" : 0,
        "bw_bytes" : 0,
        "bw" : 0,
        "iops" : 0.000000,
        "runtime" : 0,
        "total_ios" : 0,
        "short_ios" : 0,
        "drop_ios" : 0,
        "slat_ns" : {
          "min" : 0,
          "max" : 0,
          "mean" : 0.000000,
          "stddev" : 0.000000,
          "N" : 0
        },
        "clat_ns" : {
          "min" : 0,
          "max" : 0,
          "mean" : 0.000000,
          "stddev" : 0.000000,
          "N" : 0
        },
        "lat_ns" : {
          "min" : 0,
          "max" : 0,
          "mean" : 0.000000,
          "stddev" : 0.000000,
          "N" : 0
        },
        "bw_min" : 0,
        "bw_max" : 0,
        "bw_agg" : 0.000000,
        "bw_mean" : 0.000000,
        "bw_dev" : 0.000000,
        "bw_samples" : 0,
        "iops_min" : 0,
        "iops_max" : 0,
        "iops_mean" : 0.000000,
        "iops_stddev" : 0.000000,
        "iops_samples" : 0
      },
      "sync" : {
        "total_ios" : 0,
        "lat_ns" : {
          "min" : 0,
          "max" : 0,
          "mean" : 0.000000,
          "stddev" : 0.000000,
          "N" : 0
        }
      },
      "job_runtime" : 541968,
      "usr_cpu" : 1.990708,
      "sys_cpu" : 8.371158,
      "ctx" : 1119477,
      "majf" : 0,
      "minf" : 344,
      "iodepth_level" : {
        "1" : 0.100000,
        "2" : 0.100000,
        "4" : 0.100000,
        "8" : 0.100000,
        "16" : 99.977112,
        "32" : 0.000000,
        ">=64" : 0.000000
      },
      "iodepth_submit" : {
        "0" : 0.000000,
        "4" : 100.000000,
        "8" : 0.000000,
        "16" : 0.000000,
        "32" : 0.000000,
        "64" : 0.000000,
        ">=64" : 0.000000
      },
      "iodepth_complete" : {
        "0" : 0.000000,
        "4" : 99.998474,
        "8" : 0.000000,
        "16" : 0.100000,
        "32" : 0.000000,
        "64" : 0.000000,
        ">=64" : 0.000000
      },
      "latency_ns" : {
        "2" : 0.000000,
        "4" : 0.000000,
        "10" : 0.000000,
        "20" : 0.000000,
        "50" : 0.000000,
        "100" : 0.000000,
        "250" : 0.000000,
        "500" : 0.000000,
        "750" : 0.000000,
        "1000" : 0.000000
      },
      "latency_us" : {
        "2" : 0.010000,
        "4" : 0.000000,
        "10" : 0.000000,
        "20" : 0.000000,
        "50" : 0.010000,
        "100" : 0.010000,
        "250" : 0.102552,
        "500" : 0.565847,
        "750" : 1.132774,
        "1000" : 1.516660
      },
      "latency_ms" : {
        "2" : 14.287567,
        "4" : 34.278552,
        "10" : 39.637438,
        "20" : 7.731183,
        "50" : 0.654666,
        "100" : 0.010000,
        "250" : 0.010681,
        "500" : 0.016403,
        "750" : 0.021235,
        "1000" : 0.024986,
        "2000" : 0.013542,
        ">=2000" : 0.000000
      },
      "latency_depth" : 16,
      "latency_target" : 0,
      "latency_percentile" : 100.000000,
      "latency_window" : 0
    }
  ]
}
