{
  "fio version" : "fio-3.36",
  "timestamp" : 1752336412,
  "timestamp_ms" : 1752336412334,
  "time" : "Sat Jul 12 16:06:52 2025",
  "global options" : {
    "ioengine" : "libaio",
    "direct" : "0",
    "directory" : "/mnt/test",
    "buffer_compress_percentage" : "70",
    "buffer_pattern" : "0xdeadbeef"
  },
  "jobs" : [
    {
      "jobname" : "database_test",
      "groupid" : 0,
      "job_start" : 1752336352292,
      "error" : 0,
      "eta" : 0,
      "elapsed" : 61,
      "job options" : {
        "rw" : "randrw",
        "rwmixread" : "70",
        "size" : "1G",
        "numjobs" : "24",
        "runtime" : "60",
        "iodepth" : "16",
        "bssplit" : "4k/80:8k/20"
      },
      "read" : {
        "io_bytes" : 11913719808,
        "io_kbytes" : 11634492,
        "bw_bytes" : 198555378,
        "bw" : 193901,
        "iops" : 42077.614080,
        "runtime" : 60002,
        "total_ios" : 2524741,
        "short_ios" : 0,
        "drop_ios" : 0,
        "slat_ns" : {
          "min" : 2145,
          "max" : 500586080,
          "mean" : 355787.540121,
          "stddev" : 2405027.953755,
          "N" : 2524741
        },
        "clat_ns" : {
          "min" : 1664,
          "max" : 568124942,
          "mean" : 5878655.762382,
          "stddev" : 11324202.327710,
          "N" : 2524741,
          "percentile" : {
            "1.000000" : 366592,
            "5.000000" : 399360,
            "10.000000" : 419840,
            "20.000000" : 452608,
            "30.000000" : 634880,
            "40.000000" : 2310144,
            "50.000000" : 3620864,
            "60.000000" : 4751360,
            "70.000000" : 5996544,
            "80.000000" : 7700480,
            "90.000000" : 12255232,
            "95.000000" : 20316160,
            "99.000000" : 42205184,
            "99.500000" : 62128128,
            "99.900000" : 149946368,
            "99.950000" : 196083712,
            "99.990000" : 291504128
          }
        },
        "lat_ns" : {
          "min" : 263981,
          "max" : 569405738,
          "mean" : 6234443.302503,
          "stddev" : 11693625.618651,
          "N" : 2524741
        },
        "bw_min" : 30734,
        "bw_max" : 1186372,
        "bw_agg" : 100.000000,
        "bw_mean" : 194711.050420,
        "bw_dev" : 6867.622521,
        "bw_samples" : 2856,
        "iops_min" : 6750,
        "iops_max" : 257686,
        "iops_mean" : 42246.857143,
        "iops_stddev" : 1488.529289,
        "iops_samples" : 2856
      },
      "write" : {
        "io_bytes" : 5106098176,
        "io_kbytes" : 4986424,
        "bw_bytes" : 85098799,
        "bw" : 83104,
        "iops" : 18035.348822,
        "runtime" : 60002,
        "total_ios" : 1082157,
        "short_ios" : 0,
        "drop_ios" : 0,
        "slat_ns" : {
          "min" : 5282,
          "max" : 340980517,
          "mean" : 478996.864481,
          "stddev" : 2761045.688306,
          "N" : 1082157
        },
        "clat_ns" : {
          "min" : 1880,
          "max" : 563578657,
          "mean" : 6252114.846917,
          "stddev" : 11506678.985626,
          "N" : 1082157,
          "percentile" : {
            "1.000000" : 366592,
            "5.000000" : 399360,
            "10.000000" : 419840,
            "20.000000" : 456704,
            "30.000000" : 724992,
            "40.000000" : 2605056,
            "50.000000" : 4014080,
            "60.000000" : 5210112,
            "70.000000" : 6455296,
            "80.000000" : 8224768,
            "90.000000" : 13172736,
            "95.000000" : 21626880,
            "99.000000" : 42205184,
            "99.500000" : 62652416,
            "99.900000" : 152043520,
            "99.950000" : 196083712,
            "99.990000" : 299892736
          }
        },
        "lat_ns" : {
          "min" : 288660,
          "max" : 563610847,
          "mean" : 6731111.711398,
          "stddev" : 12065296.121832,
          "N" : 1082157
        },
        "bw_min" : 13739,
        "bw_max" : 511394,
        "bw_agg" : 100.000000,
        "bw_mean" : 83446.100840,
        "bw_dev" : 2944.601551,
        "bw_samples" : 2856,
        "iops_min" : 3029,
        "iops_max" : 110660,
        "iops_mean" : 18105.436975,
        "iops_stddev" : 637.238820,
        "iops_samples" : 2856
      },
      "trim" : {
        "io_bytes" : 0,
        "io_kbytes" : 0,
        "bw_bytes" : 0,
        "bw" : 0,
        "iops" : 0.000000,
        "runtime" : 0,
        "total_ios" : 0,
        "short_ios" : 0,
        "drop_ios" : 0,
        "slat_ns" : {
          "min" : 0,
          "max" : 0,
          "mean" : 0.000000,
          "stddev" : 0.000000,
          "N" : 0
        },
        "clat_ns" : {
          "min" : 0,
          "max" : 0,
          "mean" : 0.000000,
          "stddev" : 0.000000,
          "N" : 0
        },
        "lat_ns" : {
          "min" : 0,
          "max" : 0,
          "mean" : 0.000000,
          "stddev" : 0.000000,
          "N" : 0
        },
        "bw_min" : 0,
        "bw_max" : 0,
        "bw_agg" : 0.000000,
        "bw_mean" : 0.000000,
        "bw_dev" : 0.000000,
        "bw_samples" : 0,
        "iops_min" : 0,
        "iops_max" : 0,
        "iops_mean" : 0.000000,
        "iops_stddev" : 0.000000,
        "iops_samples" : 0
      },
      "sync" : {
        "total_ios" : 0,
        "lat_ns" : {
          "min" : 0,
          "max" : 0,
          "mean" : 0.000000,
          "stddev" : 0.000000,
          "N" : 0
        }
      },
      "job_runtime" : 1440003,
      "usr_cpu" : 0.552916,
      "sys_cpu" : 8.594565,
      "ctx" : 1090805,
      "majf" : 0,
      "minf" : 327,
      "iodepth_level" : {
        "1" : 0.100000,
        "2" : 0.100000,
        "4" : 0.100000,
        "8" : 0.100000,
        "16" : 99.990019,
        "32" : 0.000000,
        ">=64" : 0.000000
      },
      "iodepth_submit" : {
        "0" : 0.000000,
        "4" : 100.000000,
        "8" : 0.000000,
        "16" : 0.000000,
        "32" : 0.000000,
        "64" : 0.000000,
        ">=64" : 0.000000
      },
      "iodepth_complete" : {
        "0" : 0.000000,
        "4" : 99.999335,
        "8" : 0.000000,
        "16" : 0.100000,
        "32" : 0.000000,
        "64" : 0.000000,
        ">=64" : 0.000000
      },
      "latency_ns" : {
        "2" : 0.000000,
        "4" : 0.000000,
        "10" : 0.000000,
        "20" : 0.000000,
        "50" : 0.000000,
        "100" : 0.000000,
        "250" : 0.000000,
        "500" : 0.000000,
        "750" : 0.000000,
        "1000" : 0.000000
      },
      "latency_us" : {
        "2" : 0.010000,
        "4" : 0.010000,
        "10" : 0.000000,
        "20" : 0.000000,
        "50" : 0.000000,
        "100" : 0.000000,
        "250" : 0.000000,
        "500" : 27.112688,
        "750" : 3.457542,
        "1000" : 1.256786
      },
      "latency_ms" : {
        "2" : 5.742386,
        "4" : 14.689270,
        "10" : 33.933507,
        "20" : 8.569857,
        "50" : 4.509165,
        "100" : 0.498545,
        "250" : 0.206105,
        "500" : 0.022623,
        "750" : 0.010000,
        "1000" : 0.000000,
        "2000" : 0.000000,
        ">=2000" : 0.000000
      },
      "latency_depth" : 16,
      "latency_target" : 0,
      "latency_percentile" : 100.000000,
      "latency_window" : 0
    }
  ]
}
