{
  "fio version" : "fio-3.36",
  "timestamp" : 1750552628,
  "timestamp_ms" : 1750552628037,
  "time" : "Sun Jun 22 00:37:08 2025",
  "global options" : {
    "ioengine" : "libaio",
    "direct" : "1",
    "directory" : "/mnt/test"
  },
  "jobs" : [
    {
      "jobname" : "webserver_test",
      "groupid" : 0,
      "job_start" : 1750552626647,
      "error" : 0,
      "eta" : 2147483647,
      "elapsed" : 2,
      "job options" : {
        "rw" : "randread",
        "size" : "2M",
        "numjobs" : "16",
        "runtime" : "120",
        "iodepth" : "32",
        "bssplit" : "4k/90:8k/10"
      },
      "read" : {
        "io_bytes" : 33554432,
        "io_kbytes" : 32768,
        "bw_bytes" : 25078050,
        "bw" : 24490,
        "iops" : 5773.542601,
        "runtime" : 1338,
        "total_ios" : 7725,
        "short_ios" : 0,
        "drop_ios" : 0,
        "slat_ns" : {
          "min" : 10866,
          "max" : 120373013,
          "mean" : 2624005.596246,
          "stddev" : 4949999.275607,
          "N" : 7725
        },
        "clat_ns" : {
          "min" : 1682649,
          "max" : 321248001,
          "mean" : 80218568.514045,
          "stddev" : 34431772.870987,
          "N" : 7725,
          "percentile" : {
            "1.000000" : 7372800,
            "5.000000" : 31850496,
            "10.000000" : 42729472,
            "20.000000" : 53215232,
            "30.000000" : 62128128,
            "40.000000" : 68681728,
            "50.000000" : 76021760,
            "60.000000" : 84410368,
            "70.000000" : 92798976,
            "80.000000" : 103284736,
            "90.000000" : 123207680,
            "95.000000" : 143654912,
            "99.000000" : 191889408,
            "99.500000" : 202375168,
            "99.900000" : 244318208,
            "99.950000" : 252706816,
            "99.990000" : 320864256
          }
        },
        "lat_ns" : {
          "min" : 1697220,
          "max" : 321811251,
          "mean" : 82842574.110291,
          "stddev" : 35233499.066451,
          "N" : 7725
        },
        "bw_min" : 19552,
        "bw_max" : 22670,
        "bw_agg" : 86.201535,
        "bw_mean" : 21111.000000,
        "bw_dev" : 126.230460,
        "bw_samples" : 32,
        "iops_min" : 4580,
        "iops_max" : 5284,
        "iops_mean" : 4932.000000,
        "iops_stddev" : 28.126443,
        "iops_samples" : 32
      },
      "write" : {
        "io_bytes" : 0,
        "io_kbytes" : 0,
        "bw_bytes" : 0,
        "bw" : 0,
        "iops" : 0.000000,
        "runtime" : 0,
        "total_ios" : 0,
        "short_ios" : 0,
        "drop_ios" : 0,
        "slat_ns" : {
          "min" : 0,
          "max" : 0,
          "mean" : 0.000000,
          "stddev" : 0.000000,
          "N" : 0
        },
        "clat_ns" : {
          "min" : 0,
          "max" : 0,
          "mean" : 0.000000,
          "stddev" : 0.000000,
          "N" : 0
        },
        "lat_ns" : {
          "min" : 0,
          "max" : 0,
          "mean" : 0.000000,
          "stddev" : 0.000000,
          "N" : 0
        },
        "bw_min" : 0,
        "bw_max" : 0,
        "bw_agg" : 0.000000,
        "bw_mean" : 0.000000,
        "bw_dev" : 0.000000,
        "bw_samples" : 0,
        "iops_min" : 0,
        "iops_max" : 0,
        "iops_mean" : 0.000000,
        "iops_stddev" : 0.000000,
        "iops_samples" : 0
      },
      "trim" : {
        "io_bytes" : 0,
        "io_kbytes" : 0,
        "bw_bytes" : 0,
        "bw" : 0,
        "iops" : 0.000000,
        "runtime" : 0,
        "total_ios" : 0,
        "short_ios" : 0,
        "drop_ios" : 0,
        "slat_ns" : {
          "min" : 0,
          "max" : 0,
          "mean" : 0.000000,
          "stddev" : 0.000000,
          "N" : 0
        },
        "clat_ns" : {
          "min" : 0,
          "max" : 0,
          "mean" : 0.000000,
          "stddev" : 0.000000,
          "N" : 0
        },
        "lat_ns" : {
          "min" : 0,
          "max" : 0,
          "mean" : 0.000000,
          "stddev" : 0.000000,
          "N" : 0
        },
        "bw_min" : 0,
        "bw_max" : 0,
        "bw_agg" : 0.000000,
        "bw_mean" : 0.000000,
        "bw_dev" : 0.000000,
        "bw_samples" : 0,
        "iops_min" : 0,
        "iops_max" : 0,
        "iops_mean" : 0.000000,
        "iops_stddev" : 0.000000,
        "iops_samples" : 0
      },
      "sync" : {
        "total_ios" : 0,
        "lat_ns" : {
          "min" : 0,
          "max" : 0,
          "mean" : 0.000000,
          "stddev" : 0.000000,
          "N" : 0
        }
      },
      "job_runtime" : 20869,
      "usr_cpu" : 0.354593,
      "sys_cpu" : 2.798409,
      "ctx" : 7848,
      "majf" : 0,
      "minf" : 1016,
      "iodepth_level" : {
        "1" : 0.207120,
        "2" : 0.414239,
        "4" : 0.828479,
        "8" : 1.656958,
        "16" : 3.313916,
        "32" : 93.579288,
        ">=64" : 0.000000
      },
      "iodepth_submit" : {
        "0" : 0.000000,
        "4" : 100.000000,
        "8" : 0.000000,
        "16" : 0.000000,
        "32" : 0.000000,
        "64" : 0.000000,
        ">=64" : 0.000000
      },
      "iodepth_complete" : {
        "0" : 0.000000,
        "4" : 99.779158,
        "8" : 0.000000,
        "16" : 0.000000,
        "32" : 0.220842,
        "64" : 0.000000,
        ">=64" : 0.000000
      },
      "latency_ns" : {
        "2" : 0.000000,
        "4" : 0.000000,
        "10" : 0.000000,
        "20" : 0.000000,
        "50" : 0.000000,
        "100" : 0.000000,
        "250" : 0.000000,
        "500" : 0.000000,
        "750" : 0.000000,
        "1000" : 0.000000
      },
      "latency_us" : {
        "2" : 0.000000,
        "4" : 0.000000,
        "10" : 0.000000,
        "20" : 0.000000,
        "50" : 0.000000,
        "100" : 0.000000,
        "250" : 0.000000,
        "500" : 0.000000,
        "750" : 0.000000,
        "1000" : 0.000000
      },
      "latency_ms" : {
        "2" : 0.077670,
        "4" : 0.245955,
        "10" : 0.880259,
        "20" : 0.556634,
        "50" : 15.288026,
        "100" : 60.582524,
        "250" : 22.317152,
        "500" : 0.051780,
        "750" : 0.000000,
        "1000" : 0.000000,
        "2000" : 0.000000,
        ">=2000" : 0.000000
      },
      "latency_depth" : 32,
      "latency_target" : 0,
      "latency_percentile" : 100.000000,
      "latency_window" : 0
    }
  ]
}
