{
  "fio version" : "fio-3.36",
  "timestamp" : 1751308343,
  "timestamp_ms" : 1751308343430,
  "time" : "Mon Jun 30 18:32:23 2025",
  "global options" : {
    "ioengine" : "libaio",
    "direct" : "0",
    "directory" : "/mnt/test"
  },
  "jobs" : [
    {
      "jobname" : "archive_test",
      "groupid" : 0,
      "job_start" : 1751308216638,
      "error" : 0,
      "eta" : 0,
      "elapsed" : 127,
      "job options" : {
        "rw" : "write",
        "size" : "10G",
        "numjobs" : "2",
        "runtime" : "180",
        "iodepth" : "128",
        "bssplit" : "64k/70:128k/30"
      },
      "read" : {
        "io_bytes" : 0,
        "io_kbytes" : 0,
        "bw_bytes" : 0,
        "bw" : 0,
        "iops" : 0.000000,
        "runtime" : 0,
        "total_ios" : 0,
        "short_ios" : 0,
        "drop_ios" : 0,
        "slat_ns" : {
          "min" : 0,
          "max" : 0,
          "mean" : 0.000000,
          "stddev" : 0.000000,
          "N" : 0
        },
        "clat_ns" : {
          "min" : 0,
          "max" : 0,
          "mean" : 0.000000,
          "stddev" : 0.000000,
          "N" : 0
        },
        "lat_ns" : {
          "min" : 0,
          "max" : 0,
          "mean" : 0.000000,
          "stddev" : 0.000000,
          "N" : 0
        },
        "bw_min" : 0,
        "bw_max" : 0,
        "bw_agg" : 0.000000,
        "bw_mean" : 0.000000,
        "bw_dev" : 0.000000,
        "bw_samples" : 0,
        "iops_min" : 0,
        "iops_max" : 0,
        "iops_mean" : 0.000000,
        "iops_stddev" : 0.000000,
        "iops_samples" : 0
      },
      "write" : {
        "io_bytes" : 21474836480,
        "io_kbytes" : 20971520,
        "bw_bytes" : 169422707,
        "bw" : 165451,
        "iops" : 1987.992395,
        "runtime" : 126753,
        "total_ios" : 251984,
        "short_ios" : 0,
        "drop_ios" : 0,
        "slat_ns" : {
          "min" : 13460,
          "max" : 224595118,
          "mean" : 1001727.560282,
          "stddev" : 6025426.052515,
          "N" : 251984
        },
        "clat_ns" : {
          "min" : 6677,
          "max" : 6065829408,
          "mean" : 127709933.114685,
          "stddev" : 399561626.947166,
          "N" : 251984,
          "percentile" : {
            "1.000000" : 2899968,
            "5.000000" : 2998272,
            "10.000000" : 3063808,
            "20.000000" : 3194880,
            "30.000000" : 43778048,
            "40.000000" : 52690944,
            "50.000000" : 55836672,
            "60.000000" : 58458112,
            "70.000000" : 65273856,
            "80.000000" : 74973184,
            "90.000000" : 111673344,
            "95.000000" : 509607936,
            "99.000000" : 2365587456,
            "99.500000" : 2835349504,
            "99.900000" : 4865392640,
            "99.950000" : 5335154688,
            "99.990000" : 5737807872
          }
        },
        "lat_ns" : {
          "min" : 83388,
          "max" : 6071759988,
          "mean" : 128711660.674968,
          "stddev" : 402658771.066324,
          "N" : 251984
        },
        "bw_min" : 2432,
        "bw_max" : 6861824,
        "bw_agg" : 99.826014,
        "bw_mean" : 165164.015810,
        "bw_dev" : 242904.166547,
        "bw_samples" : 506,
        "iops_min" : 26,
        "iops_max" : 82384,
        "iops_mean" : 1984.600791,
        "iops_stddev" : 2916.658622,
        "iops_samples" : 506
      },
      "trim" : {
        "io_bytes" : 0,
        "io_kbytes" : 0,
        "bw_bytes" : 0,
        "bw" : 0,
        "iops" : 0.000000,
        "runtime" : 0,
        "total_ios" : 0,
        "short_ios" : 0,
        "drop_ios" : 0,
        "slat_ns" : {
          "min" : 0,
          "max" : 0,
          "mean" : 0.000000,
          "stddev" : 0.000000,
          "N" : 0
        },
        "clat_ns" : {
          "min" : 0,
          "max" : 0,
          "mean" : 0.000000,
          "stddev" : 0.000000,
          "N" : 0
        },
        "lat_ns" : {
          "min" : 0,
          "max" : 0,
          "mean" : 0.000000,
          "stddev" : 0.000000,
          "N" : 0
        },
        "bw_min" : 0,
        "bw_max" : 0,
        "bw_agg" : 0.000000,
        "bw_mean" : 0.000000,
        "bw_dev" : 0.000000,
        "bw_samples" : 0,
        "iops_min" : 0,
        "iops_max" : 0,
        "iops_mean" : 0.000000,
        "iops_stddev" : 0.000000,
        "iops_samples" : 0
      },
      "sync" : {
        "total_ios" : 0,
        "lat_ns" : {
          "min" : 0,
          "max" : 0,
          "mean" : 0.000000,
          "stddev" : 0.000000,
          "N" : 0
        }
      },
      "job_runtime" : 253391,
      "usr_cpu" : 0.837836,
      "sys_cpu" : 7.021954,
      "ctx" : 10480,
      "majf" : 0,
      "minf" : 29,
      "iodepth_level" : {
        "1" : 0.100000,
        "2" : 0.100000,
        "4" : 0.100000,
        "8" : 0.100000,
        "16" : 0.100000,
        "32" : 0.100000,
        ">=64" : 99.949997
      },
      "iodepth_submit" : {
        "0" : 0.000000,
        "4" : 100.000000,
        "8" : 0.000000,
        "16" : 0.000000,
        "32" : 0.000000,
        "64" : 0.000000,
        ">=64" : 0.000000
      },
      "iodepth_complete" : {
        "0" : 0.000000,
        "4" : 99.999206,
        "8" : 0.000000,
        "16" : 0.000000,
        "32" : 0.000000,
        "64" : 0.000000,
        ">=64" : 0.100000
      },
      "latency_ns" : {
        "2" : 0.000000,
        "4" : 0.000000,
        "10" : 0.000000,
        "20" : 0.000000,
        "50" : 0.000000,
        "100" : 0.000000,
        "250" : 0.000000,
        "500" : 0.000000,
        "750" : 0.000000,
        "1000" : 0.000000
      },
      "latency_us" : {
        "2" : 0.000000,
        "4" : 0.000000,
        "10" : 0.010000,
        "20" : 0.000000,
        "50" : 0.000000,
        "100" : 0.010000,
        "250" : 0.010000,
        "500" : 0.010000,
        "750" : 0.010000,
        "1000" : 0.010000
      },
      "latency_ms" : {
        "2" : 0.010000,
        "4" : 22.537939,
        "10" : 0.016668,
        "20" : 0.167868,
        "50" : 13.147660,
        "100" : 53.461728,
        "250" : 4.170900,
        "500" : 1.390961,
        "750" : 1.854483,
        "1000" : 0.569481,
        "2000" : 1.361198,
        ">=2000" : 1.310401
      },
      "latency_depth" : 128,
      "latency_target" : 0,
      "latency_percentile" : 100.000000,
      "latency_window" : 0
    }
  ]
}
