{
  "fio version" : "fio-3.36",
  "timestamp" : 1750376797,
  "timestamp_ms" : 1750376797748,
  "time" : "Thu Jun 19 23:46:37 2025",
  "global options" : {
    "ioengine" : "libaio",
    "direct" : "1",
    "directory" : "/mnt/test",
    "buffer_compress_percentage" : "70",
    "buffer_pattern" : "0xdeadbeef"
  },
  "jobs" : [
    {
      "jobname" : "webserver_test",
      "groupid" : 0,
      "job_start" : 1750376677667,
      "error" : 0,
      "eta" : 0,
      "elapsed" : 121,
      "job options" : {
        "rw" : "randread",
        "size" : "2G",
        "numjobs" : "16",
        "runtime" : "120",
        "iodepth" : "32",
        "bssplit" : "4k/90:8k/10"
      },
      "read" : {
        "io_bytes" : 24117608448,
        "io_kbytes" : 23552352,
        "bw_bytes" : 200913099,
        "bw" : 196204,
        "iops" : 46035.479840,
        "runtime" : 120040,
        "total_ios" : 5526099,
        "short_ios" : 0,
        "drop_ios" : 0,
        "slat_ns" : {
          "min" : 1877,
          "max" : 1194189926,
          "mean" : 142645.724244,
          "stddev" : 3158284.883100,
          "N" : 5526099
        },
        "clat_ns" : {
          "min" : 1017,
          "max" : 4293900385,
          "mean" : 4470668.281935,
          "stddev" : 56342676.654745,
          "N" : 5526099,
          "percentile" : {
            "1.000000" : 561152,
            "5.000000" : 700416,
            "10.000000" : 733184,
            "20.000000" : 757760,
            "30.000000" : 774144,
            "40.000000" : 790528,
            "50.000000" : 806912,
            "60.000000" : 823296,
            "70.000000" : 839680,
            "80.000000" : 864256,
            "90.000000" : 1843200,
            "95.000000" : 3883008,
            "99.000000" : 8454144,
            "99.500000" : 13303808,
            "99.900000" : 868220928,
            "99.950000" : 1027604480,
            "99.990000" : 1937768448
          }
        },
        "lat_ns" : {
          "min" : 3246,
          "max" : 4320313554,
          "mean" : 4613314.006179,
          "stddev" : 58091106.662781,
          "N" : 5526099
        },
        "bw_min" : 784871,
        "bw_max" : 2374860,
        "bw_agg" : 100.000000,
        "bw_mean" : 1281519.379857,
        "bw_dev" : 14232.130618,
        "bw_samples" : 1568,
        "iops_min" : 181823,
        "iops_max" : 561005,
        "iops_mean" : 300645.133159,
        "iops_stddev" : 3362.510400,
        "iops_samples" : 1568
      },
      "write" : {
        "io_bytes" : 0,
        "io_kbytes" : 0,
        "bw_bytes" : 0,
        "bw" : 0,
        "iops" : 0.000000,
        "runtime" : 0,
        "total_ios" : 0,
        "short_ios" : 0,
        "drop_ios" : 0,
        "slat_ns" : {
          "min" : 0,
          "max" : 0,
          "mean" : 0.000000,
          "stddev" : 0.000000,
          "N" : 0
        },
        "clat_ns" : {
          "min" : 0,
          "max" : 0,
          "mean" : 0.000000,
          "stddev" : 0.000000,
          "N" : 0
        },
        "lat_ns" : {
          "min" : 0,
          "max" : 0,
          "mean" : 0.000000,
          "stddev" : 0.000000,
          "N" : 0
        },
        "bw_min" : 0,
        "bw_max" : 0,
        "bw_agg" : 0.000000,
        "bw_mean" : 0.000000,
        "bw_dev" : 0.000000,
        "bw_samples" : 0,
        "iops_min" : 0,
        "iops_max" : 0,
        "iops_mean" : 0.000000,
        "iops_stddev" : 0.000000,
        "iops_samples" : 0
      },
      "trim" : {
        "io_bytes" : 0,
        "io_kbytes" : 0,
        "bw_bytes" : 0,
        "bw" : 0,
        "iops" : 0.000000,
        "runtime" : 0,
        "total_ios" : 0,
        "short_ios" : 0,
        "drop_ios" : 0,
        "slat_ns" : {
          "min" : 0,
          "max" : 0,
          "mean" : 0.000000,
          "stddev" : 0.000000,
          "N" : 0
        },
        "clat_ns" : {
          "min" : 0,
          "max" : 0,
          "mean" : 0.000000,
          "stddev" : 0.000000,
          "N" : 0
        },
        "lat_ns" : {
          "min" : 0,
          "max" : 0,
          "mean" : 0.000000,
          "stddev" : 0.000000,
          "N" : 0
        },
        "bw_min" : 0,
        "bw_max" : 0,
        "bw_agg" : 0.000000,
        "bw_mean" : 0.000000,
        "bw_dev" : 0.000000,
        "bw_samples" : 0,
        "iops_min" : 0,
        "iops_max" : 0,
        "iops_mean" : 0.000000,
        "iops_stddev" : 0.000000,
        "iops_samples" : 0
      },
      "sync" : {
        "total_ios" : 0,
        "lat_ns" : {
          "min" : 0,
          "max" : 0,
          "mean" : 0.000000,
          "stddev" : 0.000000,
          "N" : 0
        }
      },
      "job_runtime" : 796920,
      "usr_cpu" : 0.768584,
      "sys_cpu" : 17.324198,
      "ctx" : 55835,
      "majf" : 0,
      "minf" : 1192,
      "iodepth_level" : {
        "1" : 0.100000,
        "2" : 0.100000,
        "4" : 0.100000,
        "8" : 0.100000,
        "16" : 0.100000,
        "32" : 99.991024,
        ">=64" : 0.000000
      },
      "iodepth_submit" : {
        "0" : 0.000000,
        "4" : 100.000000,
        "8" : 0.000000,
        "16" : 0.000000,
        "32" : 0.000000,
        "64" : 0.000000,
        ">=64" : 0.000000
      },
      "iodepth_complete" : {
        "0" : 0.000000,
        "4" : 99.999710,
        "8" : 0.000000,
        "16" : 0.000000,
        "32" : 0.100000,
        "64" : 0.000000,
        ">=64" : 0.000000
      },
      "latency_ns" : {
        "2" : 0.000000,
        "4" : 0.000000,
        "10" : 0.000000,
        "20" : 0.000000,
        "50" : 0.000000,
        "100" : 0.000000,
        "250" : 0.000000,
        "500" : 0.000000,
        "750" : 0.000000,
        "1000" : 0.000000
      },
      "latency_us" : {
        "2" : 0.010000,
        "4" : 0.000000,
        "10" : 0.010000,
        "20" : 0.010000,
        "50" : 0.010000,
        "100" : 0.010000,
        "250" : 0.010000,
        "500" : 0.302130,
        "750" : 17.188165,
        "1000" : 71.654652
      },
      "latency_ms" : {
        "2" : 3.261016,
        "4" : 2.724254,
        "10" : 4.172455,
        "20" : 0.258645,
        "50" : 0.010000,
        "100" : 0.010000,
        "250" : 0.010000,
        "500" : 0.060784,
        "750" : 0.183583,
        "1000" : 0.127993,
        "2000" : 0.046850,
        ">=2000" : 0.010000
      },
      "latency_depth" : 32,
      "latency_target" : 0,
      "latency_percentile" : 100.000000,
      "latency_window" : 0
    }
  ]
}
