{
  "fio version" : "fio-3.36",
  "timestamp" : 1752886699,
  "timestamp_ms" : 1752886699871,
  "time" : "Sat Jul 19 00:58:19 2025",
  "global options" : {
    "ioengine" : "libaio",
    "direct" : "1",
    "directory" : "/mnt/test",
    "buffer_compress_percentage" : "70",
    "buffer_pattern" : "0xdeadbeef"
  },
  "jobs" : [
    {
      "jobname" : "webserver_test",
      "groupid" : 0,
      "job_start" : 1752886579731,
      "error" : 0,
      "eta" : 0,
      "elapsed" : 121,
      "job options" : {
        "rw" : "randread",
        "size" : "2G",
        "numjobs" : "16",
        "runtime" : "120",
        "iodepth" : "32",
        "bssplit" : "4k/90:8k/10"
      },
      "read" : {
        "io_bytes" : 101818368,
        "io_kbytes" : 99432,
        "bw_bytes" : 847786,
        "bw" : 827,
        "iops" : 188.627715,
        "runtime" : 120099,
        "total_ios" : 22654,
        "short_ios" : 0,
        "drop_ios" : 0,
        "slat_ns" : {
          "min" : 7460840,
          "max" : 1665330267,
          "mean" : 84760594.432109,
          "stddev" : 69257041.604755,
          "N" : 22654
        },
        "clat_ns" : {
          "min" : 12702,
          "max" : 11835532295,
          "mean" : 2595595453.957446,
          "stddev" : 936287134.374375,
          "N" : 22654,
          "percentile" : {
            "1.000000" : 1132462080,
            "5.000000" : 1887436800,
            "10.000000" : 1988100096,
            "20.000000" : 2105540608,
            "30.000000" : 2231369728,
            "40.000000" : 2298478592,
            "50.000000" : 2399141888,
            "60.000000" : 2499805184,
            "70.000000" : 2634022912,
            "80.000000" : 2868903936,
            "90.000000" : 3271557120,
            "95.000000" : 3841982464,
            "99.000000" : 7549747200,
            "99.500000" : 8657043456,
            "99.900000" : 10133438464,
            "99.950000" : 10938744832,
            "99.990000" : 11878268928
          }
        },
        "lat_ns" : {
          "min" : 43297849,
          "max" : 12104295456,
          "mean" : 2680356048.389555,
          "stddev" : 963101126.745361,
          "N" : 22654
        },
        "bw_min" : 208,
        "bw_max" : 1488,
        "bw_agg" : 100.000000,
        "bw_mean" : 830.246386,
        "bw_dev" : 14.807618,
        "bw_samples" : 3703,
        "iops_min" : 52,
        "iops_max" : 304,
        "iops_mean" : 189.164256,
        "iops_stddev" : 3.113716,
        "iops_samples" : 3703
      },
      "write" : {
        "io_bytes" : 0,
        "io_kbytes" : 0,
        "bw_bytes" : 0,
        "bw" : 0,
        "iops" : 0.000000,
        "runtime" : 0,
        "total_ios" : 0,
        "short_ios" : 0,
        "drop_ios" : 0,
        "slat_ns" : {
          "min" : 0,
          "max" : 0,
          "mean" : 0.000000,
          "stddev" : 0.000000,
          "N" : 0
        },
        "clat_ns" : {
          "min" : 0,
          "max" : 0,
          "mean" : 0.000000,
          "stddev" : 0.000000,
          "N" : 0
        },
        "lat_ns" : {
          "min" : 0,
          "max" : 0,
          "mean" : 0.000000,
          "stddev" : 0.000000,
          "N" : 0
        },
        "bw_min" : 0,
        "bw_max" : 0,
        "bw_agg" : 0.000000,
        "bw_mean" : 0.000000,
        "bw_dev" : 0.000000,
        "bw_samples" : 0,
        "iops_min" : 0,
        "iops_max" : 0,
        "iops_mean" : 0.000000,
        "iops_stddev" : 0.000000,
        "iops_samples" : 0
      },
      "trim" : {
        "io_bytes" : 0,
        "io_kbytes" : 0,
        "bw_bytes" : 0,
        "bw" : 0,
        "iops" : 0.000000,
        "runtime" : 0,
        "total_ios" : 0,
        "short_ios" : 0,
        "drop_ios" : 0,
        "slat_ns" : {
          "min" : 0,
          "max" : 0,
          "mean" : 0.000000,
          "stddev" : 0.000000,
          "N" : 0
        },
        "clat_ns" : {
          "min" : 0,
          "max" : 0,
          "mean" : 0.000000,
          "stddev" : 0.000000,
          "N" : 0
        },
        "lat_ns" : {
          "min" : 0,
          "max" : 0,
          "mean" : 0.000000,
          "stddev" : 0.000000,
          "N" : 0
        },
        "bw_min" : 0,
        "bw_max" : 0,
        "bw_agg" : 0.000000,
        "bw_mean" : 0.000000,
        "bw_dev" : 0.000000,
        "bw_samples" : 0,
        "iops_min" : 0,
        "iops_max" : 0,
        "iops_mean" : 0.000000,
        "iops_stddev" : 0.000000,
        "iops_samples" : 0
      },
      "sync" : {
        "total_ios" : 0,
        "lat_ns" : {
          "min" : 0,
          "max" : 0,
          "mean" : 0.000000,
          "stddev" : 0.000000,
          "N" : 0
        }
      },
      "job_runtime" : 1920769,
      "usr_cpu" : 0.035715,
      "sys_cpu" : 0.254950,
      "ctx" : 22710,
      "majf" : 0,
      "minf" : 1176,
      "iodepth_level" : {
        "1" : 0.100000,
        "2" : 0.141255,
        "4" : 0.282511,
        "8" : 0.565022,
        "16" : 1.130043,
        "32" : 97.810541,
        ">=64" : 0.000000
      },
      "iodepth_submit" : {
        "0" : 0.000000,
        "4" : 100.000000,
        "8" : 0.000000,
        "16" : 0.000000,
        "32" : 0.000000,
        "64" : 0.000000,
        ">=64" : 0.000000
      },
      "iodepth_complete" : {
        "0" : 0.000000,
        "4" : 99.927843,
        "8" : 0.000000,
        "16" : 0.000000,
        "32" : 0.100000,
        "64" : 0.000000,
        ">=64" : 0.000000
      },
      "latency_ns" : {
        "2" : 0.000000,
        "4" : 0.000000,
        "10" : 0.000000,
        "20" : 0.000000,
        "50" : 0.000000,
        "100" : 0.000000,
        "250" : 0.000000,
        "500" : 0.000000,
        "750" : 0.000000,
        "1000" : 0.000000
      },
      "latency_us" : {
        "2" : 0.000000,
        "4" : 0.000000,
        "10" : 0.000000,
        "20" : 0.066213,
        "50" : 0.010000,
        "100" : 0.000000,
        "250" : 0.000000,
        "500" : 0.000000,
        "750" : 0.000000,
        "1000" : 0.000000
      },
      "latency_ms" : {
        "2" : 0.000000,
        "4" : 0.000000,
        "10" : 0.000000,
        "20" : 0.000000,
        "50" : 0.013243,
        "100" : 0.030900,
        "250" : 0.123598,
        "500" : 0.211883,
        "750" : 0.225126,
        "1000" : 0.229540,
        "2000" : 9.834908,
        ">=2000" : 89.260175
      },
      "latency_depth" : 32,
      "latency_target" : 0,
      "latency_percentile" : 100.000000,
      "latency_window" : 0
    }
  ]
}
