{
  "fio version" : "fio-3.36",
  "timestamp" : 1748105045,
  "timestamp_ms" : 1748105045933,
  "time" : "Sat May 24 16:44:05 2025",
  "global options" : {
    "ioengine" : "libaio",
    "direct" : "1",
    "directory" : "/mnt/test"
  },
  "jobs" : [
    {
      "jobname" : "webserver_test",
      "groupid" : 0,
      "job_start" : 1748104925525,
      "error" : 0,
      "eta" : 0,
      "elapsed" : 121,
      "job options" : {
        "rw" : "randread",
        "size" : "2G",
        "numjobs" : "16",
        "runtime" : "120",
        "iodepth" : "32",
        "bssplit" : "4k/90:8k/10"
      },
      "read" : {
        "io_bytes" : 167120896,
        "io_kbytes" : 163204,
        "bw_bytes" : 1388335,
        "bw" : 1355,
        "iops" : 308.544133,
        "runtime" : 120375,
        "total_ios" : 37141,
        "short_ios" : 0,
        "drop_ios" : 0,
        "slat_ns" : {
          "min" : 18929,
          "max" : 1435606976,
          "mean" : 51685907.133868,
          "stddev" : 39331443.407488,
          "N" : 37141
        },
        "clat_ns" : {
          "min" : 38755749,
          "max" : 5716945049,
          "mean" : 1597451836.215206,
          "stddev" : 305545963.777857,
          "N" : 37141,
          "percentile" : {
            "1.000000" : 943718400,
            "5.000000" : 1233125376,
            "10.000000" : 1317011456,
            "20.000000" : 1417674752,
            "30.000000" : 1468006400,
            "40.000000" : 1518338048,
            "50.000000" : 1568669696,
            "60.000000" : 1602224128,
            "70.000000" : 1669332992,
            "80.000000" : 1753219072,
            "90.000000" : 1904214016,
            "95.000000" : 2088763392,
            "99.000000" : 2667577344,
            "99.500000" : 2969567232,
            "99.900000" : 3674210304,
            "99.950000" : 4462739456,
            "99.990000" : 4932501504
          }
        },
        "lat_ns" : {
          "min" : 89415252,
          "max" : 5763576067,
          "mean" : 1649137743.349075,
          "stddev" : 310068198.346549,
          "N" : 37141
        },
        "bw_min" : 184,
        "bw_max" : 2496,
        "bw_agg" : 100.000000,
        "bw_mean" : 1361.524188,
        "bw_dev" : 19.531270,
        "bw_samples" : 3783,
        "iops_min" : 42,
        "iops_max" : 550,
        "iops_mean" : 309.869790,
        "iops_stddev" : 4.087789,
        "iops_samples" : 3783
      },
      "write" : {
        "io_bytes" : 0,
        "io_kbytes" : 0,
        "bw_bytes" : 0,
        "bw" : 0,
        "iops" : 0.000000,
        "runtime" : 0,
        "total_ios" : 0,
        "short_ios" : 0,
        "drop_ios" : 0,
        "slat_ns" : {
          "min" : 0,
          "max" : 0,
          "mean" : 0.000000,
          "stddev" : 0.000000,
          "N" : 0
        },
        "clat_ns" : {
          "min" : 0,
          "max" : 0,
          "mean" : 0.000000,
          "stddev" : 0.000000,
          "N" : 0
        },
        "lat_ns" : {
          "min" : 0,
          "max" : 0,
          "mean" : 0.000000,
          "stddev" : 0.000000,
          "N" : 0
        },
        "bw_min" : 0,
        "bw_max" : 0,
        "bw_agg" : 0.000000,
        "bw_mean" : 0.000000,
        "bw_dev" : 0.000000,
        "bw_samples" : 0,
        "iops_min" : 0,
        "iops_max" : 0,
        "iops_mean" : 0.000000,
        "iops_stddev" : 0.000000,
        "iops_samples" : 0
      },
      "trim" : {
        "io_bytes" : 0,
        "io_kbytes" : 0,
        "bw_bytes" : 0,
        "bw" : 0,
        "iops" : 0.000000,
        "runtime" : 0,
        "total_ios" : 0,
        "short_ios" : 0,
        "drop_ios" : 0,
        "slat_ns" : {
          "min" : 0,
          "max" : 0,
          "mean" : 0.000000,
          "stddev" : 0.000000,
          "N" : 0
        },
        "clat_ns" : {
          "min" : 0,
          "max" : 0,
          "mean" : 0.000000,
          "stddev" : 0.000000,
          "N" : 0
        },
        "lat_ns" : {
          "min" : 0,
          "max" : 0,
          "mean" : 0.000000,
          "stddev" : 0.000000,
          "N" : 0
        },
        "bw_min" : 0,
        "bw_max" : 0,
        "bw_agg" : 0.000000,
        "bw_mean" : 0.000000,
        "bw_dev" : 0.000000,
        "bw_samples" : 0,
        "iops_min" : 0,
        "iops_max" : 0,
        "iops_mean" : 0.000000,
        "iops_stddev" : 0.000000,
        "iops_samples" : 0
      },
      "sync" : {
        "total_ios" : 0,
        "lat_ns" : {
          "min" : 0,
          "max" : 0,
          "mean" : 0.000000,
          "stddev" : 0.000000,
          "N" : 0
        }
      },
      "job_runtime" : 1923677,
      "usr_cpu" : 0.043354,
      "sys_cpu" : 0.172222,
      "ctx" : 38103,
      "majf" : 0,
      "minf" : 1169,
      "iodepth_level" : {
        "1" : 0.100000,
        "2" : 0.100000,
        "4" : 0.172316,
        "8" : 0.344633,
        "16" : 0.689265,
        "32" : 98.664549,
        ">=64" : 0.000000
      },
      "iodepth_submit" : {
        "0" : 0.000000,
        "4" : 100.000000,
        "8" : 0.000000,
        "16" : 0.000000,
        "32" : 0.000000,
        "64" : 0.000000,
        ">=64" : 0.000000
      },
      "iodepth_complete" : {
        "0" : 0.000000,
        "4" : 99.956357,
        "8" : 0.000000,
        "16" : 0.000000,
        "32" : 0.100000,
        "64" : 0.000000,
        ">=64" : 0.000000
      },
      "latency_ns" : {
        "2" : 0.000000,
        "4" : 0.000000,
        "10" : 0.000000,
        "20" : 0.000000,
        "50" : 0.000000,
        "100" : 0.000000,
        "250" : 0.000000,
        "500" : 0.000000,
        "750" : 0.000000,
        "1000" : 0.000000
      },
      "latency_us" : {
        "2" : 0.000000,
        "4" : 0.000000,
        "10" : 0.000000,
        "20" : 0.000000,
        "50" : 0.000000,
        "100" : 0.000000,
        "250" : 0.000000,
        "500" : 0.000000,
        "750" : 0.000000,
        "1000" : 0.000000
      },
      "latency_ms" : {
        "2" : 0.000000,
        "4" : 0.000000,
        "10" : 0.000000,
        "20" : 0.000000,
        "50" : 0.010000,
        "100" : 0.010000,
        "250" : 0.064619,
        "500" : 0.215395,
        "750" : 0.274629,
        "1000" : 0.737729,
        "2000" : 91.858054,
        ">=2000" : 6.841496
      },
      "latency_depth" : 32,
      "latency_target" : 0,
      "latency_percentile" : 100.000000,
      "latency_window" : 0
    }
  ]
}
