{
  "fio version" : "fio-3.36",
  "timestamp" : 1750542406,
  "timestamp_ms" : 1750542406026,
  "time" : "Sat Jun 21 21:46:46 2025",
  "global options" : {
    "ioengine" : "libaio",
    "direct" : "1",
    "directory" : "/mnt/test"
  },
  "jobs" : [
    {
      "jobname" : "database_test",
      "groupid" : 0,
      "job_start" : 1750542405852,
      "error" : 0,
      "eta" : 2147483647,
      "elapsed" : 1,
      "job options" : {
        "rw" : "randrw",
        "rwmixread" : "70",
        "size" : "1M",
        "numjobs" : "8",
        "runtime" : "60",
        "iodepth" : "16",
        "bssplit" : "4k/80:8k/20"
      },
      "read" : {
        "io_bytes" : 5935104,
        "io_kbytes" : 5796,
        "bw_bytes" : 46008558,
        "bw" : 44930,
        "iops" : 9968.992248,
        "runtime" : 129,
        "total_ios" : 1286,
        "short_ios" : 0,
        "drop_ios" : 0,
        "slat_ns" : {
          "min" : 2562,
          "max" : 21136159,
          "mean" : 594160.832037,
          "stddev" : 1811349.698112,
          "N" : 1286
        },
        "clat_ns" : {
          "min" : 517116,
          "max" : 47637794,
          "mean" : 8331411.594868,
          "stddev" : 7481849.076037,
          "N" : 1286,
          "percentile" : {
            "1.000000" : 1630208,
            "5.000000" : 2072576,
            "10.000000" : 2506752,
            "20.000000" : 3096576,
            "30.000000" : 3620864,
            "40.000000" : 4423680,
            "50.000000" : 5734400,
            "60.000000" : 7307264,
            "70.000000" : 9240576,
            "80.000000" : 11599872,
            "90.000000" : 18743296,
            "95.000000" : 26869760,
            "99.000000" : 38010880,
            "99.500000" : 38535168,
            "99.900000" : 46399488,
            "99.950000" : 47448064,
            "99.990000" : 47448064
          }
        },
        "lat_ns" : {
          "min" : 543233,
          "max" : 49542605,
          "mean" : 8925572.426905,
          "stddev" : 7720475.775436,
          "N" : 1286
        },
        "bw_min" : 0,
        "bw_max" : 0,
        "bw_agg" : 0.000000,
        "bw_mean" : 0.000000,
        "bw_dev" : 0.000000,
        "bw_samples" : 0,
        "iops_min" : 0,
        "iops_max" : 0,
        "iops_mean" : 0.000000,
        "iops_stddev" : 0.000000,
        "iops_samples" : 0
      },
      "write" : {
        "io_bytes" : 2453504,
        "io_kbytes" : 2396,
        "bw_bytes" : 19019410,
        "bw" : 18573,
        "iops" : 4093.023256,
        "runtime" : 129,
        "total_ios" : 528,
        "short_ios" : 0,
        "drop_ios" : 0,
        "slat_ns" : {
          "min" : 5418,
          "max" : 8256470,
          "mean" : 171955.920455,
          "stddev" : 567178.708327,
          "N" : 528
        },
        "clat_ns" : {
          "min" : 309799,
          "max" : 84059020,
          "mean" : 7646050.253788,
          "stddev" : 8014844.446653,
          "N" : 528,
          "percentile" : {
            "1.000000" : 1253376,
            "5.000000" : 2007040,
            "10.000000" : 2244608,
            "20.000000" : 2867200,
            "30.000000" : 3588096,
            "40.000000" : 4227072,
            "50.000000" : 5275648,
            "60.000000" : 6914048,
            "70.000000" : 8454144,
            "80.000000" : 10158080,
            "90.000000" : 12779520,
            "95.000000" : 22675456,
            "99.000000" : 29229056,
            "99.500000" : 70778880,
            "99.900000" : 84410368,
            "99.950000" : 84410368,
            "99.990000" : 84410368
          }
        },
        "lat_ns" : {
          "min" : 335450,
          "max" : 84742747,
          "mean" : 7818006.174242,
          "stddev" : 8041647.169036,
          "N" : 528
        },
        "bw_min" : 0,
        "bw_max" : 0,
        "bw_agg" : 0.000000,
        "bw_mean" : 0.000000,
        "bw_dev" : 0.000000,
        "bw_samples" : 0,
        "iops_min" : 0,
        "iops_max" : 0,
        "iops_mean" : 0.000000,
        "iops_stddev" : 0.000000,
        "iops_samples" : 0
      },
      "trim" : {
        "io_bytes" : 0,
        "io_kbytes" : 0,
        "bw_bytes" : 0,
        "bw" : 0,
        "iops" : 0.000000,
        "runtime" : 0,
        "total_ios" : 0,
        "short_ios" : 0,
        "drop_ios" : 0,
        "slat_ns" : {
          "min" : 0,
          "max" : 0,
          "mean" : 0.000000,
          "stddev" : 0.000000,
          "N" : 0
        },
        "clat_ns" : {
          "min" : 0,
          "max" : 0,
          "mean" : 0.000000,
          "stddev" : 0.000000,
          "N" : 0
        },
        "lat_ns" : {
          "min" : 0,
          "max" : 0,
          "mean" : 0.000000,
          "stddev" : 0.000000,
          "N" : 0
        },
        "bw_min" : 0,
        "bw_max" : 0,
        "bw_agg" : 0.000000,
        "bw_mean" : 0.000000,
        "bw_dev" : 0.000000,
        "bw_samples" : 0,
        "iops_min" : 0,
        "iops_max" : 0,
        "iops_mean" : 0.000000,
        "iops_stddev" : 0.000000,
        "iops_samples" : 0
      },
      "sync" : {
        "total_ios" : 0,
        "lat_ns" : {
          "min" : 0,
          "max" : 0,
          "mean" : 0.000000,
          "stddev" : 0.000000,
          "N" : 0
        }
      },
      "job_runtime" : 1006,
      "usr_cpu" : 1.689861,
      "sys_cpu" : 11.530815,
      "ctx" : 1389,
      "majf" : 0,
      "minf" : 93,
      "iodepth_level" : {
        "1" : 0.441014,
        "2" : 0.882029,
        "4" : 1.764057,
        "8" : 3.528115,
        "16" : 93.384785,
        "32" : 0.000000,
        ">=64" : 0.000000
      },
      "iodepth_submit" : {
        "0" : 0.000000,
        "4" : 100.000000,
        "8" : 0.000000,
        "16" : 0.000000,
        "32" : 0.000000,
        "64" : 0.000000,
        ">=64" : 0.000000
      },
      "iodepth_complete" : {
        "0" : 0.000000,
        "4" : 99.529965,
        "8" : 0.000000,
        "16" : 0.470035,
        "32" : 0.000000,
        "64" : 0.000000,
        ">=64" : 0.000000
      },
      "latency_ns" : {
        "2" : 0.000000,
        "4" : 0.000000,
        "10" : 0.000000,
        "20" : 0.000000,
        "50" : 0.000000,
        "100" : 0.000000,
        "250" : 0.000000,
        "500" : 0.000000,
        "750" : 0.000000,
        "1000" : 0.000000
      },
      "latency_us" : {
        "2" : 0.000000,
        "4" : 0.000000,
        "10" : 0.000000,
        "20" : 0.000000,
        "50" : 0.000000,
        "100" : 0.000000,
        "250" : 0.000000,
        "500" : 0.110254,
        "750" : 0.110254,
        "1000" : 0.110254
      },
      "latency_ms" : {
        "2" : 3.914002,
        "4" : 31.532525,
        "10" : 39.415656,
        "20" : 16.923925,
        "50" : 7.717751,
        "100" : 0.165380,
        "250" : 0.000000,
        "500" : 0.000000,
        "750" : 0.000000,
        "1000" : 0.000000,
        "2000" : 0.000000,
        ">=2000" : 0.000000
      },
      "latency_depth" : 16,
      "latency_target" : 0,
      "latency_percentile" : 100.000000,
      "latency_window" : 0
    }
  ]
}
