{
  "fio version" : "fio-3.36",
  "timestamp" : 1750563728,
  "timestamp_ms" : 1750563728240,
  "time" : "Sun Jun 22 03:42:08 2025",
  "global options" : {
    "ioengine" : "libaio",
    "direct" : "1",
    "directory" : "/mnt/test"
  },
  "jobs" : [
    {
      "jobname" : "database_mysql_innodb_test",
      "groupid" : 0,
      "job_start" : 1750563728107,
      "error" : 0,
      "eta" : 2147483647,
      "elapsed" : 1,
      "job options" : {
        "rw" : "randrw",
        "rwmixread" : "70",
        "size" : "1M",
        "numjobs" : "8",
        "runtime" : "60",
        "iodepth" : "16",
        "bssplit" : "16k"
      },
      "read" : {
        "io_bytes" : 5619712,
        "io_kbytes" : 5488,
        "bw_bytes" : 61083826,
        "bw" : 59652,
        "iops" : 3728.260870,
        "runtime" : 92,
        "total_ios" : 343,
        "short_ios" : 0,
        "drop_ios" : 0,
        "slat_ns" : {
          "min" : 2944,
          "max" : 30115297,
          "mean" : 394134.661808,
          "stddev" : 2553469.141712,
          "N" : 343
        },
        "clat_ns" : {
          "min" : 1862516,
          "max" : 70341664,
          "mean" : 22442131.568513,
          "stddev" : 15340224.792850,
          "N" : 343,
          "percentile" : {
            "1.000000" : 2072576,
            "5.000000" : 5013504,
            "10.000000" : 7307264,
            "20.000000" : 8847360,
            "30.000000" : 12255232,
            "40.000000" : 15007744,
            "50.000000" : 17956864,
            "60.000000" : 19529728,
            "70.000000" : 31588352,
            "80.000000" : 36962304,
            "90.000000" : 41680896,
            "95.000000" : 48496640,
            "99.000000" : 66322432,
            "99.500000" : 66322432,
            "99.900000" : 70778880,
            "99.950000" : 70778880,
            "99.990000" : 70778880
          }
        },
        "lat_ns" : {
          "min" : 1975502,
          "max" : 70346802,
          "mean" : 22836266.230321,
          "stddev" : 15444315.346829,
          "N" : 343
        },
        "bw_min" : 0,
        "bw_max" : 0,
        "bw_agg" : 0.000000,
        "bw_mean" : 0.000000,
        "bw_dev" : 0.000000,
        "bw_samples" : 0,
        "iops_min" : 0,
        "iops_max" : 0,
        "iops_mean" : 0.000000,
        "iops_stddev" : 0.000000,
        "iops_samples" : 0
      },
      "write" : {
        "io_bytes" : 2768896,
        "io_kbytes" : 2704,
        "bw_bytes" : 30096695,
        "bw" : 29391,
        "iops" : 1836.956522,
        "runtime" : 92,
        "total_ios" : 169,
        "short_ios" : 0,
        "drop_ios" : 0,
        "slat_ns" : {
          "min" : 7083,
          "max" : 5186150,
          "mean" : 69455.781065,
          "stddev" : 396726.635271,
          "N" : 169
        },
        "clat_ns" : {
          "min" : 489343,
          "max" : 48231764,
          "mean" : 21839503.461538,
          "stddev" : 12012051.043994,
          "N" : 169,
          "percentile" : {
            "1.000000" : 618496,
            "5.000000" : 1695744,
            "10.000000" : 7962624,
            "20.000000" : 9109504,
            "30.000000" : 13172736,
            "40.000000" : 16056320,
            "50.000000" : 18743296,
            "60.000000" : 28442624,
            "70.000000" : 28704768,
            "80.000000" : 35389440,
            "90.000000" : 38010880,
            "95.000000" : 38535168,
            "99.000000" : 44826624,
            "99.500000" : 47972352,
            "99.900000" : 47972352,
            "99.950000" : 47972352,
            "99.990000" : 47972352
          }
        },
        "lat_ns" : {
          "min" : 512157,
          "max" : 48289496,
          "mean" : 21908959.242604,
          "stddev" : 12038290.228014,
          "N" : 169
        },
        "bw_min" : 0,
        "bw_max" : 0,
        "bw_agg" : 0.000000,
        "bw_mean" : 0.000000,
        "bw_dev" : 0.000000,
        "bw_samples" : 0,
        "iops_min" : 0,
        "iops_max" : 0,
        "iops_mean" : 0.000000,
        "iops_stddev" : 0.000000,
        "iops_samples" : 0
      },
      "trim" : {
        "io_bytes" : 0,
        "io_kbytes" : 0,
        "bw_bytes" : 0,
        "bw" : 0,
        "iops" : 0.000000,
        "runtime" : 0,
        "total_ios" : 0,
        "short_ios" : 0,
        "drop_ios" : 0,
        "slat_ns" : {
          "min" : 0,
          "max" : 0,
          "mean" : 0.000000,
          "stddev" : 0.000000,
          "N" : 0
        },
        "clat_ns" : {
          "min" : 0,
          "max" : 0,
          "mean" : 0.000000,
          "stddev" : 0.000000,
          "N" : 0
        },
        "lat_ns" : {
          "min" : 0,
          "max" : 0,
          "mean" : 0.000000,
          "stddev" : 0.000000,
          "N" : 0
        },
        "bw_min" : 0,
        "bw_max" : 0,
        "bw_agg" : 0.000000,
        "bw_mean" : 0.000000,
        "bw_dev" : 0.000000,
        "bw_samples" : 0,
        "iops_min" : 0,
        "iops_max" : 0,
        "iops_mean" : 0.000000,
        "iops_stddev" : 0.000000,
        "iops_samples" : 0
      },
      "sync" : {
        "total_ios" : 0,
        "lat_ns" : {
          "min" : 0,
          "max" : 0,
          "mean" : 0.000000,
          "stddev" : 0.000000,
          "N" : 0
        }
      },
      "job_runtime" : 723,
      "usr_cpu" : 0.276625,
      "sys_cpu" : 2.766252,
      "ctx" : 295,
      "majf" : 0,
      "minf" : 93,
      "iodepth_level" : {
        "1" : 1.562500,
        "2" : 3.125000,
        "4" : 6.250000,
        "8" : 12.500000,
        "16" : 76.562500,
        "32" : 0.000000,
        ">=64" : 0.000000
      },
      "iodepth_submit" : {
        "0" : 0.000000,
        "4" : 100.000000,
        "8" : 0.000000,
        "16" : 0.000000,
        "32" : 0.000000,
        "64" : 0.000000,
        ">=64" : 0.000000
      },
      "iodepth_complete" : {
        "0" : 0.000000,
        "4" : 98.000000,
        "8" : 0.000000,
        "16" : 2.000000,
        "32" : 0.000000,
        "64" : 0.000000,
        ">=64" : 0.000000
      },
      "latency_ns" : {
        "2" : 0.000000,
        "4" : 0.000000,
        "10" : 0.000000,
        "20" : 0.000000,
        "50" : 0.000000,
        "100" : 0.000000,
        "250" : 0.000000,
        "500" : 0.000000,
        "750" : 0.000000,
        "1000" : 0.000000
      },
      "latency_us" : {
        "2" : 0.000000,
        "4" : 0.000000,
        "10" : 0.000000,
        "20" : 0.000000,
        "50" : 0.000000,
        "100" : 0.000000,
        "250" : 0.000000,
        "500" : 0.195312,
        "750" : 0.195312,
        "1000" : 0.390625
      },
      "latency_ms" : {
        "2" : 1.367188,
        "4" : 1.562500,
        "10" : 19.335938,
        "20" : 35.937500,
        "50" : 37.695312,
        "100" : 3.320312,
        "250" : 0.000000,
        "500" : 0.000000,
        "750" : 0.000000,
        "1000" : 0.000000,
        "2000" : 0.000000,
        ">=2000" : 0.000000
      },
      "latency_depth" : 16,
      "latency_target" : 0,
      "latency_percentile" : 100.000000,
      "latency_window" : 0
    }
  ]
}
