{
  "fio version" : "fio-3.36",
  "timestamp" : 1748124045,
  "timestamp_ms" : 1748124045913,
  "time" : "Sat May 24 22:00:45 2025",
  "global options" : {
    "ioengine" : "libaio",
    "direct" : "1",
    "directory" : "/mnt/test"
  },
  "jobs" : [
    {
      "jobname" : "database_test",
      "groupid" : 0,
      "job_start" : 1748124031019,
      "error" : 0,
      "eta" : 0,
      "elapsed" : 16,
      "job options" : {
        "rw" : "randrw",
        "rwmixread" : "70",
        "size" : "1G",
        "numjobs" : "8",
        "runtime" : "60",
        "iodepth" : "16",
        "bssplit" : "4k/80:8k/20"
      },
      "read" : {
        "io_bytes" : 6011162624,
        "io_kbytes" : 5870276,
        "bw_bytes" : 404438042,
        "bw" : 394959,
        "iops" : 87161.474803,
        "runtime" : 14863,
        "total_ios" : 1295481,
        "short_ios" : 0,
        "drop_ios" : 0,
        "slat_ns" : {
          "min" : 3075,
          "max" : 11383744,
          "mean" : 15824.461804,
          "stddev" : 60349.176524,
          "N" : 1295481
        },
        "clat_ns" : {
          "min" : 36720,
          "max" : 886952429,
          "mean" : 1008546.951088,
          "stddev" : 10519951.156588,
          "N" : 1295481,
          "percentile" : {
            "1.000000" : 148480,
            "5.000000" : 222208,
            "10.000000" : 276480,
            "20.000000" : 362496,
            "30.000000" : 432128,
            "40.000000" : 497664,
            "50.000000" : 561152,
            "60.000000" : 634880,
            "70.000000" : 716800,
            "80.000000" : 823296,
            "90.000000" : 1044480,
            "95.000000" : 1695744,
            "99.000000" : 4751360,
            "99.500000" : 5275648,
            "99.900000" : 14614528,
            "99.950000" : 283115520,
            "99.990000" : 509607936
          }
        },
        "lat_ns" : {
          "min" : 53236,
          "max" : 886990753,
          "mean" : 1024371.412891,
          "stddev" : 10521974.734577,
          "N" : 1295481
        },
        "bw_min" : 519,
        "bw_max" : 894968,
        "bw_agg" : 100.000000,
        "bw_mean" : 409544.848375,
        "bw_dev" : 33876.143224,
        "bw_samples" : 223,
        "iops_min" : 111,
        "iops_max" : 202016,
        "iops_mean" : 90257.983225,
        "iops_stddev" : 7518.886826,
        "iops_samples" : 223
      },
      "write" : {
        "io_bytes" : 2578771968,
        "io_kbytes" : 2518332,
        "bw_bytes" : 173502790,
        "bw" : 169436,
        "iops" : 37377.312790,
        "runtime" : 14863,
        "total_ios" : 555539,
        "short_ios" : 0,
        "drop_ios" : 0,
        "slat_ns" : {
          "min" : 5496,
          "max" : 6073504,
          "mean" : 20619.114563,
          "stddev" : 34487.386700,
          "N" : 555539
        },
        "clat_ns" : {
          "min" : 11687,
          "max" : 1021029565,
          "mean" : 855284.860381,
          "stddev" : 13617727.060285,
          "N" : 555539,
          "percentile" : {
            "1.000000" : 52992,
            "5.000000" : 89600,
            "10.000000" : 117248,
            "20.000000" : 160768,
            "30.000000" : 197632,
            "40.000000" : 234496,
            "50.000000" : 272384,
            "60.000000" : 321536,
            "70.000000" : 387072,
            "80.000000" : 497664,
            "90.000000" : 749568,
            "95.000000" : 1892352,
            "99.000000" : 4423680,
            "99.500000" : 5013504,
            "99.900000" : 14876672,
            "99.950000" : 408944640,
            "99.990000" : 641728512
          }
        },
        "lat_ns" : {
          "min" : 29852,
          "max" : 1021125489,
          "mean" : 875903.974943,
          "stddev" : 13619509.967811,
          "N" : 555539
        },
        "bw_min" : 182,
        "bw_max" : 386742,
        "bw_agg" : 100.000000,
        "bw_mean" : 177349.707086,
        "bw_dev" : 14464.851555,
        "bw_samples" : 221,
        "iops_min" : 38,
        "iops_max" : 87238,
        "iops_mean" : 39071.175066,
        "iops_stddev" : 3209.330840,
        "iops_samples" : 221
      },
      "trim" : {
        "io_bytes" : 0,
        "io_kbytes" : 0,
        "bw_bytes" : 0,
        "bw" : 0,
        "iops" : 0.000000,
        "runtime" : 0,
        "total_ios" : 0,
        "short_ios" : 0,
        "drop_ios" : 0,
        "slat_ns" : {
          "min" : 0,
          "max" : 0,
          "mean" : 0.000000,
          "stddev" : 0.000000,
          "N" : 0
        },
        "clat_ns" : {
          "min" : 0,
          "max" : 0,
          "mean" : 0.000000,
          "stddev" : 0.000000,
          "N" : 0
        },
        "lat_ns" : {
          "min" : 0,
          "max" : 0,
          "mean" : 0.000000,
          "stddev" : 0.000000,
          "N" : 0
        },
        "bw_min" : 0,
        "bw_max" : 0,
        "bw_agg" : 0.000000,
        "bw_mean" : 0.000000,
        "bw_dev" : 0.000000,
        "bw_samples" : 0,
        "iops_min" : 0,
        "iops_max" : 0,
        "iops_mean" : 0.000000,
        "iops_stddev" : 0.000000,
        "iops_samples" : 0
      },
      "sync" : {
        "total_ios" : 0,
        "lat_ns" : {
          "min" : 0,
          "max" : 0,
          "mean" : 0.000000,
          "stddev" : 0.000000,
          "N" : 0
        }
      },
      "job_runtime" : 113511,
      "usr_cpu" : 3.895658,
      "sys_cpu" : 21.685123,
      "ctx" : 834205,
      "majf" : 0,
      "minf" : 128,
      "iodepth_level" : {
        "1" : 0.100000,
        "2" : 0.100000,
        "4" : 0.100000,
        "8" : 0.100000,
        "16" : 99.993517,
        "32" : 0.000000,
        ">=64" : 0.000000
      },
      "iodepth_submit" : {
        "0" : 0.000000,
        "4" : 100.000000,
        "8" : 0.000000,
        "16" : 0.000000,
        "32" : 0.000000,
        "64" : 0.000000,
        ">=64" : 0.000000
      },
      "iodepth_complete" : {
        "0" : 0.000000,
        "4" : 99.999568,
        "8" : 0.000000,
        "16" : 0.100000,
        "32" : 0.000000,
        "64" : 0.000000,
        ">=64" : 0.000000
      },
      "latency_ns" : {
        "2" : 0.000000,
        "4" : 0.000000,
        "10" : 0.000000,
        "20" : 0.000000,
        "50" : 0.000000,
        "100" : 0.000000,
        "250" : 0.000000,
        "500" : 0.000000,
        "750" : 0.000000,
        "1000" : 0.000000
      },
      "latency_us" : {
        "2" : 0.000000,
        "4" : 0.000000,
        "10" : 0.000000,
        "20" : 0.010000,
        "50" : 0.248728,
        "100" : 1.858759,
        "250" : 16.220408,
        "500" : 33.935668,
        "750" : 26.384102,
        "1000" : 11.347149
      },
      "latency_ms" : {
        "2" : 5.419444,
        "4" : 1.406630,
        "10" : 3.021955,
        "20" : 0.087519,
        "50" : 0.010000,
        "100" : 0.010000,
        "250" : 0.010000,
        "500" : 0.041275,
        "750" : 0.015775,
        "1000" : 0.010000,
        "2000" : 0.010000,
        ">=2000" : 0.000000
      },
      "latency_depth" : 16,
      "latency_target" : 0,
      "latency_percentile" : 100.000000,
      "latency_window" : 0
    }
  ]
}
