{
  "fio version" : "fio-3.36",
  "timestamp" : 1751295834,
  "timestamp_ms" : 1751295834313,
  "time" : "Mon Jun 30 15:03:54 2025",
  "global options" : {
    "ioengine" : "libaio",
    "direct" : "1",
    "directory" : "/mnt/test"
  },
  "jobs" : [
    {
      "jobname" : "database_mysql_innodb_test",
      "groupid" : 0,
      "job_start" : 1751295773858,
      "error" : 0,
      "eta" : 0,
      "elapsed" : 61,
      "job options" : {
        "rw" : "randrw",
        "rwmixread" : "70",
        "size" : "1G",
        "numjobs" : "8",
        "runtime" : "60",
        "iodepth" : "16",
        "bssplit" : "16k"
      },
      "read" : {
        "io_bytes" : 251363328,
        "io_kbytes" : 245472,
        "bw_bytes" : 4160817,
        "bw" : 4063,
        "iops" : 253.956168,
        "runtime" : 60412,
        "total_ios" : 15342,
        "short_ios" : 0,
        "drop_ios" : 0,
        "slat_ns" : {
          "min" : 2455,
          "max" : 399132223,
          "mean" : 21040390.253031,
          "stddev" : 22591860.144179,
          "N" : 15342
        },
        "clat_ns" : {
          "min" : 14366658,
          "max" : 2213800510,
          "mean" : 340128868.968974,
          "stddev" : 176412025.446811,
          "N" : 15342,
          "percentile" : {
            "1.000000" : 81264640,
            "5.000000" : 132644864,
            "10.000000" : 164626432,
            "20.000000" : 206569472,
            "30.000000" : 240123904,
            "40.000000" : 270532608,
            "50.000000" : 299892736,
            "60.000000" : 337641472,
            "70.000000" : 379584512,
            "80.000000" : 450887680,
            "90.000000" : 583008256,
            "95.000000" : 692060160,
            "99.000000" : 926941184,
            "99.500000" : 1035993088,
            "99.900000" : 1283457024,
            "99.950000" : 1451229184,
            "99.990000" : 1853882368
          }
        },
        "lat_ns" : {
          "min" : 15444383,
          "max" : 2231401845,
          "mean" : 361169259.222005,
          "stddev" : 178829859.732166,
          "N" : 15342
        },
        "bw_min" : 1216,
        "bw_max" : 6912,
        "bw_agg" : 100.000000,
        "bw_mean" : 4067.633333,
        "bw_dev" : 139.517188,
        "bw_samples" : 960,
        "iops_min" : 76,
        "iops_max" : 432,
        "iops_mean" : 254.166667,
        "iops_stddev" : 8.721099,
        "iops_samples" : 960
      },
      "write" : {
        "io_bytes" : 109363200,
        "io_kbytes" : 106800,
        "bw_bytes" : 1810289,
        "bw" : 1767,
        "iops" : 110.491293,
        "runtime" : 60412,
        "total_ios" : 6675,
        "short_ios" : 0,
        "drop_ios" : 0,
        "slat_ns" : {
          "min" : 2978,
          "max" : 400016775,
          "mean" : 22376493.054532,
          "stddev" : 23718358.049932,
          "N" : 6675
        },
        "clat_ns" : {
          "min" : 177067,
          "max" : 1094683556,
          "mean" : 302849504.651835,
          "stddev" : 159587624.995944,
          "N" : 6675,
          "percentile" : {
            "1.000000" : 62128128,
            "5.000000" : 108527616,
            "10.000000" : 139460608,
            "20.000000" : 181403648,
            "30.000000" : 214958080,
            "40.000000" : 242221056,
            "50.000000" : 270532608,
            "60.000000" : 304087040,
            "70.000000" : 337641472,
            "80.000000" : 392167424,
            "90.000000" : 505413632,
            "95.000000" : 641728512,
            "99.000000" : 851443712,
            "99.500000" : 910163968,
            "99.900000" : 1044381696,
            "99.950000" : 1069547520,
            "99.990000" : 1098907648
          }
        },
        "lat_ns" : {
          "min" : 192907,
          "max" : 1121071431,
          "mean" : 325225997.706367,
          "stddev" : 162797616.101733,
          "N" : 6675
        },
        "bw_min" : 320,
        "bw_max" : 3840,
        "bw_agg" : 100.000000,
        "bw_mean" : 1816.115014,
        "bw_dev" : 92.578924,
        "bw_samples" : 936,
        "iops_min" : 20,
        "iops_max" : 240,
        "iops_mean" : 113.443049,
        "iops_stddev" : 5.784055,
        "iops_samples" : 936
      },
      "trim" : {
        "io_bytes" : 0,
        "io_kbytes" : 0,
        "bw_bytes" : 0,
        "bw" : 0,
        "iops" : 0.000000,
        "runtime" : 0,
        "total_ios" : 0,
        "short_ios" : 0,
        "drop_ios" : 0,
        "slat_ns" : {
          "min" : 0,
          "max" : 0,
          "mean" : 0.000000,
          "stddev" : 0.000000,
          "N" : 0
        },
        "clat_ns" : {
          "min" : 0,
          "max" : 0,
          "mean" : 0.000000,
          "stddev" : 0.000000,
          "N" : 0
        },
        "lat_ns" : {
          "min" : 0,
          "max" : 0,
          "mean" : 0.000000,
          "stddev" : 0.000000,
          "N" : 0
        },
        "bw_min" : 0,
        "bw_max" : 0,
        "bw_agg" : 0.000000,
        "bw_mean" : 0.000000,
        "bw_dev" : 0.000000,
        "bw_samples" : 0,
        "iops_min" : 0,
        "iops_max" : 0,
        "iops_mean" : 0.000000,
        "iops_stddev" : 0.000000,
        "iops_samples" : 0
      },
      "sync" : {
        "total_ios" : 0,
        "lat_ns" : {
          "min" : 0,
          "max" : 0,
          "mean" : 0.000000,
          "stddev" : 0.000000,
          "N" : 0
        }
      },
      "job_runtime" : 482442,
      "usr_cpu" : 0.136389,
      "sys_cpu" : 0.398597,
      "ctx" : 22134,
      "majf" : 0,
      "minf" : 117,
      "iodepth_level" : {
        "1" : 0.100000,
        "2" : 0.100000,
        "4" : 0.145342,
        "8" : 0.290684,
        "16" : 99.454967,
        "32" : 0.000000,
        ">=64" : 0.000000
      },
      "iodepth_submit" : {
        "0" : 0.000000,
        "4" : 100.000000,
        "8" : 0.000000,
        "16" : 0.000000,
        "32" : 0.000000,
        "64" : 0.000000,
        ">=64" : 0.000000
      },
      "iodepth_complete" : {
        "0" : 0.000000,
        "4" : 99.963479,
        "8" : 0.000000,
        "16" : 0.100000,
        "32" : 0.000000,
        "64" : 0.000000,
        ">=64" : 0.000000
      },
      "latency_ns" : {
        "2" : 0.000000,
        "4" : 0.000000,
        "10" : 0.000000,
        "20" : 0.000000,
        "50" : 0.000000,
        "100" : 0.000000,
        "250" : 0.000000,
        "500" : 0.000000,
        "750" : 0.000000,
        "1000" : 0.000000
      },
      "latency_us" : {
        "2" : 0.000000,
        "4" : 0.000000,
        "10" : 0.000000,
        "20" : 0.000000,
        "50" : 0.000000,
        "100" : 0.000000,
        "250" : 0.010000,
        "500" : 0.010000,
        "750" : 0.010000,
        "1000" : 0.010000
      },
      "latency_ms" : {
        "2" : 0.010000,
        "4" : 0.010000,
        "10" : 0.000000,
        "20" : 0.049961,
        "50" : 0.336104,
        "100" : 2.243721,
        "250" : 33.469592,
        "500" : 50.015897,
        "750" : 10.809829,
        "1000" : 2.566199,
        "2000" : 0.476904,
        ">=2000" : 0.010000
      },
      "latency_depth" : 16,
      "latency_target" : 0,
      "latency_percentile" : 100.000000,
      "latency_window" : 0
    }
  ],
  "disk_util" : [
    {
      "name" : "sda",
      "read_ios" : 15325,
      "write_ios" : 6840,
      "read_sectors" : 490440,
      "write_sectors" : 340280,
      "read_merges" : 2,
      "write_merges" : 136,
      "read_ticks" : 2782308,
      "write_ticks" : 1057639,
      "in_queue" : 3846455,
      "util" : 96.607075
    }
  ]
}
