{
  "fio version" : "fio-3.36",
  "timestamp" : 1751295237,
  "timestamp_ms" : 1751295237652,
  "time" : "Mon Jun 30 14:53:57 2025",
  "global options" : {
    "ioengine" : "libaio",
    "direct" : "1",
    "directory" : "/mnt/test"
  },
  "jobs" : [
    {
      "jobname" : "webserver_test",
      "groupid" : 0,
      "job_start" : 1751295117264,
      "error" : 0,
      "eta" : 0,
      "elapsed" : 121,
      "job options" : {
        "rw" : "randread",
        "size" : "2G",
        "numjobs" : "16",
        "runtime" : "120",
        "iodepth" : "32",
        "bssplit" : "4k/90:8k/10"
      },
      "read" : {
        "io_bytes" : 158101504,
        "io_kbytes" : 154396,
        "bw_bytes" : 1313659,
        "bw" : 1282,
        "iops" : 292.109811,
        "runtime" : 120352,
        "total_ios" : 35156,
        "short_ios" : 0,
        "drop_ios" : 0,
        "slat_ns" : {
          "min" : 3773,
          "max" : 382679221,
          "mean" : 54600033.270594,
          "stddev" : 19981110.619241,
          "N" : 35156
        },
        "clat_ns" : {
          "min" : 52612572,
          "max" : 3151587601,
          "mean" : 1686945657.822819,
          "stddev" : 220650798.219901,
          "N" : 35156,
          "percentile" : {
            "1.000000" : 1166016512,
            "5.000000" : 1400897536,
            "10.000000" : 1468006400,
            "20.000000" : 1535115264,
            "30.000000" : 1585446912,
            "40.000000" : 1635778560,
            "50.000000" : 1669332992,
            "60.000000" : 1719664640,
            "70.000000" : 1769996288,
            "80.000000" : 1837105152,
            "90.000000" : 1937768448,
            "95.000000" : 2038431744,
            "99.000000" : 2264924160,
            "99.500000" : 2399141888,
            "99.900000" : 2667577344,
            "99.950000" : 2734686208,
            "99.990000" : 2936012800
          }
        },
        "lat_ns" : {
          "min" : 127086889,
          "max" : 3166993733,
          "mean" : 1741545691.093412,
          "stddev" : 222338648.506211,
          "N" : 35156
        },
        "bw_min" : 568,
        "bw_max" : 1872,
        "bw_agg" : 99.932174,
        "bw_mean" : 1282.337609,
        "bw_dev" : 13.374050,
        "bw_samples" : 3796,
        "iops_min" : 138,
        "iops_max" : 392,
        "iops_mean" : 291.995004,
        "iops_stddev" : 2.581301,
        "iops_samples" : 3796
      },
      "write" : {
        "io_bytes" : 0,
        "io_kbytes" : 0,
        "bw_bytes" : 0,
        "bw" : 0,
        "iops" : 0.000000,
        "runtime" : 0,
        "total_ios" : 0,
        "short_ios" : 0,
        "drop_ios" : 0,
        "slat_ns" : {
          "min" : 0,
          "max" : 0,
          "mean" : 0.000000,
          "stddev" : 0.000000,
          "N" : 0
        },
        "clat_ns" : {
          "min" : 0,
          "max" : 0,
          "mean" : 0.000000,
          "stddev" : 0.000000,
          "N" : 0
        },
        "lat_ns" : {
          "min" : 0,
          "max" : 0,
          "mean" : 0.000000,
          "stddev" : 0.000000,
          "N" : 0
        },
        "bw_min" : 0,
        "bw_max" : 0,
        "bw_agg" : 0.000000,
        "bw_mean" : 0.000000,
        "bw_dev" : 0.000000,
        "bw_samples" : 0,
        "iops_min" : 0,
        "iops_max" : 0,
        "iops_mean" : 0.000000,
        "iops_stddev" : 0.000000,
        "iops_samples" : 0
      },
      "trim" : {
        "io_bytes" : 0,
        "io_kbytes" : 0,
        "bw_bytes" : 0,
        "bw" : 0,
        "iops" : 0.000000,
        "runtime" : 0,
        "total_ios" : 0,
        "short_ios" : 0,
        "drop_ios" : 0,
        "slat_ns" : {
          "min" : 0,
          "max" : 0,
          "mean" : 0.000000,
          "stddev" : 0.000000,
          "N" : 0
        },
        "clat_ns" : {
          "min" : 0,
          "max" : 0,
          "mean" : 0.000000,
          "stddev" : 0.000000,
          "N" : 0
        },
        "lat_ns" : {
          "min" : 0,
          "max" : 0,
          "mean" : 0.000000,
          "stddev" : 0.000000,
          "N" : 0
        },
        "bw_min" : 0,
        "bw_max" : 0,
        "bw_agg" : 0.000000,
        "bw_mean" : 0.000000,
        "bw_dev" : 0.000000,
        "bw_samples" : 0,
        "iops_min" : 0,
        "iops_max" : 0,
        "iops_mean" : 0.000000,
        "iops_stddev" : 0.000000,
        "iops_samples" : 0
      },
      "sync" : {
        "total_ios" : 0,
        "lat_ns" : {
          "min" : 0,
          "max" : 0,
          "mean" : 0.000000,
          "stddev" : 0.000000,
          "N" : 0
        }
      },
      "job_runtime" : 1923720,
      "usr_cpu" : 0.053802,
      "sys_cpu" : 0.141445,
      "ctx" : 35190,
      "majf" : 0,
      "minf" : 1185,
      "iodepth_level" : {
        "1" : 0.100000,
        "2" : 0.100000,
        "4" : 0.182046,
        "8" : 0.364091,
        "16" : 0.728183,
        "32" : 98.589146,
        ">=64" : 0.000000
      },
      "iodepth_submit" : {
        "0" : 0.000000,
        "4" : 100.000000,
        "8" : 0.000000,
        "16" : 0.000000,
        "32" : 0.000000,
        "64" : 0.000000,
        ">=64" : 0.000000
      },
      "iodepth_complete" : {
        "0" : 0.000000,
        "4" : 99.953859,
        "8" : 0.000000,
        "16" : 0.000000,
        "32" : 0.100000,
        "64" : 0.000000,
        ">=64" : 0.000000
      },
      "latency_ns" : {
        "2" : 0.000000,
        "4" : 0.000000,
        "10" : 0.000000,
        "20" : 0.000000,
        "50" : 0.000000,
        "100" : 0.000000,
        "250" : 0.000000,
        "500" : 0.000000,
        "750" : 0.000000,
        "1000" : 0.000000
      },
      "latency_us" : {
        "2" : 0.000000,
        "4" : 0.000000,
        "10" : 0.000000,
        "20" : 0.000000,
        "50" : 0.000000,
        "100" : 0.000000,
        "250" : 0.000000,
        "500" : 0.000000,
        "750" : 0.000000,
        "1000" : 0.000000
      },
      "latency_ms" : {
        "2" : 0.000000,
        "4" : 0.000000,
        "10" : 0.000000,
        "20" : 0.000000,
        "50" : 0.000000,
        "100" : 0.010000,
        "250" : 0.062578,
        "500" : 0.244624,
        "750" : 0.244624,
        "1000" : 0.238935,
        "2000" : 92.664126,
        ">=2000" : 6.542269
      },
      "latency_depth" : 32,
      "latency_target" : 0,
      "latency_percentile" : 100.000000,
      "latency_window" : 0
    }
  ],
  "disk_util" : [
    {
      "name" : "sda",
      "read_ios" : 35146,
      "write_ios" : 294,
      "read_sectors" : 308704,
      "write_sectors" : 226048,
      "read_merges" : 0,
      "write_merges" : 99,
      "read_ticks" : 7636791,
      "write_ticks" : 45654,
      "in_queue" : 7692674,
      "util" : 96.751383
    }
  ]
}
