{
  "fio version" : "fio-3.36",
  "timestamp" : 1752844408,
  "timestamp_ms" : 1752844408865,
  "time" : "Fri Jul 18 13:13:28 2025",
  "global options" : {
    "ioengine" : "libaio",
    "direct" : "0",
    "directory" : "/mnt/test",
    "buffer_compress_percentage" : "70",
    "buffer_pattern" : "0xdeadbeef"
  },
  "jobs" : [
    {
      "jobname" : "archive_test",
      "groupid" : 0,
      "job_start" : 1752844314169,
      "error" : 0,
      "eta" : 0,
      "elapsed" : 95,
      "job options" : {
        "rw" : "write",
        "size" : "10G",
        "numjobs" : "3",
        "runtime" : "180",
        "iodepth" : "128",
        "bssplit" : "64k/70:128k/30"
      },
      "read" : {
        "io_bytes" : 0,
        "io_kbytes" : 0,
        "bw_bytes" : 0,
        "bw" : 0,
        "iops" : 0.000000,
        "runtime" : 0,
        "total_ios" : 0,
        "short_ios" : 0,
        "drop_ios" : 0,
        "slat_ns" : {
          "min" : 0,
          "max" : 0,
          "mean" : 0.000000,
          "stddev" : 0.000000,
          "N" : 0
        },
        "clat_ns" : {
          "min" : 0,
          "max" : 0,
          "mean" : 0.000000,
          "stddev" : 0.000000,
          "N" : 0
        },
        "lat_ns" : {
          "min" : 0,
          "max" : 0,
          "mean" : 0.000000,
          "stddev" : 0.000000,
          "N" : 0
        },
        "bw_min" : 0,
        "bw_max" : 0,
        "bw_agg" : 0.000000,
        "bw_mean" : 0.000000,
        "bw_dev" : 0.000000,
        "bw_samples" : 0,
        "iops_min" : 0,
        "iops_max" : 0,
        "iops_mean" : 0.000000,
        "iops_stddev" : 0.000000,
        "iops_samples" : 0
      },
      "write" : {
        "io_bytes" : 32212254720,
        "io_kbytes" : 31457280,
        "bw_bytes" : 340279881,
        "bw" : 332304,
        "iops" : 3993.228682,
        "runtime" : 94664,
        "total_ios" : 378015,
        "short_ios" : 0,
        "drop_ios" : 0,
        "slat_ns" : {
          "min" : 5857,
          "max" : 4524496400,
          "mean" : 731161.839533,
          "stddev" : 46663347.423387,
          "N" : 378015
        },
        "clat_ns" : {
          "min" : 1623,
          "max" : 4548943623,
          "mean" : 95364662.670648,
          "stddev" : 520419543.330542,
          "N" : 378015,
          "percentile" : {
            "1.000000" : 3948544,
            "5.000000" : 4227072,
            "10.000000" : 4358144,
            "20.000000" : 4620288,
            "30.000000" : 4947968,
            "40.000000" : 5734400,
            "50.000000" : 6062080,
            "60.000000" : 6651904,
            "70.000000" : 10158080,
            "80.000000" : 14221312,
            "90.000000" : 21364736,
            "95.000000" : 27918336,
            "99.000000" : 3841982464,
            "99.500000" : 4211081216,
            "99.900000" : 4529848320,
            "99.950000" : 4529848320,
            "99.990000" : 4529848320
          }
        },
        "lat_ns" : {
          "min" : 7837,
          "max" : 4549096371,
          "mean" : 96095824.510180,
          "stddev" : 522416789.824605,
          "N" : 378015
        },
        "bw_min" : 122752,
        "bw_max" : 3232128,
        "bw_agg" : 100.000000,
        "bw_mean" : 1356194.934783,
        "bw_dev" : 290250.371534,
        "bw_samples" : 138,
        "iops_min" : 1484,
        "iops_max" : 38842,
        "iops_mean" : 16297.782609,
        "iops_stddev" : 3491.801400,
        "iops_samples" : 138
      },
      "trim" : {
        "io_bytes" : 0,
        "io_kbytes" : 0,
        "bw_bytes" : 0,
        "bw" : 0,
        "iops" : 0.000000,
        "runtime" : 0,
        "total_ios" : 0,
        "short_ios" : 0,
        "drop_ios" : 0,
        "slat_ns" : {
          "min" : 0,
          "max" : 0,
          "mean" : 0.000000,
          "stddev" : 0.000000,
          "N" : 0
        },
        "clat_ns" : {
          "min" : 0,
          "max" : 0,
          "mean" : 0.000000,
          "stddev" : 0.000000,
          "N" : 0
        },
        "lat_ns" : {
          "min" : 0,
          "max" : 0,
          "mean" : 0.000000,
          "stddev" : 0.000000,
          "N" : 0
        },
        "bw_min" : 0,
        "bw_max" : 0,
        "bw_agg" : 0.000000,
        "bw_mean" : 0.000000,
        "bw_dev" : 0.000000,
        "bw_samples" : 0,
        "iops_min" : 0,
        "iops_max" : 0,
        "iops_mean" : 0.000000,
        "iops_stddev" : 0.000000,
        "iops_samples" : 0
      },
      "sync" : {
        "total_ios" : 0,
        "lat_ns" : {
          "min" : 0,
          "max" : 0,
          "mean" : 0.000000,
          "stddev" : 0.000000,
          "N" : 0
        }
      },
      "job_runtime" : 283854,
      "usr_cpu" : 2.461477,
      "sys_cpu" : 2.671091,
      "ctx" : 98001,
      "majf" : 0,
      "minf" : 42,
      "iodepth_level" : {
        "1" : 0.100000,
        "2" : 0.100000,
        "4" : 0.100000,
        "8" : 0.100000,
        "16" : 0.100000,
        "32" : 0.100000,
        ">=64" : 99.950002
      },
      "iodepth_submit" : {
        "0" : 0.000000,
        "4" : 100.000000,
        "8" : 0.000000,
        "16" : 0.000000,
        "32" : 0.000000,
        "64" : 0.000000,
        ">=64" : 0.000000
      },
      "iodepth_complete" : {
        "0" : 0.000000,
        "4" : 99.999206,
        "8" : 0.000000,
        "16" : 0.000000,
        "32" : 0.000000,
        "64" : 0.000000,
        ">=64" : 0.100000
      },
      "latency_ns" : {
        "2" : 0.000000,
        "4" : 0.000000,
        "10" : 0.000000,
        "20" : 0.000000,
        "50" : 0.000000,
        "100" : 0.000000,
        "250" : 0.000000,
        "500" : 0.000000,
        "750" : 0.000000,
        "1000" : 0.000000
      },
      "latency_us" : {
        "2" : 0.010000,
        "4" : 0.010000,
        "10" : 0.000000,
        "20" : 0.010000,
        "50" : 0.010000,
        "100" : 0.010000,
        "250" : 0.010000,
        "500" : 0.010000,
        "750" : 0.010000,
        "1000" : 0.010000
      },
      "latency_ms" : {
        "2" : 0.026189,
        "4" : 1.272701,
        "10" : 68.281417,
        "20" : 18.405090,
        "50" : 8.940386,
        "100" : 0.022750,
        "250" : 0.000000,
        "500" : 0.000000,
        "750" : 0.000000,
        "1000" : 0.000000,
        "2000" : 0.935148,
        ">=2000" : 2.088541
      },
      "latency_depth" : 128,
      "latency_target" : 0,
      "latency_percentile" : 100.000000,
      "latency_window" : 0
    }
  ]
}
