{
  "fio version" : "fio-3.36",
  "timestamp" : 1751685031,
  "timestamp_ms" : 1751685031613,
  "time" : "Sat Jul  5 03:10:31 2025",
  "global options" : {
    "ioengine" : "libaio",
    "direct" : "1",
    "directory" : "/mnt/test"
  },
  "jobs" : [
    {
      "jobname" : "webserver_test",
      "groupid" : 0,
      "job_start" : 1751685026560,
      "error" : 0,
      "eta" : 0,
      "elapsed" : 6,
      "job options" : {
        "rw" : "randread",
        "size" : "2M",
        "numjobs" : "16",
        "runtime" : "5",
        "iodepth" : "32",
        "bssplit" : "4k/90:8k/10"
      },
      "read" : {
        "io_bytes" : 5512339456,
        "io_kbytes" : 5383144,
        "bw_bytes" : 1098075588,
        "bw" : 1072339,
        "iops" : 251800.796813,
        "runtime" : 5020,
        "total_ios" : 1264040,
        "short_ios" : 0,
        "drop_ios" : 0,
        "slat_ns" : {
          "min" : 1731,
          "max" : 232972018,
          "mean" : 62050.461675,
          "stddev" : 1190726.757928,
          "N" : 1264040
        },
        "clat_ns" : {
          "min" : 7527,
          "max" : 852021921,
          "mean" : 1963675.632319,
          "stddev" : 14168616.687320,
          "N" : 1264040,
          "percentile" : {
            "1.000000" : 97792,
            "5.000000" : 119296,
            "10.000000" : 140288,
            "20.000000" : 585728,
            "30.000000" : 667648,
            "40.000000" : 741376,
            "50.000000" : 1155072,
            "60.000000" : 1253376,
            "70.000000" : 1433600,
            "80.000000" : 1810432,
            "90.000000" : 2310144,
            "95.000000" : 2801664,
            "99.000000" : 7241728,
            "99.500000" : 29753344,
            "99.900000" : 221249536,
            "99.950000" : 337641472,
            "99.990000" : 566231040
          }
        },
        "lat_ns" : {
          "min" : 84377,
          "max" : 856202436,
          "mean" : 2025726.093995,
          "stddev" : 14551667.473047,
          "N" : 1264040
        },
        "bw_min" : 5536,
        "bw_max" : 1865776,
        "bw_agg" : 100.000000,
        "bw_mean" : 1170498.222222,
        "bw_dev" : 49985.972955,
        "bw_samples" : 148,
        "iops_min" : 1314,
        "iops_max" : 438148,
        "iops_mean" : 274846.133333,
        "iops_stddev" : 11737.293857,
        "iops_samples" : 148
      },
      "write" : {
        "io_bytes" : 0,
        "io_kbytes" : 0,
        "bw_bytes" : 0,
        "bw" : 0,
        "iops" : 0.000000,
        "runtime" : 0,
        "total_ios" : 0,
        "short_ios" : 0,
        "drop_ios" : 0,
        "slat_ns" : {
          "min" : 0,
          "max" : 0,
          "mean" : 0.000000,
          "stddev" : 0.000000,
          "N" : 0
        },
        "clat_ns" : {
          "min" : 0,
          "max" : 0,
          "mean" : 0.000000,
          "stddev" : 0.000000,
          "N" : 0
        },
        "lat_ns" : {
          "min" : 0,
          "max" : 0,
          "mean" : 0.000000,
          "stddev" : 0.000000,
          "N" : 0
        },
        "bw_min" : 0,
        "bw_max" : 0,
        "bw_agg" : 0.000000,
        "bw_mean" : 0.000000,
        "bw_dev" : 0.000000,
        "bw_samples" : 0,
        "iops_min" : 0,
        "iops_max" : 0,
        "iops_mean" : 0.000000,
        "iops_stddev" : 0.000000,
        "iops_samples" : 0
      },
      "trim" : {
        "io_bytes" : 0,
        "io_kbytes" : 0,
        "bw_bytes" : 0,
        "bw" : 0,
        "iops" : 0.000000,
        "runtime" : 0,
        "total_ios" : 0,
        "short_ios" : 0,
        "drop_ios" : 0,
        "slat_ns" : {
          "min" : 0,
          "max" : 0,
          "mean" : 0.000000,
          "stddev" : 0.000000,
          "N" : 0
        },
        "clat_ns" : {
          "min" : 0,
          "max" : 0,
          "mean" : 0.000000,
          "stddev" : 0.000000,
          "N" : 0
        },
        "lat_ns" : {
          "min" : 0,
          "max" : 0,
          "mean" : 0.000000,
          "stddev" : 0.000000,
          "N" : 0
        },
        "bw_min" : 0,
        "bw_max" : 0,
        "bw_agg" : 0.000000,
        "bw_mean" : 0.000000,
        "bw_dev" : 0.000000,
        "bw_samples" : 0,
        "iops_min" : 0,
        "iops_max" : 0,
        "iops_mean" : 0.000000,
        "iops_stddev" : 0.000000,
        "iops_samples" : 0
      },
      "sync" : {
        "total_ios" : 0,
        "lat_ns" : {
          "min" : 0,
          "max" : 0,
          "mean" : 0.000000,
          "stddev" : 0.000000,
          "N" : 0
        }
      },
      "job_runtime" : 80045,
      "usr_cpu" : 1.866450,
      "sys_cpu" : 7.608220,
      "ctx" : 78382,
      "majf" : 0,
      "minf" : 1226,
      "iodepth_level" : {
        "1" : 0.100000,
        "2" : 0.100000,
        "4" : 0.100000,
        "8" : 0.100000,
        "16" : 0.100000,
        "32" : 99.960761,
        ">=64" : 0.000000
      },
      "iodepth_submit" : {
        "0" : 0.000000,
        "4" : 100.000000,
        "8" : 0.000000,
        "16" : 0.000000,
        "32" : 0.000000,
        "64" : 0.000000,
        ">=64" : 0.000000
      },
      "iodepth_complete" : {
        "0" : 0.000000,
        "4" : 99.998734,
        "8" : 0.000000,
        "16" : 0.000000,
        "32" : 0.100000,
        "64" : 0.000000,
        ">=64" : 0.000000
      },
      "latency_ns" : {
        "2" : 0.000000,
        "4" : 0.000000,
        "10" : 0.000000,
        "20" : 0.000000,
        "50" : 0.000000,
        "100" : 0.000000,
        "250" : 0.000000,
        "500" : 0.000000,
        "750" : 0.000000,
        "1000" : 0.000000
      },
      "latency_us" : {
        "2" : 0.000000,
        "4" : 0.000000,
        "10" : 0.010000,
        "20" : 0.010000,
        "50" : 0.000000,
        "100" : 1.441727,
        "250" : 15.673634,
        "500" : 0.577118,
        "750" : 23.142859,
        "1000" : 4.717018
      },
      "latency_ms" : {
        "2" : 40.549903,
        "4" : 12.497310,
        "10" : 0.523876,
        "20" : 0.247935,
        "50" : 0.257745,
        "100" : 0.111468,
        "250" : 0.176972,
        "500" : 0.067086,
        "750" : 0.012895,
        "1000" : 0.010000,
        "2000" : 0.000000,
        ">=2000" : 0.000000
      },
      "latency_depth" : 32,
      "latency_target" : 0,
      "latency_percentile" : 100.000000,
      "latency_window" : 0
    }
  ]
}
