{
  "fio version" : "fio-3.36",
  "timestamp" : 1751703449,
  "timestamp_ms" : 1751703449955,
  "time" : "Sat Jul  5 08:17:29 2025",
  "global options" : {
    "ioengine" : "libaio",
    "direct" : "1",
    "directory" : "/mnt/test"
  },
  "jobs" : [
    {
      "jobname" : "database_mysql_innodb_test",
      "groupid" : 0,
      "job_start" : 1751703444902,
      "error" : 0,
      "eta" : 0,
      "elapsed" : 6,
      "job options" : {
        "rw" : "randrw",
        "rwmixread" : "70",
        "size" : "1M",
        "numjobs" : "8",
        "runtime" : "5",
        "iodepth" : "16",
        "bssplit" : "16k"
      },
      "read" : {
        "io_bytes" : 548519936,
        "io_kbytes" : 535664,
        "bw_bytes" : 109682050,
        "bw" : 107111,
        "iops" : 6694.461108,
        "runtime" : 5001,
        "total_ios" : 33479,
        "short_ios" : 0,
        "drop_ios" : 0,
        "slat_ns" : {
          "min" : 98934,
          "max" : 453719614,
          "mean" : 842925.633860,
          "stddev" : 6979573.750255,
          "N" : 33479
        },
        "clat_ns" : {
          "min" : 10019,
          "max" : 842948226,
          "mean" : 12506832.520535,
          "stddev" : 40423735.551037,
          "N" : 33479,
          "percentile" : {
            "1.000000" : 2768896,
            "5.000000" : 3457024,
            "10.000000" : 5472256,
            "20.000000" : 5734400,
            "30.000000" : 5799936,
            "40.000000" : 5931008,
            "50.000000" : 5996544,
            "60.000000" : 6127616,
            "70.000000" : 6324224,
            "80.000000" : 6979584,
            "90.000000" : 20054016,
            "95.000000" : 34340864,
            "99.000000" : 103284736,
            "99.500000" : 223346688,
            "99.900000" : 750780416,
            "99.950000" : 767557632,
            "99.990000" : 784334848
          }
        },
        "lat_ns" : {
          "min" : 2649655,
          "max" : 849744290,
          "mean" : 13349758.154395,
          "stddev" : 42258563.553873,
          "N" : 33479
        },
        "bw_min" : 448,
        "bw_max" : 201152,
        "bw_agg" : 91.737220,
        "bw_mean" : 98261.333333,
        "bw_dev" : 6785.988665,
        "bw_samples" : 72,
        "iops_min" : 28,
        "iops_max" : 12572,
        "iops_mean" : 6141.333333,
        "iops_stddev" : 424.124292,
        "iops_samples" : 72
      },
      "write" : {
        "io_bytes" : 239157248,
        "io_kbytes" : 233552,
        "bw_bytes" : 47821885,
        "bw" : 46701,
        "iops" : 2918.816237,
        "runtime" : 5001,
        "total_ios" : 14597,
        "short_ios" : 0,
        "drop_ios" : 0,
        "slat_ns" : {
          "min" : 143536,
          "max" : 464399983,
          "mean" : 781734.596424,
          "stddev" : 6013827.230774,
          "N" : 14597
        },
        "clat_ns" : {
          "min" : 29750,
          "max" : 849406212,
          "mean" : 12407279.774406,
          "stddev" : 37654996.834903,
          "N" : 14597,
          "percentile" : {
            "1.000000" : 2768896,
            "5.000000" : 3489792,
            "10.000000" : 5472256,
            "20.000000" : 5734400,
            "30.000000" : 5865472,
            "40.000000" : 5931008,
            "50.000000" : 6062080,
            "60.000000" : 6127616,
            "70.000000" : 6324224,
            "80.000000" : 7110656,
            "90.000000" : 21102592,
            "95.000000" : 35389440,
            "99.000000" : 101187584,
            "99.500000" : 223346688,
            "99.900000" : 750780416,
            "99.950000" : 767557632,
            "99.990000" : 817889280
          }
        },
        "lat_ns" : {
          "min" : 2696224,
          "max" : 852749349,
          "mean" : 13189014.370830,
          "stddev" : 38734391.518835,
          "N" : 14597
        },
        "bw_min" : 13184,
        "bw_max" : 88384,
        "bw_agg" : 97.047049,
        "bw_mean" : 45322.222222,
        "bw_dev" : 2789.055283,
        "bw_samples" : 68,
        "iops_min" : 824,
        "iops_max" : 5524,
        "iops_mean" : 2832.638889,
        "iops_stddev" : 174.315955,
        "iops_samples" : 68
      },
      "trim" : {
        "io_bytes" : 0,
        "io_kbytes" : 0,
        "bw_bytes" : 0,
        "bw" : 0,
        "iops" : 0.000000,
        "runtime" : 0,
        "total_ios" : 0,
        "short_ios" : 0,
        "drop_ios" : 0,
        "slat_ns" : {
          "min" : 0,
          "max" : 0,
          "mean" : 0.000000,
          "stddev" : 0.000000,
          "N" : 0
        },
        "clat_ns" : {
          "min" : 0,
          "max" : 0,
          "mean" : 0.000000,
          "stddev" : 0.000000,
          "N" : 0
        },
        "lat_ns" : {
          "min" : 0,
          "max" : 0,
          "mean" : 0.000000,
          "stddev" : 0.000000,
          "N" : 0
        },
        "bw_min" : 0,
        "bw_max" : 0,
        "bw_agg" : 0.000000,
        "bw_mean" : 0.000000,
        "bw_dev" : 0.000000,
        "bw_samples" : 0,
        "iops_min" : 0,
        "iops_max" : 0,
        "iops_mean" : 0.000000,
        "iops_stddev" : 0.000000,
        "iops_samples" : 0
      },
      "sync" : {
        "total_ios" : 0,
        "lat_ns" : {
          "min" : 0,
          "max" : 0,
          "mean" : 0.000000,
          "stddev" : 0.000000,
          "N" : 0
        }
      },
      "job_runtime" : 40000,
      "usr_cpu" : 1.055000,
      "sys_cpu" : 10.100000,
      "ctx" : 48171,
      "majf" : 0,
      "minf" : 95,
      "iodepth_level" : {
        "1" : 0.100000,
        "2" : 0.100000,
        "4" : 0.100000,
        "8" : 0.133123,
        "16" : 99.750395,
        "32" : 0.000000,
        ">=64" : 0.000000
      },
      "iodepth_submit" : {
        "0" : 0.000000,
        "4" : 100.000000,
        "8" : 0.000000,
        "16" : 0.000000,
        "32" : 0.000000,
        "64" : 0.000000,
        ">=64" : 0.000000
      },
      "iodepth_complete" : {
        "0" : 0.000000,
        "4" : 99.983321,
        "8" : 0.000000,
        "16" : 0.100000,
        "32" : 0.000000,
        "64" : 0.000000,
        ">=64" : 0.000000
      },
      "latency_ns" : {
        "2" : 0.000000,
        "4" : 0.000000,
        "10" : 0.000000,
        "20" : 0.000000,
        "50" : 0.000000,
        "100" : 0.000000,
        "250" : 0.000000,
        "500" : 0.000000,
        "750" : 0.000000,
        "1000" : 0.000000
      },
      "latency_us" : {
        "2" : 0.000000,
        "4" : 0.000000,
        "10" : 0.000000,
        "20" : 0.012480,
        "50" : 0.010000,
        "100" : 0.000000,
        "250" : 0.000000,
        "500" : 0.000000,
        "750" : 0.000000,
        "1000" : 0.000000
      },
      "latency_ms" : {
        "2" : 0.000000,
        "4" : 5.740910,
        "10" : 77.204842,
        "20" : 6.770530,
        "50" : 7.465263,
        "100" : 1.763874,
        "250" : 0.582411,
        "500" : 0.218404,
        "750" : 0.143523,
        "1000" : 0.093602,
        "2000" : 0.000000,
        ">=2000" : 0.000000
      },
      "latency_depth" : 16,
      "latency_target" : 0,
      "latency_percentile" : 100.000000,
      "latency_window" : 0
    }
  ]
}
