{
  "fio version" : "fio-3.36",
  "timestamp" : 1751702699,
  "timestamp_ms" : 1751702699681,
  "time" : "Sat Jul  5 08:04:59 2025",
  "global options" : {
    "ioengine" : "libaio",
    "direct" : "1",
    "directory" : "/mnt/test"
  },
  "jobs" : [
    {
      "jobname" : "database_mysql_innodb_test",
      "groupid" : 0,
      "job_start" : 1751702694630,
      "error" : 0,
      "eta" : 0,
      "elapsed" : 6,
      "job options" : {
        "rw" : "randrw",
        "rwmixread" : "70",
        "size" : "1M",
        "numjobs" : "8",
        "runtime" : "5",
        "iodepth" : "16",
        "bssplit" : "16k"
      },
      "read" : {
        "io_bytes" : 506380288,
        "io_kbytes" : 494512,
        "bw_bytes" : 100973138,
        "bw" : 98606,
        "iops" : 6162.911266,
        "runtime" : 5015,
        "total_ios" : 30907,
        "short_ios" : 0,
        "drop_ios" : 0,
        "slat_ns" : {
          "min" : 106739,
          "max" : 369819816,
          "mean" : 896242.255217,
          "stddev" : 7872084.317258,
          "N" : 30907
        },
        "clat_ns" : {
          "min" : 10941,
          "max" : 1009871260,
          "mean" : 13294432.413596,
          "stddev" : 42922170.564080,
          "N" : 30907,
          "percentile" : {
            "1.000000" : 2965504,
            "5.000000" : 4685824,
            "10.000000" : 5472256,
            "20.000000" : 5734400,
            "30.000000" : 5799936,
            "40.000000" : 5931008,
            "50.000000" : 5996544,
            "60.000000" : 6127616,
            "70.000000" : 6324224,
            "80.000000" : 7045120,
            "90.000000" : 16187392,
            "95.000000" : 29229056,
            "99.000000" : 267386880,
            "99.500000" : 358612992,
            "99.900000" : 574619648,
            "99.950000" : 658505728,
            "99.990000" : 784334848
          }
        },
        "lat_ns" : {
          "min" : 449124,
          "max" : 1050530371,
          "mean" : 14190674.668813,
          "stddev" : 45258726.289066,
          "N" : 30907
        },
        "bw_min" : 1760,
        "bw_max" : 204160,
        "bw_agg" : 97.178099,
        "bw_mean" : 95824.866667,
        "bw_dev" : 8301.008096,
        "bw_samples" : 76,
        "iops_min" : 110,
        "iops_max" : 12760,
        "iops_mean" : 5988.966667,
        "iops_stddev" : 518.808048,
        "iops_samples" : 76
      },
      "write" : {
        "io_bytes" : 221200384,
        "io_kbytes" : 216016,
        "bw_bytes" : 44107753,
        "bw" : 43073,
        "iops" : 2692.123629,
        "runtime" : 5015,
        "total_ios" : 13501,
        "short_ios" : 0,
        "drop_ios" : 0,
        "slat_ns" : {
          "min" : 136728,
          "max" : 301787454,
          "mean" : 888641.194504,
          "stddev" : 6377800.265020,
          "N" : 13501
        },
        "clat_ns" : {
          "min" : 14503,
          "max" : 1050057852,
          "mean" : 14031532.739353,
          "stddev" : 47711626.532429,
          "N" : 13501,
          "percentile" : {
            "1.000000" : 2899968,
            "5.000000" : 4751360,
            "10.000000" : 5537792,
            "20.000000" : 5734400,
            "30.000000" : 5799936,
            "40.000000" : 5931008,
            "50.000000" : 5996544,
            "60.000000" : 6127616,
            "70.000000" : 6324224,
            "80.000000" : 6979584,
            "90.000000" : 15532032,
            "95.000000" : 29491200,
            "99.000000" : 287309824,
            "99.500000" : 362807296,
            "99.900000" : 658505728,
            "99.950000" : 750780416,
            "99.990000" : 1052770304
          }
        },
        "lat_ns" : {
          "min" : 2413512,
          "max" : 1050705507,
          "mean" : 14920173.933857,
          "stddev" : 49332524.212560,
          "N" : 13501
        },
        "bw_min" : 1472,
        "bw_max" : 88128,
        "bw_agg" : 98.560668,
        "bw_mean" : 42454.988889,
        "bw_dev" : 3558.412084,
        "bw_samples" : 75,
        "iops_min" : 92,
        "iops_max" : 5508,
        "iops_mean" : 2653.355556,
        "iops_stddev" : 222.396017,
        "iops_samples" : 75
      },
      "trim" : {
        "io_bytes" : 0,
        "io_kbytes" : 0,
        "bw_bytes" : 0,
        "bw" : 0,
        "iops" : 0.000000,
        "runtime" : 0,
        "total_ios" : 0,
        "short_ios" : 0,
        "drop_ios" : 0,
        "slat_ns" : {
          "min" : 0,
          "max" : 0,
          "mean" : 0.000000,
          "stddev" : 0.000000,
          "N" : 0
        },
        "clat_ns" : {
          "min" : 0,
          "max" : 0,
          "mean" : 0.000000,
          "stddev" : 0.000000,
          "N" : 0
        },
        "lat_ns" : {
          "min" : 0,
          "max" : 0,
          "mean" : 0.000000,
          "stddev" : 0.000000,
          "N" : 0
        },
        "bw_min" : 0,
        "bw_max" : 0,
        "bw_agg" : 0.000000,
        "bw_mean" : 0.000000,
        "bw_dev" : 0.000000,
        "bw_samples" : 0,
        "iops_min" : 0,
        "iops_max" : 0,
        "iops_mean" : 0.000000,
        "iops_stddev" : 0.000000,
        "iops_samples" : 0
      },
      "sync" : {
        "total_ios" : 0,
        "lat_ns" : {
          "min" : 0,
          "max" : 0,
          "mean" : 0.000000,
          "stddev" : 0.000000,
          "N" : 0
        }
      },
      "job_runtime" : 40035,
      "usr_cpu" : 0.944174,
      "sys_cpu" : 9.314350,
      "ctx" : 44580,
      "majf" : 0,
      "minf" : 92,
      "iodepth_level" : {
        "1" : 0.100000,
        "2" : 0.100000,
        "4" : 0.100000,
        "8" : 0.144118,
        "16" : 99.729778,
        "32" : 0.000000,
        ">=64" : 0.000000
      },
      "iodepth_submit" : {
        "0" : 0.000000,
        "4" : 100.000000,
        "8" : 0.000000,
        "16" : 0.000000,
        "32" : 0.000000,
        "64" : 0.000000,
        ">=64" : 0.000000
      },
      "iodepth_complete" : {
        "0" : 0.000000,
        "4" : 99.981940,
        "8" : 0.000000,
        "16" : 0.100000,
        "32" : 0.000000,
        "64" : 0.000000,
        ">=64" : 0.000000
      },
      "latency_ns" : {
        "2" : 0.000000,
        "4" : 0.000000,
        "10" : 0.000000,
        "20" : 0.000000,
        "50" : 0.000000,
        "100" : 0.000000,
        "250" : 0.000000,
        "500" : 0.000000,
        "750" : 0.000000,
        "1000" : 0.000000
      },
      "latency_us" : {
        "2" : 0.000000,
        "4" : 0.000000,
        "10" : 0.000000,
        "20" : 0.018015,
        "50" : 0.000000,
        "100" : 0.000000,
        "250" : 0.000000,
        "500" : 0.010000,
        "750" : 0.000000,
        "1000" : 0.000000
      },
      "latency_ms" : {
        "2" : 0.000000,
        "4" : 3.073770,
        "10" : 81.143037,
        "20" : 7.467123,
        "50" : 5.397676,
        "100" : 1.357863,
        "250" : 0.470636,
        "500" : 0.875968,
        "750" : 0.166637,
        "1000" : 0.020267,
        "2000" : 0.010000,
        ">=2000" : 0.000000
      },
      "latency_depth" : 16,
      "latency_target" : 0,
      "latency_percentile" : 100.000000,
      "latency_window" : 0
    }
  ]
}
