{
  "fio version" : "fio-3.36",
  "timestamp" : 1753075780,
  "timestamp_ms" : 1753075780383,
  "time" : "Mon Jul 21 05:29:40 2025",
  "global options" : {
    "ioengine" : "libaio",
    "direct" : "0",
    "directory" : "/mnt/test",
    "buffer_compress_percentage" : "70",
    "buffer_pattern" : "0xdeadbeef"
  },
  "jobs" : [
    {
      "jobname" : "database_test",
      "groupid" : 0,
      "job_start" : 1753075720177,
      "error" : 0,
      "eta" : 0,
      "elapsed" : 61,
      "job options" : {
        "rw" : "randrw",
        "rwmixread" : "70",
        "size" : "3G",
        "numjobs" : "24",
        "runtime" : "60",
        "iodepth" : "16",
        "bssplit" : "4k/80:8k/20"
      },
      "read" : {
        "io_bytes" : 3394232320,
        "io_kbytes" : 3314680,
        "bw_bytes" : 56414458,
        "bw" : 55092,
        "iops" : 11800.169531,
        "runtime" : 60166,
        "total_ios" : 709969,
        "short_ios" : 0,
        "drop_ios" : 0,
        "slat_ns" : {
          "min" : 2006,
          "max" : 1770605752,
          "mean" : 1388629.140899,
          "stddev" : 20136499.818332,
          "N" : 709969
        },
        "clat_ns" : {
          "min" : 1652,
          "max" : 10428458698,
          "mean" : 21235251.481300,
          "stddev" : 230333867.965340,
          "N" : 709969,
          "percentile" : {
            "1.000000" : 333824,
            "5.000000" : 444416,
            "10.000000" : 528384,
            "20.000000" : 684032,
            "30.000000" : 880640,
            "40.000000" : 1204224,
            "50.000000" : 2572288,
            "60.000000" : 3653632,
            "70.000000" : 4358144,
            "80.000000" : 5144576,
            "90.000000" : 6520832,
            "95.000000" : 12124160,
            "99.000000" : 57933824,
            "99.500000" : 1518338048,
            "99.900000" : 3137339392,
            "99.950000" : 4076863488,
            "99.990000" : 7818182656
          }
        },
        "lat_ns" : {
          "min" : 160274,
          "max" : 10865655802,
          "mean" : 22623880.622199,
          "stddev" : 245130881.230971,
          "N" : 709969
        },
        "bw_min" : 2112,
        "bw_max" : 275032,
        "bw_agg" : 100.000000,
        "bw_mean" : 55695.246993,
        "bw_dev" : 6791.234184,
        "bw_samples" : 2575,
        "iops_min" : 438,
        "iops_max" : 59696,
        "iops_mean" : 11917.940023,
        "iops_stddev" : 1487.922367,
        "iops_samples" : 2575
      },
      "write" : {
        "io_bytes" : 1448931328,
        "io_kbytes" : 1414972,
        "bw_bytes" : 24082227,
        "bw" : 23517,
        "iops" : 5037.446398,
        "runtime" : 60166,
        "total_ios" : 303083,
        "short_ios" : 0,
        "drop_ios" : 0,
        "slat_ns" : {
          "min" : 21300,
          "max" : 1527817880,
          "mean" : 1488793.094703,
          "stddev" : 19081361.714092,
          "N" : 303083
        },
        "clat_ns" : {
          "min" : 12837,
          "max" : 10203381981,
          "mean" : 21613308.264324,
          "stddev" : 225298635.110505,
          "N" : 303083,
          "percentile" : {
            "1.000000" : 337920,
            "5.000000" : 456704,
            "10.000000" : 544768,
            "20.000000" : 700416,
            "30.000000" : 897024,
            "40.000000" : 1269760,
            "50.000000" : 2867200,
            "60.000000" : 3948544,
            "70.000000" : 4751360,
            "80.000000" : 5537792,
            "90.000000" : 6914048,
            "95.000000" : 15794176,
            "99.000000" : 61603840,
            "99.500000" : 1568669696,
            "99.900000" : 3137339392,
            "99.950000" : 3640655872,
            "99.990000" : 7616856064
          }
        },
        "lat_ns" : {
          "min" : 229004,
          "max" : 10572509534,
          "mean" : 23102101.359027,
          "stddev" : 238582945.863118,
          "N" : 303083
        },
        "bw_min" : 1078,
        "bw_max" : 115779,
        "bw_agg" : 100.000000,
        "bw_mean" : 24542.955282,
        "bw_dev" : 3322.312100,
        "bw_samples" : 1934,
        "iops_min" : 234,
        "iops_max" : 25347,
        "iops_mean" : 5249.359203,
        "iops_stddev" : 729.396065,
        "iops_samples" : 1934
      },
      "trim" : {
        "io_bytes" : 0,
        "io_kbytes" : 0,
        "bw_bytes" : 0,
        "bw" : 0,
        "iops" : 0.000000,
        "runtime" : 0,
        "total_ios" : 0,
        "short_ios" : 0,
        "drop_ios" : 0,
        "slat_ns" : {
          "min" : 0,
          "max" : 0,
          "mean" : 0.000000,
          "stddev" : 0.000000,
          "N" : 0
        },
        "clat_ns" : {
          "min" : 0,
          "max" : 0,
          "mean" : 0.000000,
          "stddev" : 0.000000,
          "N" : 0
        },
        "lat_ns" : {
          "min" : 0,
          "max" : 0,
          "mean" : 0.000000,
          "stddev" : 0.000000,
          "N" : 0
        },
        "bw_min" : 0,
        "bw_max" : 0,
        "bw_agg" : 0.000000,
        "bw_mean" : 0.000000,
        "bw_dev" : 0.000000,
        "bw_samples" : 0,
        "iops_min" : 0,
        "iops_max" : 0,
        "iops_mean" : 0.000000,
        "iops_stddev" : 0.000000,
        "iops_samples" : 0
      },
      "sync" : {
        "total_ios" : 0,
        "lat_ns" : {
          "min" : 0,
          "max" : 0,
          "mean" : 0.000000,
          "stddev" : 0.000000,
          "N" : 0
        }
      },
      "job_runtime" : 1441841,
      "usr_cpu" : 0.328746,
      "sys_cpu" : 4.772926,
      "ctx" : 418352,
      "majf" : 0,
      "minf" : 328,
      "iodepth_level" : {
        "1" : 0.100000,
        "2" : 0.100000,
        "4" : 0.100000,
        "8" : 0.100000,
        "16" : 99.964464,
        "32" : 0.000000,
        ">=64" : 0.000000
      },
      "iodepth_submit" : {
        "0" : 0.000000,
        "4" : 100.000000,
        "8" : 0.000000,
        "16" : 0.000000,
        "32" : 0.000000,
        "64" : 0.000000,
        ">=64" : 0.000000
      },
      "iodepth_complete" : {
        "0" : 0.000000,
        "4" : 99.997630,
        "8" : 0.000000,
        "16" : 0.100000,
        "32" : 0.000000,
        "64" : 0.000000,
        ">=64" : 0.000000
      },
      "latency_ns" : {
        "2" : 0.000000,
        "4" : 0.000000,
        "10" : 0.000000,
        "20" : 0.000000,
        "50" : 0.000000,
        "100" : 0.000000,
        "250" : 0.000000,
        "500" : 0.000000,
        "750" : 0.000000,
        "1000" : 0.000000
      },
      "latency_us" : {
        "2" : 0.010000,
        "4" : 0.010000,
        "10" : 0.000000,
        "20" : 0.010000,
        "50" : 0.010000,
        "100" : 0.000000,
        "250" : 0.015498,
        "500" : 7.977281,
        "750" : 15.502659,
        "1000" : 10.999238
      },
      "latency_ms" : {
        "2" : 12.047457,
        "4" : 16.872579,
        "10" : 31.124957,
        "20" : 1.042592,
        "50" : 2.948417,
        "100" : 0.662355,
        "250" : 0.010000,
        "500" : 0.018262,
        "750" : 0.049849,
        "1000" : 0.072454,
        "2000" : 0.254972,
        ">=2000" : 0.401263
      },
      "latency_depth" : 16,
      "latency_target" : 0,
      "latency_percentile" : 100.000000,
      "latency_window" : 0
    }
  ]
}
