{
  "fio version" : "fio-3.36",
  "timestamp" : 1752801177,
  "timestamp_ms" : 1752801177191,
  "time" : "Fri Jul 18 01:12:57 2025",
  "global options" : {
    "ioengine" : "libaio",
    "direct" : "0",
    "directory" : "/mnt/test",
    "buffer_compress_percentage" : "70",
    "buffer_pattern" : "0xdeadbeef"
  },
  "jobs" : [
    {
      "jobname" : "database_mysql_innodb_test",
      "groupid" : 0,
      "job_start" : 1752801117028,
      "error" : 0,
      "eta" : 0,
      "elapsed" : 61,
      "job options" : {
        "rw" : "randrw",
        "rwmixread" : "70",
        "size" : "1G",
        "numjobs" : "24",
        "runtime" : "60",
        "iodepth" : "16",
        "bssplit" : "16k"
      },
      "read" : {
        "io_bytes" : 262799360,
        "io_kbytes" : 256640,
        "bw_bytes" : 4371537,
        "bw" : 4269,
        "iops" : 266.817486,
        "runtime" : 60116,
        "total_ios" : 16040,
        "short_ios" : 0,
        "drop_ios" : 0,
        "slat_ns" : {
          "min" : 2788555,
          "max" : 2020210484,
          "mean" : 89797276.958416,
          "stddev" : 126817974.632561,
          "N" : 16040
        },
        "clat_ns" : {
          "min" : 8426,
          "max" : 9578562705,
          "mean" : 924390526.687656,
          "stddev" : 659914892.033285,
          "N" : 16040,
          "percentile" : {
            "1.000000" : 212860928,
            "5.000000" : 346030080,
            "10.000000" : 425721856,
            "20.000000" : 541065216,
            "30.000000" : 624951296,
            "40.000000" : 717225984,
            "50.000000" : 809500672,
            "60.000000" : 901775360,
            "70.000000" : 1010827264,
            "80.000000" : 1182793728,
            "90.000000" : 1434451968,
            "95.000000" : 1719664640,
            "99.000000" : 4328521728,
            "99.500000" : 5536481280,
            "99.900000" : 7147094016,
            "99.950000" : 7616856064,
            "99.990000" : 9462349824
          }
        },
        "lat_ns" : {
          "min" : 37544981,
          "max" : 10960898897,
          "mean" : 1014187803.646072,
          "stddev" : 710345725.656109,
          "N" : 16040
        },
        "bw_min" : 768,
        "bw_max" : 11712,
        "bw_agg" : 100.000000,
        "bw_mean" : 4433.942023,
        "bw_dev" : 102.955948,
        "bw_samples" : 2635,
        "iops_min" : 48,
        "iops_max" : 732,
        "iops_mean" : 277.121376,
        "iops_stddev" : 6.434747,
        "iops_samples" : 2635
      },
      "write" : {
        "io_bytes" : 115982336,
        "io_kbytes" : 113264,
        "bw_bytes" : 1929308,
        "bw" : 1884,
        "iops" : 117.755672,
        "runtime" : 60116,
        "total_ios" : 7079,
        "short_ios" : 0,
        "drop_ios" : 0,
        "slat_ns" : {
          "min" : 5961,
          "max" : 362631,
          "mean" : 56223.372652,
          "stddev" : 22533.197820,
          "N" : 7079
        },
        "clat_ns" : {
          "min" : 37550549,
          "max" : 8946444820,
          "mean" : 925022021.021613,
          "stddev" : 666976024.503458,
          "N" : 7079,
          "percentile" : {
            "1.000000" : 240123904,
            "5.000000" : 350224384,
            "10.000000" : 425721856,
            "20.000000" : 534773760,
            "30.000000" : 624951296,
            "40.000000" : 717225984,
            "50.000000" : 801112064,
            "60.000000" : 901775360,
            "70.000000" : 1010827264,
            "80.000000" : 1166016512,
            "90.000000" : 1434451968,
            "95.000000" : 1736441856,
            "99.000000" : 4529848320,
            "99.500000" : 5469372416,
            "99.900000" : 7415529472,
            "99.950000" : 7683964928,
            "99.990000" : 8925478912
          }
        },
        "lat_ns" : {
          "min" : 37614591,
          "max" : 8946496626,
          "mean" : 925078244.394265,
          "stddev" : 666976289.793573,
          "N" : 7079
        },
        "bw_min" : 768,
        "bw_max" : 6624,
        "bw_agg" : 100.000000,
        "bw_mean" : 2199.806270,
        "bw_dev" : 57.581097,
        "bw_samples" : 2335,
        "iops_min" : 48,
        "iops_max" : 414,
        "iops_mean" : 137.487892,
        "iops_stddev" : 3.598819,
        "iops_samples" : 2335
      },
      "trim" : {
        "io_bytes" : 0,
        "io_kbytes" : 0,
        "bw_bytes" : 0,
        "bw" : 0,
        "iops" : 0.000000,
        "runtime" : 0,
        "total_ios" : 0,
        "short_ios" : 0,
        "drop_ios" : 0,
        "slat_ns" : {
          "min" : 0,
          "max" : 0,
          "mean" : 0.000000,
          "stddev" : 0.000000,
          "N" : 0
        },
        "clat_ns" : {
          "min" : 0,
          "max" : 0,
          "mean" : 0.000000,
          "stddev" : 0.000000,
          "N" : 0
        },
        "lat_ns" : {
          "min" : 0,
          "max" : 0,
          "mean" : 0.000000,
          "stddev" : 0.000000,
          "N" : 0
        },
        "bw_min" : 0,
        "bw_max" : 0,
        "bw_agg" : 0.000000,
        "bw_mean" : 0.000000,
        "bw_dev" : 0.000000,
        "bw_samples" : 0,
        "iops_min" : 0,
        "iops_max" : 0,
        "iops_mean" : 0.000000,
        "iops_stddev" : 0.000000,
        "iops_samples" : 0
      },
      "sync" : {
        "total_ios" : 0,
        "lat_ns" : {
          "min" : 0,
          "max" : 0,
          "mean" : 0.000000,
          "stddev" : 0.000000,
          "N" : 0
        }
      },
      "job_runtime" : 1441205,
      "usr_cpu" : 0.033930,
      "sys_cpu" : 0.166944,
      "ctx" : 16117,
      "majf" : 0,
      "minf" : 277,
      "iodepth_level" : {
        "1" : 0.103811,
        "2" : 0.207621,
        "4" : 0.415243,
        "8" : 0.830486,
        "16" : 98.442839,
        "32" : 0.000000,
        ">=64" : 0.000000
      },
      "iodepth_submit" : {
        "0" : 0.000000,
        "4" : 100.000000,
        "8" : 0.000000,
        "16" : 0.000000,
        "32" : 0.000000,
        "64" : 0.000000,
        ">=64" : 0.000000
      },
      "iodepth_complete" : {
        "0" : 0.000000,
        "4" : 99.894658,
        "8" : 0.000000,
        "16" : 0.105342,
        "32" : 0.000000,
        "64" : 0.000000,
        ">=64" : 0.000000
      },
      "latency_ns" : {
        "2" : 0.000000,
        "4" : 0.000000,
        "10" : 0.000000,
        "20" : 0.000000,
        "50" : 0.000000,
        "100" : 0.000000,
        "250" : 0.000000,
        "500" : 0.000000,
        "750" : 0.000000,
        "1000" : 0.000000
      },
      "latency_us" : {
        "2" : 0.000000,
        "4" : 0.000000,
        "10" : 0.021627,
        "20" : 0.082183,
        "50" : 0.000000,
        "100" : 0.000000,
        "250" : 0.000000,
        "500" : 0.000000,
        "750" : 0.000000,
        "1000" : 0.000000
      },
      "latency_ms" : {
        "2" : 0.000000,
        "4" : 0.000000,
        "10" : 0.000000,
        "20" : 0.000000,
        "50" : 0.012976,
        "100" : 0.043254,
        "250" : 1.340888,
        "500" : 14.818980,
        "750" : 27.700160,
        "1000" : 25.078939,
        "2000" : 27.929409,
        ">=2000" : 2.971582
      },
      "latency_depth" : 16,
      "latency_target" : 0,
      "latency_percentile" : 100.000000,
      "latency_window" : 0
    }
  ]
}
