{
  "fio version" : "fio-3.36",
  "timestamp" : 1750997465,
  "timestamp_ms" : 1750997465637,
  "time" : "Fri Jun 27 04:11:05 2025",
  "global options" : {
    "ioengine" : "libaio",
    "direct" : "1",
    "directory" : "/mnt/test"
  },
  "jobs" : [
    {
      "jobname" : "multimedia_test",
      "groupid" : 0,
      "job_start" : 1750997359449,
      "error" : 0,
      "eta" : 0,
      "elapsed" : 107,
      "job options" : {
        "rw" : "read",
        "size" : "4G",
        "numjobs" : "4",
        "runtime" : "120",
        "iodepth" : "64",
        "bssplit" : "128k"
      },
      "read" : {
        "io_bytes" : 17179869184,
        "io_kbytes" : 16777216,
        "bw_bytes" : 161843686,
        "bw" : 158050,
        "iops" : 1234.769338,
        "runtime" : 106151,
        "total_ios" : 131072,
        "short_ios" : 0,
        "drop_ios" : 0,
        "slat_ns" : {
          "min" : 14808,
          "max" : 2181150711,
          "mean" : 2922197.186836,
          "stddev" : 59003721.094726,
          "N" : 131072
        },
        "clat_ns" : {
          "min" : 1311,
          "max" : 6677958538,
          "mean" : 183733645.921471,
          "stddev" : 509751282.185797,
          "N" : 131072,
          "percentile" : {
            "1.000000" : 1089536,
            "5.000000" : 46923776,
            "10.000000" : 47972352,
            "20.000000" : 49020928,
            "30.000000" : 50069504,
            "40.000000" : 50069504,
            "50.000000" : 50593792,
            "60.000000" : 51118080,
            "70.000000" : 52166656,
            "80.000000" : 53215232,
            "90.000000" : 123207680,
            "95.000000" : 1468006400,
            "99.000000" : 2298478592,
            "99.500000" : 2332033024,
            "99.900000" : 4395630592,
            "99.950000" : 4462739456,
            "99.990000" : 6610223104
          }
        },
        "lat_ns" : {
          "min" : 17700,
          "max" : 6686830331,
          "mean" : 186655843.108307,
          "stddev" : 514327017.335080,
          "N" : 131072
        },
        "bw_min" : 1024,
        "bw_max" : 673280,
        "bw_agg" : 100.000000,
        "bw_mean" : 308102.763228,
        "bw_dev" : 65002.043594,
        "bw_samples" : 426,
        "iops_min" : 8,
        "iops_max" : 5260,
        "iops_mean" : 2407.010979,
        "iops_stddev" : 507.820640,
        "iops_samples" : 426
      },
      "write" : {
        "io_bytes" : 0,
        "io_kbytes" : 0,
        "bw_bytes" : 0,
        "bw" : 0,
        "iops" : 0.000000,
        "runtime" : 0,
        "total_ios" : 0,
        "short_ios" : 0,
        "drop_ios" : 0,
        "slat_ns" : {
          "min" : 0,
          "max" : 0,
          "mean" : 0.000000,
          "stddev" : 0.000000,
          "N" : 0
        },
        "clat_ns" : {
          "min" : 0,
          "max" : 0,
          "mean" : 0.000000,
          "stddev" : 0.000000,
          "N" : 0
        },
        "lat_ns" : {
          "min" : 0,
          "max" : 0,
          "mean" : 0.000000,
          "stddev" : 0.000000,
          "N" : 0
        },
        "bw_min" : 0,
        "bw_max" : 0,
        "bw_agg" : 0.000000,
        "bw_mean" : 0.000000,
        "bw_dev" : 0.000000,
        "bw_samples" : 0,
        "iops_min" : 0,
        "iops_max" : 0,
        "iops_mean" : 0.000000,
        "iops_stddev" : 0.000000,
        "iops_samples" : 0
      },
      "trim" : {
        "io_bytes" : 0,
        "io_kbytes" : 0,
        "bw_bytes" : 0,
        "bw" : 0,
        "iops" : 0.000000,
        "runtime" : 0,
        "total_ios" : 0,
        "short_ios" : 0,
        "drop_ios" : 0,
        "slat_ns" : {
          "min" : 0,
          "max" : 0,
          "mean" : 0.000000,
          "stddev" : 0.000000,
          "N" : 0
        },
        "clat_ns" : {
          "min" : 0,
          "max" : 0,
          "mean" : 0.000000,
          "stddev" : 0.000000,
          "N" : 0
        },
        "lat_ns" : {
          "min" : 0,
          "max" : 0,
          "mean" : 0.000000,
          "stddev" : 0.000000,
          "N" : 0
        },
        "bw_min" : 0,
        "bw_max" : 0,
        "bw_agg" : 0.000000,
        "bw_mean" : 0.000000,
        "bw_dev" : 0.000000,
        "bw_samples" : 0,
        "iops_min" : 0,
        "iops_max" : 0,
        "iops_mean" : 0.000000,
        "iops_stddev" : 0.000000,
        "iops_samples" : 0
      },
      "sync" : {
        "total_ios" : 0,
        "lat_ns" : {
          "min" : 0,
          "max" : 0,
          "mean" : 0.000000,
          "stddev" : 0.000000,
          "N" : 0
        }
      },
      "job_runtime" : 385339,
      "usr_cpu" : 0.551722,
      "sys_cpu" : 6.439006,
      "ctx" : 127630,
      "majf" : 0,
      "minf" : 8251,
      "iodepth_level" : {
        "1" : 0.100000,
        "2" : 0.100000,
        "4" : 0.100000,
        "8" : 0.100000,
        "16" : 0.100000,
        "32" : 0.100000,
        ">=64" : 99.807739
      },
      "iodepth_submit" : {
        "0" : 0.000000,
        "4" : 100.000000,
        "8" : 0.000000,
        "16" : 0.000000,
        "32" : 0.000000,
        "64" : 0.000000,
        ">=64" : 0.000000
      },
      "iodepth_complete" : {
        "0" : 0.000000,
        "4" : 99.996942,
        "8" : 0.000000,
        "16" : 0.000000,
        "32" : 0.000000,
        "64" : 0.100000,
        ">=64" : 0.000000
      },
      "latency_ns" : {
        "2" : 0.000000,
        "4" : 0.000000,
        "10" : 0.000000,
        "20" : 0.000000,
        "50" : 0.000000,
        "100" : 0.000000,
        "250" : 0.000000,
        "500" : 0.000000,
        "750" : 0.000000,
        "1000" : 0.000000
      },
      "latency_us" : {
        "2" : 0.010000,
        "4" : 0.000000,
        "10" : 0.000000,
        "20" : 0.010000,
        "50" : 0.010000,
        "100" : 0.010000,
        "250" : 0.010000,
        "500" : 0.011444,
        "750" : 0.011444,
        "1000" : 0.012970
      },
      "latency_ms" : {
        "2" : 1.592255,
        "4" : 0.053406,
        "10" : 0.066376,
        "20" : 0.039673,
        "50" : 31.369781,
        "100" : 56.505585,
        "250" : 1.794434,
        "500" : 1.501465,
        "750" : 0.716400,
        "1000" : 0.593567,
        "2000" : 1.852417,
        ">=2000" : 3.865051
      },
      "latency_depth" : 64,
      "latency_target" : 0,
      "latency_percentile" : 100.000000,
      "latency_window" : 0
    }
  ]
}
