{
  "fio version" : "fio-3.36",
  "timestamp" : 1752544081,
  "timestamp_ms" : 1752544081778,
  "time" : "Tue Jul 15 01:48:01 2025",
  "global options" : {
    "ioengine" : "libaio",
    "direct" : "1",
    "directory" : "/mnt/test"
  },
  "jobs" : [
    {
      "jobname" : "archive_test",
      "groupid" : 0,
      "job_start" : 1752543901512,
      "error" : 0,
      "eta" : 0,
      "elapsed" : 181,
      "job options" : {
        "rw" : "write",
        "size" : "10G",
        "numjobs" : "3",
        "runtime" : "180",
        "iodepth" : "128",
        "bssplit" : "64k/70:128k/30"
      },
      "read" : {
        "io_bytes" : 0,
        "io_kbytes" : 0,
        "bw_bytes" : 0,
        "bw" : 0,
        "iops" : 0.000000,
        "runtime" : 0,
        "total_ios" : 0,
        "short_ios" : 0,
        "drop_ios" : 0,
        "slat_ns" : {
          "min" : 0,
          "max" : 0,
          "mean" : 0.000000,
          "stddev" : 0.000000,
          "N" : 0
        },
        "clat_ns" : {
          "min" : 0,
          "max" : 0,
          "mean" : 0.000000,
          "stddev" : 0.000000,
          "N" : 0
        },
        "lat_ns" : {
          "min" : 0,
          "max" : 0,
          "mean" : 0.000000,
          "stddev" : 0.000000,
          "N" : 0
        },
        "bw_min" : 0,
        "bw_max" : 0,
        "bw_agg" : 0.000000,
        "bw_mean" : 0.000000,
        "bw_dev" : 0.000000,
        "bw_samples" : 0,
        "iops_min" : 0,
        "iops_max" : 0,
        "iops_mean" : 0.000000,
        "iops_stddev" : 0.000000,
        "iops_samples" : 0
      },
      "write" : {
        "io_bytes" : 25572081664,
        "io_kbytes" : 24972736,
        "bw_bytes" : 141893694,
        "bw" : 138568,
        "iops" : 1665.386750,
        "runtime" : 180220,
        "total_ios" : 300136,
        "short_ios" : 0,
        "drop_ios" : 0,
        "slat_ns" : {
          "min" : 7932,
          "max" : 907495776,
          "mean" : 309562.550347,
          "stddev" : 3530161.562300,
          "N" : 300136
        },
        "clat_ns" : {
          "min" : 7660019,
          "max" : 5397133651,
          "mean" : 230252440.968404,
          "stddev" : 49080473.326220,
          "N" : 300136,
          "percentile" : {
            "1.000000" : 208666624,
            "5.000000" : 214958080,
            "10.000000" : 217055232,
            "20.000000" : 219152384,
            "30.000000" : 221249536,
            "40.000000" : 223346688,
            "50.000000" : 225443840,
            "60.000000" : 229638144,
            "70.000000" : 231735296,
            "80.000000" : 233832448,
            "90.000000" : 238026752,
            "95.000000" : 244318208,
            "99.000000" : 320864256,
            "99.500000" : 367001600,
            "99.900000" : 977272832,
            "99.950000" : 1061158912,
            "99.990000" : 1132462080
          }
        },
        "lat_ns" : {
          "min" : 7708067,
          "max" : 5397826457,
          "mean" : 230562003.518751,
          "stddev" : 49136362.838547,
          "N" : 300136
        },
        "bw_min" : 70784,
        "bw_max" : 152678,
        "bw_agg" : 100.000000,
        "bw_mean" : 139038.470752,
        "bw_dev" : 3091.479445,
        "bw_samples" : 1077,
        "iops_min" : 866,
        "iops_max" : 1850,
        "iops_mean" : 1670.752089,
        "iops_stddev" : 36.311168,
        "iops_samples" : 1077
      },
      "trim" : {
        "io_bytes" : 0,
        "io_kbytes" : 0,
        "bw_bytes" : 0,
        "bw" : 0,
        "iops" : 0.000000,
        "runtime" : 0,
        "total_ios" : 0,
        "short_ios" : 0,
        "drop_ios" : 0,
        "slat_ns" : {
          "min" : 0,
          "max" : 0,
          "mean" : 0.000000,
          "stddev" : 0.000000,
          "N" : 0
        },
        "clat_ns" : {
          "min" : 0,
          "max" : 0,
          "mean" : 0.000000,
          "stddev" : 0.000000,
          "N" : 0
        },
        "lat_ns" : {
          "min" : 0,
          "max" : 0,
          "mean" : 0.000000,
          "stddev" : 0.000000,
          "N" : 0
        },
        "bw_min" : 0,
        "bw_max" : 0,
        "bw_agg" : 0.000000,
        "bw_mean" : 0.000000,
        "bw_dev" : 0.000000,
        "bw_samples" : 0,
        "iops_min" : 0,
        "iops_max" : 0,
        "iops_mean" : 0.000000,
        "iops_stddev" : 0.000000,
        "iops_samples" : 0
      },
      "sync" : {
        "total_ios" : 0,
        "lat_ns" : {
          "min" : 0,
          "max" : 0,
          "mean" : 0.000000,
          "stddev" : 0.000000,
          "N" : 0
        }
      },
      "job_runtime" : 540653,
      "usr_cpu" : 0.961615,
      "sys_cpu" : 11.830509,
      "ctx" : 1061397,
      "majf" : 0,
      "minf" : 38,
      "iodepth_level" : {
        "1" : 0.100000,
        "2" : 0.100000,
        "4" : 0.100000,
        "8" : 0.100000,
        "16" : 0.100000,
        "32" : 0.100000,
        ">=64" : 99.937029
      },
      "iodepth_submit" : {
        "0" : 0.000000,
        "4" : 100.000000,
        "8" : 0.000000,
        "16" : 0.000000,
        "32" : 0.000000,
        "64" : 0.000000,
        ">=64" : 0.000000
      },
      "iodepth_complete" : {
        "0" : 0.000000,
        "4" : 99.998999,
        "8" : 0.000000,
        "16" : 0.000000,
        "32" : 0.000000,
        "64" : 0.000000,
        ">=64" : 0.100000
      },
      "latency_ns" : {
        "2" : 0.000000,
        "4" : 0.000000,
        "10" : 0.000000,
        "20" : 0.000000,
        "50" : 0.000000,
        "100" : 0.000000,
        "250" : 0.000000,
        "500" : 0.000000,
        "750" : 0.000000,
        "1000" : 0.000000
      },
      "latency_us" : {
        "2" : 0.000000,
        "4" : 0.000000,
        "10" : 0.000000,
        "20" : 0.000000,
        "50" : 0.000000,
        "100" : 0.000000,
        "250" : 0.000000,
        "500" : 0.000000,
        "750" : 0.000000,
        "1000" : 0.000000
      },
      "latency_ms" : {
        "2" : 0.000000,
        "4" : 0.000000,
        "10" : 0.023323,
        "20" : 0.018658,
        "50" : 0.050644,
        "100" : 0.076632,
        "250" : 95.958499,
        "500" : 3.614695,
        "750" : 0.054309,
        "1000" : 0.116947,
        "2000" : 0.082629,
        ">=2000" : 0.010000
      },
      "latency_depth" : 128,
      "latency_target" : 0,
      "latency_percentile" : 100.000000,
      "latency_window" : 0
    }
  ],
  "disk_util" : [
    {
      "name" : "bcache0",
      "read_ios" : 5,
      "write_ios" : 2599548,
      "read_sectors" : 40,
      "write_sectors" : 0,
      "read_merges" : 0,
      "write_merges" : 0,
      "read_ticks" : 50,
      "write_ticks" : 586038615,
      "in_queue" : 586038665,
      "util" : 100.000000,
      "aggr_read_ios" : 4,
      "aggr_write_ios" : 16860,
      "aggr_read_sectors" : 36,
      "aggr_write_sectors" : 25121280,
      "aggr_read_merges" : 0,
      "aggr_write_merge" : 1286898,
      "aggr_read_ticks" : 2413,
      "aggr_write_ticks" : 3866109,
      "aggr_in_queue" : 3870985,
      "aggr_util" : 78.521023
    },
    {
      "name" : "sda",
      "read_ios" : 9,
      "write_ios" : 28137,
      "read_sectors" : 72,
      "write_sectors" : 50118800,
      "read_merges" : 0,
      "write_merges" : 2573797,
      "read_ticks" : 4827,
      "write_ticks" : 7732027,
      "in_queue" : 7741779,
      "util" : 78.521023
    },
    {
      "name" : "zram0",
      "read_ios" : 0,
      "write_ios" : 5583,
      "read_sectors" : 0,
      "write_sectors" : 123760,
      "read_merges" : 0,
      "write_merges" : 0,
      "read_ticks" : 0,
      "write_ticks" : 191,
      "in_queue" : 191,
      "util" : 0.106046
    }
  ]
}
