{
  "fio version" : "fio-3.36",
  "timestamp" : 1751696788,
  "timestamp_ms" : 1751696788437,
  "time" : "Sat Jul  5 06:26:28 2025",
  "global options" : {
    "ioengine" : "libaio",
    "direct" : "1",
    "directory" : "/mnt/test"
  },
  "jobs" : [
    {
      "jobname" : "multimedia_test",
      "groupid" : 0,
      "job_start" : 1751696783376,
      "error" : 0,
      "eta" : 0,
      "elapsed" : 6,
      "job options" : {
        "rw" : "read",
        "size" : "4M",
        "numjobs" : "4",
        "runtime" : "5",
        "iodepth" : "64",
        "bssplit" : "128k"
      },
      "read" : {
        "io_bytes" : 2701656064,
        "io_kbytes" : 2638336,
        "bw_bytes" : 538607668,
        "bw" : 525984,
        "iops" : 4109.250399,
        "runtime" : 5016,
        "total_ios" : 20612,
        "short_ios" : 0,
        "drop_ios" : 0,
        "slat_ns" : {
          "min" : 23316,
          "max" : 89959953,
          "mean" : 962998.234766,
          "stddev" : 3171929.590314,
          "N" : 20612
        },
        "clat_ns" : {
          "min" : 11309084,
          "max" : 213115846,
          "mean" : 60393160.575539,
          "stddev" : 12677602.756405,
          "N" : 20612,
          "percentile" : {
            "1.000000" : 38535168,
            "5.000000" : 44302336,
            "10.000000" : 49020928,
            "20.000000" : 55836672,
            "30.000000" : 58982400,
            "40.000000" : 60030976,
            "50.000000" : 60555264,
            "60.000000" : 60555264,
            "70.000000" : 61603840,
            "80.000000" : 63176704,
            "90.000000" : 68681728,
            "95.000000" : 72876032,
            "99.000000" : 83361792,
            "99.500000" : 173015040,
            "99.900000" : 202375168,
            "99.950000" : 210763776,
            "99.990000" : 212860928
          }
        },
        "lat_ns" : {
          "min" : 17758965,
          "max" : 213153392,
          "mean" : 61356158.810305,
          "stddev" : 13206276.778422,
          "N" : 20612
        },
        "bw_min" : 360192,
        "bw_max" : 554240,
        "bw_agg" : 99.088556,
        "bw_mean" : 521190.400000,
        "bw_dev" : 13945.202390,
        "bw_samples" : 40,
        "iops_min" : 2814,
        "iops_max" : 4330,
        "iops_mean" : 4071.800000,
        "iops_stddev" : 108.946894,
        "iops_samples" : 40
      },
      "write" : {
        "io_bytes" : 0,
        "io_kbytes" : 0,
        "bw_bytes" : 0,
        "bw" : 0,
        "iops" : 0.000000,
        "runtime" : 0,
        "total_ios" : 0,
        "short_ios" : 0,
        "drop_ios" : 0,
        "slat_ns" : {
          "min" : 0,
          "max" : 0,
          "mean" : 0.000000,
          "stddev" : 0.000000,
          "N" : 0
        },
        "clat_ns" : {
          "min" : 0,
          "max" : 0,
          "mean" : 0.000000,
          "stddev" : 0.000000,
          "N" : 0
        },
        "lat_ns" : {
          "min" : 0,
          "max" : 0,
          "mean" : 0.000000,
          "stddev" : 0.000000,
          "N" : 0
        },
        "bw_min" : 0,
        "bw_max" : 0,
        "bw_agg" : 0.000000,
        "bw_mean" : 0.000000,
        "bw_dev" : 0.000000,
        "bw_samples" : 0,
        "iops_min" : 0,
        "iops_max" : 0,
        "iops_mean" : 0.000000,
        "iops_stddev" : 0.000000,
        "iops_samples" : 0
      },
      "trim" : {
        "io_bytes" : 0,
        "io_kbytes" : 0,
        "bw_bytes" : 0,
        "bw" : 0,
        "iops" : 0.000000,
        "runtime" : 0,
        "total_ios" : 0,
        "short_ios" : 0,
        "drop_ios" : 0,
        "slat_ns" : {
          "min" : 0,
          "max" : 0,
          "mean" : 0.000000,
          "stddev" : 0.000000,
          "N" : 0
        },
        "clat_ns" : {
          "min" : 0,
          "max" : 0,
          "mean" : 0.000000,
          "stddev" : 0.000000,
          "N" : 0
        },
        "lat_ns" : {
          "min" : 0,
          "max" : 0,
          "mean" : 0.000000,
          "stddev" : 0.000000,
          "N" : 0
        },
        "bw_min" : 0,
        "bw_max" : 0,
        "bw_agg" : 0.000000,
        "bw_mean" : 0.000000,
        "bw_dev" : 0.000000,
        "bw_samples" : 0,
        "iops_min" : 0,
        "iops_max" : 0,
        "iops_mean" : 0.000000,
        "iops_stddev" : 0.000000,
        "iops_samples" : 0
      },
      "sync" : {
        "total_ios" : 0,
        "lat_ns" : {
          "min" : 0,
          "max" : 0,
          "mean" : 0.000000,
          "stddev" : 0.000000,
          "N" : 0
        }
      },
      "job_runtime" : 20057,
      "usr_cpu" : 0.782769,
      "sys_cpu" : 5.484370,
      "ctx" : 5221,
      "majf" : 0,
      "minf" : 8236,
      "iodepth_level" : {
        "1" : 0.100000,
        "2" : 0.100000,
        "4" : 0.100000,
        "8" : 0.155249,
        "16" : 0.310499,
        "32" : 0.620997,
        ">=64" : 98.777411
      },
      "iodepth_submit" : {
        "0" : 0.000000,
        "4" : 100.000000,
        "8" : 0.000000,
        "16" : 0.000000,
        "32" : 0.000000,
        "64" : 0.000000,
        ">=64" : 0.000000
      },
      "iodepth_complete" : {
        "0" : 0.000000,
        "4" : 99.980357,
        "8" : 0.000000,
        "16" : 0.000000,
        "32" : 0.000000,
        "64" : 0.100000,
        ">=64" : 0.000000
      },
      "latency_ns" : {
        "2" : 0.000000,
        "4" : 0.000000,
        "10" : 0.000000,
        "20" : 0.000000,
        "50" : 0.000000,
        "100" : 0.000000,
        "250" : 0.000000,
        "500" : 0.000000,
        "750" : 0.000000,
        "1000" : 0.000000
      },
      "latency_us" : {
        "2" : 0.000000,
        "4" : 0.000000,
        "10" : 0.000000,
        "20" : 0.000000,
        "50" : 0.000000,
        "100" : 0.000000,
        "250" : 0.000000,
        "500" : 0.000000,
        "750" : 0.000000,
        "1000" : 0.000000
      },
      "latency_ms" : {
        "2" : 0.000000,
        "4" : 0.000000,
        "10" : 0.000000,
        "20" : 0.126140,
        "50" : 11.304095,
        "100" : 87.856588,
        "250" : 0.713177,
        "500" : 0.000000,
        "750" : 0.000000,
        "1000" : 0.000000,
        "2000" : 0.000000,
        ">=2000" : 0.000000
      },
      "latency_depth" : 64,
      "latency_target" : 0,
      "latency_percentile" : 100.000000,
      "latency_window" : 0
    }
  ]
}
