{
  "fio version" : "fio-3.36",
  "timestamp" : 1749350716,
  "timestamp_ms" : 1749350716307,
  "time" : "Sun Jun  8 02:45:16 2025",
  "global options" : {
    "ioengine" : "io_uring",
    "direct" : "1",
    "directory" : "/mnt/test"
  },
  "jobs" : [
    {
      "jobname" : "database_mysql_innodb_test",
      "groupid" : 0,
      "job_start" : 1749350706622,
      "error" : 0,
      "eta" : 0,
      "elapsed" : 10,
      "job options" : {
        "rw" : "randrw",
        "rwmixread" : "70",
        "size" : "1G",
        "numjobs" : "8",
        "runtime" : "60",
        "iodepth" : "16",
        "bssplit" : "16k"
      },
      "read" : {
        "io_bytes" : 6009602048,
        "io_kbytes" : 5868752,
        "bw_bytes" : 621661533,
        "bw" : 607091,
        "iops" : 37943.208855,
        "runtime" : 9667,
        "total_ios" : 366797,
        "short_ios" : 0,
        "drop_ios" : 0,
        "slat_ns" : {
          "min" : 2384,
          "max" : 374347,
          "mean" : 24271.498837,
          "stddev" : 14436.845166,
          "N" : 366797
        },
        "clat_ns" : {
          "min" : 148479,
          "max" : 692726092,
          "mean" : 2488787.337072,
          "stddev" : 13171905.475276,
          "N" : 366797,
          "percentile" : {
            "1.000000" : 913408,
            "5.000000" : 1073152,
            "10.000000" : 1171456,
            "20.000000" : 1302528,
            "30.000000" : 1400832,
            "40.000000" : 1499136,
            "50.000000" : 1581056,
            "60.000000" : 1679360,
            "70.000000" : 1794048,
            "80.000000" : 1941504,
            "90.000000" : 2179072,
            "95.000000" : 2441216,
            "99.000000" : 7634944,
            "99.500000" : 71827456,
            "99.900000" : 170917888,
            "99.950000" : 346030080,
            "99.990000" : 509607936
          }
        },
        "lat_ns" : {
          "min" : 169886,
          "max" : 692777575,
          "mean" : 2513058.835909,
          "stddev" : 13172170.561581,
          "N" : 366797
        },
        "bw_min" : 3008,
        "bw_max" : 829184,
        "bw_agg" : 99.254092,
        "bw_mean" : 602563.368421,
        "bw_dev" : 31167.299747,
        "bw_samples" : 152,
        "iops_min" : 188,
        "iops_max" : 51824,
        "iops_mean" : 37660.210526,
        "iops_stddev" : 1947.956234,
        "iops_samples" : 152
      },
      "write" : {
        "io_bytes" : 2580332544,
        "io_kbytes" : 2519856,
        "bw_bytes" : 266921748,
        "bw" : 260665,
        "iops" : 16291.610634,
        "runtime" : 9667,
        "total_ios" : 157491,
        "short_ios" : 0,
        "drop_ios" : 0,
        "slat_ns" : {
          "min" : 3459,
          "max" : 364029,
          "mean" : 34439.776432,
          "stddev" : 17416.210894,
          "N" : 157491
        },
        "clat_ns" : {
          "min" : 39935,
          "max" : 696981162,
          "mean" : 1944417.972665,
          "stddev" : 16349357.326052,
          "N" : 157491,
          "percentile" : {
            "1.000000" : 220160,
            "5.000000" : 342016,
            "10.000000" : 428032,
            "20.000000" : 528384,
            "30.000000" : 610304,
            "40.000000" : 692224,
            "50.000000" : 774144,
            "60.000000" : 864256,
            "70.000000" : 978944,
            "80.000000" : 1105920,
            "90.000000" : 1351680,
            "95.000000" : 1728512,
            "99.000000" : 14352384,
            "99.500000" : 74973184,
            "99.900000" : 208666624,
            "99.950000" : 476053504,
            "99.990000" : 624951296
          }
        },
        "lat_ns" : {
          "min" : 61513,
          "max" : 697010368,
          "mean" : 1978857.749097,
          "stddev" : 16349625.384953,
          "N" : 157491
        },
        "bw_min" : 1152,
        "bw_max" : 361088,
        "bw_agg" : 99.337171,
        "bw_mean" : 258938.947368,
        "bw_dev" : 13426.878795,
        "bw_samples" : 152,
        "iops_min" : 72,
        "iops_max" : 22568,
        "iops_mean" : 16183.684211,
        "iops_stddev" : 839.176010,
        "iops_samples" : 152
      },
      "trim" : {
        "io_bytes" : 0,
        "io_kbytes" : 0,
        "bw_bytes" : 0,
        "bw" : 0,
        "iops" : 0.000000,
        "runtime" : 0,
        "total_ios" : 0,
        "short_ios" : 0,
        "drop_ios" : 0,
        "slat_ns" : {
          "min" : 0,
          "max" : 0,
          "mean" : 0.000000,
          "stddev" : 0.000000,
          "N" : 0
        },
        "clat_ns" : {
          "min" : 0,
          "max" : 0,
          "mean" : 0.000000,
          "stddev" : 0.000000,
          "N" : 0
        },
        "lat_ns" : {
          "min" : 0,
          "max" : 0,
          "mean" : 0.000000,
          "stddev" : 0.000000,
          "N" : 0
        },
        "bw_min" : 0,
        "bw_max" : 0,
        "bw_agg" : 0.000000,
        "bw_mean" : 0.000000,
        "bw_dev" : 0.000000,
        "bw_samples" : 0,
        "iops_min" : 0,
        "iops_max" : 0,
        "iops_mean" : 0.000000,
        "iops_stddev" : 0.000000,
        "iops_samples" : 0
      },
      "sync" : {
        "total_ios" : 0,
        "lat_ns" : {
          "min" : 0,
          "max" : 0,
          "mean" : 0.000000,
          "stddev" : 0.000000,
          "N" : 0
        }
      },
      "job_runtime" : 77213,
      "usr_cpu" : 5.122194,
      "sys_cpu" : 21.132452,
      "ctx" : 184481,
      "majf" : 0,
      "minf" : 103,
      "iodepth_level" : {
        "1" : 0.100000,
        "2" : 0.100000,
        "4" : 0.100000,
        "8" : 0.100000,
        "16" : 99.977112,
        "32" : 0.000000,
        ">=64" : 0.000000
      },
      "iodepth_submit" : {
        "0" : 0.000000,
        "4" : 100.000000,
        "8" : 0.000000,
        "16" : 0.000000,
        "32" : 0.000000,
        "64" : 0.000000,
        ">=64" : 0.000000
      },
      "iodepth_complete" : {
        "0" : 0.000000,
        "4" : 99.998474,
        "8" : 0.000000,
        "16" : 0.100000,
        "32" : 0.000000,
        "64" : 0.000000,
        ">=64" : 0.000000
      },
      "latency_ns" : {
        "2" : 0.000000,
        "4" : 0.000000,
        "10" : 0.000000,
        "20" : 0.000000,
        "50" : 0.000000,
        "100" : 0.000000,
        "250" : 0.000000,
        "500" : 0.000000,
        "750" : 0.000000,
        "1000" : 0.000000
      },
      "latency_us" : {
        "2" : 0.000000,
        "4" : 0.000000,
        "10" : 0.000000,
        "20" : 0.000000,
        "50" : 0.010000,
        "100" : 0.010000,
        "250" : 0.496292,
        "500" : 4.554367,
        "750" : 9.319496,
        "1000" : 8.980179
      },
      "latency_ms" : {
        "2" : 63.890266,
        "4" : 11.322975,
        "10" : 0.520897,
        "20" : 0.048637,
        "50" : 0.103378,
        "100" : 0.639153,
        "250" : 0.032234,
        "500" : 0.061607,
        "750" : 0.020981,
        "1000" : 0.000000,
        "2000" : 0.000000,
        ">=2000" : 0.000000
      },
      "latency_depth" : 16,
      "latency_target" : 0,
      "latency_percentile" : 100.000000,
      "latency_window" : 0
    }
  ],
  "disk_util" : [
    {
      "name" : "nvme0n1",
      "read_ios" : 363506,
      "write_ios" : 156152,
      "read_sectors" : 11632192,
      "write_sectors" : 5005008,
      "read_merges" : 0,
      "write_merges" : 0,
      "read_ticks" : 888060,
      "write_ticks" : 286392,
      "in_queue" : 1174451,
      "util" : 81.284801
    }
  ]
}
