{
  "fio version" : "fio-3.36",
  "timestamp" : 1751296483,
  "timestamp_ms" : 1751296483068,
  "time" : "Mon Jun 30 15:14:43 2025",
  "global options" : {
    "ioengine" : "libaio",
    "direct" : "1",
    "directory" : "/mnt/test"
  },
  "jobs" : [
    {
      "jobname" : "database_mysql_innodb_test",
      "groupid" : 0,
      "job_start" : 1751296422801,
      "error" : 0,
      "eta" : 0,
      "elapsed" : 61,
      "job options" : {
        "rw" : "randrw",
        "rwmixread" : "70",
        "size" : "1G",
        "numjobs" : "8",
        "runtime" : "60",
        "iodepth" : "16",
        "bssplit" : "16k"
      },
      "read" : {
        "io_bytes" : 339640320,
        "io_kbytes" : 331680,
        "bw_bytes" : 5639055,
        "bw" : 5506,
        "iops" : 344.180641,
        "runtime" : 60230,
        "total_ios" : 20730,
        "short_ios" : 0,
        "drop_ios" : 0,
        "slat_ns" : {
          "min" : 3719,
          "max" : 194560424,
          "mean" : 19594345.039942,
          "stddev" : 11529117.082087,
          "N" : 20730
        },
        "clat_ns" : {
          "min" : 15790378,
          "max" : 1740267916,
          "mean" : 278952560.712687,
          "stddev" : 130875915.742293,
          "N" : 20730,
          "percentile" : {
            "1.000000" : 71827456,
            "5.000000" : 114819072,
            "10.000000" : 143654912,
            "20.000000" : 179306496,
            "30.000000" : 206569472,
            "40.000000" : 231735296,
            "50.000000" : 256901120,
            "60.000000" : 283115520,
            "70.000000" : 316669952,
            "80.000000" : 358612992,
            "90.000000" : 434110464,
            "95.000000" : 517996544,
            "99.000000" : 734003200,
            "99.500000" : 826277888,
            "99.900000" : 1044381696,
            "99.950000" : 1233125376,
            "99.990000" : 1619001344
          }
        },
        "lat_ns" : {
          "min" : 25402306,
          "max" : 1750586017,
          "mean" : 298546905.752629,
          "stddev" : 131702221.218261,
          "N" : 20730
        },
        "bw_min" : 2911,
        "bw_max" : 7744,
        "bw_agg" : 99.929368,
        "bw_mean" : 5503.616667,
        "bw_dev" : 114.281150,
        "bw_samples" : 960,
        "iops_min" : 181,
        "iops_max" : 484,
        "iops_mean" : 343.916667,
        "iops_stddev" : 7.152463,
        "iops_samples" : 960
      },
      "write" : {
        "io_bytes" : 148340736,
        "io_kbytes" : 144864,
        "bw_bytes" : 2462904,
        "bw" : 2405,
        "iops" : 150.323759,
        "runtime" : 60230,
        "total_ios" : 9054,
        "short_ios" : 0,
        "drop_ios" : 0,
        "slat_ns" : {
          "min" : 6489,
          "max" : 102166662,
          "mean" : 6276642.277667,
          "stddev" : 10909410.689545,
          "N" : 9054
        },
        "clat_ns" : {
          "min" : 210548,
          "max" : 5156999698,
          "mean" : 160235580.341728,
          "stddev" : 210132412.283434,
          "N" : 9054,
          "percentile" : {
            "1.000000" : 32374784,
            "5.000000" : 58982400,
            "10.000000" : 76021760,
            "20.000000" : 98041856,
            "30.000000" : 114819072,
            "40.000000" : 128450560,
            "50.000000" : 143654912,
            "60.000000" : 160432128,
            "70.000000" : 179306496,
            "80.000000" : 198180864,
            "90.000000" : 225443840,
            "95.000000" : 250609664,
            "99.000000" : 316669952,
            "99.500000" : 505413632,
            "99.900000" : 4328521728,
            "99.950000" : 4664066048,
            "99.990000" : 5133828096
          }
        },
        "lat_ns" : {
          "min" : 248726,
          "max" : 5182505111,
          "mean" : 166512222.619395,
          "stddev" : 212065046.801660,
          "N" : 9054
        },
        "bw_min" : 608,
        "bw_max" : 4608,
        "bw_agg" : 100.000000,
        "bw_mean" : 2408.973669,
        "bw_dev" : 108.480510,
        "bw_samples" : 959,
        "iops_min" : 38,
        "iops_max" : 288,
        "iops_mean" : 150.498810,
        "iops_stddev" : 6.773946,
        "iops_samples" : 959
      },
      "trim" : {
        "io_bytes" : 0,
        "io_kbytes" : 0,
        "bw_bytes" : 0,
        "bw" : 0,
        "iops" : 0.000000,
        "runtime" : 0,
        "total_ios" : 0,
        "short_ios" : 0,
        "drop_ios" : 0,
        "slat_ns" : {
          "min" : 0,
          "max" : 0,
          "mean" : 0.000000,
          "stddev" : 0.000000,
          "N" : 0
        },
        "clat_ns" : {
          "min" : 0,
          "max" : 0,
          "mean" : 0.000000,
          "stddev" : 0.000000,
          "N" : 0
        },
        "lat_ns" : {
          "min" : 0,
          "max" : 0,
          "mean" : 0.000000,
          "stddev" : 0.000000,
          "N" : 0
        },
        "bw_min" : 0,
        "bw_max" : 0,
        "bw_agg" : 0.000000,
        "bw_mean" : 0.000000,
        "bw_dev" : 0.000000,
        "bw_samples" : 0,
        "iops_min" : 0,
        "iops_max" : 0,
        "iops_mean" : 0.000000,
        "iops_stddev" : 0.000000,
        "iops_samples" : 0
      },
      "sync" : {
        "total_ios" : 0,
        "lat_ns" : {
          "min" : 0,
          "max" : 0,
          "mean" : 0.000000,
          "stddev" : 0.000000,
          "N" : 0
        }
      },
      "job_runtime" : 481269,
      "usr_cpu" : 0.150851,
      "sys_cpu" : 0.614210,
      "ctx" : 24429,
      "majf" : 0,
      "minf" : 105,
      "iodepth_level" : {
        "1" : 0.100000,
        "2" : 0.100000,
        "4" : 0.107440,
        "8" : 0.214880,
        "16" : 99.597099,
        "32" : 0.000000,
        ">=64" : 0.000000
      },
      "iodepth_submit" : {
        "0" : 0.000000,
        "4" : 100.000000,
        "8" : 0.000000,
        "16" : 0.000000,
        "32" : 0.000000,
        "64" : 0.000000,
        ">=64" : 0.000000
      },
      "iodepth_complete" : {
        "0" : 0.000000,
        "4" : 99.973039,
        "8" : 0.000000,
        "16" : 0.100000,
        "32" : 0.000000,
        "64" : 0.000000,
        ">=64" : 0.000000
      },
      "latency_ns" : {
        "2" : 0.000000,
        "4" : 0.000000,
        "10" : 0.000000,
        "20" : 0.000000,
        "50" : 0.000000,
        "100" : 0.000000,
        "250" : 0.000000,
        "500" : 0.000000,
        "750" : 0.000000,
        "1000" : 0.000000
      },
      "latency_us" : {
        "2" : 0.000000,
        "4" : 0.000000,
        "10" : 0.000000,
        "20" : 0.000000,
        "50" : 0.000000,
        "100" : 0.000000,
        "250" : 0.010000,
        "500" : 0.010000,
        "750" : 0.000000,
        "1000" : 0.010000
      },
      "latency_ms" : {
        "2" : 0.010000,
        "4" : 0.010000,
        "10" : 0.010000,
        "20" : 0.100725,
        "50" : 1.034112,
        "100" : 7.493956,
        "250" : 52.924389,
        "500" : 34.270078,
        "750" : 3.404512,
        "1000" : 0.517056,
        "2000" : 0.144373,
        ">=2000" : 0.080580
      },
      "latency_depth" : 16,
      "latency_target" : 0,
      "latency_percentile" : 100.000000,
      "latency_window" : 0
    }
  ]
}
