{
  "fio version" : "fio-3.36",
  "timestamp" : 1751140272,
  "timestamp_ms" : 1751140272683,
  "time" : "Sat Jun 28 19:51:12 2025",
  "global options" : {
    "ioengine" : "libaio",
    "direct" : "1",
    "directory" : "/mnt/test",
    "buffer_compress_percentage" : "70",
    "buffer_pattern" : "0xdeadbeef"
  },
  "jobs" : [
    {
      "jobname" : "database_test",
      "groupid" : 0,
      "job_start" : 1751140261716,
      "error" : 0,
      "eta" : 0,
      "elapsed" : 12,
      "job options" : {
        "rw" : "randrw",
        "rwmixread" : "70",
        "size" : "1G",
        "numjobs" : "8",
        "runtime" : "60",
        "iodepth" : "16",
        "bssplit" : "4k/80:8k/20"
      },
      "read" : {
        "io_bytes" : 6011162624,
        "io_kbytes" : 5870276,
        "bw_bytes" : 549818222,
        "bw" : 536931,
        "iops" : 118492.728437,
        "runtime" : 10933,
        "total_ios" : 1295481,
        "short_ios" : 0,
        "drop_ios" : 0,
        "slat_ns" : {
          "min" : 2841,
          "max" : 9696499,
          "mean" : 19473.452290,
          "stddev" : 59575.560277,
          "N" : 1295481
        },
        "clat_ns" : {
          "min" : 31293,
          "max" : 22517366,
          "mean" : 715793.845623,
          "stddev" : 875777.688650,
          "N" : 1295481,
          "percentile" : {
            "1.000000" : 129536,
            "5.000000" : 189440,
            "10.000000" : 234496,
            "20.000000" : 305152,
            "30.000000" : 370688,
            "40.000000" : 432128,
            "50.000000" : 497664,
            "60.000000" : 577536,
            "70.000000" : 667648,
            "80.000000" : 806912,
            "90.000000" : 1105920,
            "95.000000" : 1990656,
            "99.000000" : 4620288,
            "99.500000" : 4947968,
            "99.900000" : 7634944,
            "99.950000" : 11337728,
            "99.990000" : 15007744
          }
        },
        "lat_ns" : {
          "min" : 35445,
          "max" : 23651040,
          "mean" : 735267.297913,
          "stddev" : 889199.214951,
          "N" : 1295481
        },
        "bw_min" : 328752,
        "bw_max" : 953312,
        "bw_agg" : 100.000000,
        "bw_mean" : 608304.491228,
        "bw_dev" : 24350.524059,
        "bw_samples" : 151,
        "iops_min" : 72634,
        "iops_max" : 213166,
        "iops_mean" : 134019.331454,
        "iops_stddev" : 5520.648562,
        "iops_samples" : 151
      },
      "write" : {
        "io_bytes" : 2578771968,
        "io_kbytes" : 2518332,
        "bw_bytes" : 235870480,
        "bw" : 230342,
        "iops" : 50813.043081,
        "runtime" : 10933,
        "total_ios" : 555539,
        "short_ios" : 0,
        "drop_ios" : 0,
        "slat_ns" : {
          "min" : 4973,
          "max" : 3904365,
          "mean" : 22326.600599,
          "stddev" : 29156.458315,
          "N" : 555539
        },
        "clat_ns" : {
          "min" : 1039,
          "max" : 20989469,
          "mean" : 493104.534632,
          "stddev" : 905074.051115,
          "N" : 555539,
          "percentile" : {
            "1.000000" : 47872,
            "5.000000" : 78336,
            "10.000000" : 101888,
            "20.000000" : 140288,
            "30.000000" : 175104,
            "40.000000" : 207872,
            "50.000000" : 246784,
            "60.000000" : 292864,
            "70.000000" : 358400,
            "80.000000" : 473088,
            "90.000000" : 782336,
            "95.000000" : 1908736,
            "99.000000" : 4292608,
            "99.500000" : 4620288,
            "99.900000" : 9633792,
            "99.950000" : 12779520,
            "99.990000" : 15925248
          }
        },
        "lat_ns" : {
          "min" : 28708,
          "max" : 21052901,
          "mean" : 515431.135231,
          "stddev" : 907513.153260,
          "N" : 555539
        },
        "bw_min" : 142552,
        "bw_max" : 410216,
        "bw_agg" : 100.000000,
        "bw_mean" : 260922.205514,
        "bw_dev" : 10447.248393,
        "bw_samples" : 151,
        "iops_min" : 31398,
        "iops_max" : 91926,
        "iops_mean" : 57465.796053,
        "iops_stddev" : 2367.930476,
        "iops_samples" : 151
      },
      "trim" : {
        "io_bytes" : 0,
        "io_kbytes" : 0,
        "bw_bytes" : 0,
        "bw" : 0,
        "iops" : 0.000000,
        "runtime" : 0,
        "total_ios" : 0,
        "short_ios" : 0,
        "drop_ios" : 0,
        "slat_ns" : {
          "min" : 0,
          "max" : 0,
          "mean" : 0.000000,
          "stddev" : 0.000000,
          "N" : 0
        },
        "clat_ns" : {
          "min" : 0,
          "max" : 0,
          "mean" : 0.000000,
          "stddev" : 0.000000,
          "N" : 0
        },
        "lat_ns" : {
          "min" : 0,
          "max" : 0,
          "mean" : 0.000000,
          "stddev" : 0.000000,
          "N" : 0
        },
        "bw_min" : 0,
        "bw_max" : 0,
        "bw_agg" : 0.000000,
        "bw_mean" : 0.000000,
        "bw_dev" : 0.000000,
        "bw_samples" : 0,
        "iops_min" : 0,
        "iops_max" : 0,
        "iops_mean" : 0.000000,
        "iops_stddev" : 0.000000,
        "iops_samples" : 0
      },
      "sync" : {
        "total_ios" : 0,
        "lat_ns" : {
          "min" : 0,
          "max" : 0,
          "mean" : 0.000000,
          "stddev" : 0.000000,
          "N" : 0
        }
      },
      "job_runtime" : 77665,
      "usr_cpu" : 6.343913,
      "sys_cpu" : 32.981394,
      "ctx" : 697580,
      "majf" : 0,
      "minf" : 119,
      "iodepth_level" : {
        "1" : 0.100000,
        "2" : 0.100000,
        "4" : 0.100000,
        "8" : 0.100000,
        "16" : 99.993517,
        "32" : 0.000000,
        ">=64" : 0.000000
      },
      "iodepth_submit" : {
        "0" : 0.000000,
        "4" : 100.000000,
        "8" : 0.000000,
        "16" : 0.000000,
        "32" : 0.000000,
        "64" : 0.000000,
        ">=64" : 0.000000
      },
      "iodepth_complete" : {
        "0" : 0.000000,
        "4" : 99.999568,
        "8" : 0.000000,
        "16" : 0.100000,
        "32" : 0.000000,
        "64" : 0.000000,
        ">=64" : 0.000000
      },
      "latency_ns" : {
        "2" : 0.000000,
        "4" : 0.000000,
        "10" : 0.000000,
        "20" : 0.000000,
        "50" : 0.000000,
        "100" : 0.000000,
        "250" : 0.000000,
        "500" : 0.000000,
        "750" : 0.000000,
        "1000" : 0.000000
      },
      "latency_us" : {
        "2" : 0.010000,
        "4" : 0.000000,
        "10" : 0.000000,
        "20" : 0.010000,
        "50" : 0.354831,
        "100" : 2.679550,
        "250" : 20.776869,
        "500" : 35.702261,
        "750" : 20.858338,
        "1000" : 8.694233
      },
      "latency_ms" : {
        "2" : 6.001070,
        "4" : 2.319748,
        "10" : 2.531091,
        "20" : 0.080874,
        "50" : 0.010000,
        "100" : 0.000000,
        "250" : 0.000000,
        "500" : 0.000000,
        "750" : 0.000000,
        "1000" : 0.000000,
        "2000" : 0.000000,
        ">=2000" : 0.000000
      },
      "latency_depth" : 16,
      "latency_target" : 0,
      "latency_percentile" : 100.000000,
      "latency_window" : 0
    }
  ]
}
