{
  "fio version" : "fio-3.36",
  "timestamp" : 1751317048,
  "timestamp_ms" : 1751317048202,
  "time" : "Mon Jun 30 20:57:28 2025",
  "global options" : {
    "ioengine" : "libaio",
    "direct" : "0",
    "directory" : "/mnt/test"
  },
  "jobs" : [
    {
      "jobname" : "database_mysql_innodb_test",
      "groupid" : 0,
      "job_start" : 1751317035759,
      "error" : 0,
      "eta" : 0,
      "elapsed" : 13,
      "job options" : {
        "rw" : "randrw",
        "rwmixread" : "70",
        "size" : "1G",
        "numjobs" : "8",
        "runtime" : "60",
        "iodepth" : "16",
        "bssplit" : "16k"
      },
      "read" : {
        "io_bytes" : 6009602048,
        "io_kbytes" : 5868752,
        "bw_bytes" : 483942828,
        "bw" : 472600,
        "iops" : 29537.526172,
        "runtime" : 12418,
        "total_ios" : 366797,
        "short_ios" : 0,
        "drop_ios" : 0,
        "slat_ns" : {
          "min" : 84313,
          "max" : 16030180,
          "mean" : 243195.249143,
          "stddev" : 388399.540053,
          "N" : 366797
        },
        "clat_ns" : {
          "min" : 4442,
          "max" : 21513914,
          "mean" : 2796078.033242,
          "stddev" : 1495044.921750,
          "N" : 366797,
          "percentile" : {
            "1.000000" : 1105920,
            "5.000000" : 1400832,
            "10.000000" : 1630208,
            "20.000000" : 2023424,
            "30.000000" : 2244608,
            "40.000000" : 2441216,
            "50.000000" : 2605056,
            "60.000000" : 2768896,
            "70.000000" : 2932736,
            "80.000000" : 3129344,
            "90.000000" : 3489792,
            "95.000000" : 4079616,
            "99.000000" : 8978432,
            "99.500000" : 10158080,
            "99.900000" : 18219008,
            "99.950000" : 19005440,
            "99.990000" : 19529728
          }
        },
        "lat_ns" : {
          "min" : 128231,
          "max" : 21790457,
          "mean" : 3039273.282385,
          "stddev" : 1570806.694905,
          "N" : 366797
        },
        "bw_min" : 427968,
        "bw_max" : 672064,
        "bw_agg" : 100.000000,
        "bw_mean" : 481341.333333,
        "bw_dev" : 6332.222471,
        "bw_samples" : 192,
        "iops_min" : 26748,
        "iops_max" : 42004,
        "iops_mean" : 30083.833333,
        "iops_stddev" : 395.763904,
        "iops_samples" : 192
      },
      "write" : {
        "io_bytes" : 2580332544,
        "io_kbytes" : 2519856,
        "bw_bytes" : 207789703,
        "bw" : 202919,
        "iops" : 12682.477049,
        "runtime" : 12418,
        "total_ios" : 157491,
        "short_ios" : 0,
        "drop_ios" : 0,
        "slat_ns" : {
          "min" : 4692,
          "max" : 391870,
          "mean" : 30618.166422,
          "stddev" : 16224.326557,
          "N" : 157491
        },
        "clat_ns" : {
          "min" : 2569,
          "max" : 21087943,
          "mean" : 2782319.839623,
          "stddev" : 1493942.305786,
          "N" : 157491,
          "percentile" : {
            "1.000000" : 1105920,
            "5.000000" : 1400832,
            "10.000000" : 1630208,
            "20.000000" : 2007040,
            "30.000000" : 2244608,
            "40.000000" : 2441216,
            "50.000000" : 2572288,
            "60.000000" : 2736128,
            "70.000000" : 2932736,
            "80.000000" : 3129344,
            "90.000000" : 3489792,
            "95.000000" : 4079616,
            "99.000000" : 8978432,
            "99.500000" : 10158080,
            "99.900000" : 17956864,
            "99.950000" : 19005440,
            "99.990000" : 19529728
          }
        },
        "lat_ns" : {
          "min" : 17872,
          "max" : 21097851,
          "mean" : 2812938.006045,
          "stddev" : 1495767.364418,
          "N" : 157491
        },
        "bw_min" : 176544,
        "bw_max" : 288992,
        "bw_agg" : 100.000000,
        "bw_mean" : 206646.666667,
        "bw_dev" : 3013.108543,
        "bw_samples" : 192,
        "iops_min" : 11034,
        "iops_max" : 18062,
        "iops_mean" : 12915.416667,
        "iops_stddev" : 188.319284,
        "iops_samples" : 192
      },
      "trim" : {
        "io_bytes" : 0,
        "io_kbytes" : 0,
        "bw_bytes" : 0,
        "bw" : 0,
        "iops" : 0.000000,
        "runtime" : 0,
        "total_ios" : 0,
        "short_ios" : 0,
        "drop_ios" : 0,
        "slat_ns" : {
          "min" : 0,
          "max" : 0,
          "mean" : 0.000000,
          "stddev" : 0.000000,
          "N" : 0
        },
        "clat_ns" : {
          "min" : 0,
          "max" : 0,
          "mean" : 0.000000,
          "stddev" : 0.000000,
          "N" : 0
        },
        "lat_ns" : {
          "min" : 0,
          "max" : 0,
          "mean" : 0.000000,
          "stddev" : 0.000000,
          "N" : 0
        },
        "bw_min" : 0,
        "bw_max" : 0,
        "bw_agg" : 0.000000,
        "bw_mean" : 0.000000,
        "bw_dev" : 0.000000,
        "bw_samples" : 0,
        "iops_min" : 0,
        "iops_max" : 0,
        "iops_mean" : 0.000000,
        "iops_stddev" : 0.000000,
        "iops_samples" : 0
      },
      "sync" : {
        "total_ios" : 0,
        "lat_ns" : {
          "min" : 0,
          "max" : 0,
          "mean" : 0.000000,
          "stddev" : 0.000000,
          "N" : 0
        }
      },
      "job_runtime" : 97493,
      "usr_cpu" : 3.868996,
      "sys_cpu" : 23.646826,
      "ctx" : 368869,
      "majf" : 0,
      "minf" : 109,
      "iodepth_level" : {
        "1" : 0.100000,
        "2" : 0.100000,
        "4" : 0.100000,
        "8" : 0.100000,
        "16" : 99.977112,
        "32" : 0.000000,
        ">=64" : 0.000000
      },
      "iodepth_submit" : {
        "0" : 0.000000,
        "4" : 100.000000,
        "8" : 0.000000,
        "16" : 0.000000,
        "32" : 0.000000,
        "64" : 0.000000,
        ">=64" : 0.000000
      },
      "iodepth_complete" : {
        "0" : 0.000000,
        "4" : 99.998474,
        "8" : 0.000000,
        "16" : 0.100000,
        "32" : 0.000000,
        "64" : 0.000000,
        ">=64" : 0.000000
      },
      "latency_ns" : {
        "2" : 0.000000,
        "4" : 0.000000,
        "10" : 0.000000,
        "20" : 0.000000,
        "50" : 0.000000,
        "100" : 0.000000,
        "250" : 0.000000,
        "500" : 0.000000,
        "750" : 0.000000,
        "1000" : 0.000000
      },
      "latency_us" : {
        "2" : 0.000000,
        "4" : 0.010000,
        "10" : 0.010000,
        "20" : 0.010000,
        "50" : 0.010000,
        "100" : 0.010000,
        "250" : 0.010000,
        "500" : 0.010000,
        "750" : 0.030327,
        "1000" : 0.392342
      },
      "latency_ms" : {
        "2" : 19.029999,
        "4" : 75.337601,
        "10" : 4.685020,
        "20" : 0.516510,
        "50" : 0.010000,
        "100" : 0.000000,
        "250" : 0.000000,
        "500" : 0.000000,
        "750" : 0.000000,
        "1000" : 0.000000,
        "2000" : 0.000000,
        ">=2000" : 0.000000
      },
      "latency_depth" : 16,
      "latency_target" : 0,
      "latency_percentile" : 100.000000,
      "latency_window" : 0
    }
  ]
}
