{
  "fio version" : "fio-3.36",
  "timestamp" : 1750410332,
  "timestamp_ms" : 1750410332513,
  "time" : "Fri Jun 20 09:05:32 2025",
  "global options" : {
    "ioengine" : "libaio",
    "direct" : "1",
    "directory" : "/mnt/test",
    "buffer_compress_percentage" : "70",
    "buffer_pattern" : "0xdeadbeef"
  },
  "jobs" : [
    {
      "jobname" : "database_mysql_innodb_test",
      "groupid" : 0,
      "job_start" : 1750410321159,
      "error" : 0,
      "eta" : 0,
      "elapsed" : 12,
      "job options" : {
        "rw" : "randrw",
        "rwmixread" : "70",
        "size" : "1G",
        "numjobs" : "8",
        "runtime" : "60",
        "iodepth" : "16",
        "bssplit" : "16k"
      },
      "read" : {
        "io_bytes" : 6009602048,
        "io_kbytes" : 5868752,
        "bw_bytes" : 531024303,
        "bw" : 518578,
        "iops" : 32411.151365,
        "runtime" : 11317,
        "total_ios" : 366797,
        "short_ios" : 0,
        "drop_ios" : 0,
        "slat_ns" : {
          "min" : 32171,
          "max" : 71454696,
          "mean" : 126348.012795,
          "stddev" : 267774.527489,
          "N" : 366797
        },
        "clat_ns" : {
          "min" : 1252,
          "max" : 121484603,
          "mean" : 2530418.329035,
          "stddev" : 1724159.099167,
          "N" : 366797,
          "percentile" : {
            "1.000000" : 456704,
            "5.000000" : 552960,
            "10.000000" : 1187840,
            "20.000000" : 1810432,
            "30.000000" : 2113536,
            "40.000000" : 2342912,
            "50.000000" : 2572288,
            "60.000000" : 2768896,
            "70.000000" : 2965504,
            "80.000000" : 3227648,
            "90.000000" : 3588096,
            "95.000000" : 3915776,
            "99.000000" : 4685824,
            "99.500000" : 5013504,
            "99.900000" : 7176192,
            "99.950000" : 22675456,
            "99.990000" : 84410368
          }
        },
        "lat_ns" : {
          "min" : 38154,
          "max" : 121532428,
          "mean" : 2656766.341829,
          "stddev" : 1757553.333403,
          "N" : 366797
        },
        "bw_min" : 426400,
        "bw_max" : 1319018,
        "bw_agg" : 100.000000,
        "bw_mean" : 527959.839827,
        "bw_dev" : 22345.413261,
        "bw_samples" : 174,
        "iops_min" : 26650,
        "iops_max" : 82437,
        "iops_mean" : 32997.166667,
        "iops_stddev" : 1396.559367,
        "iops_samples" : 174
      },
      "write" : {
        "io_bytes" : 2580332544,
        "io_kbytes" : 2519856,
        "bw_bytes" : 228004996,
        "bw" : 222661,
        "iops" : 13916.320580,
        "runtime" : 11317,
        "total_ios" : 157491,
        "short_ios" : 0,
        "drop_ios" : 0,
        "slat_ns" : {
          "min" : 7107,
          "max" : 108524484,
          "mean" : 259577.255792,
          "stddev" : 506789.514925,
          "N" : 157491
        },
        "clat_ns" : {
          "min" : 1658,
          "max" : 118466313,
          "mean" : 2584343.354490,
          "stddev" : 1506683.210291,
          "N" : 157491,
          "percentile" : {
            "1.000000" : 456704,
            "5.000000" : 552960,
            "10.000000" : 1220608,
            "20.000000" : 1859584,
            "30.000000" : 2211840,
            "40.000000" : 2441216,
            "50.000000" : 2637824,
            "60.000000" : 2834432,
            "70.000000" : 3031040,
            "80.000000" : 3293184,
            "90.000000" : 3686400,
            "95.000000" : 4014080,
            "99.000000" : 4751360,
            "99.500000" : 5144576,
            "99.900000" : 6651904,
            "99.950000" : 18481152,
            "99.990000" : 68681728
          }
        },
        "lat_ns" : {
          "min" : 119811,
          "max" : 121752954,
          "mean" : 2843920.610282,
          "stddev" : 1643368.993390,
          "N" : 157491
        },
        "bw_min" : 184320,
        "bw_max" : 572168,
        "bw_agg" : 100.000000,
        "bw_mean" : 226795.915584,
        "bw_dev" : 9753.260741,
        "bw_samples" : 174,
        "iops_min" : 11520,
        "iops_max" : 35760,
        "iops_mean" : 14174.370130,
        "iops_stddev" : 609.575837,
        "iops_samples" : 174
      },
      "trim" : {
        "io_bytes" : 0,
        "io_kbytes" : 0,
        "bw_bytes" : 0,
        "bw" : 0,
        "iops" : 0.000000,
        "runtime" : 0,
        "total_ios" : 0,
        "short_ios" : 0,
        "drop_ios" : 0,
        "slat_ns" : {
          "min" : 0,
          "max" : 0,
          "mean" : 0.000000,
          "stddev" : 0.000000,
          "N" : 0
        },
        "clat_ns" : {
          "min" : 0,
          "max" : 0,
          "mean" : 0.000000,
          "stddev" : 0.000000,
          "N" : 0
        },
        "lat_ns" : {
          "min" : 0,
          "max" : 0,
          "mean" : 0.000000,
          "stddev" : 0.000000,
          "N" : 0
        },
        "bw_min" : 0,
        "bw_max" : 0,
        "bw_agg" : 0.000000,
        "bw_mean" : 0.000000,
        "bw_dev" : 0.000000,
        "bw_samples" : 0,
        "iops_min" : 0,
        "iops_max" : 0,
        "iops_mean" : 0.000000,
        "iops_stddev" : 0.000000,
        "iops_samples" : 0
      },
      "sync" : {
        "total_ios" : 0,
        "lat_ns" : {
          "min" : 0,
          "max" : 0,
          "mean" : 0.000000,
          "stddev" : 0.000000,
          "N" : 0
        }
      },
      "job_runtime" : 88973,
      "usr_cpu" : 1.345352,
      "sys_cpu" : 19.712722,
      "ctx" : 322341,
      "majf" : 0,
      "minf" : 120,
      "iodepth_level" : {
        "1" : 0.100000,
        "2" : 0.100000,
        "4" : 0.100000,
        "8" : 0.100000,
        "16" : 99.977112,
        "32" : 0.000000,
        ">=64" : 0.000000
      },
      "iodepth_submit" : {
        "0" : 0.000000,
        "4" : 100.000000,
        "8" : 0.000000,
        "16" : 0.000000,
        "32" : 0.000000,
        "64" : 0.000000,
        ">=64" : 0.000000
      },
      "iodepth_complete" : {
        "0" : 0.000000,
        "4" : 99.998474,
        "8" : 0.000000,
        "16" : 0.100000,
        "32" : 0.000000,
        "64" : 0.000000,
        ">=64" : 0.000000
      },
      "latency_ns" : {
        "2" : 0.000000,
        "4" : 0.000000,
        "10" : 0.000000,
        "20" : 0.000000,
        "50" : 0.000000,
        "100" : 0.000000,
        "250" : 0.000000,
        "500" : 0.000000,
        "750" : 0.000000,
        "1000" : 0.000000
      },
      "latency_us" : {
        "2" : 0.010000,
        "4" : 0.000000,
        "10" : 0.000000,
        "20" : 0.000000,
        "50" : 0.010000,
        "100" : 0.010000,
        "250" : 0.010000,
        "500" : 2.559090,
        "750" : 3.909111,
        "1000" : 1.226616
      },
      "latency_ms" : {
        "2" : 17.170143,
        "4" : 70.589447,
        "10" : 4.459763,
        "20" : 0.030136,
        "50" : 0.032043,
        "100" : 0.012016,
        "250" : 0.010000,
        "500" : 0.000000,
        "750" : 0.000000,
        "1000" : 0.000000,
        "2000" : 0.000000,
        ">=2000" : 0.000000
      },
      "latency_depth" : 16,
      "latency_target" : 0,
      "latency_percentile" : 100.000000,
      "latency_window" : 0
    }
  ]
}
