{
  "fio version" : "fio-3.36",
  "timestamp" : 1753315036,
  "timestamp_ms" : 1753315036551,
  "time" : "Wed Jul 23 23:57:16 2025",
  "global options" : {
    "ioengine" : "libaio",
    "direct" : "0",
    "directory" : "/mnt/test",
    "buffer_compress_percentage" : "70",
    "buffer_pattern" : "0xdeadbeef"
  },
  "jobs" : [
    {
      "jobname" : "webserver_test",
      "groupid" : 0,
      "job_start" : 1753314916413,
      "error" : 0,
      "eta" : 0,
      "elapsed" : 121,
      "job options" : {
        "rw" : "randread",
        "size" : "4G",
        "numjobs" : "16",
        "runtime" : "120",
        "iodepth" : "32",
        "bssplit" : "4k/90:8k/10"
      },
      "read" : {
        "io_bytes" : 115335168,
        "io_kbytes" : 112632,
        "bw_bytes" : 960334,
        "bw" : 937,
        "iops" : 213.440578,
        "runtime" : 120099,
        "total_ios" : 25634,
        "short_ios" : 0,
        "drop_ios" : 0,
        "slat_ns" : {
          "min" : 4411245,
          "max" : 1408777035,
          "mean" : 74901030.690138,
          "stddev" : 94608292.060549,
          "N" : 25634
        },
        "clat_ns" : {
          "min" : 10840,
          "max" : 6109621260,
          "mean" : 2298989476.648318,
          "stddev" : 765432524.777455,
          "N" : 25634,
          "percentile" : {
            "1.000000" : 1002438656,
            "5.000000" : 1367343104,
            "10.000000" : 1518338048,
            "20.000000" : 1702887424,
            "30.000000" : 1853882368,
            "40.000000" : 2004877312,
            "50.000000" : 2164260864,
            "60.000000" : 2332033024,
            "70.000000" : 2533359616,
            "80.000000" : 2835349504,
            "90.000000" : 3271557120,
            "95.000000" : 3808428032,
            "99.000000" : 4865392640,
            "99.500000" : 5133828096,
            "99.900000" : 5603590144,
            "99.950000" : 5872025600,
            "99.990000" : 6073352192
          }
        },
        "lat_ns" : {
          "min" : 30224672,
          "max" : 6247767221,
          "mean" : 2373890507.338457,
          "stddev" : 782808868.120366,
          "N" : 25634
        },
        "bw_min" : 128,
        "bw_max" : 2352,
        "bw_agg" : 100.000000,
        "bw_mean" : 950.299595,
        "bw_dev" : 27.524356,
        "bw_samples" : 3688,
        "iops_min" : 32,
        "iops_max" : 522,
        "iops_mean" : 216.271706,
        "iops_stddev" : 6.101673,
        "iops_samples" : 3688
      },
      "write" : {
        "io_bytes" : 0,
        "io_kbytes" : 0,
        "bw_bytes" : 0,
        "bw" : 0,
        "iops" : 0.000000,
        "runtime" : 0,
        "total_ios" : 0,
        "short_ios" : 0,
        "drop_ios" : 0,
        "slat_ns" : {
          "min" : 0,
          "max" : 0,
          "mean" : 0.000000,
          "stddev" : 0.000000,
          "N" : 0
        },
        "clat_ns" : {
          "min" : 0,
          "max" : 0,
          "mean" : 0.000000,
          "stddev" : 0.000000,
          "N" : 0
        },
        "lat_ns" : {
          "min" : 0,
          "max" : 0,
          "mean" : 0.000000,
          "stddev" : 0.000000,
          "N" : 0
        },
        "bw_min" : 0,
        "bw_max" : 0,
        "bw_agg" : 0.000000,
        "bw_mean" : 0.000000,
        "bw_dev" : 0.000000,
        "bw_samples" : 0,
        "iops_min" : 0,
        "iops_max" : 0,
        "iops_mean" : 0.000000,
        "iops_stddev" : 0.000000,
        "iops_samples" : 0
      },
      "trim" : {
        "io_bytes" : 0,
        "io_kbytes" : 0,
        "bw_bytes" : 0,
        "bw" : 0,
        "iops" : 0.000000,
        "runtime" : 0,
        "total_ios" : 0,
        "short_ios" : 0,
        "drop_ios" : 0,
        "slat_ns" : {
          "min" : 0,
          "max" : 0,
          "mean" : 0.000000,
          "stddev" : 0.000000,
          "N" : 0
        },
        "clat_ns" : {
          "min" : 0,
          "max" : 0,
          "mean" : 0.000000,
          "stddev" : 0.000000,
          "N" : 0
        },
        "lat_ns" : {
          "min" : 0,
          "max" : 0,
          "mean" : 0.000000,
          "stddev" : 0.000000,
          "N" : 0
        },
        "bw_min" : 0,
        "bw_max" : 0,
        "bw_agg" : 0.000000,
        "bw_mean" : 0.000000,
        "bw_dev" : 0.000000,
        "bw_samples" : 0,
        "iops_min" : 0,
        "iops_max" : 0,
        "iops_mean" : 0.000000,
        "iops_stddev" : 0.000000,
        "iops_samples" : 0
      },
      "sync" : {
        "total_ios" : 0,
        "lat_ns" : {
          "min" : 0,
          "max" : 0,
          "mean" : 0.000000,
          "stddev" : 0.000000,
          "N" : 0
        }
      },
      "job_runtime" : 1920706,
      "usr_cpu" : 0.040454,
      "sys_cpu" : 0.185349,
      "ctx" : 25683,
      "majf" : 0,
      "minf" : 1186,
      "iodepth_level" : {
        "1" : 0.100000,
        "2" : 0.124834,
        "4" : 0.249668,
        "8" : 0.499337,
        "16" : 0.998674,
        "32" : 98.065070,
        ">=64" : 0.000000
      },
      "iodepth_submit" : {
        "0" : 0.000000,
        "4" : 100.000000,
        "8" : 0.000000,
        "16" : 0.000000,
        "32" : 0.000000,
        "64" : 0.000000,
        ">=64" : 0.000000
      },
      "iodepth_complete" : {
        "0" : 0.000000,
        "4" : 99.936392,
        "8" : 0.000000,
        "16" : 0.000000,
        "32" : 0.100000,
        "64" : 0.000000,
        ">=64" : 0.000000
      },
      "latency_ns" : {
        "2" : 0.000000,
        "4" : 0.000000,
        "10" : 0.000000,
        "20" : 0.000000,
        "50" : 0.000000,
        "100" : 0.000000,
        "250" : 0.000000,
        "500" : 0.000000,
        "750" : 0.000000,
        "1000" : 0.000000
      },
      "latency_us" : {
        "2" : 0.000000,
        "4" : 0.000000,
        "10" : 0.000000,
        "20" : 0.054615,
        "50" : 0.010000,
        "100" : 0.000000,
        "250" : 0.000000,
        "500" : 0.000000,
        "750" : 0.000000,
        "1000" : 0.000000
      },
      "latency_ms" : {
        "2" : 0.000000,
        "4" : 0.000000,
        "10" : 0.000000,
        "20" : 0.000000,
        "50" : 0.011703,
        "100" : 0.035110,
        "250" : 0.124834,
        "500" : 0.206757,
        "750" : 0.179449,
        "1000" : 0.362799,
        "2000" : 38.581571,
        ">=2000" : 60.435359
      },
      "latency_depth" : 32,
      "latency_target" : 0,
      "latency_percentile" : 100.000000,
      "latency_window" : 0
    }
  ]
}
