{
  "fio version" : "fio-3.36",
  "timestamp" : 1752893616,
  "timestamp_ms" : 1752893616859,
  "time" : "Sat Jul 19 02:53:36 2025",
  "global options" : {
    "ioengine" : "libaio",
    "direct" : "1",
    "directory" : "/mnt/test",
    "buffer_compress_percentage" : "70",
    "buffer_pattern" : "0xdeadbeef"
  },
  "jobs" : [
    {
      "jobname" : "database_test",
      "groupid" : 0,
      "job_start" : 1752893556809,
      "error" : 0,
      "eta" : 0,
      "elapsed" : 61,
      "job options" : {
        "rw" : "randrw",
        "rwmixread" : "70",
        "size" : "1G",
        "numjobs" : "24",
        "runtime" : "60",
        "iodepth" : "16",
        "bssplit" : "4k/80:8k/20"
      },
      "read" : {
        "io_bytes" : 7152136192,
        "io_kbytes" : 6984508,
        "bw_bytes" : 119198296,
        "bw" : 116404,
        "iops" : 24882.487250,
        "runtime" : 60002,
        "total_ios" : 1492999,
        "short_ios" : 0,
        "drop_ios" : 0,
        "slat_ns" : {
          "min" : 2730,
          "max" : 68183716,
          "mean" : 911053.973612,
          "stddev" : 2330458.783409,
          "N" : 1492999
        },
        "clat_ns" : {
          "min" : 1662,
          "max" : 763607369,
          "mean" : 10134225.060192,
          "stddev" : 23587652.133044,
          "N" : 1492999,
          "percentile" : {
            "1.000000" : 2277376,
            "5.000000" : 2736128,
            "10.000000" : 2965504,
            "20.000000" : 3293184,
            "30.000000" : 3522560,
            "40.000000" : 3751936,
            "50.000000" : 3981312,
            "60.000000" : 4292608,
            "70.000000" : 4947968,
            "80.000000" : 5734400,
            "90.000000" : 10289152,
            "95.000000" : 61079552,
            "99.000000" : 80216064,
            "99.500000" : 87556096,
            "99.900000" : 354418688,
            "99.950000" : 413138944,
            "99.990000" : 517996544
          }
        },
        "lat_ns" : {
          "min" : 125925,
          "max" : 804616133,
          "mean" : 11045279.033803,
          "stddev" : 25506831.315240,
          "N" : 1492999
        },
        "bw_min" : 1928,
        "bw_max" : 306160,
        "bw_agg" : 98.987509,
        "bw_mean" : 115226.168067,
        "bw_dev" : 4769.502865,
        "bw_samples" : 2856,
        "iops_min" : 426,
        "iops_max" : 66126,
        "iops_mean" : 24619.235294,
        "iops_stddev" : 1018.260783,
        "iops_samples" : 2856
      },
      "write" : {
        "io_bytes" : 3063685120,
        "io_kbytes" : 2991880,
        "bw_bytes" : 51059716,
        "bw" : 49863,
        "iops" : 10658.828039,
        "runtime" : 60002,
        "total_ios" : 639551,
        "short_ios" : 0,
        "drop_ios" : 0,
        "slat_ns" : {
          "min" : 4520,
          "max" : 306948921,
          "mean" : 101305.449490,
          "stddev" : 1903775.690786,
          "N" : 639551
        },
        "clat_ns" : {
          "min" : 193414,
          "max" : 769960962,
          "mean" : 10121975.137323,
          "stddev" : 23443733.831926,
          "N" : 639551,
          "percentile" : {
            "1.000000" : 2277376,
            "5.000000" : 2736128,
            "10.000000" : 2965504,
            "20.000000" : 3293184,
            "30.000000" : 3522560,
            "40.000000" : 3751936,
            "50.000000" : 3981312,
            "60.000000" : 4358144,
            "70.000000" : 4947968,
            "80.000000" : 5734400,
            "90.000000" : 10420224,
            "95.000000" : 61079552,
            "99.000000" : 81264640,
            "99.500000" : 87556096,
            "99.900000" : 350224384,
            "99.950000" : 413138944,
            "99.990000" : 513802240
          }
        },
        "lat_ns" : {
          "min" : 206150,
          "max" : 770157987,
          "mean" : 10223280.586813,
          "stddev" : 23845966.447212,
          "N" : 639551
        },
        "bw_min" : 584,
        "bw_max" : 140560,
        "bw_agg" : 98.983206,
        "bw_mean" : 49356.718060,
        "bw_dev" : 2049.113495,
        "bw_samples" : 2855,
        "iops_min" : 132,
        "iops_max" : 30120,
        "iops_mean" : 10544.727888,
        "iops_stddev" : 437.502247,
        "iops_samples" : 2855
      },
      "trim" : {
        "io_bytes" : 0,
        "io_kbytes" : 0,
        "bw_bytes" : 0,
        "bw" : 0,
        "iops" : 0.000000,
        "runtime" : 0,
        "total_ios" : 0,
        "short_ios" : 0,
        "drop_ios" : 0,
        "slat_ns" : {
          "min" : 0,
          "max" : 0,
          "mean" : 0.000000,
          "stddev" : 0.000000,
          "N" : 0
        },
        "clat_ns" : {
          "min" : 0,
          "max" : 0,
          "mean" : 0.000000,
          "stddev" : 0.000000,
          "N" : 0
        },
        "lat_ns" : {
          "min" : 0,
          "max" : 0,
          "mean" : 0.000000,
          "stddev" : 0.000000,
          "N" : 0
        },
        "bw_min" : 0,
        "bw_max" : 0,
        "bw_agg" : 0.000000,
        "bw_mean" : 0.000000,
        "bw_dev" : 0.000000,
        "bw_samples" : 0,
        "iops_min" : 0,
        "iops_max" : 0,
        "iops_mean" : 0.000000,
        "iops_stddev" : 0.000000,
        "iops_samples" : 0
      },
      "sync" : {
        "total_ios" : 0,
        "lat_ns" : {
          "min" : 0,
          "max" : 0,
          "mean" : 0.000000,
          "stddev" : 0.000000,
          "N" : 0
        }
      },
      "job_runtime" : 1440008,
      "usr_cpu" : 0.887773,
      "sys_cpu" : 4.855876,
      "ctx" : 1658245,
      "majf" : 0,
      "minf" : 396,
      "iodepth_level" : {
        "1" : 0.100000,
        "2" : 0.100000,
        "4" : 0.100000,
        "8" : 0.100000,
        "16" : 99.983119,
        "32" : 0.000000,
        ">=64" : 0.000000
      },
      "iodepth_submit" : {
        "0" : 0.000000,
        "4" : 100.000000,
        "8" : 0.000000,
        "16" : 0.000000,
        "32" : 0.000000,
        "64" : 0.000000,
        ">=64" : 0.000000
      },
      "iodepth_complete" : {
        "0" : 0.000000,
        "4" : 99.998874,
        "8" : 0.000000,
        "16" : 0.100000,
        "32" : 0.000000,
        "64" : 0.000000,
        ">=64" : 0.000000
      },
      "latency_ns" : {
        "2" : 0.000000,
        "4" : 0.000000,
        "10" : 0.000000,
        "20" : 0.000000,
        "50" : 0.000000,
        "100" : 0.000000,
        "250" : 0.000000,
        "500" : 0.000000,
        "750" : 0.000000,
        "1000" : 0.000000
      },
      "latency_us" : {
        "2" : 0.010000,
        "4" : 0.010000,
        "10" : 0.010000,
        "20" : 0.010000,
        "50" : 0.000000,
        "100" : 0.000000,
        "250" : 0.010000,
        "500" : 0.010000,
        "750" : 0.010000,
        "1000" : 0.010000
      },
      "latency_ms" : {
        "2" : 0.282338,
        "4" : 49.970364,
        "10" : 39.632365,
        "20" : 0.921760,
        "50" : 1.775715,
        "100" : 7.153502,
        "250" : 0.085344,
        "500" : 0.161637,
        "750" : 0.012473,
        "1000" : 0.010000,
        "2000" : 0.000000,
        ">=2000" : 0.000000
      },
      "latency_depth" : 16,
      "latency_target" : 0,
      "latency_percentile" : 100.000000,
      "latency_window" : 0
    }
  ]
}
