{
  "fio version" : "fio-3.36",
  "timestamp" : 1750562933,
  "timestamp_ms" : 1750562933073,
  "time" : "Sun Jun 22 03:28:53 2025",
  "global options" : {
    "ioengine" : "libaio",
    "direct" : "1",
    "directory" : "/mnt/test"
  },
  "jobs" : [
    {
      "jobname" : "database_mysql_innodb_test",
      "groupid" : 0,
      "job_start" : 1750562932970,
      "error" : 0,
      "eta" : 2147483647,
      "elapsed" : 1,
      "job options" : {
        "rw" : "randrw",
        "rwmixread" : "70",
        "size" : "1M",
        "numjobs" : "8",
        "runtime" : "60",
        "iodepth" : "16",
        "bssplit" : "16k"
      },
      "read" : {
        "io_bytes" : 5619712,
        "io_kbytes" : 5488,
        "bw_bytes" : 79150873,
        "bw" : 77295,
        "iops" : 4830.985915,
        "runtime" : 71,
        "total_ios" : 343,
        "short_ios" : 0,
        "drop_ios" : 0,
        "slat_ns" : {
          "min" : 2881,
          "max" : 483004,
          "mean" : 37210.072886,
          "stddev" : 39401.214655,
          "N" : 343
        },
        "clat_ns" : {
          "min" : 213299,
          "max" : 49658995,
          "mean" : 14442810.513120,
          "stddev" : 10430051.035750,
          "N" : 343,
          "percentile" : {
            "1.000000" : 276480,
            "5.000000" : 1351680,
            "10.000000" : 2179072,
            "20.000000" : 7897088,
            "30.000000" : 9109504,
            "40.000000" : 10944512,
            "50.000000" : 11993088,
            "60.000000" : 13434880,
            "70.000000" : 15400960,
            "80.000000" : 19529728,
            "90.000000" : 25821184,
            "95.000000" : 43778048,
            "99.000000" : 44826624,
            "99.500000" : 45875200,
            "99.900000" : 49545216,
            "99.950000" : 49545216,
            "99.990000" : 49545216
          }
        },
        "lat_ns" : {
          "min" : 229838,
          "max" : 49685138,
          "mean" : 14480020.586006,
          "stddev" : 10430037.655027,
          "N" : 343
        },
        "bw_min" : 0,
        "bw_max" : 0,
        "bw_agg" : 0.000000,
        "bw_mean" : 0.000000,
        "bw_dev" : 0.000000,
        "bw_samples" : 0,
        "iops_min" : 0,
        "iops_max" : 0,
        "iops_mean" : 0.000000,
        "iops_stddev" : 0.000000,
        "iops_samples" : 0
      },
      "write" : {
        "io_bytes" : 2768896,
        "io_kbytes" : 2704,
        "bw_bytes" : 38998535,
        "bw" : 38084,
        "iops" : 2380.281690,
        "runtime" : 71,
        "total_ios" : 169,
        "short_ios" : 0,
        "drop_ios" : 0,
        "slat_ns" : {
          "min" : 7075,
          "max" : 258076,
          "mean" : 50103.804734,
          "stddev" : 38128.819268,
          "N" : 169
        },
        "clat_ns" : {
          "min" : 440567,
          "max" : 36149539,
          "mean" : 14787785.656805,
          "stddev" : 7749804.238136,
          "N" : 169,
          "percentile" : {
            "1.000000" : 473088,
            "5.000000" : 1368064,
            "10.000000" : 3915776,
            "20.000000" : 10813440,
            "30.000000" : 12124160,
            "40.000000" : 12910592,
            "50.000000" : 13041664,
            "60.000000" : 13959168,
            "70.000000" : 17432576,
            "80.000000" : 19267584,
            "90.000000" : 25559040,
            "95.000000" : 32636928,
            "99.000000" : 35389440,
            "99.500000" : 35913728,
            "99.900000" : 35913728,
            "99.950000" : 35913728,
            "99.990000" : 35913728
          }
        },
        "lat_ns" : {
          "min" : 469004,
          "max" : 36239945,
          "mean" : 14837889.461538,
          "stddev" : 7751875.973464,
          "N" : 169
        },
        "bw_min" : 0,
        "bw_max" : 0,
        "bw_agg" : 0.000000,
        "bw_mean" : 0.000000,
        "bw_dev" : 0.000000,
        "bw_samples" : 0,
        "iops_min" : 0,
        "iops_max" : 0,
        "iops_mean" : 0.000000,
        "iops_stddev" : 0.000000,
        "iops_samples" : 0
      },
      "trim" : {
        "io_bytes" : 0,
        "io_kbytes" : 0,
        "bw_bytes" : 0,
        "bw" : 0,
        "iops" : 0.000000,
        "runtime" : 0,
        "total_ios" : 0,
        "short_ios" : 0,
        "drop_ios" : 0,
        "slat_ns" : {
          "min" : 0,
          "max" : 0,
          "mean" : 0.000000,
          "stddev" : 0.000000,
          "N" : 0
        },
        "clat_ns" : {
          "min" : 0,
          "max" : 0,
          "mean" : 0.000000,
          "stddev" : 0.000000,
          "N" : 0
        },
        "lat_ns" : {
          "min" : 0,
          "max" : 0,
          "mean" : 0.000000,
          "stddev" : 0.000000,
          "N" : 0
        },
        "bw_min" : 0,
        "bw_max" : 0,
        "bw_agg" : 0.000000,
        "bw_mean" : 0.000000,
        "bw_dev" : 0.000000,
        "bw_samples" : 0,
        "iops_min" : 0,
        "iops_max" : 0,
        "iops_mean" : 0.000000,
        "iops_stddev" : 0.000000,
        "iops_samples" : 0
      },
      "sync" : {
        "total_ios" : 0,
        "lat_ns" : {
          "min" : 0,
          "max" : 0,
          "mean" : 0.000000,
          "stddev" : 0.000000,
          "N" : 0
        }
      },
      "job_runtime" : 472,
      "usr_cpu" : 0.635593,
      "sys_cpu" : 4.449153,
      "ctx" : 247,
      "majf" : 0,
      "minf" : 91,
      "iodepth_level" : {
        "1" : 1.562500,
        "2" : 3.125000,
        "4" : 6.250000,
        "8" : 12.500000,
        "16" : 76.562500,
        "32" : 0.000000,
        ">=64" : 0.000000
      },
      "iodepth_submit" : {
        "0" : 0.000000,
        "4" : 100.000000,
        "8" : 0.000000,
        "16" : 0.000000,
        "32" : 0.000000,
        "64" : 0.000000,
        ">=64" : 0.000000
      },
      "iodepth_complete" : {
        "0" : 0.000000,
        "4" : 98.000000,
        "8" : 0.000000,
        "16" : 2.000000,
        "32" : 0.000000,
        "64" : 0.000000,
        ">=64" : 0.000000
      },
      "latency_ns" : {
        "2" : 0.000000,
        "4" : 0.000000,
        "10" : 0.000000,
        "20" : 0.000000,
        "50" : 0.000000,
        "100" : 0.000000,
        "250" : 0.000000,
        "500" : 0.000000,
        "750" : 0.000000,
        "1000" : 0.000000
      },
      "latency_us" : {
        "2" : 0.000000,
        "4" : 0.000000,
        "10" : 0.000000,
        "20" : 0.000000,
        "50" : 0.000000,
        "100" : 0.000000,
        "250" : 0.585938,
        "500" : 0.976562,
        "750" : 1.367188,
        "1000" : 0.781250
      },
      "latency_ms" : {
        "2" : 4.882812,
        "4" : 3.320312,
        "10" : 15.429688,
        "20" : 54.101562,
        "50" : 18.554688,
        "100" : 0.000000,
        "250" : 0.000000,
        "500" : 0.000000,
        "750" : 0.000000,
        "1000" : 0.000000,
        "2000" : 0.000000,
        ">=2000" : 0.000000
      },
      "latency_depth" : 16,
      "latency_target" : 0,
      "latency_percentile" : 100.000000,
      "latency_window" : 0
    }
  ]
}
