{
  "fio version" : "fio-3.36",
  "timestamp" : 1752276280,
  "timestamp_ms" : 1752276280551,
  "time" : "Fri Jul 11 23:24:40 2025",
  "global options" : {
    "ioengine" : "libaio",
    "direct" : "1",
    "directory" : "/mnt/test",
    "buffer_compress_percentage" : "70",
    "buffer_pattern" : "0xdeadbeef"
  },
  "jobs" : [
    {
      "jobname" : "database_test",
      "groupid" : 0,
      "job_start" : 1752276220272,
      "error" : 0,
      "eta" : 0,
      "elapsed" : 61,
      "job options" : {
        "rw" : "randrw",
        "rwmixread" : "70",
        "size" : "1G",
        "numjobs" : "24",
        "runtime" : "60",
        "iodepth" : "16",
        "bssplit" : "4k/80:8k/20"
      },
      "read" : {
        "io_bytes" : 92282880,
        "io_kbytes" : 90120,
        "bw_bytes" : 1532098,
        "bw" : 1496,
        "iops" : 312.254080,
        "runtime" : 60233,
        "total_ios" : 18808,
        "short_ios" : 0,
        "drop_ios" : 0,
        "slat_ns" : {
          "min" : 3567,
          "max" : 395536889,
          "mean" : 60027565.707040,
          "stddev" : 39505418.734391,
          "N" : 18808
        },
        "clat_ns" : {
          "min" : 9611380,
          "max" : 2947079316,
          "mean" : 811080290.724266,
          "stddev" : 223527968.092061,
          "N" : 18808,
          "percentile" : {
            "1.000000" : 295698432,
            "5.000000" : 463470592,
            "10.000000" : 541065216,
            "20.000000" : 633339904,
            "30.000000" : 700448768,
            "40.000000" : 750780416,
            "50.000000" : 801112064,
            "60.000000" : 859832320,
            "70.000000" : 910163968,
            "80.000000" : 985661440,
            "90.000000" : 1082130432,
            "95.000000" : 1182793728,
            "99.000000" : 1384120320,
            "99.500000" : 1501560832,
            "99.900000" : 1786773504,
            "99.950000" : 1988100096,
            "99.990000" : 2835349504
          }
        },
        "lat_ns" : {
          "min" : 9619274,
          "max" : 3057880844,
          "mean" : 871107856.431306,
          "stddev" : 229806432.644431,
          "N" : 18808
        },
        "bw_min" : 272,
        "bw_max" : 3264,
        "bw_agg" : 99.853665,
        "bw_mean" : 1494.728963,
        "bw_dev" : 25.201768,
        "bw_samples" : 2853,
        "iops_min" : 56,
        "iops_max" : 666,
        "iops_mean" : 311.983593,
        "iops_stddev" : 4.965966,
        "iops_samples" : 2853
      },
      "write" : {
        "io_bytes" : 40534016,
        "io_kbytes" : 39584,
        "bw_bytes" : 672953,
        "bw" : 657,
        "iops" : 137.482775,
        "runtime" : 60233,
        "total_ios" : 8281,
        "short_ios" : 0,
        "drop_ios" : 0,
        "slat_ns" : {
          "min" : 6425,
          "max" : 294255516,
          "mean" : 37575717.816689,
          "stddev" : 41664328.860099,
          "N" : 8281
        },
        "clat_ns" : {
          "min" : 9272575,
          "max" : 4128145519,
          "mean" : 760237573.023790,
          "stddev" : 339421037.948524,
          "N" : 8281,
          "percentile" : {
            "1.000000" : 227540992,
            "5.000000" : 371195904,
            "10.000000" : 446693376,
            "20.000000" : 534773760,
            "30.000000" : 591396864,
            "40.000000" : 650117120,
            "50.000000" : 700448768,
            "60.000000" : 759169024,
            "70.000000" : 826277888,
            "80.000000" : 910163968,
            "90.000000" : 1098907648,
            "95.000000" : 1417674752,
            "99.000000" : 2071986176,
            "99.500000" : 2332033024,
            "99.900000" : 2868903936,
            "99.950000" : 3405774848,
            "99.990000" : 4143972352
          }
        },
        "lat_ns" : {
          "min" : 9307790,
          "max" : 4242955564,
          "mean" : 797813290.840478,
          "stddev" : 358337810.794715,
          "N" : 8281
        },
        "bw_min" : 192,
        "bw_max" : 2064,
        "bw_agg" : 100.000000,
        "bw_mean" : 700.789063,
        "bw_dev" : 16.650253,
        "bw_samples" : 2675,
        "iops_min" : 48,
        "iops_max" : 400,
        "iops_mean" : 146.682941,
        "iops_stddev" : 3.280160,
        "iops_samples" : 2675
      },
      "trim" : {
        "io_bytes" : 0,
        "io_kbytes" : 0,
        "bw_bytes" : 0,
        "bw" : 0,
        "iops" : 0.000000,
        "runtime" : 0,
        "total_ios" : 0,
        "short_ios" : 0,
        "drop_ios" : 0,
        "slat_ns" : {
          "min" : 0,
          "max" : 0,
          "mean" : 0.000000,
          "stddev" : 0.000000,
          "N" : 0
        },
        "clat_ns" : {
          "min" : 0,
          "max" : 0,
          "mean" : 0.000000,
          "stddev" : 0.000000,
          "N" : 0
        },
        "lat_ns" : {
          "min" : 0,
          "max" : 0,
          "mean" : 0.000000,
          "stddev" : 0.000000,
          "N" : 0
        },
        "bw_min" : 0,
        "bw_max" : 0,
        "bw_agg" : 0.000000,
        "bw_mean" : 0.000000,
        "bw_dev" : 0.000000,
        "bw_samples" : 0,
        "iops_min" : 0,
        "iops_max" : 0,
        "iops_mean" : 0.000000,
        "iops_stddev" : 0.000000,
        "iops_samples" : 0
      },
      "sync" : {
        "total_ios" : 0,
        "lat_ns" : {
          "min" : 0,
          "max" : 0,
          "mean" : 0.000000,
          "stddev" : 0.000000,
          "N" : 0
        }
      },
      "job_runtime" : 1443185,
      "usr_cpu" : 0.038318,
      "sys_cpu" : 0.154381,
      "ctx" : 23970,
      "majf" : 0,
      "minf" : 303,
      "iodepth_level" : {
        "1" : 0.100000,
        "2" : 0.177194,
        "4" : 0.354387,
        "8" : 0.708775,
        "16" : 98.671047,
        "32" : 0.000000,
        ">=64" : 0.000000
      },
      "iodepth_submit" : {
        "0" : 0.000000,
        "4" : 100.000000,
        "8" : 0.000000,
        "16" : 0.000000,
        "32" : 0.000000,
        "64" : 0.000000,
        ">=64" : 0.000000
      },
      "iodepth_complete" : {
        "0" : 0.000000,
        "4" : 99.910290,
        "8" : 0.000000,
        "16" : 0.100000,
        "32" : 0.000000,
        "64" : 0.000000,
        ">=64" : 0.000000
      },
      "latency_ns" : {
        "2" : 0.000000,
        "4" : 0.000000,
        "10" : 0.000000,
        "20" : 0.000000,
        "50" : 0.000000,
        "100" : 0.000000,
        "250" : 0.000000,
        "500" : 0.000000,
        "750" : 0.000000,
        "1000" : 0.000000
      },
      "latency_us" : {
        "2" : 0.000000,
        "4" : 0.000000,
        "10" : 0.000000,
        "20" : 0.000000,
        "50" : 0.000000,
        "100" : 0.000000,
        "250" : 0.000000,
        "500" : 0.000000,
        "750" : 0.000000,
        "1000" : 0.000000
      },
      "latency_ms" : {
        "2" : 0.000000,
        "4" : 0.000000,
        "10" : 0.010000,
        "20" : 0.010000,
        "50" : 0.014766,
        "100" : 0.073831,
        "250" : 0.657093,
        "500" : 8.852302,
        "750" : 35.682380,
        "1000" : 38.159400,
        "2000" : 16.132009,
        ">=2000" : 0.417143
      },
      "latency_depth" : 16,
      "latency_target" : 0,
      "latency_percentile" : 100.000000,
      "latency_window" : 0
    }
  ]
}
