{
  "fio version" : "fio-3.36",
  "timestamp" : 1751017971,
  "timestamp_ms" : 1751017971582,
  "time" : "Fri Jun 27 09:52:51 2025",
  "global options" : {
    "ioengine" : "libaio",
    "direct" : "0",
    "directory" : "/mnt/test",
    "buffer_compress_percentage" : "70",
    "buffer_pattern" : "0xdeadbeef"
  },
  "jobs" : [
    {
      "jobname" : "database_test",
      "groupid" : 0,
      "job_start" : 1751017950636,
      "error" : 0,
      "eta" : 0,
      "elapsed" : 22,
      "job options" : {
        "rw" : "randrw",
        "rwmixread" : "70",
        "size" : "1G",
        "numjobs" : "8",
        "runtime" : "60",
        "iodepth" : "16",
        "bssplit" : "4k/80:8k/20"
      },
      "read" : {
        "io_bytes" : 6011162624,
        "io_kbytes" : 5870276,
        "bw_bytes" : 287574157,
        "bw" : 280834,
        "iops" : 61975.840788,
        "runtime" : 20903,
        "total_ios" : 1295481,
        "short_ios" : 0,
        "drop_ios" : 0,
        "slat_ns" : {
          "min" : 1822,
          "max" : 138667839,
          "mean" : 70263.399695,
          "stddev" : 634821.163946,
          "N" : 1295481
        },
        "clat_ns" : {
          "min" : 1055,
          "max" : 280479638,
          "mean" : 1313691.397714,
          "stddev" : 2949446.627818,
          "N" : 1295481,
          "percentile" : {
            "1.000000" : 288768,
            "5.000000" : 342016,
            "10.000000" : 370688,
            "20.000000" : 411648,
            "30.000000" : 464896,
            "40.000000" : 708608,
            "50.000000" : 913408,
            "60.000000" : 1056768,
            "70.000000" : 1220608,
            "80.000000" : 1515520,
            "90.000000" : 2146304,
            "95.000000" : 3129344,
            "99.000000" : 10420224,
            "99.500000" : 18481152,
            "99.900000" : 29491200,
            "99.950000" : 44826624,
            "99.990000" : 115867648
          }
        },
        "lat_ns" : {
          "min" : 5129,
          "max" : 304688656,
          "mean" : 1383954.797409,
          "stddev" : 3045652.285979,
          "N" : 1295481
        },
        "bw_min" : 68303,
        "bw_max" : 653636,
        "bw_agg" : 100.000000,
        "bw_mean" : 283876.064978,
        "bw_dev" : 16943.234241,
        "bw_samples" : 323,
        "iops_min" : 15179,
        "iops_max" : 142666,
        "iops_mean" : 62584.542448,
        "iops_stddev" : 3689.856023,
        "iops_samples" : 323
      },
      "write" : {
        "io_bytes" : 2578771968,
        "io_kbytes" : 2518332,
        "bw_bytes" : 123368510,
        "bw" : 120477,
        "iops" : 26576.998517,
        "runtime" : 20903,
        "total_ios" : 555539,
        "short_ios" : 0,
        "drop_ios" : 0,
        "slat_ns" : {
          "min" : 4642,
          "max" : 160020533,
          "mean" : 120533.898859,
          "stddev" : 727973.093238,
          "N" : 555539
        },
        "clat_ns" : {
          "min" : 1172,
          "max" : 299479430,
          "mean" : 1362759.146037,
          "stddev" : 3046747.980693,
          "N" : 555539,
          "percentile" : {
            "1.000000" : 288768,
            "5.000000" : 342016,
            "10.000000" : 370688,
            "20.000000" : 411648,
            "30.000000" : 473088,
            "40.000000" : 757760,
            "50.000000" : 937984,
            "60.000000" : 1089536,
            "70.000000" : 1302528,
            "80.000000" : 1597440,
            "90.000000" : 2277376,
            "95.000000" : 3293184,
            "99.000000" : 10420224,
            "99.500000" : 18481152,
            "99.900000" : 29491200,
            "99.950000" : 49020928,
            "99.990000" : 115867648
          }
        },
        "lat_ns" : {
          "min" : 9239,
          "max" : 300001457,
          "mean" : 1483293.044895,
          "stddev" : 3176724.138475,
          "N" : 555539
        },
        "bw_min" : 27814,
        "bw_max" : 280412,
        "bw_agg" : 100.000000,
        "bw_mean" : 121756.831598,
        "bw_dev" : 7292.477673,
        "bw_samples" : 323,
        "iops_min" : 6205,
        "iops_max" : 61174,
        "iops_mean" : 26828.889165,
        "iops_stddev" : 1586.746530,
        "iops_samples" : 323
      },
      "trim" : {
        "io_bytes" : 0,
        "io_kbytes" : 0,
        "bw_bytes" : 0,
        "bw" : 0,
        "iops" : 0.000000,
        "runtime" : 0,
        "total_ios" : 0,
        "short_ios" : 0,
        "drop_ios" : 0,
        "slat_ns" : {
          "min" : 0,
          "max" : 0,
          "mean" : 0.000000,
          "stddev" : 0.000000,
          "N" : 0
        },
        "clat_ns" : {
          "min" : 0,
          "max" : 0,
          "mean" : 0.000000,
          "stddev" : 0.000000,
          "N" : 0
        },
        "lat_ns" : {
          "min" : 0,
          "max" : 0,
          "mean" : 0.000000,
          "stddev" : 0.000000,
          "N" : 0
        },
        "bw_min" : 0,
        "bw_max" : 0,
        "bw_agg" : 0.000000,
        "bw_mean" : 0.000000,
        "bw_dev" : 0.000000,
        "bw_samples" : 0,
        "iops_min" : 0,
        "iops_max" : 0,
        "iops_mean" : 0.000000,
        "iops_stddev" : 0.000000,
        "iops_samples" : 0
      },
      "sync" : {
        "total_ios" : 0,
        "lat_ns" : {
          "min" : 0,
          "max" : 0,
          "mean" : 0.000000,
          "stddev" : 0.000000,
          "N" : 0
        }
      },
      "job_runtime" : 163778,
      "usr_cpu" : 2.206035,
      "sys_cpu" : 34.692694,
      "ctx" : 330920,
      "majf" : 0,
      "minf" : 118,
      "iodepth_level" : {
        "1" : 0.100000,
        "2" : 0.100000,
        "4" : 0.100000,
        "8" : 0.100000,
        "16" : 99.993517,
        "32" : 0.000000,
        ">=64" : 0.000000
      },
      "iodepth_submit" : {
        "0" : 0.000000,
        "4" : 100.000000,
        "8" : 0.000000,
        "16" : 0.000000,
        "32" : 0.000000,
        "64" : 0.000000,
        ">=64" : 0.000000
      },
      "iodepth_complete" : {
        "0" : 0.000000,
        "4" : 99.999568,
        "8" : 0.000000,
        "16" : 0.100000,
        "32" : 0.000000,
        "64" : 0.000000,
        ">=64" : 0.000000
      },
      "latency_ns" : {
        "2" : 0.000000,
        "4" : 0.000000,
        "10" : 0.000000,
        "20" : 0.000000,
        "50" : 0.000000,
        "100" : 0.000000,
        "250" : 0.000000,
        "500" : 0.000000,
        "750" : 0.000000,
        "1000" : 0.000000
      },
      "latency_us" : {
        "2" : 0.010000,
        "4" : 0.000000,
        "10" : 0.010000,
        "20" : 0.010000,
        "50" : 0.010000,
        "100" : 0.010000,
        "250" : 0.168934,
        "500" : 32.093170,
        "750" : 8.633564,
        "1000" : 14.755594
      },
      "latency_ms" : {
        "2" : 32.380309,
        "4" : 8.834210,
        "10" : 2.090253,
        "20" : 0.629113,
        "50" : 0.366393,
        "100" : 0.028741,
        "250" : 0.017126,
        "500" : 0.010000,
        "750" : 0.000000,
        "1000" : 0.000000,
        "2000" : 0.000000,
        ">=2000" : 0.000000
      },
      "latency_depth" : 16,
      "latency_target" : 0,
      "latency_percentile" : 100.000000,
      "latency_window" : 0
    }
  ]
}
