{
  "fio version" : "fio-3.36",
  "timestamp" : 1751596972,
  "timestamp_ms" : 1751596972735,
  "time" : "Fri Jul  4 02:42:52 2025",
  "global options" : {
    "ioengine" : "libaio",
    "direct" : "1",
    "directory" : "/mnt/test"
  },
  "jobs" : [
    {
      "jobname" : "database_article_test",
      "groupid" : 0,
      "job_start" : 1751596967709,
      "error" : 0,
      "eta" : 0,
      "elapsed" : 6,
      "job options" : {
        "rw" : "randrw",
        "rwmixread" : "50",
        "size" : "50M",
        "numjobs" : "1",
        "runtime" : "5",
        "iodepth" : "128",
        "bssplit" : "8k-64k"
      },
      "read" : {
        "io_bytes" : 4487176192,
        "io_kbytes" : 4382008,
        "bw_bytes" : 897255787,
        "bw" : 876226,
        "iops" : 109528.294341,
        "runtime" : 5001,
        "total_ios" : 547751,
        "short_ios" : 0,
        "drop_ios" : 0,
        "slat_ns" : {
          "min" : 2090,
          "max" : 237749011,
          "mean" : 3419.934258,
          "stddev" : 323426.352650,
          "N" : 547751
        },
        "clat_ns" : {
          "min" : 10002,
          "max" : 411322717,
          "mean" : 572982.489124,
          "stddev" : 4064118.029217,
          "N" : 547751,
          "percentile" : {
            "1.000000" : 468992,
            "5.000000" : 473088,
            "10.000000" : 477184,
            "20.000000" : 481280,
            "30.000000" : 481280,
            "40.000000" : 485376,
            "50.000000" : 485376,
            "60.000000" : 489472,
            "70.000000" : 489472,
            "80.000000" : 493568,
            "90.000000" : 497664,
            "95.000000" : 501760,
            "99.000000" : 528384,
            "99.500000" : 1679360,
            "99.900000" : 17170432,
            "99.950000" : 26869760,
            "99.990000" : 64749568
          }
        },
        "lat_ns" : {
          "min" : 12496,
          "max" : 411329043,
          "mean" : 576402.423382,
          "stddev" : 4086548.354886,
          "N" : 547751
        },
        "bw_min" : 140384,
        "bw_max" : 1049376,
        "bw_agg" : 97.859873,
        "bw_mean" : 857474.444444,
        "bw_dev" : 369014.657961,
        "bw_samples" : 9,
        "iops_min" : 17548,
        "iops_max" : 131172,
        "iops_mean" : 107184.222222,
        "iops_stddev" : 46126.784686,
        "iops_samples" : 9
      },
      "write" : {
        "io_bytes" : 4483325952,
        "io_kbytes" : 4378248,
        "bw_bytes" : 896485893,
        "bw" : 875474,
        "iops" : 109434.313137,
        "runtime" : 5001,
        "total_ios" : 547281,
        "short_ios" : 0,
        "drop_ios" : 0,
        "slat_ns" : {
          "min" : 3074,
          "max" : 92094958,
          "mean" : 4249.934785,
          "stddev" : 135488.573680,
          "N" : 547281
        },
        "clat_ns" : {
          "min" : 1668,
          "max" : 411318238,
          "mean" : 587507.599414,
          "stddev" : 4741545.151366,
          "N" : 547281,
          "percentile" : {
            "1.000000" : 468992,
            "5.000000" : 473088,
            "10.000000" : 477184,
            "20.000000" : 481280,
            "30.000000" : 481280,
            "40.000000" : 485376,
            "50.000000" : 485376,
            "60.000000" : 489472,
            "70.000000" : 489472,
            "80.000000" : 493568,
            "90.000000" : 497664,
            "95.000000" : 501760,
            "99.000000" : 528384,
            "99.500000" : 1695744,
            "99.900000" : 16908288,
            "99.950000" : 27131904,
            "99.990000" : 400556032
          }
        },
        "lat_ns" : {
          "min" : 5056,
          "max" : 411421594,
          "mean" : 591757.534199,
          "stddev" : 4759144.908117,
          "N" : 547281
        },
        "bw_min" : 139792,
        "bw_max" : 1047792,
        "bw_agg" : 97.819182,
        "bw_mean" : 856382.333333,
        "bw_dev" : 369479.218199,
        "bw_samples" : 9,
        "iops_min" : 17474,
        "iops_max" : 130974,
        "iops_mean" : 107047.555556,
        "iops_stddev" : 46184.775552,
        "iops_samples" : 9
      },
      "trim" : {
        "io_bytes" : 0,
        "io_kbytes" : 0,
        "bw_bytes" : 0,
        "bw" : 0,
        "iops" : 0.000000,
        "runtime" : 0,
        "total_ios" : 0,
        "short_ios" : 0,
        "drop_ios" : 0,
        "slat_ns" : {
          "min" : 0,
          "max" : 0,
          "mean" : 0.000000,
          "stddev" : 0.000000,
          "N" : 0
        },
        "clat_ns" : {
          "min" : 0,
          "max" : 0,
          "mean" : 0.000000,
          "stddev" : 0.000000,
          "N" : 0
        },
        "lat_ns" : {
          "min" : 0,
          "max" : 0,
          "mean" : 0.000000,
          "stddev" : 0.000000,
          "N" : 0
        },
        "bw_min" : 0,
        "bw_max" : 0,
        "bw_agg" : 0.000000,
        "bw_mean" : 0.000000,
        "bw_dev" : 0.000000,
        "bw_samples" : 0,
        "iops_min" : 0,
        "iops_max" : 0,
        "iops_mean" : 0.000000,
        "iops_stddev" : 0.000000,
        "iops_samples" : 0
      },
      "sync" : {
        "total_ios" : 0,
        "lat_ns" : {
          "min" : 0,
          "max" : 0,
          "mean" : 0.000000,
          "stddev" : 0.000000,
          "N" : 0
        }
      },
      "job_runtime" : 5000,
      "usr_cpu" : 15.360000,
      "sys_cpu" : 70.840000,
      "ctx" : 360,
      "majf" : 0,
      "minf" : 14,
      "iodepth_level" : {
        "1" : 0.100000,
        "2" : 0.100000,
        "4" : 0.100000,
        "8" : 0.100000,
        "16" : 0.100000,
        "32" : 0.100000,
        ">=64" : 99.994247
      },
      "iodepth_submit" : {
        "0" : 0.000000,
        "4" : 100.000000,
        "8" : 0.000000,
        "16" : 0.000000,
        "32" : 0.000000,
        "64" : 0.000000,
        ">=64" : 0.000000
      },
      "iodepth_complete" : {
        "0" : 0.000000,
        "4" : 99.999909,
        "8" : 0.000000,
        "16" : 0.000000,
        "32" : 0.000000,
        "64" : 0.000000,
        ">=64" : 0.100000
      },
      "latency_ns" : {
        "2" : 0.000000,
        "4" : 0.000000,
        "10" : 0.000000,
        "20" : 0.000000,
        "50" : 0.000000,
        "100" : 0.000000,
        "250" : 0.000000,
        "500" : 0.000000,
        "750" : 0.000000,
        "1000" : 0.000000
      },
      "latency_us" : {
        "2" : 0.010000,
        "4" : 0.000000,
        "10" : 0.010000,
        "20" : 0.010000,
        "50" : 0.010000,
        "100" : 0.010000,
        "250" : 0.010000,
        "500" : 94.256698,
        "750" : 5.094828,
        "1000" : 0.065660
      },
      "latency_ms" : {
        "2" : 0.125476,
        "4" : 0.085660,
        "10" : 0.209674,
        "20" : 0.076984,
        "50" : 0.066756,
        "100" : 0.010000,
        "250" : 0.010000,
        "500" : 0.011598,
        "750" : 0.000000,
        "1000" : 0.000000,
        "2000" : 0.000000,
        ">=2000" : 0.000000
      },
      "latency_depth" : 128,
      "latency_target" : 0,
      "latency_percentile" : 100.000000,
      "latency_window" : 0
    }
  ]
}
