{
  "fio version" : "fio-3.36",
  "timestamp" : 1751595993,
  "timestamp_ms" : 1751595993169,
  "time" : "Fri Jul  4 02:26:33 2025",
  "global options" : {
    "ioengine" : "libaio",
    "direct" : "1",
    "directory" : "/mnt/test"
  },
  "jobs" : [
    {
      "jobname" : "database_article_test",
      "groupid" : 0,
      "job_start" : 1751595988141,
      "error" : 0,
      "eta" : 0,
      "elapsed" : 6,
      "job options" : {
        "rw" : "randrw",
        "rwmixread" : "50",
        "size" : "50M",
        "numjobs" : "1",
        "runtime" : "5",
        "iodepth" : "128",
        "bssplit" : "8k-64k"
      },
      "read" : {
        "io_bytes" : 5282021376,
        "io_kbytes" : 5158224,
        "bw_bytes" : 1056193036,
        "bw" : 1031438,
        "iops" : 128929.814037,
        "runtime" : 5001,
        "total_ios" : 644778,
        "short_ios" : 0,
        "drop_ios" : 0,
        "slat_ns" : {
          "min" : 2101,
          "max" : 298886,
          "mean" : 2654.286976,
          "stddev" : 1049.167328,
          "N" : 644778
        },
        "clat_ns" : {
          "min" : 5650,
          "max" : 2838585,
          "mean" : 492871.548863,
          "stddev" : 50924.931073,
          "N" : 644778,
          "percentile" : {
            "1.000000" : 468992,
            "5.000000" : 473088,
            "10.000000" : 477184,
            "20.000000" : 481280,
            "30.000000" : 485376,
            "40.000000" : 485376,
            "50.000000" : 489472,
            "60.000000" : 489472,
            "70.000000" : 493568,
            "80.000000" : 497664,
            "90.000000" : 505856,
            "95.000000" : 514048,
            "99.000000" : 569344,
            "99.500000" : 602112,
            "99.900000" : 1318912,
            "99.950000" : 1875968,
            "99.990000" : 2408448
          }
        },
        "lat_ns" : {
          "min" : 8001,
          "max" : 2848809,
          "mean" : 495525.835840,
          "stddev" : 51221.765210,
          "N" : 644778
        },
        "bw_min" : 967632,
        "bw_max" : 1054128,
        "bw_agg" : 100.000000,
        "bw_mean" : 1031777.777778,
        "bw_dev" : 26050.111026,
        "bw_samples" : 9,
        "iops_min" : 120954,
        "iops_max" : 131766,
        "iops_mean" : 128972.222222,
        "iops_stddev" : 3256.263878,
        "iops_samples" : 9
      },
      "write" : {
        "io_bytes" : 5278621696,
        "io_kbytes" : 5154904,
        "bw_bytes" : 1055513236,
        "bw" : 1030774,
        "iops" : 128846.830634,
        "runtime" : 5001,
        "total_ios" : 644363,
        "short_ios" : 0,
        "drop_ios" : 0,
        "slat_ns" : {
          "min" : 3064,
          "max" : 529735,
          "mean" : 3665.903109,
          "stddev" : 1379.595382,
          "N" : 644363
        },
        "clat_ns" : {
          "min" : 1310,
          "max" : 2835041,
          "mean" : 492780.565964,
          "stddev" : 49638.451192,
          "N" : 644363,
          "percentile" : {
            "1.000000" : 468992,
            "5.000000" : 473088,
            "10.000000" : 477184,
            "20.000000" : 481280,
            "30.000000" : 485376,
            "40.000000" : 485376,
            "50.000000" : 489472,
            "60.000000" : 489472,
            "70.000000" : 493568,
            "80.000000" : 497664,
            "90.000000" : 505856,
            "95.000000" : 514048,
            "99.000000" : 569344,
            "99.500000" : 602112,
            "99.900000" : 1171456,
            "99.950000" : 1810432,
            "99.990000" : 2408448
          }
        },
        "lat_ns" : {
          "min" : 5023,
          "max" : 2848305,
          "mean" : 496446.469073,
          "stddev" : 50083.752895,
          "N" : 644363
        },
        "bw_min" : 956704,
        "bw_max" : 1053728,
        "bw_agg" : 99.971706,
        "bw_mean" : 1030483.555556,
        "bw_dev" : 30317.420236,
        "bw_samples" : 9,
        "iops_min" : 119588,
        "iops_max" : 131716,
        "iops_mean" : 128810.444444,
        "iops_stddev" : 3789.677530,
        "iops_samples" : 9
      },
      "trim" : {
        "io_bytes" : 0,
        "io_kbytes" : 0,
        "bw_bytes" : 0,
        "bw" : 0,
        "iops" : 0.000000,
        "runtime" : 0,
        "total_ios" : 0,
        "short_ios" : 0,
        "drop_ios" : 0,
        "slat_ns" : {
          "min" : 0,
          "max" : 0,
          "mean" : 0.000000,
          "stddev" : 0.000000,
          "N" : 0
        },
        "clat_ns" : {
          "min" : 0,
          "max" : 0,
          "mean" : 0.000000,
          "stddev" : 0.000000,
          "N" : 0
        },
        "lat_ns" : {
          "min" : 0,
          "max" : 0,
          "mean" : 0.000000,
          "stddev" : 0.000000,
          "N" : 0
        },
        "bw_min" : 0,
        "bw_max" : 0,
        "bw_agg" : 0.000000,
        "bw_mean" : 0.000000,
        "bw_dev" : 0.000000,
        "bw_samples" : 0,
        "iops_min" : 0,
        "iops_max" : 0,
        "iops_mean" : 0.000000,
        "iops_stddev" : 0.000000,
        "iops_samples" : 0
      },
      "sync" : {
        "total_ios" : 0,
        "lat_ns" : {
          "min" : 0,
          "max" : 0,
          "mean" : 0.000000,
          "stddev" : 0.000000,
          "N" : 0
        }
      },
      "job_runtime" : 5000,
      "usr_cpu" : 17.200000,
      "sys_cpu" : 82.620000,
      "ctx" : 88,
      "majf" : 0,
      "minf" : 13,
      "iodepth_level" : {
        "1" : 0.100000,
        "2" : 0.100000,
        "4" : 0.100000,
        "8" : 0.100000,
        "16" : 0.100000,
        "32" : 0.100000,
        ">=64" : 99.995113
      },
      "iodepth_submit" : {
        "0" : 0.000000,
        "4" : 100.000000,
        "8" : 0.000000,
        "16" : 0.000000,
        "32" : 0.000000,
        "64" : 0.000000,
        ">=64" : 0.000000
      },
      "iodepth_complete" : {
        "0" : 0.000000,
        "4" : 99.999922,
        "8" : 0.000000,
        "16" : 0.000000,
        "32" : 0.000000,
        "64" : 0.000000,
        ">=64" : 0.100000
      },
      "latency_ns" : {
        "2" : 0.000000,
        "4" : 0.000000,
        "10" : 0.000000,
        "20" : 0.000000,
        "50" : 0.000000,
        "100" : 0.000000,
        "250" : 0.000000,
        "500" : 0.000000,
        "750" : 0.000000,
        "1000" : 0.000000
      },
      "latency_us" : {
        "2" : 0.010000,
        "4" : 0.000000,
        "10" : 0.010000,
        "20" : 0.010000,
        "50" : 0.010000,
        "100" : 0.010000,
        "250" : 0.010000,
        "500" : 84.845335,
        "750" : 14.966245,
        "1000" : 0.071055
      },
      "latency_ms" : {
        "2" : 0.067487,
        "4" : 0.044758,
        "10" : 0.000000,
        "20" : 0.000000,
        "50" : 0.000000,
        "100" : 0.000000,
        "250" : 0.000000,
        "500" : 0.000000,
        "750" : 0.000000,
        "1000" : 0.000000,
        "2000" : 0.000000,
        ">=2000" : 0.000000
      },
      "latency_depth" : 128,
      "latency_target" : 0,
      "latency_percentile" : 100.000000,
      "latency_window" : 0
    }
  ]
}
