{
  "fio version" : "fio-3.36",
  "timestamp" : 1751004736,
  "timestamp_ms" : 1751004736799,
  "time" : "Fri Jun 27 06:12:16 2025",
  "global options" : {
    "ioengine" : "libaio",
    "direct" : "1",
    "directory" : "/mnt/test",
    "buffer_compress_percentage" : "70",
    "buffer_pattern" : "0xdeadbeef"
  },
  "jobs" : [
    {
      "jobname" : "archive_test",
      "groupid" : 0,
      "job_start" : 1751004708881,
      "error" : 0,
      "eta" : 0,
      "elapsed" : 29,
      "job options" : {
        "rw" : "write",
        "size" : "10G",
        "numjobs" : "2",
        "runtime" : "180",
        "iodepth" : "128",
        "bssplit" : "64k/70:128k/30"
      },
      "read" : {
        "io_bytes" : 0,
        "io_kbytes" : 0,
        "bw_bytes" : 0,
        "bw" : 0,
        "iops" : 0.000000,
        "runtime" : 0,
        "total_ios" : 0,
        "short_ios" : 0,
        "drop_ios" : 0,
        "slat_ns" : {
          "min" : 0,
          "max" : 0,
          "mean" : 0.000000,
          "stddev" : 0.000000,
          "N" : 0
        },
        "clat_ns" : {
          "min" : 0,
          "max" : 0,
          "mean" : 0.000000,
          "stddev" : 0.000000,
          "N" : 0
        },
        "lat_ns" : {
          "min" : 0,
          "max" : 0,
          "mean" : 0.000000,
          "stddev" : 0.000000,
          "N" : 0
        },
        "bw_min" : 0,
        "bw_max" : 0,
        "bw_agg" : 0.000000,
        "bw_mean" : 0.000000,
        "bw_dev" : 0.000000,
        "bw_samples" : 0,
        "iops_min" : 0,
        "iops_max" : 0,
        "iops_mean" : 0.000000,
        "iops_stddev" : 0.000000,
        "iops_samples" : 0
      },
      "write" : {
        "io_bytes" : 21474836480,
        "io_kbytes" : 20971520,
        "bw_bytes" : 770121444,
        "bw" : 752071,
        "iops" : 9036.542944,
        "runtime" : 27885,
        "total_ios" : 251984,
        "short_ios" : 0,
        "drop_ios" : 0,
        "slat_ns" : {
          "min" : 12314,
          "max" : 165769668,
          "mean" : 73985.829473,
          "stddev" : 449076.928928,
          "N" : 251984
        },
        "clat_ns" : {
          "min" : 2640404,
          "max" : 1665079187,
          "mean" : 28122170.132556,
          "stddev" : 61412102.492377,
          "N" : 251984,
          "percentile" : {
            "1.000000" : 4358144,
            "5.000000" : 5931008,
            "10.000000" : 7634944,
            "20.000000" : 10944512,
            "30.000000" : 13959168,
            "40.000000" : 17170432,
            "50.000000" : 20578304,
            "60.000000" : 23461888,
            "70.000000" : 26869760,
            "80.000000" : 31064064,
            "90.000000" : 47972352,
            "95.000000" : 72876032,
            "99.000000" : 102236160,
            "99.500000" : 214958080,
            "99.900000" : 1010827264,
            "99.950000" : 1652555776,
            "99.990000" : 1669332992
          }
        },
        "lat_ns" : {
          "min" : 2832235,
          "max" : 1665108683,
          "mean" : 28196155.962029,
          "stddev" : 61427355.031923,
          "N" : 251984
        },
        "bw_min" : 7168,
        "bw_max" : 1211520,
        "bw_agg" : 100.000000,
        "bw_mean" : 757834.472727,
        "bw_dev" : 221758.201700,
        "bw_samples" : 110,
        "iops_min" : 80,
        "iops_max" : 14596,
        "iops_mean" : 9106.072727,
        "iops_stddev" : 2667.866673,
        "iops_samples" : 110
      },
      "trim" : {
        "io_bytes" : 0,
        "io_kbytes" : 0,
        "bw_bytes" : 0,
        "bw" : 0,
        "iops" : 0.000000,
        "runtime" : 0,
        "total_ios" : 0,
        "short_ios" : 0,
        "drop_ios" : 0,
        "slat_ns" : {
          "min" : 0,
          "max" : 0,
          "mean" : 0.000000,
          "stddev" : 0.000000,
          "N" : 0
        },
        "clat_ns" : {
          "min" : 0,
          "max" : 0,
          "mean" : 0.000000,
          "stddev" : 0.000000,
          "N" : 0
        },
        "lat_ns" : {
          "min" : 0,
          "max" : 0,
          "mean" : 0.000000,
          "stddev" : 0.000000,
          "N" : 0
        },
        "bw_min" : 0,
        "bw_max" : 0,
        "bw_agg" : 0.000000,
        "bw_mean" : 0.000000,
        "bw_dev" : 0.000000,
        "bw_samples" : 0,
        "iops_min" : 0,
        "iops_max" : 0,
        "iops_mean" : 0.000000,
        "iops_stddev" : 0.000000,
        "iops_samples" : 0
      },
      "sync" : {
        "total_ios" : 0,
        "lat_ns" : {
          "min" : 0,
          "max" : 0,
          "mean" : 0.000000,
          "stddev" : 0.000000,
          "N" : 0
        }
      },
      "job_runtime" : 55577,
      "usr_cpu" : 15.734926,
      "sys_cpu" : 28.562175,
      "ctx" : 92034,
      "majf" : 0,
      "minf" : 23,
      "iodepth_level" : {
        "1" : 0.100000,
        "2" : 0.100000,
        "4" : 0.100000,
        "8" : 0.100000,
        "16" : 0.100000,
        "32" : 0.100000,
        ">=64" : 99.949997
      },
      "iodepth_submit" : {
        "0" : 0.000000,
        "4" : 100.000000,
        "8" : 0.000000,
        "16" : 0.000000,
        "32" : 0.000000,
        "64" : 0.000000,
        ">=64" : 0.000000
      },
      "iodepth_complete" : {
        "0" : 0.000000,
        "4" : 99.999206,
        "8" : 0.000000,
        "16" : 0.000000,
        "32" : 0.000000,
        "64" : 0.000000,
        ">=64" : 0.100000
      },
      "latency_ns" : {
        "2" : 0.000000,
        "4" : 0.000000,
        "10" : 0.000000,
        "20" : 0.000000,
        "50" : 0.000000,
        "100" : 0.000000,
        "250" : 0.000000,
        "500" : 0.000000,
        "750" : 0.000000,
        "1000" : 0.000000
      },
      "latency_us" : {
        "2" : 0.000000,
        "4" : 0.000000,
        "10" : 0.000000,
        "20" : 0.000000,
        "50" : 0.000000,
        "100" : 0.000000,
        "250" : 0.000000,
        "500" : 0.000000,
        "750" : 0.000000,
        "1000" : 0.000000
      },
      "latency_ms" : {
        "2" : 0.000000,
        "4" : 0.465506,
        "10" : 16.588752,
        "20" : 31.308337,
        "50" : 42.109816,
        "100" : 8.388231,
        "250" : 0.656391,
        "500" : 0.141279,
        "750" : 0.157947,
        "1000" : 0.081354,
        "2000" : 0.102387,
        ">=2000" : 0.000000
      },
      "latency_depth" : 128,
      "latency_target" : 0,
      "latency_percentile" : 100.000000,
      "latency_window" : 0
    }
  ]
}
