{
  "fio version" : "fio-3.36",
  "timestamp" : 1751603625,
  "timestamp_ms" : 1751603625778,
  "time" : "Fri Jul  4 04:33:45 2025",
  "global options" : {
    "ioengine" : "libaio",
    "direct" : "0",
    "directory" : "/mnt/test"
  },
  "jobs" : [
    {
      "jobname" : "seq_write_article_test",
      "groupid" : 0,
      "job_start" : 1751603620464,
      "error" : 0,
      "eta" : 0,
      "elapsed" : 6,
      "job options" : {
        "rw" : "write",
        "size" : "50M",
        "numjobs" : "1",
        "runtime" : "5"
      },
      "read" : {
        "io_bytes" : 0,
        "io_kbytes" : 0,
        "bw_bytes" : 0,
        "bw" : 0,
        "iops" : 0.000000,
        "runtime" : 0,
        "total_ios" : 0,
        "short_ios" : 0,
        "drop_ios" : 0,
        "slat_ns" : {
          "min" : 0,
          "max" : 0,
          "mean" : 0.000000,
          "stddev" : 0.000000,
          "N" : 0
        },
        "clat_ns" : {
          "min" : 0,
          "max" : 0,
          "mean" : 0.000000,
          "stddev" : 0.000000,
          "N" : 0
        },
        "lat_ns" : {
          "min" : 0,
          "max" : 0,
          "mean" : 0.000000,
          "stddev" : 0.000000,
          "N" : 0
        },
        "bw_min" : 0,
        "bw_max" : 0,
        "bw_agg" : 0.000000,
        "bw_mean" : 0.000000,
        "bw_dev" : 0.000000,
        "bw_samples" : 0,
        "iops_min" : 0,
        "iops_max" : 0,
        "iops_mean" : 0.000000,
        "iops_stddev" : 0.000000,
        "iops_samples" : 0
      },
      "write" : {
        "io_bytes" : 734007296,
        "io_kbytes" : 716804,
        "bw_bytes" : 138858739,
        "bw" : 135604,
        "iops" : 33901.059402,
        "runtime" : 5286,
        "total_ios" : 179201,
        "short_ios" : 0,
        "drop_ios" : 0,
        "slat_ns" : {
          "min" : 1431,
          "max" : 27640932,
          "mean" : 4185.040335,
          "stddev" : 159518.125261,
          "N" : 179201
        },
        "clat_ns" : {
          "min" : 283,
          "max" : 21079,
          "mean" : 496.415751,
          "stddev" : 340.255967,
          "N" : 179201,
          "percentile" : {
            "1.000000" : 298,
            "5.000000" : 306,
            "10.000000" : 310,
            "20.000000" : 326,
            "30.000000" : 362,
            "40.000000" : 394,
            "50.000000" : 426,
            "60.000000" : 458,
            "70.000000" : 498,
            "80.000000" : 556,
            "90.000000" : 628,
            "95.000000" : 932,
            "99.000000" : 1864,
            "99.500000" : 1928,
            "99.900000" : 2160,
            "99.950000" : 2480,
            "99.990000" : 10944
          }
        },
        "lat_ns" : {
          "min" : 1745,
          "max" : 27647550,
          "mean" : 4681.456086,
          "stddev" : 159580.431209,
          "N" : 179201
        },
        "bw_min" : 102400,
        "bw_max" : 204800,
        "bw_agg" : 100.000000,
        "bw_mean" : 143360.000000,
        "bw_dev" : 52395.622684,
        "bw_samples" : 10,
        "iops_min" : 25600,
        "iops_max" : 51200,
        "iops_mean" : 35840.000000,
        "iops_stddev" : 13098.905671,
        "iops_samples" : 10
      },
      "trim" : {
        "io_bytes" : 0,
        "io_kbytes" : 0,
        "bw_bytes" : 0,
        "bw" : 0,
        "iops" : 0.000000,
        "runtime" : 0,
        "total_ios" : 0,
        "short_ios" : 0,
        "drop_ios" : 0,
        "slat_ns" : {
          "min" : 0,
          "max" : 0,
          "mean" : 0.000000,
          "stddev" : 0.000000,
          "N" : 0
        },
        "clat_ns" : {
          "min" : 0,
          "max" : 0,
          "mean" : 0.000000,
          "stddev" : 0.000000,
          "N" : 0
        },
        "lat_ns" : {
          "min" : 0,
          "max" : 0,
          "mean" : 0.000000,
          "stddev" : 0.000000,
          "N" : 0
        },
        "bw_min" : 0,
        "bw_max" : 0,
        "bw_agg" : 0.000000,
        "bw_mean" : 0.000000,
        "bw_dev" : 0.000000,
        "bw_samples" : 0,
        "iops_min" : 0,
        "iops_max" : 0,
        "iops_mean" : 0.000000,
        "iops_stddev" : 0.000000,
        "iops_samples" : 0
      },
      "sync" : {
        "total_ios" : 0,
        "lat_ns" : {
          "min" : 0,
          "max" : 0,
          "mean" : 0.000000,
          "stddev" : 0.000000,
          "N" : 0
        }
      },
      "job_runtime" : 5285,
      "usr_cpu" : 1.948912,
      "sys_cpu" : 21.116367,
      "ctx" : 573,
      "majf" : 0,
      "minf" : 10,
      "iodepth_level" : {
        "1" : 100.000000,
        "2" : 0.000000,
        "4" : 0.000000,
        "8" : 0.000000,
        "16" : 0.000000,
        "32" : 0.000000,
        ">=64" : 0.000000
      },
      "iodepth_submit" : {
        "0" : 0.000000,
        "4" : 100.000000,
        "8" : 0.000000,
        "16" : 0.000000,
        "32" : 0.000000,
        "64" : 0.000000,
        ">=64" : 0.000000
      },
      "iodepth_complete" : {
        "0" : 0.000000,
        "4" : 100.000000,
        "8" : 0.000000,
        "16" : 0.000000,
        "32" : 0.000000,
        "64" : 0.000000,
        ">=64" : 0.000000
      },
      "latency_ns" : {
        "2" : 0.000000,
        "4" : 0.000000,
        "10" : 0.000000,
        "20" : 0.000000,
        "50" : 0.000000,
        "100" : 0.000000,
        "250" : 0.000000,
        "500" : 70.847819,
        "750" : 22.524986,
        "1000" : 1.908471
      },
      "latency_us" : {
        "2" : 4.283458,
        "4" : 0.407922,
        "10" : 0.016183,
        "20" : 0.010045,
        "50" : 0.010000,
        "100" : 0.000000,
        "250" : 0.000000,
        "500" : 0.000000,
        "750" : 0.000000,
        "1000" : 0.000000
      },
      "latency_ms" : {
        "2" : 0.000000,
        "4" : 0.000000,
        "10" : 0.000000,
        "20" : 0.000000,
        "50" : 0.000000,
        "100" : 0.000000,
        "250" : 0.000000,
        "500" : 0.000000,
        "750" : 0.000000,
        "1000" : 0.000000,
        "2000" : 0.000000,
        ">=2000" : 0.000000
      },
      "latency_depth" : 1,
      "latency_target" : 0,
      "latency_percentile" : 100.000000,
      "latency_window" : 0
    }
  ]
}
