{
  "fio version" : "fio-3.36",
  "timestamp" : 1751205583,
  "timestamp_ms" : 1751205583220,
  "time" : "Sun Jun 29 13:59:43 2025",
  "global options" : {
    "ioengine" : "libaio",
    "direct" : "0",
    "directory" : "/mnt/test"
  },
  "jobs" : [
    {
      "jobname" : "webserver_test",
      "groupid" : 0,
      "job_start" : 1751205578161,
      "error" : 0,
      "eta" : 0,
      "elapsed" : 6,
      "job options" : {
        "rw" : "randread",
        "size" : "2M",
        "numjobs" : "16",
        "runtime" : "5",
        "iodepth" : "32",
        "bssplit" : "4k/90:8k/10"
      },
      "read" : {
        "io_bytes" : 466255872,
        "io_kbytes" : 455328,
        "bw_bytes" : 92916674,
        "bw" : 90738,
        "iops" : 21298.126744,
        "runtime" : 5018,
        "total_ios" : 106874,
        "short_ios" : 0,
        "drop_ios" : 0,
        "slat_ns" : {
          "min" : 647,
          "max" : 296724032,
          "mean" : 736693.102635,
          "stddev" : 3278958.354831,
          "N" : 106874
        },
        "clat_ns" : {
          "min" : 1325,
          "max" : 542769042,
          "mean" : 22850845.531121,
          "stddev" : 24883131.168742,
          "N" : 106874,
          "percentile" : {
            "1.000000" : 8454144,
            "5.000000" : 11993088,
            "10.000000" : 16908288,
            "20.000000" : 21889024,
            "30.000000" : 21889024,
            "40.000000" : 21889024,
            "50.000000" : 22151168,
            "60.000000" : 22151168,
            "70.000000" : 22151168,
            "80.000000" : 22151168,
            "90.000000" : 22937600,
            "95.000000" : 22937600,
            "99.000000" : 23986176,
            "99.500000" : 32636928,
            "99.900000" : 350224384,
            "99.950000" : 526385152,
            "99.990000" : 541065216
          }
        },
        "lat_ns" : {
          "min" : 46742,
          "max" : 543491483,
          "mean" : 23587538.633756,
          "stddev" : 25284635.308263,
          "N" : 106874
        },
        "bw_min" : 76136,
        "bw_max" : 110066,
        "bw_agg" : 100.000000,
        "bw_mean" : 94877.200000,
        "bw_dev" : 874.229701,
        "bw_samples" : 147,
        "iops_min" : 17910,
        "iops_max" : 25782,
        "iops_mean" : 22265.355556,
        "iops_stddev" : 204.243618,
        "iops_samples" : 147
      },
      "write" : {
        "io_bytes" : 0,
        "io_kbytes" : 0,
        "bw_bytes" : 0,
        "bw" : 0,
        "iops" : 0.000000,
        "runtime" : 0,
        "total_ios" : 0,
        "short_ios" : 0,
        "drop_ios" : 0,
        "slat_ns" : {
          "min" : 0,
          "max" : 0,
          "mean" : 0.000000,
          "stddev" : 0.000000,
          "N" : 0
        },
        "clat_ns" : {
          "min" : 0,
          "max" : 0,
          "mean" : 0.000000,
          "stddev" : 0.000000,
          "N" : 0
        },
        "lat_ns" : {
          "min" : 0,
          "max" : 0,
          "mean" : 0.000000,
          "stddev" : 0.000000,
          "N" : 0
        },
        "bw_min" : 0,
        "bw_max" : 0,
        "bw_agg" : 0.000000,
        "bw_mean" : 0.000000,
        "bw_dev" : 0.000000,
        "bw_samples" : 0,
        "iops_min" : 0,
        "iops_max" : 0,
        "iops_mean" : 0.000000,
        "iops_stddev" : 0.000000,
        "iops_samples" : 0
      },
      "trim" : {
        "io_bytes" : 0,
        "io_kbytes" : 0,
        "bw_bytes" : 0,
        "bw" : 0,
        "iops" : 0.000000,
        "runtime" : 0,
        "total_ios" : 0,
        "short_ios" : 0,
        "drop_ios" : 0,
        "slat_ns" : {
          "min" : 0,
          "max" : 0,
          "mean" : 0.000000,
          "stddev" : 0.000000,
          "N" : 0
        },
        "clat_ns" : {
          "min" : 0,
          "max" : 0,
          "mean" : 0.000000,
          "stddev" : 0.000000,
          "N" : 0
        },
        "lat_ns" : {
          "min" : 0,
          "max" : 0,
          "mean" : 0.000000,
          "stddev" : 0.000000,
          "N" : 0
        },
        "bw_min" : 0,
        "bw_max" : 0,
        "bw_agg" : 0.000000,
        "bw_mean" : 0.000000,
        "bw_dev" : 0.000000,
        "bw_samples" : 0,
        "iops_min" : 0,
        "iops_max" : 0,
        "iops_mean" : 0.000000,
        "iops_stddev" : 0.000000,
        "iops_samples" : 0
      },
      "sync" : {
        "total_ios" : 0,
        "lat_ns" : {
          "min" : 0,
          "max" : 0,
          "mean" : 0.000000,
          "stddev" : 0.000000,
          "N" : 0
        }
      },
      "job_runtime" : 80038,
      "usr_cpu" : 0.311102,
      "sys_cpu" : 1.650466,
      "ctx" : 103182,
      "majf" : 0,
      "minf" : 1206,
      "iodepth_level" : {
        "1" : 0.100000,
        "2" : 0.100000,
        "4" : 0.100000,
        "8" : 0.119767,
        "16" : 0.239534,
        "32" : 99.535902,
        ">=64" : 0.000000
      },
      "iodepth_submit" : {
        "0" : 0.000000,
        "4" : 100.000000,
        "8" : 0.000000,
        "16" : 0.000000,
        "32" : 0.000000,
        "64" : 0.000000,
        ">=64" : 0.000000
      },
      "iodepth_complete" : {
        "0" : 0.000000,
        "4" : 99.984962,
        "8" : 0.000000,
        "16" : 0.000000,
        "32" : 0.100000,
        "64" : 0.000000,
        ">=64" : 0.000000
      },
      "latency_ns" : {
        "2" : 0.000000,
        "4" : 0.000000,
        "10" : 0.000000,
        "20" : 0.000000,
        "50" : 0.000000,
        "100" : 0.000000,
        "250" : 0.000000,
        "500" : 0.000000,
        "750" : 0.000000,
        "1000" : 0.000000
      },
      "latency_us" : {
        "2" : 0.011228,
        "4" : 0.010000,
        "10" : 0.000000,
        "20" : 0.010000,
        "50" : 0.015907,
        "100" : 0.010000,
        "250" : 0.010000,
        "500" : 0.010000,
        "750" : 0.020585,
        "1000" : 0.010000
      },
      "latency_ms" : {
        "2" : 0.032749,
        "4" : 0.075790,
        "10" : 2.390666,
        "20" : 8.362184,
        "50" : 88.576267,
        "100" : 0.010000,
        "250" : 0.035556,
        "500" : 0.366787,
        "750" : 0.082340,
        "1000" : 0.000000,
        "2000" : 0.000000,
        ">=2000" : 0.000000
      },
      "latency_depth" : 32,
      "latency_target" : 0,
      "latency_percentile" : 100.000000,
      "latency_window" : 0
    }
  ]
}
