{
  "fio version" : "fio-3.36",
  "timestamp" : 1751035740,
  "timestamp_ms" : 1751035740692,
  "time" : "Fri Jun 27 14:49:00 2025",
  "global options" : {
    "ioengine" : "libaio",
    "direct" : "0",
    "directory" : "/mnt/test",
    "buffer_compress_percentage" : "70",
    "buffer_pattern" : "0xdeadbeef"
  },
  "jobs" : [
    {
      "jobname" : "webserver_test",
      "groupid" : 0,
      "job_start" : 1751035706866,
      "error" : 0,
      "eta" : 0,
      "elapsed" : 34,
      "job options" : {
        "rw" : "randread",
        "size" : "2G",
        "numjobs" : "16",
        "runtime" : "120",
        "iodepth" : "32",
        "bssplit" : "4k/90:8k/10"
      },
      "read" : {
        "io_bytes" : 34359738368,
        "io_kbytes" : 33554432,
        "bw_bytes" : 1016590383,
        "bw" : 992764,
        "iops" : 233064.706056,
        "runtime" : 33799,
        "total_ios" : 7877354,
        "short_ios" : 0,
        "drop_ios" : 0,
        "slat_ns" : {
          "min" : 1975,
          "max" : 60968104,
          "mean" : 29955.250427,
          "stddev" : 214770.632176,
          "N" : 7877354
        },
        "clat_ns" : {
          "min" : 881,
          "max" : 72336935,
          "mean" : 980115.343703,
          "stddev" : 1716647.860842,
          "N" : 7877354,
          "percentile" : {
            "1.000000" : 244736,
            "5.000000" : 280576,
            "10.000000" : 292864,
            "20.000000" : 313344,
            "30.000000" : 333824,
            "40.000000" : 346112,
            "50.000000" : 358400,
            "60.000000" : 440320,
            "70.000000" : 872448,
            "80.000000" : 1417216,
            "90.000000" : 2146304,
            "95.000000" : 2834432,
            "99.000000" : 7831552,
            "99.500000" : 11337728,
            "99.900000" : 21626880,
            "99.950000" : 26345472,
            "99.990000" : 38535168
          }
        },
        "lat_ns" : {
          "min" : 4245,
          "max" : 72450088,
          "mean" : 1010070.594131,
          "stddev" : 1755561.967036,
          "N" : 7877354
        },
        "bw_min" : 1259132,
        "bw_max" : 4275974,
        "bw_agg" : 100.000000,
        "bw_mean" : 2828559.148794,
        "bw_dev" : 40720.228565,
        "bw_samples" : 489,
        "iops_min" : 286598,
        "iops_max" : 1010617,
        "iops_mean" : 663383.742515,
        "iops_stddev" : 9761.337747,
        "iops_samples" : 489
      },
      "write" : {
        "io_bytes" : 0,
        "io_kbytes" : 0,
        "bw_bytes" : 0,
        "bw" : 0,
        "iops" : 0.000000,
        "runtime" : 0,
        "total_ios" : 0,
        "short_ios" : 0,
        "drop_ios" : 0,
        "slat_ns" : {
          "min" : 0,
          "max" : 0,
          "mean" : 0.000000,
          "stddev" : 0.000000,
          "N" : 0
        },
        "clat_ns" : {
          "min" : 0,
          "max" : 0,
          "mean" : 0.000000,
          "stddev" : 0.000000,
          "N" : 0
        },
        "lat_ns" : {
          "min" : 0,
          "max" : 0,
          "mean" : 0.000000,
          "stddev" : 0.000000,
          "N" : 0
        },
        "bw_min" : 0,
        "bw_max" : 0,
        "bw_agg" : 0.000000,
        "bw_mean" : 0.000000,
        "bw_dev" : 0.000000,
        "bw_samples" : 0,
        "iops_min" : 0,
        "iops_max" : 0,
        "iops_mean" : 0.000000,
        "iops_stddev" : 0.000000,
        "iops_samples" : 0
      },
      "trim" : {
        "io_bytes" : 0,
        "io_kbytes" : 0,
        "bw_bytes" : 0,
        "bw" : 0,
        "iops" : 0.000000,
        "runtime" : 0,
        "total_ios" : 0,
        "short_ios" : 0,
        "drop_ios" : 0,
        "slat_ns" : {
          "min" : 0,
          "max" : 0,
          "mean" : 0.000000,
          "stddev" : 0.000000,
          "N" : 0
        },
        "clat_ns" : {
          "min" : 0,
          "max" : 0,
          "mean" : 0.000000,
          "stddev" : 0.000000,
          "N" : 0
        },
        "lat_ns" : {
          "min" : 0,
          "max" : 0,
          "mean" : 0.000000,
          "stddev" : 0.000000,
          "N" : 0
        },
        "bw_min" : 0,
        "bw_max" : 0,
        "bw_agg" : 0.000000,
        "bw_mean" : 0.000000,
        "bw_dev" : 0.000000,
        "bw_samples" : 0,
        "iops_min" : 0,
        "iops_max" : 0,
        "iops_mean" : 0.000000,
        "iops_stddev" : 0.000000,
        "iops_samples" : 0
      },
      "sync" : {
        "total_ios" : 0,
        "lat_ns" : {
          "min" : 0,
          "max" : 0,
          "mean" : 0.000000,
          "stddev" : 0.000000,
          "N" : 0
        }
      },
      "job_runtime" : 248937,
      "usr_cpu" : 3.866038,
      "sys_cpu" : 32.771344,
      "ctx" : 1309734,
      "majf" : 0,
      "minf" : 1209,
      "iodepth_level" : {
        "1" : 0.100000,
        "2" : 0.100000,
        "4" : 0.100000,
        "8" : 0.100000,
        "16" : 0.100000,
        "32" : 99.993703,
        ">=64" : 0.000000
      },
      "iodepth_submit" : {
        "0" : 0.000000,
        "4" : 100.000000,
        "8" : 0.000000,
        "16" : 0.000000,
        "32" : 0.000000,
        "64" : 0.000000,
        ">=64" : 0.000000
      },
      "iodepth_complete" : {
        "0" : 0.000000,
        "4" : 99.999797,
        "8" : 0.000000,
        "16" : 0.000000,
        "32" : 0.100000,
        "64" : 0.000000,
        ">=64" : 0.000000
      },
      "latency_ns" : {
        "2" : 0.000000,
        "4" : 0.000000,
        "10" : 0.000000,
        "20" : 0.000000,
        "50" : 0.000000,
        "100" : 0.000000,
        "250" : 0.000000,
        "500" : 0.000000,
        "750" : 0.000000,
        "1000" : 0.010000
      },
      "latency_us" : {
        "2" : 0.010000,
        "4" : 0.000000,
        "10" : 0.010000,
        "20" : 0.010000,
        "50" : 0.010000,
        "100" : 0.010000,
        "250" : 1.212666,
        "500" : 60.805062,
        "750" : 5.865599,
        "1000" : 4.403128
      },
      "latency_ms" : {
        "2" : 15.851300,
        "4" : 8.776018,
        "10" : 2.448931,
        "20" : 0.512799,
        "50" : 0.119228,
        "100" : 0.010000,
        "250" : 0.000000,
        "500" : 0.000000,
        "750" : 0.000000,
        "1000" : 0.000000,
        "2000" : 0.000000,
        ">=2000" : 0.000000
      },
      "latency_depth" : 32,
      "latency_target" : 0,
      "latency_percentile" : 100.000000,
      "latency_window" : 0
    }
  ]
}
