{
  "fio version" : "fio-3.36",
  "timestamp" : 1751198490,
  "timestamp_ms" : 1751198490237,
  "time" : "Sun Jun 29 12:01:30 2025",
  "global options" : {
    "ioengine" : "libaio",
    "direct" : "0",
    "directory" : "/mnt/test"
  },
  "jobs" : [
    {
      "jobname" : "database_test",
      "groupid" : 0,
      "job_start" : 1751198485180,
      "error" : 0,
      "eta" : 0,
      "elapsed" : 6,
      "job options" : {
        "rw" : "randrw",
        "rwmixread" : "70",
        "size" : "1M",
        "numjobs" : "8",
        "runtime" : "5",
        "iodepth" : "16",
        "bssplit" : "4k/80:8k/20"
      },
      "read" : {
        "io_bytes" : 40300544,
        "io_kbytes" : 39356,
        "bw_bytes" : 8037603,
        "bw" : 7849,
        "iops" : 1730.753889,
        "runtime" : 5014,
        "total_ios" : 8678,
        "short_ios" : 0,
        "drop_ios" : 0,
        "slat_ns" : {
          "min" : 1042,
          "max" : 204355466,
          "mean" : 4405479.994123,
          "stddev" : 11851423.171226,
          "N" : 8678
        },
        "clat_ns" : {
          "min" : 12430,
          "max" : 462160980,
          "mean" : 48029633.681263,
          "stddev" : 59311169.404767,
          "N" : 8678,
          "percentile" : {
            "1.000000" : 114176,
            "5.000000" : 130560,
            "10.000000" : 150528,
            "20.000000" : 3325952,
            "30.000000" : 8093696,
            "40.000000" : 16580608,
            "50.000000" : 28442624,
            "60.000000" : 41680896,
            "70.000000" : 56885248,
            "80.000000" : 81264640,
            "90.000000" : 120061952,
            "95.000000" : 164626432,
            "99.000000" : 295698432,
            "99.500000" : 312475648,
            "99.900000" : 371195904,
            "99.950000" : 413138944,
            "99.990000" : 463470592
          }
        },
        "lat_ns" : {
          "min" : 97687,
          "max" : 466869041,
          "mean" : 52435113.675386,
          "stddev" : 63258574.382030,
          "N" : 8678
        },
        "bw_min" : 2120,
        "bw_max" : 32800,
        "bw_agg" : 97.958757,
        "bw_mean" : 7689.244444,
        "bw_dev" : 1129.964872,
        "bw_samples" : 76,
        "iops_min" : 480,
        "iops_max" : 7252,
        "iops_mean" : 1696.577778,
        "iops_stddev" : 249.777399,
        "iops_samples" : 76
      },
      "write" : {
        "io_bytes" : 17772544,
        "io_kbytes" : 17356,
        "bw_bytes" : 3544583,
        "bw" : 3461,
        "iops" : 765.656163,
        "runtime" : 5014,
        "total_ios" : 3839,
        "short_ios" : 0,
        "drop_ios" : 0,
        "slat_ns" : {
          "min" : 2599,
          "max" : 30064880,
          "mean" : 59002.175567,
          "stddev" : 655623.329419,
          "N" : 3839
        },
        "clat_ns" : {
          "min" : 95009,
          "max" : 433559092,
          "mean" : 47009878.847356,
          "stddev" : 58203077.542263,
          "N" : 3839,
          "percentile" : {
            "1.000000" : 117248,
            "5.000000" : 134144,
            "10.000000" : 158720,
            "20.000000" : 3424256,
            "30.000000" : 7634944,
            "40.000000" : 15532032,
            "50.000000" : 28180480,
            "60.000000" : 40108032,
            "70.000000" : 56885248,
            "80.000000" : 80216064,
            "90.000000" : 119013376,
            "95.000000" : 158334976,
            "99.000000" : 295698432,
            "99.500000" : 320864256,
            "99.900000" : 392167424,
            "99.950000" : 425721856,
            "99.990000" : 434110464
          }
        },
        "lat_ns" : {
          "min" : 105465,
          "max" : 433620274,
          "mean" : 47068881.022923,
          "stddev" : 58195795.509653,
          "N" : 3839
        },
        "bw_min" : 712,
        "bw_max" : 14600,
        "bw_agg" : 97.992006,
        "bw_mean" : 3392.177778,
        "bw_dev" : 504.928274,
        "bw_samples" : 76,
        "iops_min" : 160,
        "iops_max" : 3238,
        "iops_mean" : 750.488889,
        "iops_stddev" : 111.871916,
        "iops_samples" : 76
      },
      "trim" : {
        "io_bytes" : 0,
        "io_kbytes" : 0,
        "bw_bytes" : 0,
        "bw" : 0,
        "iops" : 0.000000,
        "runtime" : 0,
        "total_ios" : 0,
        "short_ios" : 0,
        "drop_ios" : 0,
        "slat_ns" : {
          "min" : 0,
          "max" : 0,
          "mean" : 0.000000,
          "stddev" : 0.000000,
          "N" : 0
        },
        "clat_ns" : {
          "min" : 0,
          "max" : 0,
          "mean" : 0.000000,
          "stddev" : 0.000000,
          "N" : 0
        },
        "lat_ns" : {
          "min" : 0,
          "max" : 0,
          "mean" : 0.000000,
          "stddev" : 0.000000,
          "N" : 0
        },
        "bw_min" : 0,
        "bw_max" : 0,
        "bw_agg" : 0.000000,
        "bw_mean" : 0.000000,
        "bw_dev" : 0.000000,
        "bw_samples" : 0,
        "iops_min" : 0,
        "iops_max" : 0,
        "iops_mean" : 0.000000,
        "iops_stddev" : 0.000000,
        "iops_samples" : 0
      },
      "sync" : {
        "total_ios" : 0,
        "lat_ns" : {
          "min" : 0,
          "max" : 0,
          "mean" : 0.000000,
          "stddev" : 0.000000,
          "N" : 0
        }
      },
      "job_runtime" : 40033,
      "usr_cpu" : 0.387181,
      "sys_cpu" : 2.485450,
      "ctx" : 8127,
      "majf" : 0,
      "minf" : 117,
      "iodepth_level" : {
        "1" : 0.100000,
        "2" : 0.127826,
        "4" : 0.255652,
        "8" : 0.511305,
        "16" : 99.041304,
        "32" : 0.000000,
        ">=64" : 0.000000
      },
      "iodepth_submit" : {
        "0" : 0.000000,
        "4" : 100.000000,
        "8" : 0.000000,
        "16" : 0.000000,
        "32" : 0.000000,
        "64" : 0.000000,
        ">=64" : 0.000000
      },
      "iodepth_complete" : {
        "0" : 0.000000,
        "4" : 99.935510,
        "8" : 0.000000,
        "16" : 0.100000,
        "32" : 0.000000,
        "64" : 0.000000,
        ">=64" : 0.000000
      },
      "latency_ns" : {
        "2" : 0.000000,
        "4" : 0.000000,
        "10" : 0.000000,
        "20" : 0.000000,
        "50" : 0.000000,
        "100" : 0.000000,
        "250" : 0.000000,
        "500" : 0.000000,
        "750" : 0.000000,
        "1000" : 0.000000
      },
      "latency_us" : {
        "2" : 0.000000,
        "4" : 0.000000,
        "10" : 0.000000,
        "20" : 0.047935,
        "50" : 0.015978,
        "100" : 0.023967,
        "250" : 13.309899,
        "500" : 0.095870,
        "750" : 0.000000,
        "1000" : 0.039946
      },
      "latency_ms" : {
        "2" : 1.414077,
        "4" : 7.222178,
        "10" : 10.777343,
        "20" : 10.002397,
        "50" : 22.944795,
        "100" : 19.773109,
        "250" : 12.718703,
        "500" : 1.613805,
        "750" : 0.000000,
        "1000" : 0.000000,
        "2000" : 0.000000,
        ">=2000" : 0.000000
      },
      "latency_depth" : 16,
      "latency_target" : 0,
      "latency_percentile" : 100.000000,
      "latency_window" : 0
    }
  ]
}
