{
  "fio version" : "fio-3.36",
  "timestamp" : 1751249011,
  "timestamp_ms" : 1751249011321,
  "time" : "Mon Jun 30 02:03:31 2025",
  "global options" : {
    "ioengine" : "libaio",
    "direct" : "0",
    "directory" : "/mnt/test"
  },
  "jobs" : [
    {
      "jobname" : "database_test",
      "groupid" : 0,
      "job_start" : 1751249006270,
      "error" : 0,
      "eta" : 0,
      "elapsed" : 6,
      "job options" : {
        "rw" : "randrw",
        "rwmixread" : "70",
        "size" : "1M",
        "numjobs" : "8",
        "runtime" : "5",
        "iodepth" : "16",
        "bssplit" : "4k/80:8k/20"
      },
      "read" : {
        "io_bytes" : 975380480,
        "io_kbytes" : 952520,
        "bw_bytes" : 194959120,
        "bw" : 190389,
        "iops" : 42068.758745,
        "runtime" : 5003,
        "total_ios" : 210470,
        "short_ios" : 0,
        "drop_ios" : 0,
        "slat_ns" : {
          "min" : 621,
          "max" : 9767989,
          "mean" : 154491.064475,
          "stddev" : 191548.039328,
          "N" : 210470
        },
        "clat_ns" : {
          "min" : 7475,
          "max" : 16451981,
          "mean" : 1993033.113142,
          "stddev" : 1265374.579391,
          "N" : 210470,
          "percentile" : {
            "1.000000" : 651264,
            "5.000000" : 888832,
            "10.000000" : 1019904,
            "20.000000" : 1253376,
            "30.000000" : 1449984,
            "40.000000" : 1630208,
            "50.000000" : 1777664,
            "60.000000" : 1925120,
            "70.000000" : 2088960,
            "80.000000" : 2277376,
            "90.000000" : 2637824,
            "95.000000" : 4751360,
            "99.000000" : 7438336,
            "99.500000" : 8978432,
            "99.900000" : 11862016,
            "99.950000" : 12910592,
            "99.990000" : 14221312
          }
        },
        "lat_ns" : {
          "min" : 103501,
          "max" : 16637467,
          "mean" : 2147524.177617,
          "stddev" : 1293056.463443,
          "N" : 210470
        },
        "bw_min" : 151384,
        "bw_max" : 274912,
        "bw_agg" : 100.000000,
        "bw_mean" : 192684.888889,
        "bw_dev" : 5484.293754,
        "bw_samples" : 73,
        "iops_min" : 33408,
        "iops_max" : 60816,
        "iops_mean" : 42580.311111,
        "iops_stddev" : 1213.704750,
        "iops_samples" : 73
      },
      "write" : {
        "io_bytes" : 420065280,
        "io_kbytes" : 410220,
        "bw_bytes" : 83962678,
        "bw" : 81994,
        "iops" : 18089.546272,
        "runtime" : 5003,
        "total_ios" : 90502,
        "short_ios" : 0,
        "drop_ios" : 0,
        "slat_ns" : {
          "min" : 1966,
          "max" : 829050,
          "mean" : 18392.794911,
          "stddev" : 13898.867787,
          "N" : 90502
        },
        "clat_ns" : {
          "min" : 11826,
          "max" : 16512402,
          "mean" : 1990361.985116,
          "stddev" : 1277218.557738,
          "N" : 90502,
          "percentile" : {
            "1.000000" : 651264,
            "5.000000" : 888832,
            "10.000000" : 1019904,
            "20.000000" : 1253376,
            "30.000000" : 1449984,
            "40.000000" : 1630208,
            "50.000000" : 1777664,
            "60.000000" : 1908736,
            "70.000000" : 2072576,
            "80.000000" : 2277376,
            "90.000000" : 2637824,
            "95.000000" : 4751360,
            "99.000000" : 7438336,
            "99.500000" : 8978432,
            "99.900000" : 11993088,
            "99.950000" : 13172736,
            "99.990000" : 14876672
          }
        },
        "lat_ns" : {
          "min" : 53368,
          "max" : 16516968,
          "mean" : 2008754.780027,
          "stddev" : 1280730.329939,
          "N" : 90502
        },
        "bw_min" : 65360,
        "bw_max" : 118816,
        "bw_agg" : 100.000000,
        "bw_mean" : 82989.866667,
        "bw_dev" : 2413.640324,
        "bw_samples" : 73,
        "iops_min" : 14398,
        "iops_max" : 26114,
        "iops_mean" : 18307.977778,
        "iops_stddev" : 528.460460,
        "iops_samples" : 73
      },
      "trim" : {
        "io_bytes" : 0,
        "io_kbytes" : 0,
        "bw_bytes" : 0,
        "bw" : 0,
        "iops" : 0.000000,
        "runtime" : 0,
        "total_ios" : 0,
        "short_ios" : 0,
        "drop_ios" : 0,
        "slat_ns" : {
          "min" : 0,
          "max" : 0,
          "mean" : 0.000000,
          "stddev" : 0.000000,
          "N" : 0
        },
        "clat_ns" : {
          "min" : 0,
          "max" : 0,
          "mean" : 0.000000,
          "stddev" : 0.000000,
          "N" : 0
        },
        "lat_ns" : {
          "min" : 0,
          "max" : 0,
          "mean" : 0.000000,
          "stddev" : 0.000000,
          "N" : 0
        },
        "bw_min" : 0,
        "bw_max" : 0,
        "bw_agg" : 0.000000,
        "bw_mean" : 0.000000,
        "bw_dev" : 0.000000,
        "bw_samples" : 0,
        "iops_min" : 0,
        "iops_max" : 0,
        "iops_mean" : 0.000000,
        "iops_stddev" : 0.000000,
        "iops_samples" : 0
      },
      "sync" : {
        "total_ios" : 0,
        "lat_ns" : {
          "min" : 0,
          "max" : 0,
          "mean" : 0.000000,
          "stddev" : 0.000000,
          "N" : 0
        }
      },
      "job_runtime" : 40002,
      "usr_cpu" : 5.079746,
      "sys_cpu" : 28.711064,
      "ctx" : 251691,
      "majf" : 0,
      "minf" : 116,
      "iodepth_level" : {
        "1" : 0.100000,
        "2" : 0.100000,
        "4" : 0.100000,
        "8" : 0.100000,
        "16" : 99.960129,
        "32" : 0.000000,
        ">=64" : 0.000000
      },
      "iodepth_submit" : {
        "0" : 0.000000,
        "4" : 100.000000,
        "8" : 0.000000,
        "16" : 0.000000,
        "32" : 0.000000,
        "64" : 0.000000,
        ">=64" : 0.000000
      },
      "iodepth_complete" : {
        "0" : 0.000000,
        "4" : 99.997341,
        "8" : 0.000000,
        "16" : 0.100000,
        "32" : 0.000000,
        "64" : 0.000000,
        ">=64" : 0.000000
      },
      "latency_ns" : {
        "2" : 0.000000,
        "4" : 0.000000,
        "10" : 0.000000,
        "20" : 0.000000,
        "50" : 0.000000,
        "100" : 0.000000,
        "250" : 0.000000,
        "500" : 0.000000,
        "750" : 0.000000,
        "1000" : 0.000000
      },
      "latency_us" : {
        "2" : 0.000000,
        "4" : 0.000000,
        "10" : 0.010000,
        "20" : 0.010000,
        "50" : 0.000000,
        "100" : 0.010000,
        "250" : 0.558856,
        "500" : 0.040203,
        "750" : 1.257924,
        "1000" : 7.169770
      },
      "latency_ms" : {
        "2" : 55.978961,
        "4" : 29.143575,
        "10" : 5.511144,
        "20" : 0.336244,
        "50" : 0.000000,
        "100" : 0.000000,
        "250" : 0.000000,
        "500" : 0.000000,
        "750" : 0.000000,
        "1000" : 0.000000,
        "2000" : 0.000000,
        ">=2000" : 0.000000
      },
      "latency_depth" : 16,
      "latency_target" : 0,
      "latency_percentile" : 100.000000,
      "latency_window" : 0
    }
  ]
}
