{
  "fio version" : "fio-3.36",
  "timestamp" : 1751609535,
  "timestamp_ms" : 1751609535787,
  "time" : "Fri Jul  4 06:12:15 2025",
  "global options" : {
    "ioengine" : "libaio",
    "direct" : "1",
    "directory" : "/mnt/test"
  },
  "jobs" : [
    {
      "jobname" : "database_article_test",
      "groupid" : 0,
      "job_start" : 1751609530309,
      "error" : 0,
      "eta" : 0,
      "elapsed" : 6,
      "job options" : {
        "rw" : "randrw",
        "rwmixread" : "50",
        "size" : "50M",
        "numjobs" : "1",
        "runtime" : "5",
        "iodepth" : "128",
        "bssplit" : "8k-64k"
      },
      "read" : {
        "io_bytes" : 63168512,
        "io_kbytes" : 61688,
        "bw_bytes" : 11596936,
        "bw" : 11325,
        "iops" : 1415.641638,
        "runtime" : 5447,
        "total_ios" : 7711,
        "short_ios" : 0,
        "drop_ios" : 0,
        "slat_ns" : {
          "min" : 2322,
          "max" : 62228054,
          "mean" : 434852.526261,
          "stddev" : 1474935.897751,
          "N" : 7711
        },
        "clat_ns" : {
          "min" : 561182,
          "max" : 890339555,
          "mean" : 51545262.494488,
          "stddev" : 65676170.849476,
          "N" : 7711,
          "percentile" : {
            "1.000000" : 1630208,
            "5.000000" : 2867200,
            "10.000000" : 4145152,
            "20.000000" : 10158080,
            "30.000000" : 16908288,
            "40.000000" : 25821184,
            "50.000000" : 34865152,
            "60.000000" : 45350912,
            "70.000000" : 57409536,
            "80.000000" : 76021760,
            "90.000000" : 109576192,
            "95.000000" : 147849216,
            "99.000000" : 375390208,
            "99.500000" : 497025024,
            "99.900000" : 591396864,
            "99.950000" : 683671552,
            "99.990000" : 893386752
          }
        },
        "lat_ns" : {
          "min" : 579995,
          "max" : 890379849,
          "mean" : 51980115.020750,
          "stddev" : 65830558.753238,
          "N" : 7711
        },
        "bw_min" : 8176,
        "bw_max" : 22160,
        "bw_agg" : 100.000000,
        "bw_mean" : 12220.800000,
        "bw_dev" : 4727.324186,
        "bw_samples" : 10,
        "iops_min" : 1022,
        "iops_max" : 2770,
        "iops_mean" : 1527.600000,
        "iops_stddev" : 590.915523,
        "iops_samples" : 10
      },
      "write" : {
        "io_bytes" : 63488000,
        "io_kbytes" : 62000,
        "bw_bytes" : 11655590,
        "bw" : 11382,
        "iops" : 1422.801542,
        "runtime" : 5447,
        "total_ios" : 7750,
        "short_ios" : 0,
        "drop_ios" : 0,
        "slat_ns" : {
          "min" : 4267,
          "max" : 30372577,
          "mean" : 62646.112000,
          "stddev" : 427758.355977,
          "N" : 7750
        },
        "clat_ns" : {
          "min" : 1395429,
          "max" : 771055979,
          "mean" : 38068572.871226,
          "stddev" : 68437418.972265,
          "N" : 7750,
          "percentile" : {
            "1.000000" : 2408448,
            "5.000000" : 3293184,
            "10.000000" : 4620288,
            "20.000000" : 8978432,
            "30.000000" : 13565952,
            "40.000000" : 20054016,
            "50.000000" : 25296896,
            "60.000000" : 30801920,
            "70.000000" : 36438016,
            "80.000000" : 42729472,
            "90.000000" : 57933824,
            "95.000000" : 89653248,
            "99.000000" : 450887680,
            "99.500000" : 541065216,
            "99.900000" : 708837376,
            "99.950000" : 734003200,
            "99.990000" : 767557632
          }
        },
        "lat_ns" : {
          "min" : 1423346,
          "max" : 771133846,
          "mean" : 38131218.983226,
          "stddev" : 68451746.531180,
          "N" : 7750
        },
        "bw_min" : 8192,
        "bw_max" : 22640,
        "bw_agg" : 100.000000,
        "bw_mean" : 12313.600000,
        "bw_dev" : 4951.018104,
        "bw_samples" : 10,
        "iops_min" : 1024,
        "iops_max" : 2830,
        "iops_mean" : 1539.200000,
        "iops_stddev" : 618.877263,
        "iops_samples" : 10
      },
      "trim" : {
        "io_bytes" : 0,
        "io_kbytes" : 0,
        "bw_bytes" : 0,
        "bw" : 0,
        "iops" : 0.000000,
        "runtime" : 0,
        "total_ios" : 0,
        "short_ios" : 0,
        "drop_ios" : 0,
        "slat_ns" : {
          "min" : 0,
          "max" : 0,
          "mean" : 0.000000,
          "stddev" : 0.000000,
          "N" : 0
        },
        "clat_ns" : {
          "min" : 0,
          "max" : 0,
          "mean" : 0.000000,
          "stddev" : 0.000000,
          "N" : 0
        },
        "lat_ns" : {
          "min" : 0,
          "max" : 0,
          "mean" : 0.000000,
          "stddev" : 0.000000,
          "N" : 0
        },
        "bw_min" : 0,
        "bw_max" : 0,
        "bw_agg" : 0.000000,
        "bw_mean" : 0.000000,
        "bw_dev" : 0.000000,
        "bw_samples" : 0,
        "iops_min" : 0,
        "iops_max" : 0,
        "iops_mean" : 0.000000,
        "iops_stddev" : 0.000000,
        "iops_samples" : 0
      },
      "sync" : {
        "total_ios" : 0,
        "lat_ns" : {
          "min" : 0,
          "max" : 0,
          "mean" : 0.000000,
          "stddev" : 0.000000,
          "N" : 0
        }
      },
      "job_runtime" : 5446,
      "usr_cpu" : 2.442159,
      "sys_cpu" : 13.514506,
      "ctx" : 3448,
      "majf" : 0,
      "minf" : 14,
      "iodepth_level" : {
        "1" : 0.100000,
        "2" : 0.100000,
        "4" : 0.100000,
        "8" : 0.100000,
        "16" : 0.103486,
        "32" : 0.206972,
        ">=64" : 99.592523
      },
      "iodepth_submit" : {
        "0" : 0.000000,
        "4" : 100.000000,
        "8" : 0.000000,
        "16" : 0.000000,
        "32" : 0.000000,
        "64" : 0.000000,
        ">=64" : 0.000000
      },
      "iodepth_complete" : {
        "0" : 0.000000,
        "4" : 99.993479,
        "8" : 0.000000,
        "16" : 0.000000,
        "32" : 0.000000,
        "64" : 0.000000,
        ">=64" : 0.100000
      },
      "latency_ns" : {
        "2" : 0.000000,
        "4" : 0.000000,
        "10" : 0.000000,
        "20" : 0.000000,
        "50" : 0.000000,
        "100" : 0.000000,
        "250" : 0.000000,
        "500" : 0.000000,
        "750" : 0.000000,
        "1000" : 0.000000
      },
      "latency_us" : {
        "2" : 0.000000,
        "4" : 0.000000,
        "10" : 0.000000,
        "20" : 0.000000,
        "50" : 0.000000,
        "100" : 0.000000,
        "250" : 0.000000,
        "500" : 0.000000,
        "750" : 0.032339,
        "1000" : 0.058211
      },
      "latency_ms" : {
        "2" : 0.879633,
        "4" : 7.968437,
        "10" : 12.146692,
        "20" : 15.723433,
        "50" : 37.423194,
        "100" : 17.515038,
        "250" : 6.429080,
        "500" : 1.319449,
        "750" : 0.472156,
        "1000" : 0.032339,
        "2000" : 0.000000,
        ">=2000" : 0.000000
      },
      "latency_depth" : 128,
      "latency_target" : 0,
      "latency_percentile" : 100.000000,
      "latency_window" : 0
    }
  ]
}
