{
  "fio version" : "fio-3.36",
  "timestamp" : 1751259261,
  "timestamp_ms" : 1751259261036,
  "time" : "Mon Jun 30 04:54:21 2025",
  "global options" : {
    "ioengine" : "libaio",
    "direct" : "1",
    "directory" : "/mnt/test"
  },
  "jobs" : [
    {
      "jobname" : "database_test",
      "groupid" : 0,
      "job_start" : 1751259255994,
      "error" : 0,
      "eta" : 0,
      "elapsed" : 6,
      "job options" : {
        "rw" : "randrw",
        "rwmixread" : "70",
        "size" : "1M",
        "numjobs" : "8",
        "runtime" : "5",
        "iodepth" : "16",
        "bssplit" : "4k/80:8k/20"
      },
      "read" : {
        "io_bytes" : 1296240640,
        "io_kbytes" : 1265860,
        "bw_bytes" : 259196288,
        "bw" : 253121,
        "iops" : 55947.610478,
        "runtime" : 5001,
        "total_ios" : 279794,
        "short_ios" : 0,
        "drop_ios" : 0,
        "slat_ns" : {
          "min" : 2978,
          "max" : 7422912,
          "mean" : 101021.912361,
          "stddev" : 141399.156052,
          "N" : 279794
        },
        "clat_ns" : {
          "min" : 82631,
          "max" : 13191333,
          "mean" : 1639234.524489,
          "stddev" : 1035026.253739,
          "N" : 279794,
          "percentile" : {
            "1.000000" : 284672,
            "5.000000" : 444416,
            "10.000000" : 569344,
            "20.000000" : 790528,
            "30.000000" : 1011712,
            "40.000000" : 1236992,
            "50.000000" : 1449984,
            "60.000000" : 1679360,
            "70.000000" : 1941504,
            "80.000000" : 2277376,
            "90.000000" : 2899968,
            "95.000000" : 3588096,
            "99.000000" : 5144576,
            "99.500000" : 5865472,
            "99.900000" : 8716288,
            "99.950000" : 9895936,
            "99.990000" : 11993088
          }
        },
        "lat_ns" : {
          "min" : 95080,
          "max" : 13212018,
          "mean" : 1740256.436850,
          "stddev" : 1054162.068505,
          "N" : 279794
        },
        "bw_min" : 219040,
        "bw_max" : 343927,
        "bw_agg" : 99.955209,
        "bw_mean" : 253008.777778,
        "bw_dev" : 4212.755310,
        "bw_samples" : 72,
        "iops_min" : 48624,
        "iops_max" : 76129,
        "iops_mean" : 55922.111111,
        "iops_stddev" : 933.838348,
        "iops_samples" : 72
      },
      "write" : {
        "io_bytes" : 558694400,
        "io_kbytes" : 545600,
        "bw_bytes" : 111716536,
        "bw" : 109098,
        "iops" : 24057.788442,
        "runtime" : 5001,
        "total_ios" : 120313,
        "short_ios" : 0,
        "drop_ios" : 0,
        "slat_ns" : {
          "min" : 5069,
          "max" : 9072746,
          "mean" : 39072.037502,
          "stddev" : 74909.263357,
          "N" : 120313
        },
        "clat_ns" : {
          "min" : 2257,
          "max" : 10932373,
          "mean" : 1223365.261917,
          "stddev" : 988587.520725,
          "N" : 120313,
          "percentile" : {
            "1.000000" : 48384,
            "5.000000" : 109056,
            "10.000000" : 185344,
            "20.000000" : 333824,
            "30.000000" : 505856,
            "40.000000" : 790528,
            "50.000000" : 1089536,
            "60.000000" : 1335296,
            "70.000000" : 1581056,
            "80.000000" : 1892352,
            "90.000000" : 2441216,
            "95.000000" : 3194880,
            "99.000000" : 4145152,
            "99.500000" : 4685824,
            "99.900000" : 7962624,
            "99.950000" : 9371648,
            "99.990000" : 10027008
          }
        },
        "lat_ns" : {
          "min" : 40616,
          "max" : 10951829,
          "mean" : 1262437.299419,
          "stddev" : 995947.937581,
          "N" : 120313
        },
        "bw_min" : 94664,
        "bw_max" : 150285,
        "bw_agg" : 99.960421,
        "bw_mean" : 109055.666667,
        "bw_dev" : 1923.396399,
        "bw_samples" : 72,
        "iops_min" : 20826,
        "iops_max" : 33078,
        "iops_mean" : 24049.777778,
        "iops_stddev" : 421.179728,
        "iops_samples" : 72
      },
      "trim" : {
        "io_bytes" : 0,
        "io_kbytes" : 0,
        "bw_bytes" : 0,
        "bw" : 0,
        "iops" : 0.000000,
        "runtime" : 0,
        "total_ios" : 0,
        "short_ios" : 0,
        "drop_ios" : 0,
        "slat_ns" : {
          "min" : 0,
          "max" : 0,
          "mean" : 0.000000,
          "stddev" : 0.000000,
          "N" : 0
        },
        "clat_ns" : {
          "min" : 0,
          "max" : 0,
          "mean" : 0.000000,
          "stddev" : 0.000000,
          "N" : 0
        },
        "lat_ns" : {
          "min" : 0,
          "max" : 0,
          "mean" : 0.000000,
          "stddev" : 0.000000,
          "N" : 0
        },
        "bw_min" : 0,
        "bw_max" : 0,
        "bw_agg" : 0.000000,
        "bw_mean" : 0.000000,
        "bw_dev" : 0.000000,
        "bw_samples" : 0,
        "iops_min" : 0,
        "iops_max" : 0,
        "iops_mean" : 0.000000,
        "iops_stddev" : 0.000000,
        "iops_samples" : 0
      },
      "sync" : {
        "total_ios" : 0,
        "lat_ns" : {
          "min" : 0,
          "max" : 0,
          "mean" : 0.000000,
          "stddev" : 0.000000,
          "N" : 0
        }
      },
      "job_runtime" : 40000,
      "usr_cpu" : 5.077500,
      "sys_cpu" : 28.755000,
      "ctx" : 194799,
      "majf" : 0,
      "minf" : 103,
      "iodepth_level" : {
        "1" : 0.100000,
        "2" : 0.100000,
        "4" : 0.100000,
        "8" : 0.100000,
        "16" : 99.970008,
        "32" : 0.000000,
        ">=64" : 0.000000
      },
      "iodepth_submit" : {
        "0" : 0.000000,
        "4" : 100.000000,
        "8" : 0.000000,
        "16" : 0.000000,
        "32" : 0.000000,
        "64" : 0.000000,
        ">=64" : 0.000000
      },
      "iodepth_complete" : {
        "0" : 0.000000,
        "4" : 99.998000,
        "8" : 0.000000,
        "16" : 0.100000,
        "32" : 0.000000,
        "64" : 0.000000,
        ">=64" : 0.000000
      },
      "latency_ns" : {
        "2" : 0.000000,
        "4" : 0.000000,
        "10" : 0.000000,
        "20" : 0.000000,
        "50" : 0.000000,
        "100" : 0.000000,
        "250" : 0.000000,
        "500" : 0.000000,
        "750" : 0.000000,
        "1000" : 0.000000
      },
      "latency_us" : {
        "2" : 0.000000,
        "4" : 0.010000,
        "10" : 0.000000,
        "20" : 0.000000,
        "50" : 0.341159,
        "100" : 0.993484,
        "250" : 3.370848,
        "500" : 9.250525,
        "750" : 10.472699,
        "1000" : 10.326988
      },
      "latency_ms" : {
        "2" : 40.420687,
        "4" : 22.163321,
        "10" : 2.629797,
        "20" : 0.030242,
        "50" : 0.000000,
        "100" : 0.000000,
        "250" : 0.000000,
        "500" : 0.000000,
        "750" : 0.000000,
        "1000" : 0.000000,
        "2000" : 0.000000,
        ">=2000" : 0.000000
      },
      "latency_depth" : 16,
      "latency_target" : 0,
      "latency_percentile" : 100.000000,
      "latency_window" : 0
    }
  ]
}
