{
  "fio version" : "fio-3.36",
  "timestamp" : 1749334974,
  "timestamp_ms" : 1749334974155,
  "time" : "Sat Jun  7 22:22:54 2025",
  "global options" : {
    "ioengine" : "io_uring",
    "direct" : "1",
    "directory" : "/mnt/test"
  },
  "jobs" : [
    {
      "jobname" : "webserver_test",
      "groupid" : 0,
      "job_start" : 1749334938641,
      "error" : 0,
      "eta" : 0,
      "elapsed" : 36,
      "job options" : {
        "rw" : "randread",
        "size" : "2G",
        "numjobs" : "16",
        "runtime" : "120",
        "iodepth" : "32",
        "bssplit" : "4k/90:8k/10"
      },
      "read" : {
        "io_bytes" : 34359738368,
        "io_kbytes" : 33554432,
        "bw_bytes" : 967907219,
        "bw" : 945221,
        "iops" : 221903.546579,
        "runtime" : 35499,
        "total_ios" : 7877354,
        "short_ios" : 0,
        "drop_ios" : 0,
        "slat_ns" : {
          "min" : 1518,
          "max" : 766748,
          "mean" : 3619.716488,
          "stddev" : 11973.852381,
          "N" : 7877354
        },
        "clat_ns" : {
          "min" : 43104,
          "max" : 13039455,
          "mean" : 2290200.099453,
          "stddev" : 1015654.136329,
          "N" : 7877354,
          "percentile" : {
            "1.000000" : 569344,
            "5.000000" : 897024,
            "10.000000" : 1089536,
            "20.000000" : 1368064,
            "30.000000" : 1613824,
            "40.000000" : 1859584,
            "50.000000" : 2146304,
            "60.000000" : 2441216,
            "70.000000" : 2768896,
            "80.000000" : 3194880,
            "90.000000" : 3784704,
            "95.000000" : 4177920,
            "99.000000" : 4751360,
            "99.500000" : 4882432,
            "99.900000" : 5210112,
            "99.950000" : 5341184,
            "99.990000" : 5931008
          }
        },
        "lat_ns" : {
          "min" : 44784,
          "max" : 13043260,
          "mean" : 2293819.815941,
          "stddev" : 1016091.519238,
          "N" : 7877354
        },
        "bw_min" : 772840,
        "bw_max" : 1073072,
        "bw_agg" : 100.000000,
        "bw_mean" : 948072.914286,
        "bw_dev" : 4462.910131,
        "bw_samples" : 1120,
        "iops_min" : 185040,
        "iops_max" : 248570,
        "iops_mean" : 222513.800000,
        "iops_stddev" : 912.748070,
        "iops_samples" : 1120
      },
      "write" : {
        "io_bytes" : 0,
        "io_kbytes" : 0,
        "bw_bytes" : 0,
        "bw" : 0,
        "iops" : 0.000000,
        "runtime" : 0,
        "total_ios" : 0,
        "short_ios" : 0,
        "drop_ios" : 0,
        "slat_ns" : {
          "min" : 0,
          "max" : 0,
          "mean" : 0.000000,
          "stddev" : 0.000000,
          "N" : 0
        },
        "clat_ns" : {
          "min" : 0,
          "max" : 0,
          "mean" : 0.000000,
          "stddev" : 0.000000,
          "N" : 0
        },
        "lat_ns" : {
          "min" : 0,
          "max" : 0,
          "mean" : 0.000000,
          "stddev" : 0.000000,
          "N" : 0
        },
        "bw_min" : 0,
        "bw_max" : 0,
        "bw_agg" : 0.000000,
        "bw_mean" : 0.000000,
        "bw_dev" : 0.000000,
        "bw_samples" : 0,
        "iops_min" : 0,
        "iops_max" : 0,
        "iops_mean" : 0.000000,
        "iops_stddev" : 0.000000,
        "iops_samples" : 0
      },
      "trim" : {
        "io_bytes" : 0,
        "io_kbytes" : 0,
        "bw_bytes" : 0,
        "bw" : 0,
        "iops" : 0.000000,
        "runtime" : 0,
        "total_ios" : 0,
        "short_ios" : 0,
        "drop_ios" : 0,
        "slat_ns" : {
          "min" : 0,
          "max" : 0,
          "mean" : 0.000000,
          "stddev" : 0.000000,
          "N" : 0
        },
        "clat_ns" : {
          "min" : 0,
          "max" : 0,
          "mean" : 0.000000,
          "stddev" : 0.000000,
          "N" : 0
        },
        "lat_ns" : {
          "min" : 0,
          "max" : 0,
          "mean" : 0.000000,
          "stddev" : 0.000000,
          "N" : 0
        },
        "bw_min" : 0,
        "bw_max" : 0,
        "bw_agg" : 0.000000,
        "bw_mean" : 0.000000,
        "bw_dev" : 0.000000,
        "bw_samples" : 0,
        "iops_min" : 0,
        "iops_max" : 0,
        "iops_mean" : 0.000000,
        "iops_stddev" : 0.000000,
        "iops_samples" : 0
      },
      "sync" : {
        "total_ios" : 0,
        "lat_ns" : {
          "min" : 0,
          "max" : 0,
          "mean" : 0.000000,
          "stddev" : 0.000000,
          "N" : 0
        }
      },
      "job_runtime" : 564836,
      "usr_cpu" : 2.120084,
      "sys_cpu" : 6.431601,
      "ctx" : 6599571,
      "majf" : 0,
      "minf" : 1209,
      "iodepth_level" : {
        "1" : 0.100000,
        "2" : 0.100000,
        "4" : 0.100000,
        "8" : 0.100000,
        "16" : 0.100000,
        "32" : 99.993703,
        ">=64" : 0.000000
      },
      "iodepth_submit" : {
        "0" : 0.000000,
        "4" : 100.000000,
        "8" : 0.000000,
        "16" : 0.000000,
        "32" : 0.000000,
        "64" : 0.000000,
        ">=64" : 0.000000
      },
      "iodepth_complete" : {
        "0" : 0.000000,
        "4" : 99.999797,
        "8" : 0.000000,
        "16" : 0.000000,
        "32" : 0.100000,
        "64" : 0.000000,
        ">=64" : 0.000000
      },
      "latency_ns" : {
        "2" : 0.000000,
        "4" : 0.000000,
        "10" : 0.000000,
        "20" : 0.000000,
        "50" : 0.000000,
        "100" : 0.000000,
        "250" : 0.000000,
        "500" : 0.000000,
        "750" : 0.000000,
        "1000" : 0.000000
      },
      "latency_us" : {
        "2" : 0.000000,
        "4" : 0.000000,
        "10" : 0.000000,
        "20" : 0.000000,
        "50" : 0.010000,
        "100" : 0.010000,
        "250" : 0.037094,
        "500" : 0.570699,
        "750" : 2.001027,
        "1000" : 4.728072
      },
      "latency_ms" : {
        "2" : 37.734181,
        "4" : 47.755757,
        "10" : 7.166912,
        "20" : 0.010000,
        "50" : 0.000000,
        "100" : 0.000000,
        "250" : 0.000000,
        "500" : 0.000000,
        "750" : 0.000000,
        "1000" : 0.000000,
        "2000" : 0.000000,
        ">=2000" : 0.000000
      },
      "latency_depth" : 32,
      "latency_target" : 0,
      "latency_percentile" : 100.000000,
      "latency_window" : 0
    }
  ],
  "disk_util" : [
    {
      "name" : "nvme0n1",
      "read_ios" : 7837256,
      "write_ios" : 12,
      "read_sectors" : 66774976,
      "write_sectors" : 488,
      "read_merges" : 0,
      "write_merges" : 49,
      "read_ticks" : 17963924,
      "write_ticks" : 20,
      "in_queue" : 17963943,
      "util" : 68.341581
    }
  ]
}
