{
  "fio version" : "fio-3.36",
  "timestamp" : 1752794848,
  "timestamp_ms" : 1752794848329,
  "time" : "Thu Jul 17 23:27:28 2025",
  "global options" : {
    "ioengine" : "libaio",
    "direct" : "0",
    "directory" : "/mnt/test",
    "buffer_compress_percentage" : "70",
    "buffer_pattern" : "0xdeadbeef"
  },
  "jobs" : [
    {
      "jobname" : "database_mysql_innodb_test",
      "groupid" : 0,
      "job_start" : 1752794788158,
      "error" : 0,
      "eta" : 0,
      "elapsed" : 61,
      "job options" : {
        "rw" : "randrw",
        "rwmixread" : "70",
        "size" : "1G",
        "numjobs" : "24",
        "runtime" : "60",
        "iodepth" : "16",
        "bssplit" : "16k"
      },
      "read" : {
        "io_bytes" : 266174464,
        "io_kbytes" : 259936,
        "bw_bytes" : 4426723,
        "bw" : 4322,
        "iops" : 270.185767,
        "runtime" : 60129,
        "total_ios" : 16246,
        "short_ios" : 0,
        "drop_ios" : 0,
        "slat_ns" : {
          "min" : 3121097,
          "max" : 1943885337,
          "mean" : 88663446.613628,
          "stddev" : 114931765.263768,
          "N" : 16246
        },
        "clat_ns" : {
          "min" : 10693,
          "max" : 6300534474,
          "mean" : 916727369.379478,
          "stddev" : 531633140.917973,
          "N" : 16246,
          "percentile" : {
            "1.000000" : 198180864,
            "5.000000" : 350224384,
            "10.000000" : 438304768,
            "20.000000" : 557842432,
            "30.000000" : 650117120,
            "40.000000" : 734003200,
            "50.000000" : 826277888,
            "60.000000" : 918552576,
            "70.000000" : 1027604480,
            "80.000000" : 1182793728,
            "90.000000" : 1451229184,
            "95.000000" : 1719664640,
            "99.000000" : 2801795072,
            "99.500000" : 3976200192,
            "99.900000" : 5536481280,
            "99.950000" : 6006243328,
            "99.990000" : 6274678784
          }
        },
        "lat_ns" : {
          "min" : 21972415,
          "max" : 6709876987,
          "mean" : 1005390815.993106,
          "stddev" : 563342217.910617,
          "N" : 16246
        },
        "bw_min" : 766,
        "bw_max" : 11680,
        "bw_agg" : 100.000000,
        "bw_mean" : 4451.805618,
        "bw_dev" : 101.301721,
        "bw_samples" : 2705,
        "iops_min" : 47,
        "iops_max" : 730,
        "iops_mean" : 278.224983,
        "iops_stddev" : 6.331530,
        "iops_samples" : 2705
      },
      "write" : {
        "io_bytes" : 117686272,
        "io_kbytes" : 114928,
        "bw_bytes" : 1957229,
        "bw" : 1911,
        "iops" : 119.459828,
        "runtime" : 60129,
        "total_ios" : 7183,
        "short_ios" : 0,
        "drop_ios" : 0,
        "slat_ns" : {
          "min" : 11742,
          "max" : 274681,
          "mean" : 57965.462620,
          "stddev" : 21319.730553,
          "N" : 7183
        },
        "clat_ns" : {
          "min" : 30796018,
          "max" : 6494104967,
          "mean" : 910604553.146039,
          "stddev" : 506191136.942868,
          "N" : 7183,
          "percentile" : {
            "1.000000" : 208666624,
            "5.000000" : 354418688,
            "10.000000" : 442499072,
            "20.000000" : 557842432,
            "30.000000" : 650117120,
            "40.000000" : 734003200,
            "50.000000" : 817889280,
            "60.000000" : 918552576,
            "70.000000" : 1027604480,
            "80.000000" : 1182793728,
            "90.000000" : 1434451968,
            "95.000000" : 1702887424,
            "99.000000" : 2801795072,
            "99.500000" : 3271557120,
            "99.900000" : 5335154688,
            "99.950000" : 6006243328,
            "99.990000" : 6476005376
          }
        },
        "lat_ns" : {
          "min" : 30854768,
          "max" : 6494179357,
          "mean" : 910662518.608659,
          "stddev" : 506190945.001713,
          "N" : 7183
        },
        "bw_min" : 766,
        "bw_max" : 6784,
        "bw_agg" : 100.000000,
        "bw_mean" : 2196.334292,
        "bw_dev" : 56.761959,
        "bw_samples" : 2403,
        "iops_min" : 47,
        "iops_max" : 424,
        "iops_mean" : 137.249729,
        "iops_stddev" : 3.547595,
        "iops_samples" : 2403
      },
      "trim" : {
        "io_bytes" : 0,
        "io_kbytes" : 0,
        "bw_bytes" : 0,
        "bw" : 0,
        "iops" : 0.000000,
        "runtime" : 0,
        "total_ios" : 0,
        "short_ios" : 0,
        "drop_ios" : 0,
        "slat_ns" : {
          "min" : 0,
          "max" : 0,
          "mean" : 0.000000,
          "stddev" : 0.000000,
          "N" : 0
        },
        "clat_ns" : {
          "min" : 0,
          "max" : 0,
          "mean" : 0.000000,
          "stddev" : 0.000000,
          "N" : 0
        },
        "lat_ns" : {
          "min" : 0,
          "max" : 0,
          "mean" : 0.000000,
          "stddev" : 0.000000,
          "N" : 0
        },
        "bw_min" : 0,
        "bw_max" : 0,
        "bw_agg" : 0.000000,
        "bw_mean" : 0.000000,
        "bw_dev" : 0.000000,
        "bw_samples" : 0,
        "iops_min" : 0,
        "iops_max" : 0,
        "iops_mean" : 0.000000,
        "iops_stddev" : 0.000000,
        "iops_samples" : 0
      },
      "sync" : {
        "total_ios" : 0,
        "lat_ns" : {
          "min" : 0,
          "max" : 0,
          "mean" : 0.000000,
          "stddev" : 0.000000,
          "N" : 0
        }
      },
      "job_runtime" : 1441349,
      "usr_cpu" : 0.037118,
      "sys_cpu" : 0.173102,
      "ctx" : 16327,
      "majf" : 0,
      "minf" : 325,
      "iodepth_level" : {
        "1" : 0.102437,
        "2" : 0.204874,
        "4" : 0.409749,
        "8" : 0.819497,
        "16" : 98.463443,
        "32" : 0.000000,
        ">=64" : 0.000000
      },
      "iodepth_submit" : {
        "0" : 0.000000,
        "4" : 100.000000,
        "8" : 0.000000,
        "16" : 0.000000,
        "32" : 0.000000,
        "64" : 0.000000,
        ">=64" : 0.000000
      },
      "iodepth_complete" : {
        "0" : 0.000000,
        "4" : 99.896072,
        "8" : 0.000000,
        "16" : 0.103928,
        "32" : 0.000000,
        "64" : 0.000000,
        ">=64" : 0.000000
      },
      "latency_ns" : {
        "2" : 0.000000,
        "4" : 0.000000,
        "10" : 0.000000,
        "20" : 0.000000,
        "50" : 0.000000,
        "100" : 0.000000,
        "250" : 0.000000,
        "500" : 0.000000,
        "750" : 0.000000,
        "1000" : 0.000000
      },
      "latency_us" : {
        "2" : 0.000000,
        "4" : 0.000000,
        "10" : 0.000000,
        "20" : 0.098169,
        "50" : 0.010000,
        "100" : 0.000000,
        "250" : 0.000000,
        "500" : 0.000000,
        "750" : 0.000000,
        "1000" : 0.000000
      },
      "latency_ms" : {
        "2" : 0.000000,
        "4" : 0.000000,
        "10" : 0.000000,
        "20" : 0.000000,
        "50" : 0.029878,
        "100" : 0.046950,
        "250" : 1.519484,
        "500" : 12.958300,
        "750" : 27.303769,
        "1000" : 25.937940,
        "2000" : 29.335439,
        ">=2000" : 2.765803
      },
      "latency_depth" : 16,
      "latency_target" : 0,
      "latency_percentile" : 100.000000,
      "latency_window" : 0
    }
  ]
}
