{
  "fio version" : "fio-3.36",
  "timestamp" : 1751126528,
  "timestamp_ms" : 1751126528489,
  "time" : "Sat Jun 28 16:02:08 2025",
  "global options" : {
    "ioengine" : "libaio",
    "direct" : "0",
    "directory" : "/mnt/test",
    "buffer_compress_percentage" : "70",
    "buffer_pattern" : "0xdeadbeef"
  },
  "jobs" : [
    {
      "jobname" : "database_mysql_innodb_test",
      "groupid" : 0,
      "job_start" : 1751126468400,
      "error" : 0,
      "eta" : 0,
      "elapsed" : 61,
      "job options" : {
        "rw" : "randrw",
        "rwmixread" : "70",
        "size" : "1G",
        "numjobs" : "8",
        "runtime" : "60",
        "iodepth" : "16",
        "bssplit" : "16k"
      },
      "read" : {
        "io_bytes" : 212074496,
        "io_kbytes" : 207104,
        "bw_bytes" : 3531749,
        "bw" : 3448,
        "iops" : 215.560885,
        "runtime" : 60048,
        "total_ios" : 12944,
        "short_ios" : 0,
        "drop_ios" : 0,
        "slat_ns" : {
          "min" : 2844815,
          "max" : 619959907,
          "mean" : 37052474.923826,
          "stddev" : 45444593.714943,
          "N" : 12944
        },
        "clat_ns" : {
          "min" : 10409,
          "max" : 1546603807,
          "mean" : 384125710.753167,
          "stddev" : 190056760.330865,
          "N" : 12944,
          "percentile" : {
            "1.000000" : 120061952,
            "5.000000" : 166723584,
            "10.000000" : 196083712,
            "20.000000" : 238026752,
            "30.000000" : 274726912,
            "40.000000" : 308281344,
            "50.000000" : 341835776,
            "60.000000" : 379584512,
            "70.000000" : 425721856,
            "80.000000" : 497025024,
            "90.000000" : 633339904,
            "95.000000" : 759169024,
            "99.000000" : 1052770304,
            "99.500000" : 1199570944,
            "99.900000" : 1367343104,
            "99.950000" : 1434451968,
            "99.990000" : 1518338048
          }
        },
        "lat_ns" : {
          "min" : 17805285,
          "max" : 1616407612,
          "mean" : 421178185.676993,
          "stddev" : 200826230.213002,
          "N" : 12944
        },
        "bw_min" : 544,
        "bw_max" : 6784,
        "bw_agg" : 99.855794,
        "bw_mean" : 3444.851828,
        "bw_dev" : 153.931287,
        "bw_samples" : 947,
        "iops_min" : 34,
        "iops_max" : 424,
        "iops_mean" : 215.303239,
        "iops_stddev" : 9.620705,
        "iops_samples" : 947
      },
      "write" : {
        "io_bytes" : 92389376,
        "io_kbytes" : 90224,
        "bw_bytes" : 1538592,
        "bw" : 1502,
        "iops" : 93.908207,
        "runtime" : 60048,
        "total_ios" : 5639,
        "short_ios" : 0,
        "drop_ios" : 0,
        "slat_ns" : {
          "min" : 4879,
          "max" : 233766,
          "mean" : 46012.508246,
          "stddev" : 20724.898356,
          "N" : 5639
        },
        "clat_ns" : {
          "min" : 47728409,
          "max" : 1560240453,
          "mean" : 388730253.052314,
          "stddev" : 190421542.951088,
          "N" : 5639,
          "percentile" : {
            "1.000000" : 121110528,
            "5.000000" : 168820736,
            "10.000000" : 198180864,
            "20.000000" : 242221056,
            "30.000000" : 278921216,
            "40.000000" : 312475648,
            "50.000000" : 346030080,
            "60.000000" : 387973120,
            "70.000000" : 434110464,
            "80.000000" : 497025024,
            "90.000000" : 633339904,
            "95.000000" : 759169024,
            "99.000000" : 1069547520,
            "99.500000" : 1182793728,
            "99.900000" : 1350565888,
            "99.950000" : 1484783616,
            "99.990000" : 1551892480
          }
        },
        "lat_ns" : {
          "min" : 47765442,
          "max" : 1560321838,
          "mean" : 388776265.560560,
          "stddev" : 190422402.068507,
          "N" : 5639
        },
        "bw_min" : 256,
        "bw_max" : 3904,
        "bw_agg" : 100.000000,
        "bw_mean" : 1530.766876,
        "bw_dev" : 93.206849,
        "bw_samples" : 927,
        "iops_min" : 16,
        "iops_max" : 244,
        "iops_mean" : 95.672930,
        "iops_stddev" : 5.825428,
        "iops_samples" : 927
      },
      "trim" : {
        "io_bytes" : 0,
        "io_kbytes" : 0,
        "bw_bytes" : 0,
        "bw" : 0,
        "iops" : 0.000000,
        "runtime" : 0,
        "total_ios" : 0,
        "short_ios" : 0,
        "drop_ios" : 0,
        "slat_ns" : {
          "min" : 0,
          "max" : 0,
          "mean" : 0.000000,
          "stddev" : 0.000000,
          "N" : 0
        },
        "clat_ns" : {
          "min" : 0,
          "max" : 0,
          "mean" : 0.000000,
          "stddev" : 0.000000,
          "N" : 0
        },
        "lat_ns" : {
          "min" : 0,
          "max" : 0,
          "mean" : 0.000000,
          "stddev" : 0.000000,
          "N" : 0
        },
        "bw_min" : 0,
        "bw_max" : 0,
        "bw_agg" : 0.000000,
        "bw_mean" : 0.000000,
        "bw_dev" : 0.000000,
        "bw_samples" : 0,
        "iops_min" : 0,
        "iops_max" : 0,
        "iops_mean" : 0.000000,
        "iops_stddev" : 0.000000,
        "iops_samples" : 0
      },
      "sync" : {
        "total_ios" : 0,
        "lat_ns" : {
          "min" : 0,
          "max" : 0,
          "mean" : 0.000000,
          "stddev" : 0.000000,
          "N" : 0
        }
      },
      "job_runtime" : 480157,
      "usr_cpu" : 0.067270,
      "sys_cpu" : 0.309274,
      "ctx" : 12975,
      "majf" : 0,
      "minf" : 105,
      "iodepth_level" : {
        "1" : 0.100000,
        "2" : 0.100000,
        "4" : 0.172200,
        "8" : 0.344401,
        "16" : 99.354249,
        "32" : 0.000000,
        ">=64" : 0.000000
      },
      "iodepth_submit" : {
        "0" : 0.000000,
        "4" : 100.000000,
        "8" : 0.000000,
        "16" : 0.000000,
        "32" : 0.000000,
        "64" : 0.000000,
        ">=64" : 0.000000
      },
      "iodepth_complete" : {
        "0" : 0.000000,
        "4" : 99.956689,
        "8" : 0.000000,
        "16" : 0.100000,
        "32" : 0.000000,
        "64" : 0.000000,
        ">=64" : 0.000000
      },
      "latency_ns" : {
        "2" : 0.000000,
        "4" : 0.000000,
        "10" : 0.000000,
        "20" : 0.000000,
        "50" : 0.000000,
        "100" : 0.000000,
        "250" : 0.000000,
        "500" : 0.000000,
        "750" : 0.000000,
        "1000" : 0.000000
      },
      "latency_us" : {
        "2" : 0.000000,
        "4" : 0.000000,
        "10" : 0.000000,
        "20" : 0.037669,
        "50" : 0.010000,
        "100" : 0.000000,
        "250" : 0.000000,
        "500" : 0.000000,
        "750" : 0.000000,
        "1000" : 0.000000
      },
      "latency_ms" : {
        "2" : 0.000000,
        "4" : 0.000000,
        "10" : 0.000000,
        "20" : 0.010000,
        "50" : 0.048431,
        "100" : 0.226013,
        "250" : 22.665877,
        "500" : 57.235107,
        "750" : 14.480977,
        "1000" : 3.815315,
        "2000" : 1.479847,
        ">=2000" : 0.000000
      },
      "latency_depth" : 16,
      "latency_target" : 0,
      "latency_percentile" : 100.000000,
      "latency_window" : 0
    }
  ]
}
