{
  "fio version" : "fio-3.36",
  "timestamp" : 1751132678,
  "timestamp_ms" : 1751132678519,
  "time" : "Sat Jun 28 17:44:38 2025",
  "global options" : {
    "ioengine" : "libaio",
    "direct" : "0",
    "directory" : "/mnt/test",
    "buffer_compress_percentage" : "70",
    "buffer_pattern" : "0xdeadbeef"
  },
  "jobs" : [
    {
      "jobname" : "database_mysql_innodb_test",
      "groupid" : 0,
      "job_start" : 1751132648012,
      "error" : 0,
      "eta" : 0,
      "elapsed" : 31,
      "job options" : {
        "rw" : "randrw",
        "rwmixread" : "70",
        "size" : "1G",
        "numjobs" : "8",
        "runtime" : "60",
        "iodepth" : "16",
        "bssplit" : "16k"
      },
      "read" : {
        "io_bytes" : 6009602048,
        "io_kbytes" : 5868752,
        "bw_bytes" : 197262499,
        "bw" : 192639,
        "iops" : 12039.947481,
        "runtime" : 30465,
        "total_ios" : 366797,
        "short_ios" : 0,
        "drop_ios" : 0,
        "slat_ns" : {
          "min" : 153242,
          "max" : 526298642,
          "mean" : 369416.733907,
          "stddev" : 2639317.878813,
          "N" : 366797
        },
        "clat_ns" : {
          "min" : 1447,
          "max" : 7278019141,
          "mean" : 6911342.946292,
          "stddev" : 135831284.047730,
          "N" : 366797,
          "percentile" : {
            "1.000000" : 1761280,
            "5.000000" : 2113536,
            "10.000000" : 2310144,
            "20.000000" : 2572288,
            "30.000000" : 2736128,
            "40.000000" : 2899968,
            "50.000000" : 3031040,
            "60.000000" : 3162112,
            "70.000000" : 3325952,
            "80.000000" : 3555328,
            "90.000000" : 4145152,
            "95.000000" : 9109504,
            "99.000000" : 22937600,
            "99.500000" : 28442624,
            "99.900000" : 63176704,
            "99.950000" : 859832320,
            "99.990000" : 7281311744
          }
        },
        "lat_ns" : {
          "min" : 227448,
          "max" : 7278310096,
          "mean" : 7280759.680199,
          "stddev" : 135902465.079871,
          "N" : 366797
        },
        "bw_min" : 608,
        "bw_max" : 473568,
        "bw_agg" : 100.000000,
        "bw_mean" : 313535.590333,
        "bw_dev" : 20158.011208,
        "bw_samples" : 293,
        "iops_min" : 38,
        "iops_max" : 29598,
        "iops_mean" : 19595.907601,
        "iops_stddev" : 1259.871987,
        "iops_samples" : 293
      },
      "write" : {
        "io_bytes" : 2580332544,
        "io_kbytes" : 2519856,
        "bw_bytes" : 84698261,
        "bw" : 82713,
        "iops" : 5169.571640,
        "runtime" : 30465,
        "total_ios" : 157491,
        "short_ios" : 0,
        "drop_ios" : 0,
        "slat_ns" : {
          "min" : 4455,
          "max" : 7076457757,
          "mean" : 642408.272854,
          "stddev" : 62283306.679225,
          "N" : 157491
        },
        "clat_ns" : {
          "min" : 928,
          "max" : 7277994671,
          "mean" : 6631515.268860,
          "stddev" : 132247843.755662,
          "N" : 157491,
          "percentile" : {
            "1.000000" : 1761280,
            "5.000000" : 2113536,
            "10.000000" : 2310144,
            "20.000000" : 2572288,
            "30.000000" : 2736128,
            "40.000000" : 2867200,
            "50.000000" : 3031040,
            "60.000000" : 3162112,
            "70.000000" : 3325952,
            "80.000000" : 3555328,
            "90.000000" : 4145152,
            "95.000000" : 8978432,
            "99.000000" : 22413312,
            "99.500000" : 27918336,
            "99.900000" : 60030976,
            "99.950000" : 859832320,
            "99.990000" : 7281311744
          }
        },
        "lat_ns" : {
          "min" : 6394,
          "max" : 7278002702,
          "mean" : 7273923.541713,
          "stddev" : 146651978.227765,
          "N" : 157491
        },
        "bw_min" : 320,
        "bw_max" : 213195,
        "bw_agg" : 100.000000,
        "bw_mean" : 136506.428189,
        "bw_dev" : 8571.996072,
        "bw_samples" : 289,
        "iops_min" : 20,
        "iops_max" : 13324,
        "iops_mean" : 8531.551250,
        "iops_stddev" : 535.745723,
        "iops_samples" : 289
      },
      "trim" : {
        "io_bytes" : 0,
        "io_kbytes" : 0,
        "bw_bytes" : 0,
        "bw" : 0,
        "iops" : 0.000000,
        "runtime" : 0,
        "total_ios" : 0,
        "short_ios" : 0,
        "drop_ios" : 0,
        "slat_ns" : {
          "min" : 0,
          "max" : 0,
          "mean" : 0.000000,
          "stddev" : 0.000000,
          "N" : 0
        },
        "clat_ns" : {
          "min" : 0,
          "max" : 0,
          "mean" : 0.000000,
          "stddev" : 0.000000,
          "N" : 0
        },
        "lat_ns" : {
          "min" : 0,
          "max" : 0,
          "mean" : 0.000000,
          "stddev" : 0.000000,
          "N" : 0
        },
        "bw_min" : 0,
        "bw_max" : 0,
        "bw_agg" : 0.000000,
        "bw_mean" : 0.000000,
        "bw_dev" : 0.000000,
        "bw_samples" : 0,
        "iops_min" : 0,
        "iops_max" : 0,
        "iops_mean" : 0.000000,
        "iops_stddev" : 0.000000,
        "iops_samples" : 0
      },
      "sync" : {
        "total_ios" : 0,
        "lat_ns" : {
          "min" : 0,
          "max" : 0,
          "mean" : 0.000000,
          "stddev" : 0.000000,
          "N" : 0
        }
      },
      "job_runtime" : 238597,
      "usr_cpu" : 0.846197,
      "sys_cpu" : 4.534005,
      "ctx" : 367092,
      "majf" : 0,
      "minf" : 122,
      "iodepth_level" : {
        "1" : 0.100000,
        "2" : 0.100000,
        "4" : 0.100000,
        "8" : 0.100000,
        "16" : 99.977112,
        "32" : 0.000000,
        ">=64" : 0.000000
      },
      "iodepth_submit" : {
        "0" : 0.000000,
        "4" : 100.000000,
        "8" : 0.000000,
        "16" : 0.000000,
        "32" : 0.000000,
        "64" : 0.000000,
        ">=64" : 0.000000
      },
      "iodepth_complete" : {
        "0" : 0.000000,
        "4" : 99.998474,
        "8" : 0.000000,
        "16" : 0.100000,
        "32" : 0.000000,
        "64" : 0.000000,
        ">=64" : 0.000000
      },
      "latency_ns" : {
        "2" : 0.000000,
        "4" : 0.000000,
        "10" : 0.000000,
        "20" : 0.000000,
        "50" : 0.000000,
        "100" : 0.000000,
        "250" : 0.000000,
        "500" : 0.000000,
        "750" : 0.000000,
        "1000" : 0.010000
      },
      "latency_us" : {
        "2" : 0.010000,
        "4" : 0.010000,
        "10" : 0.010000,
        "20" : 0.010000,
        "50" : 0.010000,
        "100" : 0.010000,
        "250" : 0.010000,
        "500" : 0.010000,
        "750" : 0.010000,
        "1000" : 0.010000
      },
      "latency_ms" : {
        "2" : 3.049278,
        "4" : 85.942841,
        "10" : 6.474304,
        "20" : 3.082466,
        "50" : 1.310730,
        "100" : 0.044441,
        "250" : 0.012398,
        "500" : 0.010000,
        "750" : 0.010000,
        "1000" : 0.015068,
        "2000" : 0.000000,
        ">=2000" : 0.045776
      },
      "latency_depth" : 16,
      "latency_target" : 0,
      "latency_percentile" : 100.000000,
      "latency_window" : 0
    }
  ]
}
