{
  "fio version" : "fio-3.36",
  "timestamp" : 1750382712,
  "timestamp_ms" : 1750382712644,
  "time" : "Fri Jun 20 01:25:12 2025",
  "global options" : {
    "ioengine" : "libaio",
    "direct" : "1",
    "directory" : "/mnt/test",
    "buffer_compress_percentage" : "70",
    "buffer_pattern" : "0xdeadbeef"
  },
  "jobs" : [
    {
      "jobname" : "database_mysql_innodb_test",
      "groupid" : 0,
      "job_start" : 1750382700197,
      "error" : 0,
      "eta" : 0,
      "elapsed" : 13,
      "job options" : {
        "rw" : "randrw",
        "rwmixread" : "70",
        "size" : "1G",
        "numjobs" : "8",
        "runtime" : "60",
        "iodepth" : "16",
        "bssplit" : "16k"
      },
      "read" : {
        "io_bytes" : 6009602048,
        "io_kbytes" : 5868752,
        "bw_bytes" : 484098763,
        "bw" : 472752,
        "iops" : 29547.043660,
        "runtime" : 12414,
        "total_ios" : 366797,
        "short_ios" : 0,
        "drop_ios" : 0,
        "slat_ns" : {
          "min" : 31408,
          "max" : 20080716,
          "mean" : 152904.908410,
          "stddev" : 166352.465909,
          "N" : 366797
        },
        "clat_ns" : {
          "min" : 1210,
          "max" : 30921161,
          "mean" : 2799832.157439,
          "stddev" : 1019111.971683,
          "N" : 366797,
          "percentile" : {
            "1.000000" : 1073152,
            "5.000000" : 1597440,
            "10.000000" : 1875968,
            "20.000000" : 2056192,
            "30.000000" : 2211840,
            "40.000000" : 2441216,
            "50.000000" : 2637824,
            "60.000000" : 2834432,
            "70.000000" : 3031040,
            "80.000000" : 3358720,
            "90.000000" : 3981312,
            "95.000000" : 4685824,
            "99.000000" : 6193152,
            "99.500000" : 6782976,
            "99.900000" : 8159232,
            "99.950000" : 9109504,
            "99.990000" : 21889024
          }
        },
        "lat_ns" : {
          "min" : 36270,
          "max" : 31260251,
          "mean" : 2952737.065848,
          "stddev" : 1059314.356451,
          "N" : 366797
        },
        "bw_min" : 264448,
        "bw_max" : 608288,
        "bw_agg" : 100.000000,
        "bw_mean" : 473966.125000,
        "bw_dev" : 10636.827252,
        "bw_samples" : 192,
        "iops_min" : 16528,
        "iops_max" : 38018,
        "iops_mean" : 29622.750000,
        "iops_stddev" : 664.794345,
        "iops_samples" : 192
      },
      "write" : {
        "io_bytes" : 2580332544,
        "io_kbytes" : 2519856,
        "bw_bytes" : 207856657,
        "bw" : 202985,
        "iops" : 12686.563557,
        "runtime" : 12414,
        "total_ios" : 157491,
        "short_ios" : 0,
        "drop_ios" : 0,
        "slat_ns" : {
          "min" : 7003,
          "max" : 15936053,
          "mean" : 254064.980862,
          "stddev" : 177171.683706,
          "N" : 157491
        },
        "clat_ns" : {
          "min" : 1647,
          "max" : 31258031,
          "mean" : 2912895.454096,
          "stddev" : 1059601.325011,
          "N" : 157491,
          "percentile" : {
            "1.000000" : 1155072,
            "5.000000" : 1695744,
            "10.000000" : 1925120,
            "20.000000" : 2113536,
            "30.000000" : 2310144,
            "40.000000" : 2539520,
            "50.000000" : 2768896,
            "60.000000" : 2932736,
            "70.000000" : 3162112,
            "80.000000" : 3522560,
            "90.000000" : 4177920,
            "95.000000" : 4882432,
            "99.000000" : 6455296,
            "99.500000" : 7045120,
            "99.900000" : 8454144,
            "99.950000" : 9764864,
            "99.990000" : 23724032
          }
        },
        "lat_ns" : {
          "min" : 142943,
          "max" : 31593054,
          "mean" : 3166960.434958,
          "stddev" : 1118130.562573,
          "N" : 157491
        },
        "bw_min" : 115904,
        "bw_max" : 261792,
        "bw_agg" : 100.000000,
        "bw_mean" : 203615.375000,
        "bw_dev" : 4556.656085,
        "bw_samples" : 192,
        "iops_min" : 7244,
        "iops_max" : 16362,
        "iops_mean" : 12725.875000,
        "iops_stddev" : 284.785041,
        "iops_samples" : 192
      },
      "trim" : {
        "io_bytes" : 0,
        "io_kbytes" : 0,
        "bw_bytes" : 0,
        "bw" : 0,
        "iops" : 0.000000,
        "runtime" : 0,
        "total_ios" : 0,
        "short_ios" : 0,
        "drop_ios" : 0,
        "slat_ns" : {
          "min" : 0,
          "max" : 0,
          "mean" : 0.000000,
          "stddev" : 0.000000,
          "N" : 0
        },
        "clat_ns" : {
          "min" : 0,
          "max" : 0,
          "mean" : 0.000000,
          "stddev" : 0.000000,
          "N" : 0
        },
        "lat_ns" : {
          "min" : 0,
          "max" : 0,
          "mean" : 0.000000,
          "stddev" : 0.000000,
          "N" : 0
        },
        "bw_min" : 0,
        "bw_max" : 0,
        "bw_agg" : 0.000000,
        "bw_mean" : 0.000000,
        "bw_dev" : 0.000000,
        "bw_samples" : 0,
        "iops_min" : 0,
        "iops_max" : 0,
        "iops_mean" : 0.000000,
        "iops_stddev" : 0.000000,
        "iops_samples" : 0
      },
      "sync" : {
        "total_ios" : 0,
        "lat_ns" : {
          "min" : 0,
          "max" : 0,
          "mean" : 0.000000,
          "stddev" : 0.000000,
          "N" : 0
        }
      },
      "job_runtime" : 98984,
      "usr_cpu" : 2.699426,
      "sys_cpu" : 37.443425,
      "ctx" : 268584,
      "majf" : 0,
      "minf" : 113,
      "iodepth_level" : {
        "1" : 0.100000,
        "2" : 0.100000,
        "4" : 0.100000,
        "8" : 0.100000,
        "16" : 99.977112,
        "32" : 0.000000,
        ">=64" : 0.000000
      },
      "iodepth_submit" : {
        "0" : 0.000000,
        "4" : 100.000000,
        "8" : 0.000000,
        "16" : 0.000000,
        "32" : 0.000000,
        "64" : 0.000000,
        ">=64" : 0.000000
      },
      "iodepth_complete" : {
        "0" : 0.000000,
        "4" : 99.998474,
        "8" : 0.000000,
        "16" : 0.100000,
        "32" : 0.000000,
        "64" : 0.000000,
        ">=64" : 0.000000
      },
      "latency_ns" : {
        "2" : 0.000000,
        "4" : 0.000000,
        "10" : 0.000000,
        "20" : 0.000000,
        "50" : 0.000000,
        "100" : 0.000000,
        "250" : 0.000000,
        "500" : 0.000000,
        "750" : 0.000000,
        "1000" : 0.000000
      },
      "latency_us" : {
        "2" : 0.010000,
        "4" : 0.000000,
        "10" : 0.000000,
        "20" : 0.000000,
        "50" : 0.010000,
        "100" : 0.010000,
        "250" : 0.010000,
        "500" : 0.220871,
        "750" : 0.127792,
        "1000" : 0.345802
      },
      "latency_ms" : {
        "2" : 14.410400,
        "4" : 74.415588,
        "10" : 10.437012,
        "20" : 0.021553,
        "50" : 0.016403,
        "100" : 0.000000,
        "250" : 0.000000,
        "500" : 0.000000,
        "750" : 0.000000,
        "1000" : 0.000000,
        "2000" : 0.000000,
        ">=2000" : 0.000000
      },
      "latency_depth" : 16,
      "latency_target" : 0,
      "latency_percentile" : 100.000000,
      "latency_window" : 0
    }
  ]
}
