{
  "fio version" : "fio-3.36",
  "timestamp" : 1751747830,
  "timestamp_ms" : 1751747830199,
  "time" : "Sat Jul  5 20:37:10 2025",
  "global options" : {
    "ioengine" : "libaio",
    "direct" : "1",
    "directory" : "/mnt/test"
  },
  "jobs" : [
    {
      "jobname" : "database_test",
      "groupid" : 0,
      "job_start" : 1751747825154,
      "error" : 0,
      "eta" : 0,
      "elapsed" : 6,
      "job options" : {
        "rw" : "randrw",
        "rwmixread" : "70",
        "size" : "1M",
        "numjobs" : "8",
        "runtime" : "5",
        "iodepth" : "16",
        "bssplit" : "4k/80:8k/20"
      },
      "read" : {
        "io_bytes" : 32381845504,
        "io_kbytes" : 31622896,
        "bw_bytes" : 6473779588,
        "bw" : 6322050,
        "iops" : 1396054.778089,
        "runtime" : 5002,
        "total_ios" : 6983066,
        "short_ios" : 0,
        "drop_ios" : 0,
        "slat_ns" : {
          "min" : 1607,
          "max" : 18339460,
          "mean" : 2255.794787,
          "stddev" : 14428.090008,
          "N" : 6983066
        },
        "clat_ns" : {
          "min" : 937,
          "max" : 18430428,
          "mean" : 60497.189725,
          "stddev" : 90592.440425,
          "N" : 6983066,
          "percentile" : {
            "1.000000" : 45312,
            "5.000000" : 48896,
            "10.000000" : 50944,
            "20.000000" : 53504,
            "30.000000" : 55552,
            "40.000000" : 57088,
            "50.000000" : 59136,
            "60.000000" : 60672,
            "70.000000" : 62208,
            "80.000000" : 64768,
            "90.000000" : 68096,
            "95.000000" : 71168,
            "99.000000" : 78336,
            "99.500000" : 84480,
            "99.900000" : 175104,
            "99.950000" : 313344,
            "99.990000" : 3424256
          }
        },
        "lat_ns" : {
          "min" : 2992,
          "max" : 18433896,
          "mean" : 62752.984512,
          "stddev" : 91819.653536,
          "N" : 6983066
        },
        "bw_min" : 6134400,
        "bw_max" : 6496448,
        "bw_agg" : 100.000000,
        "bw_mean" : 6328346.666667,
        "bw_dev" : 13882.181599,
        "bw_samples" : 72,
        "iops_min" : 1354680,
        "iops_max" : 1434816,
        "iops_mean" : 1397391.777778,
        "iops_stddev" : 3062.080653,
        "iops_samples" : 72
      },
      "write" : {
        "io_bytes" : 13885935616,
        "io_kbytes" : 13560484,
        "bw_bytes" : 2776076692,
        "bw" : 2711012,
        "iops" : 598442.822871,
        "runtime" : 5002,
        "total_ios" : 2993411,
        "short_ios" : 0,
        "drop_ios" : 0,
        "slat_ns" : {
          "min" : 3792,
          "max" : 18314228,
          "mean" : 5298.331228,
          "stddev" : 27909.908275,
          "N" : 2993411
        },
        "clat_ns" : {
          "min" : 1059,
          "max" : 18430132,
          "mean" : 60828.805694,
          "stddev" : 84138.107375,
          "N" : 2993411,
          "percentile" : {
            "1.000000" : 45824,
            "5.000000" : 49408,
            "10.000000" : 51456,
            "20.000000" : 54016,
            "30.000000" : 56064,
            "40.000000" : 57600,
            "50.000000" : 59136,
            "60.000000" : 61184,
            "70.000000" : 62720,
            "80.000000" : 65280,
            "90.000000" : 68096,
            "95.000000" : 71168,
            "99.000000" : 78336,
            "99.500000" : 84480,
            "99.900000" : 171008,
            "99.950000" : 292864,
            "99.990000" : 3293184
          }
        },
        "lat_ns" : {
          "min" : 5973,
          "max" : 18435000,
          "mean" : 66127.136922,
          "stddev" : 88915.618072,
          "N" : 2993411
        },
        "bw_min" : 2636608,
        "bw_max" : 2784384,
        "bw_agg" : 100.000000,
        "bw_mean" : 2713622.222222,
        "bw_dev" : 5723.172461,
        "bw_samples" : 72,
        "iops_min" : 581830,
        "iops_max" : 614486,
        "iops_mean" : 599049.777778,
        "iops_stddev" : 1260.873488,
        "iops_samples" : 72
      },
      "trim" : {
        "io_bytes" : 0,
        "io_kbytes" : 0,
        "bw_bytes" : 0,
        "bw" : 0,
        "iops" : 0.000000,
        "runtime" : 0,
        "total_ios" : 0,
        "short_ios" : 0,
        "drop_ios" : 0,
        "slat_ns" : {
          "min" : 0,
          "max" : 0,
          "mean" : 0.000000,
          "stddev" : 0.000000,
          "N" : 0
        },
        "clat_ns" : {
          "min" : 0,
          "max" : 0,
          "mean" : 0.000000,
          "stddev" : 0.000000,
          "N" : 0
        },
        "lat_ns" : {
          "min" : 0,
          "max" : 0,
          "mean" : 0.000000,
          "stddev" : 0.000000,
          "N" : 0
        },
        "bw_min" : 0,
        "bw_max" : 0,
        "bw_agg" : 0.000000,
        "bw_mean" : 0.000000,
        "bw_dev" : 0.000000,
        "bw_samples" : 0,
        "iops_min" : 0,
        "iops_max" : 0,
        "iops_mean" : 0.000000,
        "iops_stddev" : 0.000000,
        "iops_samples" : 0
      },
      "sync" : {
        "total_ios" : 0,
        "lat_ns" : {
          "min" : 0,
          "max" : 0,
          "mean" : 0.000000,
          "stddev" : 0.000000,
          "N" : 0
        }
      },
      "job_runtime" : 40001,
      "usr_cpu" : 19.779506,
      "sys_cpu" : 78.300542,
      "ctx" : 5416,
      "majf" : 0,
      "minf" : 112,
      "iodepth_level" : {
        "1" : 0.100000,
        "2" : 0.100000,
        "4" : 0.100000,
        "8" : 0.100000,
        "16" : 99.998797,
        "32" : 0.000000,
        ">=64" : 0.000000
      },
      "iodepth_submit" : {
        "0" : 0.000000,
        "4" : 100.000000,
        "8" : 0.000000,
        "16" : 0.000000,
        "32" : 0.000000,
        "64" : 0.000000,
        ">=64" : 0.000000
      },
      "iodepth_complete" : {
        "0" : 0.000000,
        "4" : 99.999920,
        "8" : 0.000000,
        "16" : 0.100000,
        "32" : 0.000000,
        "64" : 0.000000,
        ">=64" : 0.000000
      },
      "latency_ns" : {
        "2" : 0.000000,
        "4" : 0.000000,
        "10" : 0.000000,
        "20" : 0.000000,
        "50" : 0.000000,
        "100" : 0.000000,
        "250" : 0.000000,
        "500" : 0.000000,
        "750" : 0.000000,
        "1000" : 0.010000
      },
      "latency_us" : {
        "2" : 0.010000,
        "4" : 0.010000,
        "10" : 0.010000,
        "20" : 0.010000,
        "50" : 7.040000,
        "100" : 92.734710,
        "250" : 0.162432,
        "500" : 0.027084,
        "750" : 0.010224,
        "1000" : 0.010000
      },
      "latency_ms" : {
        "2" : 0.010000,
        "4" : 0.010000,
        "10" : 0.010000,
        "20" : 0.010000,
        "50" : 0.000000,
        "100" : 0.000000,
        "250" : 0.000000,
        "500" : 0.000000,
        "750" : 0.000000,
        "1000" : 0.000000,
        "2000" : 0.000000,
        ">=2000" : 0.000000
      },
      "latency_depth" : 16,
      "latency_target" : 0,
      "latency_percentile" : 100.000000,
      "latency_window" : 0
    }
  ]
}
