{
  "fio version" : "fio-3.36",
  "timestamp" : 1752831346,
  "timestamp_ms" : 1752831346869,
  "time" : "Fri Jul 18 09:35:46 2025",
  "global options" : {
    "ioengine" : "libaio",
    "direct" : "1",
    "directory" : "/mnt/test",
    "buffer_compress_percentage" : "70",
    "buffer_pattern" : "0xdeadbeef"
  },
  "jobs" : [
    {
      "jobname" : "database_mysql_innodb_test",
      "groupid" : 0,
      "job_start" : 1752831326614,
      "error" : 0,
      "eta" : 0,
      "elapsed" : 21,
      "job options" : {
        "rw" : "randrw",
        "rwmixread" : "70",
        "size" : "1G",
        "numjobs" : "24",
        "runtime" : "60",
        "iodepth" : "16",
        "bssplit" : "16k"
      },
      "read" : {
        "io_bytes" : 18040209408,
        "io_kbytes" : 17617392,
        "bw_bytes" : 892681944,
        "bw" : 871759,
        "iops" : 54484.981939,
        "runtime" : 20209,
        "total_ios" : 1101087,
        "short_ios" : 0,
        "drop_ios" : 0,
        "slat_ns" : {
          "min" : 3716,
          "max" : 10384591,
          "mean" : 29618.110286,
          "stddev" : 123221.697032,
          "N" : 1101087
        },
        "clat_ns" : {
          "min" : 55932,
          "max" : 163234946,
          "mean" : 5125743.736141,
          "stddev" : 3973823.259437,
          "N" : 1101087,
          "percentile" : {
            "1.000000" : 1122304,
            "5.000000" : 1548288,
            "10.000000" : 1859584,
            "20.000000" : 2408448,
            "30.000000" : 2932736,
            "40.000000" : 3489792,
            "50.000000" : 4112384,
            "60.000000" : 4882432,
            "70.000000" : 5865472,
            "80.000000" : 7307264,
            "90.000000" : 9764864,
            "95.000000" : 12124160,
            "99.000000" : 16580608,
            "99.500000" : 19267584,
            "99.900000" : 25296896,
            "99.950000" : 29753344,
            "99.990000" : 141557760
          }
        },
        "lat_ns" : {
          "min" : 132237,
          "max" : 163250711,
          "mean" : 5155361.846427,
          "stddev" : 3978173.726367,
          "N" : 1101087
        },
        "bw_min" : 631776,
        "bw_max" : 965650,
        "bw_agg" : 100.000000,
        "bw_mean" : 873366.219872,
        "bw_dev" : 2329.082274,
        "bw_samples" : 955,
        "iops_min" : 39486,
        "iops_max" : 60353,
        "iops_mean" : 54585.064103,
        "iops_stddev" : 145.570720,
        "iops_samples" : 955
      },
      "write" : {
        "io_bytes" : 7729594368,
        "io_kbytes" : 7548432,
        "bw_bytes" : 382482773,
        "bw" : 373518,
        "iops" : 23344.895838,
        "runtime" : 20209,
        "total_ios" : 471777,
        "short_ios" : 0,
        "drop_ios" : 0,
        "slat_ns" : {
          "min" : 7059,
          "max" : 8719227,
          "mean" : 48610.482970,
          "stddev" : 126332.809746,
          "N" : 471777
        },
        "clat_ns" : {
          "min" : 43075,
          "max" : 161878885,
          "mean" : 4244622.763560,
          "stddev" : 4036612.538353,
          "N" : 471777,
          "percentile" : {
            "1.000000" : 378880,
            "5.000000" : 700416,
            "10.000000" : 1003520,
            "20.000000" : 1515520,
            "30.000000" : 2039808,
            "40.000000" : 2572288,
            "50.000000" : 3194880,
            "60.000000" : 3981312,
            "70.000000" : 4947968,
            "80.000000" : 6455296,
            "90.000000" : 8847360,
            "95.000000" : 11206656,
            "99.000000" : 15663104,
            "99.500000" : 18219008,
            "99.900000" : 23986176,
            "99.950000" : 28180480,
            "99.990000" : 156237824
          }
        },
        "lat_ns" : {
          "min" : 74409,
          "max" : 161900323,
          "mean" : 4293233.246530,
          "stddev" : 4036262.327532,
          "N" : 471777
        },
        "bw_min" : 266592,
        "bw_max" : 426208,
        "bw_agg" : 100.000000,
        "bw_mean" : 374287.942949,
        "bw_dev" : 1153.249481,
        "bw_samples" : 955,
        "iops_min" : 16662,
        "iops_max" : 26638,
        "iops_mean" : 23392.558333,
        "iops_stddev" : 72.086057,
        "iops_samples" : 955
      },
      "trim" : {
        "io_bytes" : 0,
        "io_kbytes" : 0,
        "bw_bytes" : 0,
        "bw" : 0,
        "iops" : 0.000000,
        "runtime" : 0,
        "total_ios" : 0,
        "short_ios" : 0,
        "drop_ios" : 0,
        "slat_ns" : {
          "min" : 0,
          "max" : 0,
          "mean" : 0.000000,
          "stddev" : 0.000000,
          "N" : 0
        },
        "clat_ns" : {
          "min" : 0,
          "max" : 0,
          "mean" : 0.000000,
          "stddev" : 0.000000,
          "N" : 0
        },
        "lat_ns" : {
          "min" : 0,
          "max" : 0,
          "mean" : 0.000000,
          "stddev" : 0.000000,
          "N" : 0
        },
        "bw_min" : 0,
        "bw_max" : 0,
        "bw_agg" : 0.000000,
        "bw_mean" : 0.000000,
        "bw_dev" : 0.000000,
        "bw_samples" : 0,
        "iops_min" : 0,
        "iops_max" : 0,
        "iops_mean" : 0.000000,
        "iops_stddev" : 0.000000,
        "iops_samples" : 0
      },
      "sync" : {
        "total_ios" : 0,
        "lat_ns" : {
          "min" : 0,
          "max" : 0,
          "mean" : 0.000000,
          "stddev" : 0.000000,
          "N" : 0
        }
      },
      "job_runtime" : 481972,
      "usr_cpu" : 2.259260,
      "sys_cpu" : 9.647241,
      "ctx" : 1090019,
      "majf" : 0,
      "minf" : 291,
      "iodepth_level" : {
        "1" : 0.100000,
        "2" : 0.100000,
        "4" : 0.100000,
        "8" : 0.100000,
        "16" : 99.977112,
        "32" : 0.000000,
        ">=64" : 0.000000
      },
      "iodepth_submit" : {
        "0" : 0.000000,
        "4" : 100.000000,
        "8" : 0.000000,
        "16" : 0.000000,
        "32" : 0.000000,
        "64" : 0.000000,
        ">=64" : 0.000000
      },
      "iodepth_complete" : {
        "0" : 0.000000,
        "4" : 99.998474,
        "8" : 0.000000,
        "16" : 0.100000,
        "32" : 0.000000,
        "64" : 0.000000,
        ">=64" : 0.000000
      },
      "latency_ns" : {
        "2" : 0.000000,
        "4" : 0.000000,
        "10" : 0.000000,
        "20" : 0.000000,
        "50" : 0.000000,
        "100" : 0.000000,
        "250" : 0.000000,
        "500" : 0.000000,
        "750" : 0.000000,
        "1000" : 0.000000
      },
      "latency_us" : {
        "2" : 0.000000,
        "4" : 0.000000,
        "10" : 0.000000,
        "20" : 0.000000,
        "50" : 0.010000,
        "100" : 0.010000,
        "250" : 0.096194,
        "500" : 0.548299,
        "750" : 1.184909,
        "1000" : 1.542155
      },
      "latency_ms" : {
        "2" : 14.074135,
        "4" : 34.466998,
        "10" : 39.552116,
        "20" : 8.128357,
        "50" : 0.371997,
        "100" : 0.016467,
        "250" : 0.016530,
        "500" : 0.000000,
        "750" : 0.000000,
        "1000" : 0.000000,
        "2000" : 0.000000,
        ">=2000" : 0.000000
      },
      "latency_depth" : 16,
      "latency_target" : 0,
      "latency_percentile" : 100.000000,
      "latency_window" : 0
    }
  ]
}
