{
  "fio version" : "fio-3.36",
  "timestamp" : 1748759345,
  "timestamp_ms" : 1748759345605,
  "time" : "Sun Jun  1 06:29:05 2025",
  "global options" : {
    "ioengine" : "libaio",
    "direct" : "1",
    "directory" : "/mnt/test",
    "buffer_compress_percentage" : "70",
    "buffer_pattern" : "0xdeadbeef"
  },
  "jobs" : [
    {
      "jobname" : "archive_test",
      "groupid" : 0,
      "job_start" : 1748759243530,
      "error" : 0,
      "eta" : 0,
      "elapsed" : 103,
      "job options" : {
        "rw" : "write",
        "size" : "10G",
        "numjobs" : "2",
        "runtime" : "180",
        "iodepth" : "128",
        "bssplit" : "64k/70:128k/30"
      },
      "read" : {
        "io_bytes" : 0,
        "io_kbytes" : 0,
        "bw_bytes" : 0,
        "bw" : 0,
        "iops" : 0.000000,
        "runtime" : 0,
        "total_ios" : 0,
        "short_ios" : 0,
        "drop_ios" : 0,
        "slat_ns" : {
          "min" : 0,
          "max" : 0,
          "mean" : 0.000000,
          "stddev" : 0.000000,
          "N" : 0
        },
        "clat_ns" : {
          "min" : 0,
          "max" : 0,
          "mean" : 0.000000,
          "stddev" : 0.000000,
          "N" : 0
        },
        "lat_ns" : {
          "min" : 0,
          "max" : 0,
          "mean" : 0.000000,
          "stddev" : 0.000000,
          "N" : 0
        },
        "bw_min" : 0,
        "bw_max" : 0,
        "bw_agg" : 0.000000,
        "bw_mean" : 0.000000,
        "bw_dev" : 0.000000,
        "bw_samples" : 0,
        "iops_min" : 0,
        "iops_max" : 0,
        "iops_mean" : 0.000000,
        "iops_stddev" : 0.000000,
        "iops_samples" : 0
      },
      "write" : {
        "io_bytes" : 21474836480,
        "io_kbytes" : 20971520,
        "bw_bytes" : 210432396,
        "bw" : 205500,
        "iops" : 2469.196774,
        "runtime" : 102051,
        "total_ios" : 251984,
        "short_ios" : 0,
        "drop_ios" : 0,
        "slat_ns" : {
          "min" : 5679,
          "max" : 27799291,
          "mean" : 796219.196437,
          "stddev" : 295990.494791,
          "N" : 251984
        },
        "clat_ns" : {
          "min" : 3367,
          "max" : 182212715,
          "mean" : 102843475.200120,
          "stddev" : 35164479.157448,
          "N" : 251984,
          "percentile" : {
            "1.000000" : 3850240,
            "5.000000" : 4554752,
            "10.000000" : 21102592,
            "20.000000" : 113770496,
            "30.000000" : 114819072,
            "40.000000" : 114819072,
            "50.000000" : 115867648,
            "60.000000" : 115867648,
            "70.000000" : 116916224,
            "80.000000" : 117964800,
            "90.000000" : 120061952,
            "95.000000" : 122159104,
            "99.000000" : 125304832,
            "99.500000" : 127401984,
            "99.900000" : 149946368,
            "99.950000" : 168820736,
            "99.990000" : 181403648
          }
        },
        "lat_ns" : {
          "min" : 606649,
          "max" : 183134944,
          "mean" : 103639694.396557,
          "stddev" : 35440509.954031,
          "N" : 251984
        },
        "bw_min" : 164480,
        "bw_max" : 3947904,
        "bw_agg" : 99.963802,
        "bw_mean" : 205426.755530,
        "bw_dev" : 133941.146454,
        "bw_samples" : 407,
        "iops_min" : 1980,
        "iops_max" : 47462,
        "iops_mean" : 2468.375833,
        "iops_stddev" : 1609.632461,
        "iops_samples" : 407
      },
      "trim" : {
        "io_bytes" : 0,
        "io_kbytes" : 0,
        "bw_bytes" : 0,
        "bw" : 0,
        "iops" : 0.000000,
        "runtime" : 0,
        "total_ios" : 0,
        "short_ios" : 0,
        "drop_ios" : 0,
        "slat_ns" : {
          "min" : 0,
          "max" : 0,
          "mean" : 0.000000,
          "stddev" : 0.000000,
          "N" : 0
        },
        "clat_ns" : {
          "min" : 0,
          "max" : 0,
          "mean" : 0.000000,
          "stddev" : 0.000000,
          "N" : 0
        },
        "lat_ns" : {
          "min" : 0,
          "max" : 0,
          "mean" : 0.000000,
          "stddev" : 0.000000,
          "N" : 0
        },
        "bw_min" : 0,
        "bw_max" : 0,
        "bw_agg" : 0.000000,
        "bw_mean" : 0.000000,
        "bw_dev" : 0.000000,
        "bw_samples" : 0,
        "iops_min" : 0,
        "iops_max" : 0,
        "iops_mean" : 0.000000,
        "iops_stddev" : 0.000000,
        "iops_samples" : 0
      },
      "sync" : {
        "total_ios" : 0,
        "lat_ns" : {
          "min" : 0,
          "max" : 0,
          "mean" : 0.000000,
          "stddev" : 0.000000,
          "N" : 0
        }
      },
      "job_runtime" : 204055,
      "usr_cpu" : 1.704932,
      "sys_cpu" : 2.851192,
      "ctx" : 231694,
      "majf" : 0,
      "minf" : 25,
      "iodepth_level" : {
        "1" : 0.100000,
        "2" : 0.100000,
        "4" : 0.100000,
        "8" : 0.100000,
        "16" : 0.100000,
        "32" : 0.100000,
        ">=64" : 99.949997
      },
      "iodepth_submit" : {
        "0" : 0.000000,
        "4" : 100.000000,
        "8" : 0.000000,
        "16" : 0.000000,
        "32" : 0.000000,
        "64" : 0.000000,
        ">=64" : 0.000000
      },
      "iodepth_complete" : {
        "0" : 0.000000,
        "4" : 99.999206,
        "8" : 0.000000,
        "16" : 0.000000,
        "32" : 0.000000,
        "64" : 0.000000,
        ">=64" : 0.100000
      },
      "latency_ns" : {
        "2" : 0.000000,
        "4" : 0.000000,
        "10" : 0.000000,
        "20" : 0.000000,
        "50" : 0.000000,
        "100" : 0.000000,
        "250" : 0.000000,
        "500" : 0.000000,
        "750" : 0.000000,
        "1000" : 0.000000
      },
      "latency_us" : {
        "2" : 0.000000,
        "4" : 0.010000,
        "10" : 0.000000,
        "20" : 0.000000,
        "50" : 0.000000,
        "100" : 0.000000,
        "250" : 0.000000,
        "500" : 0.000000,
        "750" : 0.010000,
        "1000" : 0.010000
      },
      "latency_ms" : {
        "2" : 0.010000,
        "4" : 1.843768,
        "10" : 7.640961,
        "20" : 0.438520,
        "50" : 2.039812,
        "100" : 3.160518,
        "250" : 84.873643,
        "500" : 0.000000,
        "750" : 0.000000,
        "1000" : 0.000000,
        "2000" : 0.000000,
        ">=2000" : 0.000000
      },
      "latency_depth" : 128,
      "latency_target" : 0,
      "latency_percentile" : 100.000000,
      "latency_window" : 0
    }
  ]
}
