{
  "fio version" : "fio-3.36",
  "timestamp" : 1751122438,
  "timestamp_ms" : 1751122438363,
  "time" : "Sat Jun 28 14:53:58 2025",
  "global options" : {
    "ioengine" : "libaio",
    "direct" : "0",
    "directory" : "/mnt/test",
    "buffer_compress_percentage" : "70",
    "buffer_pattern" : "0xdeadbeef"
  },
  "jobs" : [
    {
      "jobname" : "database_mysql_innodb_test",
      "groupid" : 0,
      "job_start" : 1751122378268,
      "error" : 0,
      "eta" : 0,
      "elapsed" : 61,
      "job options" : {
        "rw" : "randrw",
        "rwmixread" : "70",
        "size" : "1G",
        "numjobs" : "8",
        "runtime" : "60",
        "iodepth" : "16",
        "bssplit" : "16k"
      },
      "read" : {
        "io_bytes" : 201048064,
        "io_kbytes" : 196336,
        "bw_bytes" : 3347676,
        "bw" : 3269,
        "iops" : 204.325962,
        "runtime" : 60056,
        "total_ios" : 12271,
        "short_ios" : 0,
        "drop_ios" : 0,
        "slat_ns" : {
          "min" : 465869,
          "max" : 516908378,
          "mean" : 39071137.128596,
          "stddev" : 39019546.783007,
          "N" : 12271
        },
        "clat_ns" : {
          "min" : 12074,
          "max" : 1124815202,
          "mean" : 408480380.655040,
          "stddev" : 145629411.662809,
          "N" : 12271,
          "percentile" : {
            "1.000000" : 137363456,
            "5.000000" : 200278016,
            "10.000000" : 235929600,
            "20.000000" : 283115520,
            "30.000000" : 320864256,
            "40.000000" : 358612992,
            "50.000000" : 392167424,
            "60.000000" : 429916160,
            "70.000000" : 471859200,
            "80.000000" : 526385152,
            "90.000000" : 599785472,
            "95.000000" : 675282944,
            "99.000000" : 809500672,
            "99.500000" : 876609536,
            "99.900000" : 994050048,
            "99.950000" : 1082130432,
            "99.990000" : 1098907648
          }
        },
        "lat_ns" : {
          "min" : 26744704,
          "max" : 1142493817,
          "mean" : 447551517.783636,
          "stddev" : 150190183.709384,
          "N" : 12271
        },
        "bw_min" : 640,
        "bw_max" : 6048,
        "bw_agg" : 99.442837,
        "bw_mean" : 3251.035465,
        "bw_dev" : 137.445158,
        "bw_samples" : 951,
        "iops_min" : 40,
        "iops_max" : 378,
        "iops_mean" : 203.189717,
        "iops_stddev" : 8.590322,
        "iops_samples" : 951
      },
      "write" : {
        "io_bytes" : 87752704,
        "io_kbytes" : 85696,
        "bw_bytes" : 1461181,
        "bw" : 1426,
        "iops" : 89.183429,
        "runtime" : 60056,
        "total_ios" : 5356,
        "short_ios" : 0,
        "drop_ios" : 0,
        "slat_ns" : {
          "min" : 5735,
          "max" : 384777,
          "mean" : 63721.808252,
          "stddev" : 24427.355234,
          "N" : 5356
        },
        "clat_ns" : {
          "min" : 40902874,
          "max" : 1134884037,
          "mean" : 404645345.489731,
          "stddev" : 143695629.707065,
          "N" : 5356,
          "percentile" : {
            "1.000000" : 135266304,
            "5.000000" : 198180864,
            "10.000000" : 235929600,
            "20.000000" : 283115520,
            "30.000000" : 320864256,
            "40.000000" : 354418688,
            "50.000000" : 387973120,
            "60.000000" : 425721856,
            "70.000000" : 467664896,
            "80.000000" : 522190848,
            "90.000000" : 599785472,
            "95.000000" : 666894336,
            "99.000000" : 809500672,
            "99.500000" : 876609536,
            "99.900000" : 994050048,
            "99.950000" : 1027604480,
            "99.990000" : 1132462080
          }
        },
        "lat_ns" : {
          "min" : 40940117,
          "max" : 1134961073,
          "mean" : 404709067.297984,
          "stddev" : 143695643.982540,
          "N" : 5356
        },
        "bw_min" : 256,
        "bw_max" : 3744,
        "bw_agg" : 100.000000,
        "bw_mean" : 1431.534881,
        "bw_dev" : 87.881368,
        "bw_samples" : 945,
        "iops_min" : 16,
        "iops_max" : 234,
        "iops_mean" : 89.470930,
        "iops_stddev" : 5.492586,
        "iops_samples" : 945
      },
      "trim" : {
        "io_bytes" : 0,
        "io_kbytes" : 0,
        "bw_bytes" : 0,
        "bw" : 0,
        "iops" : 0.000000,
        "runtime" : 0,
        "total_ios" : 0,
        "short_ios" : 0,
        "drop_ios" : 0,
        "slat_ns" : {
          "min" : 0,
          "max" : 0,
          "mean" : 0.000000,
          "stddev" : 0.000000,
          "N" : 0
        },
        "clat_ns" : {
          "min" : 0,
          "max" : 0,
          "mean" : 0.000000,
          "stddev" : 0.000000,
          "N" : 0
        },
        "lat_ns" : {
          "min" : 0,
          "max" : 0,
          "mean" : 0.000000,
          "stddev" : 0.000000,
          "N" : 0
        },
        "bw_min" : 0,
        "bw_max" : 0,
        "bw_agg" : 0.000000,
        "bw_mean" : 0.000000,
        "bw_dev" : 0.000000,
        "bw_samples" : 0,
        "iops_min" : 0,
        "iops_max" : 0,
        "iops_mean" : 0.000000,
        "iops_stddev" : 0.000000,
        "iops_samples" : 0
      },
      "sync" : {
        "total_ios" : 0,
        "lat_ns" : {
          "min" : 0,
          "max" : 0,
          "mean" : 0.000000,
          "stddev" : 0.000000,
          "N" : 0
        }
      },
      "job_runtime" : 480208,
      "usr_cpu" : 0.086421,
      "sys_cpu" : 0.452720,
      "ctx" : 12289,
      "majf" : 0,
      "minf" : 107,
      "iodepth_level" : {
        "1" : 0.100000,
        "2" : 0.100000,
        "4" : 0.181540,
        "8" : 0.363079,
        "16" : 99.319226,
        "32" : 0.000000,
        ">=64" : 0.000000
      },
      "iodepth_submit" : {
        "0" : 0.000000,
        "4" : 100.000000,
        "8" : 0.000000,
        "16" : 0.000000,
        "32" : 0.000000,
        "64" : 0.000000,
        ">=64" : 0.000000
      },
      "iodepth_complete" : {
        "0" : 0.000000,
        "4" : 99.954325,
        "8" : 0.000000,
        "16" : 0.100000,
        "32" : 0.000000,
        "64" : 0.000000,
        ">=64" : 0.000000
      },
      "latency_ns" : {
        "2" : 0.000000,
        "4" : 0.000000,
        "10" : 0.000000,
        "20" : 0.000000,
        "50" : 0.000000,
        "100" : 0.000000,
        "250" : 0.000000,
        "500" : 0.000000,
        "750" : 0.000000,
        "1000" : 0.000000
      },
      "latency_us" : {
        "2" : 0.000000,
        "4" : 0.000000,
        "10" : 0.000000,
        "20" : 0.034039,
        "50" : 0.011346,
        "100" : 0.000000,
        "250" : 0.000000,
        "500" : 0.000000,
        "750" : 0.000000,
        "1000" : 0.000000
      },
      "latency_ms" : {
        "2" : 0.000000,
        "4" : 0.000000,
        "10" : 0.000000,
        "20" : 0.000000,
        "50" : 0.073750,
        "100" : 0.238271,
        "250" : 12.231236,
        "500" : 63.096386,
        "750" : 22.527940,
        "1000" : 1.696261,
        "2000" : 0.090770,
        ">=2000" : 0.000000
      },
      "latency_depth" : 16,
      "latency_target" : 0,
      "latency_percentile" : 100.000000,
      "latency_window" : 0
    }
  ]
}
