{
  "fio version" : "fio-3.36",
  "timestamp" : 1752169705,
  "timestamp_ms" : 1752169705007,
  "time" : "Thu Jul 10 17:48:25 2025",
  "global options" : {
    "ioengine" : "libaio",
    "direct" : "1",
    "directory" : "/mnt/test"
  },
  "jobs" : [
    {
      "jobname" : "database_mysql_innodb_test",
      "groupid" : 0,
      "job_start" : 1752169648442,
      "error" : 0,
      "eta" : 0,
      "elapsed" : 57,
      "job options" : {
        "rw" : "randrw",
        "rwmixread" : "70",
        "size" : "1G",
        "numjobs" : "24",
        "runtime" : "60",
        "iodepth" : "16",
        "bssplit" : "16k"
      },
      "read" : {
        "io_bytes" : 18040209408,
        "io_kbytes" : 17617392,
        "bw_bytes" : 319244888,
        "bw" : 311762,
        "iops" : 19485.161656,
        "runtime" : 56509,
        "total_ios" : 1101087,
        "short_ios" : 0,
        "drop_ios" : 0,
        "slat_ns" : {
          "min" : 2593,
          "max" : 3847748,
          "mean" : 31785.839993,
          "stddev" : 29789.253193,
          "N" : 1101087
        },
        "clat_ns" : {
          "min" : 92711,
          "max" : 231388533,
          "mean" : 14110049.343676,
          "stddev" : 13904517.954871,
          "N" : 1101087,
          "percentile" : {
            "1.000000" : 3162112,
            "5.000000" : 4882432,
            "10.000000" : 5931008,
            "20.000000" : 7372800,
            "30.000000" : 8716288,
            "40.000000" : 9895936,
            "50.000000" : 11206656,
            "60.000000" : 12779520,
            "70.000000" : 14614528,
            "80.000000" : 16908288,
            "90.000000" : 21102592,
            "95.000000" : 25296896,
            "99.000000" : 93847552,
            "99.500000" : 100139008,
            "99.900000" : 115867648,
            "99.950000" : 122159104,
            "99.990000" : 189792256
          }
        },
        "lat_ns" : {
          "min" : 107873,
          "max" : 231408401,
          "mean" : 14141835.183668,
          "stddev" : 13904296.224772,
          "N" : 1101087
        },
        "bw_min" : 224160,
        "bw_max" : 392192,
        "bw_agg" : 100.000000,
        "bw_mean" : 312000.287967,
        "bw_dev" : 1097.413278,
        "bw_samples" : 2686,
        "iops_min" : 14010,
        "iops_max" : 24512,
        "iops_mean" : 19498.716699,
        "iops_stddev" : 68.605030,
        "iops_samples" : 2686
      },
      "write" : {
        "io_bytes" : 7729594368,
        "io_kbytes" : 7548432,
        "bw_bytes" : 136785191,
        "bw" : 133579,
        "iops" : 8348.705516,
        "runtime" : 56509,
        "total_ios" : 471777,
        "short_ios" : 0,
        "drop_ios" : 0,
        "slat_ns" : {
          "min" : 3069,
          "max" : 3262542,
          "mean" : 44588.429809,
          "stddev" : 34349.942033,
          "N" : 471777
        },
        "clat_ns" : {
          "min" : 42495,
          "max" : 228856623,
          "mean" : 12796947.185001,
          "stddev" : 14375419.224650,
          "N" : 471777,
          "percentile" : {
            "1.000000" : 2146304,
            "5.000000" : 3129344,
            "10.000000" : 4554752,
            "20.000000" : 5931008,
            "30.000000" : 7241728,
            "40.000000" : 8585216,
            "50.000000" : 9764864,
            "60.000000" : 11337728,
            "70.000000" : 13172736,
            "80.000000" : 15532032,
            "90.000000" : 19791872,
            "95.000000" : 24248320,
            "99.000000" : 92798976,
            "99.500000" : 100139008,
            "99.900000" : 114819072,
            "99.950000" : 122159104,
            "99.990000" : 212860928
          }
        },
        "lat_ns" : {
          "min" : 59456,
          "max" : 228885671,
          "mean" : 12841535.614810,
          "stddev" : 14375057.544067,
          "N" : 471777
        },
        "bw_min" : 93500,
        "bw_max" : 170880,
        "bw_agg" : 100.000000,
        "bw_mean" : 133679.097249,
        "bw_dev" : 572.859039,
        "bw_samples" : 2686,
        "iops_min" : 5842,
        "iops_max" : 10680,
        "iops_mean" : 8353.912725,
        "iops_stddev" : 35.814902,
        "iops_samples" : 2686
      },
      "trim" : {
        "io_bytes" : 0,
        "io_kbytes" : 0,
        "bw_bytes" : 0,
        "bw" : 0,
        "iops" : 0.000000,
        "runtime" : 0,
        "total_ios" : 0,
        "short_ios" : 0,
        "drop_ios" : 0,
        "slat_ns" : {
          "min" : 0,
          "max" : 0,
          "mean" : 0.000000,
          "stddev" : 0.000000,
          "N" : 0
        },
        "clat_ns" : {
          "min" : 0,
          "max" : 0,
          "mean" : 0.000000,
          "stddev" : 0.000000,
          "N" : 0
        },
        "lat_ns" : {
          "min" : 0,
          "max" : 0,
          "mean" : 0.000000,
          "stddev" : 0.000000,
          "N" : 0
        },
        "bw_min" : 0,
        "bw_max" : 0,
        "bw_agg" : 0.000000,
        "bw_mean" : 0.000000,
        "bw_dev" : 0.000000,
        "bw_samples" : 0,
        "iops_min" : 0,
        "iops_max" : 0,
        "iops_mean" : 0.000000,
        "iops_stddev" : 0.000000,
        "iops_samples" : 0
      },
      "sync" : {
        "total_ios" : 0,
        "lat_ns" : {
          "min" : 0,
          "max" : 0,
          "mean" : 0.000000,
          "stddev" : 0.000000,
          "N" : 0
        }
      },
      "job_runtime" : 1352523,
      "usr_cpu" : 1.469920,
      "sys_cpu" : 5.345343,
      "ctx" : 840802,
      "majf" : 0,
      "minf" : 325,
      "iodepth_level" : {
        "1" : 0.100000,
        "2" : 0.100000,
        "4" : 0.100000,
        "8" : 0.100000,
        "16" : 99.977112,
        "32" : 0.000000,
        ">=64" : 0.000000
      },
      "iodepth_submit" : {
        "0" : 0.000000,
        "4" : 100.000000,
        "8" : 0.000000,
        "16" : 0.000000,
        "32" : 0.000000,
        "64" : 0.000000,
        ">=64" : 0.000000
      },
      "iodepth_complete" : {
        "0" : 0.000000,
        "4" : 99.998474,
        "8" : 0.000000,
        "16" : 0.100000,
        "32" : 0.000000,
        "64" : 0.000000,
        ">=64" : 0.000000
      },
      "latency_ns" : {
        "2" : 0.000000,
        "4" : 0.000000,
        "10" : 0.000000,
        "20" : 0.000000,
        "50" : 0.000000,
        "100" : 0.000000,
        "250" : 0.000000,
        "500" : 0.000000,
        "750" : 0.000000,
        "1000" : 0.000000
      },
      "latency_us" : {
        "2" : 0.000000,
        "4" : 0.000000,
        "10" : 0.000000,
        "20" : 0.000000,
        "50" : 0.010000,
        "100" : 0.010000,
        "250" : 0.015004,
        "500" : 0.047938,
        "750" : 0.054741,
        "1000" : 0.025749
      },
      "latency_ms" : {
        "2" : 0.123723,
        "4" : 3.127734,
        "10" : 40.280088,
        "20" : 44.959005,
        "50" : 8.918889,
        "100" : 1.930936,
        "250" : 0.512250,
        "500" : 0.000000,
        "750" : 0.000000,
        "1000" : 0.000000,
        "2000" : 0.000000,
        ">=2000" : 0.000000
      },
      "latency_depth" : 16,
      "latency_target" : 0,
      "latency_percentile" : 100.000000,
      "latency_window" : 0
    }
  ],
  "disk_util" : [
    {
      "name" : "nvme0n1",
      "read_ios" : 1099307,
      "write_ios" : 471082,
      "read_sectors" : 35177824,
      "write_sectors" : 15074501,
      "read_merges" : 0,
      "write_merges" : 5,
      "read_ticks" : 15426709,
      "write_ticks" : 5953590,
      "in_queue" : 21380347,
      "util" : 83.425131
    }
  ]
}
