{
  "fio version" : "fio-3.36",
  "timestamp" : 1752202857,
  "timestamp_ms" : 1752202857202,
  "time" : "Fri Jul 11 03:00:57 2025",
  "global options" : {
    "ioengine" : "libaio",
    "direct" : "1",
    "directory" : "/mnt/test"
  },
  "jobs" : [
    {
      "jobname" : "multimedia_test",
      "groupid" : 0,
      "job_start" : 1752202736138,
      "error" : 0,
      "eta" : 0,
      "elapsed" : 122,
      "job options" : {
        "rw" : "read",
        "size" : "8G",
        "numjobs" : "4",
        "runtime" : "120",
        "iodepth" : "64",
        "bssplit" : "128k"
      },
      "read" : {
        "io_bytes" : 19789250560,
        "io_kbytes" : 19325440,
        "bw_bytes" : 163517794,
        "bw" : 159685,
        "iops" : 1247.541769,
        "runtime" : 121022,
        "total_ios" : 150980,
        "short_ios" : 0,
        "drop_ios" : 0,
        "slat_ns" : {
          "min" : 21036,
          "max" : 2288196201,
          "mean" : 3182807.358776,
          "stddev" : 54569295.134152,
          "N" : 150980
        },
        "clat_ns" : {
          "min" : 20326,
          "max" : 7618619693,
          "mean" : 199247194.070666,
          "stddev" : 469371186.690616,
          "N" : 150980,
          "percentile" : {
            "1.000000" : 1695744,
            "5.000000" : 1777664,
            "10.000000" : 2375680,
            "20.000000" : 48496640,
            "30.000000" : 51642368,
            "40.000000" : 52690944,
            "50.000000" : 53215232,
            "60.000000" : 54263808,
            "70.000000" : 55836672,
            "80.000000" : 164626432,
            "90.000000" : 413138944,
            "95.000000" : 1010827264,
            "99.000000" : 2365587456,
            "99.500000" : 2432696320,
            "99.900000" : 3808428032,
            "99.950000" : 4328521728,
            "99.990000" : 5469372416
          }
        },
        "lat_ns" : {
          "min" : 1681004,
          "max" : 7624350970,
          "mean" : 202430001.429441,
          "stddev" : 473503231.062484,
          "N" : 150980
        },
        "bw_min" : 3584,
        "bw_max" : 2943232,
        "bw_agg" : 100.000000,
        "bw_mean" : 241719.571512,
        "bw_dev" : 97476.484605,
        "bw_samples" : 630,
        "iops_min" : 28,
        "iops_max" : 22994,
        "iops_mean" : 1888.434152,
        "iops_stddev" : 761.535036,
        "iops_samples" : 630
      },
      "write" : {
        "io_bytes" : 0,
        "io_kbytes" : 0,
        "bw_bytes" : 0,
        "bw" : 0,
        "iops" : 0.000000,
        "runtime" : 0,
        "total_ios" : 0,
        "short_ios" : 0,
        "drop_ios" : 0,
        "slat_ns" : {
          "min" : 0,
          "max" : 0,
          "mean" : 0.000000,
          "stddev" : 0.000000,
          "N" : 0
        },
        "clat_ns" : {
          "min" : 0,
          "max" : 0,
          "mean" : 0.000000,
          "stddev" : 0.000000,
          "N" : 0
        },
        "lat_ns" : {
          "min" : 0,
          "max" : 0,
          "mean" : 0.000000,
          "stddev" : 0.000000,
          "N" : 0
        },
        "bw_min" : 0,
        "bw_max" : 0,
        "bw_agg" : 0.000000,
        "bw_mean" : 0.000000,
        "bw_dev" : 0.000000,
        "bw_samples" : 0,
        "iops_min" : 0,
        "iops_max" : 0,
        "iops_mean" : 0.000000,
        "iops_stddev" : 0.000000,
        "iops_samples" : 0
      },
      "trim" : {
        "io_bytes" : 0,
        "io_kbytes" : 0,
        "bw_bytes" : 0,
        "bw" : 0,
        "iops" : 0.000000,
        "runtime" : 0,
        "total_ios" : 0,
        "short_ios" : 0,
        "drop_ios" : 0,
        "slat_ns" : {
          "min" : 0,
          "max" : 0,
          "mean" : 0.000000,
          "stddev" : 0.000000,
          "N" : 0
        },
        "clat_ns" : {
          "min" : 0,
          "max" : 0,
          "mean" : 0.000000,
          "stddev" : 0.000000,
          "N" : 0
        },
        "lat_ns" : {
          "min" : 0,
          "max" : 0,
          "mean" : 0.000000,
          "stddev" : 0.000000,
          "N" : 0
        },
        "bw_min" : 0,
        "bw_max" : 0,
        "bw_agg" : 0.000000,
        "bw_mean" : 0.000000,
        "bw_dev" : 0.000000,
        "bw_samples" : 0,
        "iops_min" : 0,
        "iops_max" : 0,
        "iops_mean" : 0.000000,
        "iops_stddev" : 0.000000,
        "iops_samples" : 0
      },
      "sync" : {
        "total_ios" : 0,
        "lat_ns" : {
          "min" : 0,
          "max" : 0,
          "mean" : 0.000000,
          "stddev" : 0.000000,
          "N" : 0
        }
      },
      "job_runtime" : 481690,
      "usr_cpu" : 0.227325,
      "sys_cpu" : 4.304636,
      "ctx" : 17296,
      "majf" : 0,
      "minf" : 8246,
      "iodepth_level" : {
        "1" : 0.100000,
        "2" : 0.100000,
        "4" : 0.100000,
        "8" : 0.100000,
        "16" : 0.100000,
        "32" : 0.100000,
        ">=64" : 99.833090
      },
      "iodepth_submit" : {
        "0" : 0.000000,
        "4" : 100.000000,
        "8" : 0.000000,
        "16" : 0.000000,
        "32" : 0.000000,
        "64" : 0.000000,
        ">=64" : 0.000000
      },
      "iodepth_complete" : {
        "0" : 0.000000,
        "4" : 99.997346,
        "8" : 0.000000,
        "16" : 0.000000,
        "32" : 0.000000,
        "64" : 0.100000,
        ">=64" : 0.000000
      },
      "latency_ns" : {
        "2" : 0.000000,
        "4" : 0.000000,
        "10" : 0.000000,
        "20" : 0.000000,
        "50" : 0.000000,
        "100" : 0.000000,
        "250" : 0.000000,
        "500" : 0.000000,
        "750" : 0.000000,
        "1000" : 0.000000
      },
      "latency_us" : {
        "2" : 0.000000,
        "4" : 0.000000,
        "10" : 0.000000,
        "20" : 0.000000,
        "50" : 0.010000,
        "100" : 0.000000,
        "250" : 0.000000,
        "500" : 0.000000,
        "750" : 0.000000,
        "1000" : 0.000000
      },
      "latency_ms" : {
        "2" : 7.532786,
        "4" : 3.958140,
        "10" : 1.229964,
        "20" : 0.615313,
        "50" : 8.880646,
        "100" : 54.089946,
        "250" : 8.086502,
        "500" : 7.280434,
        "750" : 2.253941,
        "1000" : 1.007418,
        "2000" : 1.854550,
        ">=2000" : 3.207710
      },
      "latency_depth" : 64,
      "latency_target" : 0,
      "latency_percentile" : 100.000000,
      "latency_window" : 0
    }
  ]
}
