{
  "fio version" : "fio-3.36",
  "timestamp" : 1750686410,
  "timestamp_ms" : 1750686410772,
  "time" : "Mon Jun 23 13:46:50 2025",
  "global options" : {
    "ioengine" : "libaio",
    "direct" : "1",
    "directory" : "/mnt/test"
  },
  "jobs" : [
    {
      "jobname" : "database_test",
      "groupid" : 0,
      "job_start" : 1750686405728,
      "error" : 0,
      "eta" : 0,
      "elapsed" : 6,
      "job options" : {
        "rw" : "randrw",
        "rwmixread" : "70",
        "size" : "1M",
        "numjobs" : "8",
        "runtime" : "5",
        "iodepth" : "16",
        "bssplit" : "4k/80:8k/20"
      },
      "read" : {
        "io_bytes" : 32399642624,
        "io_kbytes" : 31640276,
        "bw_bytes" : 6477337589,
        "bw" : 6325524,
        "iops" : 1396791.883247,
        "runtime" : 5002,
        "total_ios" : 6986753,
        "short_ios" : 0,
        "drop_ios" : 0,
        "slat_ns" : {
          "min" : 1641,
          "max" : 17010072,
          "mean" : 2269.665082,
          "stddev" : 14030.102624,
          "N" : 6986753
        },
        "clat_ns" : {
          "min" : 902,
          "max" : 17307586,
          "mean" : 60467.586973,
          "stddev" : 87064.982019,
          "N" : 6986753,
          "percentile" : {
            "1.000000" : 45824,
            "5.000000" : 49408,
            "10.000000" : 51456,
            "20.000000" : 54016,
            "30.000000" : 55552,
            "40.000000" : 57600,
            "50.000000" : 59136,
            "60.000000" : 60672,
            "70.000000" : 62208,
            "80.000000" : 64256,
            "90.000000" : 68096,
            "95.000000" : 70144,
            "99.000000" : 77312,
            "99.500000" : 83456,
            "99.900000" : 175104,
            "99.950000" : 284672,
            "99.990000" : 3194880
          }
        },
        "lat_ns" : {
          "min" : 2717,
          "max" : 17310382,
          "mean" : 62737.252055,
          "stddev" : 88307.037573,
          "N" : 6986753
        },
        "bw_min" : 6134976,
        "bw_max" : 6473712,
        "bw_agg" : 100.000000,
        "bw_mean" : 6328230.222222,
        "bw_dev" : 13086.471614,
        "bw_samples" : 72,
        "iops_min" : 1354492,
        "iops_max" : 1429784,
        "iops_mean" : 1397381.333333,
        "iops_stddev" : 2886.320963,
        "iops_samples" : 72
      },
      "write" : {
        "io_bytes" : 13893320704,
        "io_kbytes" : 13567696,
        "bw_bytes" : 2777553119,
        "bw" : 2712454,
        "iops" : 598753.698521,
        "runtime" : 5002,
        "total_ios" : 2994966,
        "short_ios" : 0,
        "drop_ios" : 0,
        "slat_ns" : {
          "min" : 3670,
          "max" : 17225435,
          "mean" : 5224.022665,
          "stddev" : 24961.244555,
          "N" : 2994966
        },
        "clat_ns" : {
          "min" : 1055,
          "max" : 17303809,
          "mean" : 60776.693230,
          "stddev" : 87403.104287,
          "N" : 2994966,
          "percentile" : {
            "1.000000" : 46336,
            "5.000000" : 49920,
            "10.000000" : 51968,
            "20.000000" : 54016,
            "30.000000" : 56064,
            "40.000000" : 57600,
            "50.000000" : 59136,
            "60.000000" : 60672,
            "70.000000" : 62720,
            "80.000000" : 64768,
            "90.000000" : 68096,
            "95.000000" : 71168,
            "99.000000" : 78336,
            "99.500000" : 83456,
            "99.900000" : 171008,
            "99.950000" : 284672,
            "99.990000" : 2670592
          }
        },
        "lat_ns" : {
          "min" : 5947,
          "max" : 17309625,
          "mean" : 66000.715895,
          "stddev" : 91211.754679,
          "N" : 2994966
        },
        "bw_min" : 2635704,
        "bw_max" : 2775080,
        "bw_agg" : 100.000000,
        "bw_mean" : 2713776.000000,
        "bw_dev" : 5346.187121,
        "bw_samples" : 72,
        "iops_min" : 581762,
        "iops_max" : 612510,
        "iops_mean" : 599083.555556,
        "iops_stddev" : 1166.100686,
        "iops_samples" : 72
      },
      "trim" : {
        "io_bytes" : 0,
        "io_kbytes" : 0,
        "bw_bytes" : 0,
        "bw" : 0,
        "iops" : 0.000000,
        "runtime" : 0,
        "total_ios" : 0,
        "short_ios" : 0,
        "drop_ios" : 0,
        "slat_ns" : {
          "min" : 0,
          "max" : 0,
          "mean" : 0.000000,
          "stddev" : 0.000000,
          "N" : 0
        },
        "clat_ns" : {
          "min" : 0,
          "max" : 0,
          "mean" : 0.000000,
          "stddev" : 0.000000,
          "N" : 0
        },
        "lat_ns" : {
          "min" : 0,
          "max" : 0,
          "mean" : 0.000000,
          "stddev" : 0.000000,
          "N" : 0
        },
        "bw_min" : 0,
        "bw_max" : 0,
        "bw_agg" : 0.000000,
        "bw_mean" : 0.000000,
        "bw_dev" : 0.000000,
        "bw_samples" : 0,
        "iops_min" : 0,
        "iops_max" : 0,
        "iops_mean" : 0.000000,
        "iops_stddev" : 0.000000,
        "iops_samples" : 0
      },
      "sync" : {
        "total_ios" : 0,
        "lat_ns" : {
          "min" : 0,
          "max" : 0,
          "mean" : 0.000000,
          "stddev" : 0.000000,
          "N" : 0
        }
      },
      "job_runtime" : 40001,
      "usr_cpu" : 19.552011,
      "sys_cpu" : 78.595535,
      "ctx" : 5956,
      "majf" : 0,
      "minf" : 98,
      "iodepth_level" : {
        "1" : 0.100000,
        "2" : 0.100000,
        "4" : 0.100000,
        "8" : 0.100000,
        "16" : 99.998798,
        "32" : 0.000000,
        ">=64" : 0.000000
      },
      "iodepth_submit" : {
        "0" : 0.000000,
        "4" : 100.000000,
        "8" : 0.000000,
        "16" : 0.000000,
        "32" : 0.000000,
        "64" : 0.000000,
        ">=64" : 0.000000
      },
      "iodepth_complete" : {
        "0" : 0.000000,
        "4" : 99.999920,
        "8" : 0.000000,
        "16" : 0.100000,
        "32" : 0.000000,
        "64" : 0.000000,
        ">=64" : 0.000000
      },
      "latency_ns" : {
        "2" : 0.000000,
        "4" : 0.000000,
        "10" : 0.000000,
        "20" : 0.000000,
        "50" : 0.000000,
        "100" : 0.000000,
        "250" : 0.000000,
        "500" : 0.000000,
        "750" : 0.000000,
        "1000" : 0.010000
      },
      "latency_us" : {
        "2" : 0.010000,
        "4" : 0.010000,
        "10" : 0.010000,
        "20" : 0.010000,
        "50" : 6.019494,
        "100" : 93.761125,
        "250" : 0.160143,
        "500" : 0.026869,
        "750" : 0.010000,
        "1000" : 0.010000
      },
      "latency_ms" : {
        "2" : 0.010000,
        "4" : 0.010000,
        "10" : 0.010000,
        "20" : 0.010000,
        "50" : 0.000000,
        "100" : 0.000000,
        "250" : 0.000000,
        "500" : 0.000000,
        "750" : 0.000000,
        "1000" : 0.000000,
        "2000" : 0.000000,
        ">=2000" : 0.000000
      },
      "latency_depth" : 16,
      "latency_target" : 0,
      "latency_percentile" : 100.000000,
      "latency_window" : 0
    }
  ]
}
