{
  "fio version" : "fio-3.36",
  "timestamp" : 1751304121,
  "timestamp_ms" : 1751304121541,
  "time" : "Mon Jun 30 17:22:01 2025",
  "global options" : {
    "ioengine" : "libaio",
    "direct" : "0",
    "directory" : "/mnt/test"
  },
  "jobs" : [
    {
      "jobname" : "database_test",
      "groupid" : 0,
      "job_start" : 1751304097984,
      "error" : 0,
      "eta" : 0,
      "elapsed" : 24,
      "job options" : {
        "rw" : "randrw",
        "rwmixread" : "70",
        "size" : "1G",
        "numjobs" : "8",
        "runtime" : "60",
        "iodepth" : "16",
        "bssplit" : "4k/80:8k/20"
      },
      "read" : {
        "io_bytes" : 6011162624,
        "io_kbytes" : 5870276,
        "bw_bytes" : 255522321,
        "bw" : 249533,
        "iops" : 55068.267800,
        "runtime" : 23525,
        "total_ios" : 1295481,
        "short_ios" : 0,
        "drop_ios" : 0,
        "slat_ns" : {
          "min" : 36661,
          "max" : 26571728,
          "mean" : 128927.046422,
          "stddev" : 268498.424903,
          "N" : 1295481
        },
        "clat_ns" : {
          "min" : 6149,
          "max" : 29344742,
          "mean" : 1526587.407344,
          "stddev" : 1028459.868426,
          "N" : 1295481,
          "percentile" : {
            "1.000000" : 839680,
            "5.000000" : 1003520,
            "10.000000" : 1073152,
            "20.000000" : 1171456,
            "30.000000" : 1236992,
            "40.000000" : 1302528,
            "50.000000" : 1368064,
            "60.000000" : 1433600,
            "70.000000" : 1499136,
            "80.000000" : 1613824,
            "90.000000" : 1925120,
            "95.000000" : 2506752,
            "99.000000" : 3719168,
            "99.500000" : 9240576,
            "99.900000" : 15138816,
            "99.950000" : 18481152,
            "99.990000" : 24772608
          }
        },
        "lat_ns" : {
          "min" : 130753,
          "max" : 29529740,
          "mean" : 1655514.453767,
          "stddev" : 1081440.579382,
          "N" : 1295481
        },
        "bw_min" : 131088,
        "bw_max" : 301816,
        "bw_agg" : 100.000000,
        "bw_mean" : 252229.657724,
        "bw_dev" : 6250.294859,
        "bw_samples" : 369,
        "iops_min" : 30230,
        "iops_max" : 66156,
        "iops_mean" : 55638.866790,
        "iops_stddev" : 1306.019650,
        "iops_samples" : 369
      },
      "write" : {
        "io_bytes" : 2578771968,
        "io_kbytes" : 2518332,
        "bw_bytes" : 109618362,
        "bw" : 107049,
        "iops" : 23614.835282,
        "runtime" : 23525,
        "total_ios" : 555539,
        "short_ios" : 0,
        "drop_ios" : 0,
        "slat_ns" : {
          "min" : 1594,
          "max" : 208761,
          "mean" : 15740.828716,
          "stddev" : 8080.046397,
          "N" : 555539
        },
        "clat_ns" : {
          "min" : 4229,
          "max" : 29487442,
          "mean" : 1519924.159326,
          "stddev" : 1028717.613914,
          "N" : 555539,
          "percentile" : {
            "1.000000" : 831488,
            "5.000000" : 995328,
            "10.000000" : 1073152,
            "20.000000" : 1171456,
            "30.000000" : 1236992,
            "40.000000" : 1302528,
            "50.000000" : 1368064,
            "60.000000" : 1417216,
            "70.000000" : 1499136,
            "80.000000" : 1613824,
            "90.000000" : 1908736,
            "95.000000" : 2506752,
            "99.000000" : 3719168,
            "99.500000" : 9502720,
            "99.900000" : 13697024,
            "99.950000" : 18481152,
            "99.990000" : 25034752
          }
        },
        "lat_ns" : {
          "min" : 14277,
          "max" : 29496102,
          "mean" : 1535664.988042,
          "stddev" : 1029813.954972,
          "N" : 555539
        },
        "bw_min" : 55568,
        "bw_max" : 131544,
        "bw_agg" : 100.000000,
        "bw_mean" : 108201.731730,
        "bw_dev" : 2696.630273,
        "bw_samples" : 369,
        "iops_min" : 12794,
        "iops_max" : 28448,
        "iops_mean" : 23858.885291,
        "iops_stddev" : 561.360359,
        "iops_samples" : 369
      },
      "trim" : {
        "io_bytes" : 0,
        "io_kbytes" : 0,
        "bw_bytes" : 0,
        "bw" : 0,
        "iops" : 0.000000,
        "runtime" : 0,
        "total_ios" : 0,
        "short_ios" : 0,
        "drop_ios" : 0,
        "slat_ns" : {
          "min" : 0,
          "max" : 0,
          "mean" : 0.000000,
          "stddev" : 0.000000,
          "N" : 0
        },
        "clat_ns" : {
          "min" : 0,
          "max" : 0,
          "mean" : 0.000000,
          "stddev" : 0.000000,
          "N" : 0
        },
        "lat_ns" : {
          "min" : 0,
          "max" : 0,
          "mean" : 0.000000,
          "stddev" : 0.000000,
          "N" : 0
        },
        "bw_min" : 0,
        "bw_max" : 0,
        "bw_agg" : 0.000000,
        "bw_mean" : 0.000000,
        "bw_dev" : 0.000000,
        "bw_samples" : 0,
        "iops_min" : 0,
        "iops_max" : 0,
        "iops_mean" : 0.000000,
        "iops_stddev" : 0.000000,
        "iops_samples" : 0
      },
      "sync" : {
        "total_ios" : 0,
        "lat_ns" : {
          "min" : 0,
          "max" : 0,
          "mean" : 0.000000,
          "stddev" : 0.000000,
          "N" : 0
        }
      },
      "job_runtime" : 187776,
      "usr_cpu" : 7.685221,
      "sys_cpu" : 26.030483,
      "ctx" : 1295542,
      "majf" : 0,
      "minf" : 139,
      "iodepth_level" : {
        "1" : 0.100000,
        "2" : 0.100000,
        "4" : 0.100000,
        "8" : 0.100000,
        "16" : 99.993517,
        "32" : 0.000000,
        ">=64" : 0.000000
      },
      "iodepth_submit" : {
        "0" : 0.000000,
        "4" : 100.000000,
        "8" : 0.000000,
        "16" : 0.000000,
        "32" : 0.000000,
        "64" : 0.000000,
        ">=64" : 0.000000
      },
      "iodepth_complete" : {
        "0" : 0.000000,
        "4" : 99.999568,
        "8" : 0.000000,
        "16" : 0.100000,
        "32" : 0.000000,
        "64" : 0.000000,
        ">=64" : 0.000000
      },
      "latency_ns" : {
        "2" : 0.000000,
        "4" : 0.000000,
        "10" : 0.000000,
        "20" : 0.000000,
        "50" : 0.000000,
        "100" : 0.000000,
        "250" : 0.000000,
        "500" : 0.000000,
        "750" : 0.000000,
        "1000" : 0.000000
      },
      "latency_us" : {
        "2" : 0.000000,
        "4" : 0.000000,
        "10" : 0.010000,
        "20" : 0.010000,
        "50" : 0.010000,
        "100" : 0.010000,
        "250" : 0.010000,
        "500" : 0.010000,
        "750" : 0.346188,
        "1000" : 4.768236
      },
      "latency_ms" : {
        "2" : 86.085672,
        "4" : 8.004830,
        "10" : 0.300645,
        "20" : 0.450995,
        "50" : 0.036412,
        "100" : 0.000000,
        "250" : 0.000000,
        "500" : 0.000000,
        "750" : 0.000000,
        "1000" : 0.000000,
        "2000" : 0.000000,
        ">=2000" : 0.000000
      },
      "latency_depth" : 16,
      "latency_target" : 0,
      "latency_percentile" : 100.000000,
      "latency_window" : 0
    }
  ],
  "disk_util" : [
    {
      "name" : "nvme0n1",
      "read_ios" : 1290163,
      "write_ios" : 184244,
      "read_sectors" : 11694352,
      "write_sectors" : 2388908,
      "read_merges" : 0,
      "write_merges" : 238,
      "read_ticks" : 129075,
      "write_ticks" : 63038,
      "in_queue" : 192117,
      "util" : 61.403584
    }
  ]
}
