{
  "fio version" : "fio-3.36",
  "timestamp" : 1751416955,
  "timestamp_ms" : 1751416955595,
  "time" : "Wed Jul  2 00:42:35 2025",
  "global options" : {
    "ioengine" : "libaio",
    "direct" : "0",
    "directory" : "/mnt/test"
  },
  "jobs" : [
    {
      "jobname" : "seq_read_article_test",
      "groupid" : 0,
      "job_start" : 1751416775562,
      "error" : 0,
      "eta" : 0,
      "elapsed" : 181,
      "job options" : {
        "rw" : "read",
        "size" : "50G",
        "numjobs" : "1",
        "runtime" : "180"
      },
      "read" : {
        "io_bytes" : 30224080896,
        "io_kbytes" : 29515704,
        "bw_bytes" : 167910627,
        "bw" : 163975,
        "iops" : 40993.805590,
        "runtime" : 180001,
        "total_ios" : 7378926,
        "short_ios" : 0,
        "drop_ios" : 0,
        "slat_ns" : {
          "min" : 608,
          "max" : 103065351,
          "mean" : 21508.880821,
          "stddev" : 177388.977599,
          "N" : 7378926
        },
        "clat_ns" : {
          "min" : 268,
          "max" : 64780,
          "mean" : 1880.045726,
          "stddev" : 1775.652060,
          "N" : 7378926,
          "percentile" : {
            "1.000000" : 1432,
            "5.000000" : 1592,
            "10.000000" : 1608,
            "20.000000" : 1608,
            "30.000000" : 1624,
            "40.000000" : 1624,
            "50.000000" : 1624,
            "60.000000" : 1640,
            "70.000000" : 1640,
            "80.000000" : 1672,
            "90.000000" : 1880,
            "95.000000" : 1912,
            "99.000000" : 14144,
            "99.500000" : 15040,
            "99.900000" : 23680,
            "99.950000" : 25984,
            "99.990000" : 35584
          }
        },
        "lat_ns" : {
          "min" : 881,
          "max" : 103078810,
          "mean" : 23388.926547,
          "stddev" : 178582.472638,
          "N" : 7378926
        },
        "bw_min" : 88488,
        "bw_max" : 170284,
        "bw_agg" : 100.000000,
        "bw_mean" : 164153.458333,
        "bw_dev" : 6397.908054,
        "bw_samples" : 360,
        "iops_min" : 22122,
        "iops_max" : 42571,
        "iops_mean" : 41038.163889,
        "iops_stddev" : 1599.450516,
        "iops_samples" : 360
      },
      "write" : {
        "io_bytes" : 0,
        "io_kbytes" : 0,
        "bw_bytes" : 0,
        "bw" : 0,
        "iops" : 0.000000,
        "runtime" : 0,
        "total_ios" : 0,
        "short_ios" : 0,
        "drop_ios" : 0,
        "slat_ns" : {
          "min" : 0,
          "max" : 0,
          "mean" : 0.000000,
          "stddev" : 0.000000,
          "N" : 0
        },
        "clat_ns" : {
          "min" : 0,
          "max" : 0,
          "mean" : 0.000000,
          "stddev" : 0.000000,
          "N" : 0
        },
        "lat_ns" : {
          "min" : 0,
          "max" : 0,
          "mean" : 0.000000,
          "stddev" : 0.000000,
          "N" : 0
        },
        "bw_min" : 0,
        "bw_max" : 0,
        "bw_agg" : 0.000000,
        "bw_mean" : 0.000000,
        "bw_dev" : 0.000000,
        "bw_samples" : 0,
        "iops_min" : 0,
        "iops_max" : 0,
        "iops_mean" : 0.000000,
        "iops_stddev" : 0.000000,
        "iops_samples" : 0
      },
      "trim" : {
        "io_bytes" : 0,
        "io_kbytes" : 0,
        "bw_bytes" : 0,
        "bw" : 0,
        "iops" : 0.000000,
        "runtime" : 0,
        "total_ios" : 0,
        "short_ios" : 0,
        "drop_ios" : 0,
        "slat_ns" : {
          "min" : 0,
          "max" : 0,
          "mean" : 0.000000,
          "stddev" : 0.000000,
          "N" : 0
        },
        "clat_ns" : {
          "min" : 0,
          "max" : 0,
          "mean" : 0.000000,
          "stddev" : 0.000000,
          "N" : 0
        },
        "lat_ns" : {
          "min" : 0,
          "max" : 0,
          "mean" : 0.000000,
          "stddev" : 0.000000,
          "N" : 0
        },
        "bw_min" : 0,
        "bw_max" : 0,
        "bw_agg" : 0.000000,
        "bw_mean" : 0.000000,
        "bw_dev" : 0.000000,
        "bw_samples" : 0,
        "iops_min" : 0,
        "iops_max" : 0,
        "iops_mean" : 0.000000,
        "iops_stddev" : 0.000000,
        "iops_samples" : 0
      },
      "sync" : {
        "total_ios" : 0,
        "lat_ns" : {
          "min" : 0,
          "max" : 0,
          "mean" : 0.000000,
          "stddev" : 0.000000,
          "N" : 0
        }
      },
      "job_runtime" : 180000,
      "usr_cpu" : 10.167778,
      "sys_cpu" : 28.049444,
      "ctx" : 115243,
      "majf" : 0,
      "minf" : 10,
      "iodepth_level" : {
        "1" : 100.000000,
        "2" : 0.000000,
        "4" : 0.000000,
        "8" : 0.000000,
        "16" : 0.000000,
        "32" : 0.000000,
        ">=64" : 0.000000
      },
      "iodepth_submit" : {
        "0" : 0.000000,
        "4" : 100.000000,
        "8" : 0.000000,
        "16" : 0.000000,
        "32" : 0.000000,
        "64" : 0.000000,
        ">=64" : 0.000000
      },
      "iodepth_complete" : {
        "0" : 0.000000,
        "4" : 100.000000,
        "8" : 0.000000,
        "16" : 0.000000,
        "32" : 0.000000,
        "64" : 0.000000,
        ">=64" : 0.000000
      },
      "latency_ns" : {
        "2" : 0.000000,
        "4" : 0.000000,
        "10" : 0.000000,
        "20" : 0.000000,
        "50" : 0.000000,
        "100" : 0.000000,
        "250" : 0.000000,
        "500" : 0.013661,
        "750" : 0.000000,
        "1000" : 0.000000
      },
      "latency_us" : {
        "2" : 97.311289,
        "4" : 0.945449,
        "10" : 0.303608,
        "20" : 1.263422,
        "50" : 0.162530,
        "100" : 0.010000,
        "250" : 0.000000,
        "500" : 0.000000,
        "750" : 0.000000,
        "1000" : 0.000000
      },
      "latency_ms" : {
        "2" : 0.000000,
        "4" : 0.000000,
        "10" : 0.000000,
        "20" : 0.000000,
        "50" : 0.000000,
        "100" : 0.000000,
        "250" : 0.000000,
        "500" : 0.000000,
        "750" : 0.000000,
        "1000" : 0.000000,
        "2000" : 0.000000,
        ">=2000" : 0.000000
      },
      "latency_depth" : 1,
      "latency_target" : 0,
      "latency_percentile" : 100.000000,
      "latency_window" : 0
    }
  ],
  "disk_util" : [
    {
      "name" : "sda",
      "read_ios" : 115361,
      "write_ios" : 63,
      "read_sectors" : 59034080,
      "write_sectors" : 648,
      "read_merges" : 114,
      "write_merges" : 8,
      "read_ticks" : 298342,
      "write_ticks" : 639,
      "in_queue" : 299467,
      "util" : 60.616503
    }
  ]
}
