{
  "fio version" : "fio-3.36",
  "timestamp" : 1751005687,
  "timestamp_ms" : 1751005687961,
  "time" : "Fri Jun 27 06:28:07 2025",
  "global options" : {
    "ioengine" : "libaio",
    "direct" : "0",
    "directory" : "/mnt/test",
    "buffer_compress_percentage" : "70",
    "buffer_pattern" : "0xdeadbeef"
  },
  "jobs" : [
    {
      "jobname" : "database_test",
      "groupid" : 0,
      "job_start" : 1751005661397,
      "error" : 0,
      "eta" : 0,
      "elapsed" : 27,
      "job options" : {
        "rw" : "randrw",
        "rwmixread" : "70",
        "size" : "1G",
        "numjobs" : "8",
        "runtime" : "60",
        "iodepth" : "16",
        "bssplit" : "4k/80:8k/20"
      },
      "read" : {
        "io_bytes" : 6011162624,
        "io_kbytes" : 5870276,
        "bw_bytes" : 226613987,
        "bw" : 221302,
        "iops" : 48838.158788,
        "runtime" : 26526,
        "total_ios" : 1295481,
        "short_ios" : 0,
        "drop_ios" : 0,
        "slat_ns" : {
          "min" : 34623,
          "max" : 16033124,
          "mean" : 150014.683149,
          "stddev" : 242823.210806,
          "N" : 1295481
        },
        "clat_ns" : {
          "min" : 5753,
          "max" : 21821743,
          "mean" : 1717318.049897,
          "stddev" : 1014556.109877,
          "N" : 1295481,
          "percentile" : {
            "1.000000" : 692224,
            "5.000000" : 839680,
            "10.000000" : 921600,
            "20.000000" : 1044480,
            "30.000000" : 1171456,
            "40.000000" : 1351680,
            "50.000000" : 1548288,
            "60.000000" : 1744896,
            "70.000000" : 1925120,
            "80.000000" : 2146304,
            "90.000000" : 2441216,
            "95.000000" : 2768896,
            "99.000000" : 5931008,
            "99.500000" : 6389760,
            "99.900000" : 11075584,
            "99.950000" : 15532032,
            "99.990000" : 18743296
          }
        },
        "lat_ns" : {
          "min" : 131337,
          "max" : 22047040,
          "mean" : 1867332.733046,
          "stddev" : 1067982.175522,
          "N" : 1295481
        },
        "bw_min" : 139496,
        "bw_max" : 384368,
        "bw_agg" : 100.000000,
        "bw_mean" : 222887.076923,
        "bw_dev" : 6648.479753,
        "bw_samples" : 416,
        "iops_min" : 31206,
        "iops_max" : 80326,
        "iops_mean" : 49158.038462,
        "iops_stddev" : 1454.029214,
        "iops_samples" : 416
      },
      "write" : {
        "io_bytes" : 2578771968,
        "io_kbytes" : 2518332,
        "bw_bytes" : 97216767,
        "bw" : 94938,
        "iops" : 20943.187816,
        "runtime" : 26526,
        "total_ios" : 555539,
        "short_ios" : 0,
        "drop_ios" : 0,
        "slat_ns" : {
          "min" : 2449,
          "max" : 18165917,
          "mean" : 14974.363917,
          "stddev" : 73828.794878,
          "N" : 555539
        },
        "clat_ns" : {
          "min" : 3773,
          "max" : 21706422,
          "mean" : 1711354.308225,
          "stddev" : 1007872.883946,
          "N" : 555539,
          "percentile" : {
            "1.000000" : 692224,
            "5.000000" : 839680,
            "10.000000" : 921600,
            "20.000000" : 1044480,
            "30.000000" : 1171456,
            "40.000000" : 1335296,
            "50.000000" : 1548288,
            "60.000000" : 1728512,
            "70.000000" : 1925120,
            "80.000000" : 2113536,
            "90.000000" : 2408448,
            "95.000000" : 2768896,
            "99.000000" : 5931008,
            "99.500000" : 6324224,
            "99.900000" : 8454144,
            "99.950000" : 13565952,
            "99.990000" : 18743296
          }
        },
        "lat_ns" : {
          "min" : 15779,
          "max" : 22034917,
          "mean" : 1726328.672142,
          "stddev" : 1014662.299011,
          "N" : 555539
        },
        "bw_min" : 61632,
        "bw_max" : 166624,
        "bw_agg" : 100.000000,
        "bw_mean" : 95612.307692,
        "bw_dev" : 2880.958831,
        "bw_samples" : 416,
        "iops_min" : 13694,
        "iops_max" : 34954,
        "iops_mean" : 21079.000000,
        "iops_stddev" : 628.596192,
        "iops_samples" : 416
      },
      "trim" : {
        "io_bytes" : 0,
        "io_kbytes" : 0,
        "bw_bytes" : 0,
        "bw" : 0,
        "iops" : 0.000000,
        "runtime" : 0,
        "total_ios" : 0,
        "short_ios" : 0,
        "drop_ios" : 0,
        "slat_ns" : {
          "min" : 0,
          "max" : 0,
          "mean" : 0.000000,
          "stddev" : 0.000000,
          "N" : 0
        },
        "clat_ns" : {
          "min" : 0,
          "max" : 0,
          "mean" : 0.000000,
          "stddev" : 0.000000,
          "N" : 0
        },
        "lat_ns" : {
          "min" : 0,
          "max" : 0,
          "mean" : 0.000000,
          "stddev" : 0.000000,
          "N" : 0
        },
        "bw_min" : 0,
        "bw_max" : 0,
        "bw_agg" : 0.000000,
        "bw_mean" : 0.000000,
        "bw_dev" : 0.000000,
        "bw_samples" : 0,
        "iops_min" : 0,
        "iops_max" : 0,
        "iops_mean" : 0.000000,
        "iops_stddev" : 0.000000,
        "iops_samples" : 0
      },
      "sync" : {
        "total_ios" : 0,
        "lat_ns" : {
          "min" : 0,
          "max" : 0,
          "mean" : 0.000000,
          "stddev" : 0.000000,
          "N" : 0
        }
      },
      "job_runtime" : 211458,
      "usr_cpu" : 4.564973,
      "sys_cpu" : 19.715972,
      "ctx" : 1298433,
      "majf" : 0,
      "minf" : 103,
      "iodepth_level" : {
        "1" : 0.100000,
        "2" : 0.100000,
        "4" : 0.100000,
        "8" : 0.100000,
        "16" : 99.993517,
        "32" : 0.000000,
        ">=64" : 0.000000
      },
      "iodepth_submit" : {
        "0" : 0.000000,
        "4" : 100.000000,
        "8" : 0.000000,
        "16" : 0.000000,
        "32" : 0.000000,
        "64" : 0.000000,
        ">=64" : 0.000000
      },
      "iodepth_complete" : {
        "0" : 0.000000,
        "4" : 99.999568,
        "8" : 0.000000,
        "16" : 0.100000,
        "32" : 0.000000,
        "64" : 0.000000,
        ">=64" : 0.000000
      },
      "latency_ns" : {
        "2" : 0.000000,
        "4" : 0.000000,
        "10" : 0.000000,
        "20" : 0.000000,
        "50" : 0.000000,
        "100" : 0.000000,
        "250" : 0.000000,
        "500" : 0.000000,
        "750" : 0.000000,
        "1000" : 0.000000
      },
      "latency_us" : {
        "2" : 0.000000,
        "4" : 0.010000,
        "10" : 0.010000,
        "20" : 0.010000,
        "50" : 0.010000,
        "100" : 0.010000,
        "250" : 0.010000,
        "500" : 0.047217,
        "750" : 1.924885,
        "1000" : 13.997039
      },
      "latency_ms" : {
        "2" : 57.892135,
        "4" : 22.833735,
        "10" : 3.201100,
        "20" : 0.096433,
        "50" : 0.010000,
        "100" : 0.000000,
        "250" : 0.000000,
        "500" : 0.000000,
        "750" : 0.000000,
        "1000" : 0.000000,
        "2000" : 0.000000,
        ">=2000" : 0.000000
      },
      "latency_depth" : 16,
      "latency_target" : 0,
      "latency_percentile" : 100.000000,
      "latency_window" : 0
    }
  ]
}
