{
  "fio version" : "fio-3.36",
  "timestamp" : 1750860185,
  "timestamp_ms" : 1750860185149,
  "time" : "Wed Jun 25 14:03:05 2025",
  "global options" : {
    "ioengine" : "libaio",
    "direct" : "1",
    "directory" : "/mnt/test"
  },
  "jobs" : [
    {
      "jobname" : "multimedia_test",
      "groupid" : 0,
      "job_start" : 1750860180101,
      "error" : 0,
      "eta" : 0,
      "elapsed" : 6,
      "job options" : {
        "rw" : "read",
        "size" : "4M",
        "numjobs" : "4",
        "runtime" : "5",
        "iodepth" : "64",
        "bssplit" : "128k"
      },
      "read" : {
        "io_bytes" : 2640052224,
        "io_kbytes" : 2578176,
        "bw_bytes" : 527799325,
        "bw" : 515429,
        "iops" : 4026.789284,
        "runtime" : 5002,
        "total_ios" : 20142,
        "short_ios" : 0,
        "drop_ios" : 0,
        "slat_ns" : {
          "min" : 34248,
          "max" : 141732776,
          "mean" : 984413.138814,
          "stddev" : 2390562.628016,
          "N" : 20142
        },
        "clat_ns" : {
          "min" : 7164,
          "max" : 192612039,
          "mean" : 59526662.725002,
          "stddev" : 7241148.071551,
          "N" : 20142,
          "percentile" : {
            "1.000000" : 44826624,
            "5.000000" : 51642368,
            "10.000000" : 53215232,
            "20.000000" : 55836672,
            "30.000000" : 57409536,
            "40.000000" : 58458112,
            "50.000000" : 59506688,
            "60.000000" : 60555264,
            "70.000000" : 61603840,
            "80.000000" : 63176704,
            "90.000000" : 65798144,
            "95.000000" : 68681728,
            "99.000000" : 83361792,
            "99.500000" : 89653248,
            "99.900000" : 98041856,
            "99.950000" : 141557760,
            "99.990000" : 191889408
          }
        },
        "lat_ns" : {
          "min" : 176252,
          "max" : 290061115,
          "mean" : 60511075.863817,
          "stddev" : 7853045.073417,
          "N" : 20142
        },
        "bw_min" : 231680,
        "bw_max" : 560640,
        "bw_agg" : 98.131648,
        "bw_mean" : 505799.111111,
        "bw_dev" : 24932.550083,
        "bw_samples" : 36,
        "iops_min" : 1810,
        "iops_max" : 4380,
        "iops_mean" : 3951.555556,
        "iops_stddev" : 194.785548,
        "iops_samples" : 36
      },
      "write" : {
        "io_bytes" : 0,
        "io_kbytes" : 0,
        "bw_bytes" : 0,
        "bw" : 0,
        "iops" : 0.000000,
        "runtime" : 0,
        "total_ios" : 0,
        "short_ios" : 0,
        "drop_ios" : 0,
        "slat_ns" : {
          "min" : 0,
          "max" : 0,
          "mean" : 0.000000,
          "stddev" : 0.000000,
          "N" : 0
        },
        "clat_ns" : {
          "min" : 0,
          "max" : 0,
          "mean" : 0.000000,
          "stddev" : 0.000000,
          "N" : 0
        },
        "lat_ns" : {
          "min" : 0,
          "max" : 0,
          "mean" : 0.000000,
          "stddev" : 0.000000,
          "N" : 0
        },
        "bw_min" : 0,
        "bw_max" : 0,
        "bw_agg" : 0.000000,
        "bw_mean" : 0.000000,
        "bw_dev" : 0.000000,
        "bw_samples" : 0,
        "iops_min" : 0,
        "iops_max" : 0,
        "iops_mean" : 0.000000,
        "iops_stddev" : 0.000000,
        "iops_samples" : 0
      },
      "trim" : {
        "io_bytes" : 0,
        "io_kbytes" : 0,
        "bw_bytes" : 0,
        "bw" : 0,
        "iops" : 0.000000,
        "runtime" : 0,
        "total_ios" : 0,
        "short_ios" : 0,
        "drop_ios" : 0,
        "slat_ns" : {
          "min" : 0,
          "max" : 0,
          "mean" : 0.000000,
          "stddev" : 0.000000,
          "N" : 0
        },
        "clat_ns" : {
          "min" : 0,
          "max" : 0,
          "mean" : 0.000000,
          "stddev" : 0.000000,
          "N" : 0
        },
        "lat_ns" : {
          "min" : 0,
          "max" : 0,
          "mean" : 0.000000,
          "stddev" : 0.000000,
          "N" : 0
        },
        "bw_min" : 0,
        "bw_max" : 0,
        "bw_agg" : 0.000000,
        "bw_mean" : 0.000000,
        "bw_dev" : 0.000000,
        "bw_samples" : 0,
        "iops_min" : 0,
        "iops_max" : 0,
        "iops_mean" : 0.000000,
        "iops_stddev" : 0.000000,
        "iops_samples" : 0
      },
      "sync" : {
        "total_ios" : 0,
        "lat_ns" : {
          "min" : 0,
          "max" : 0,
          "mean" : 0.000000,
          "stddev" : 0.000000,
          "N" : 0
        }
      },
      "job_runtime" : 20001,
      "usr_cpu" : 1.004950,
      "sys_cpu" : 22.213889,
      "ctx" : 5586,
      "majf" : 0,
      "minf" : 8243,
      "iodepth_level" : {
        "1" : 0.100000,
        "2" : 0.100000,
        "4" : 0.100000,
        "8" : 0.158872,
        "16" : 0.317744,
        "32" : 0.635488,
        ">=64" : 98.748883
      },
      "iodepth_submit" : {
        "0" : 0.000000,
        "4" : 100.000000,
        "8" : 0.000000,
        "16" : 0.000000,
        "32" : 0.000000,
        "64" : 0.000000,
        ">=64" : 0.000000
      },
      "iodepth_complete" : {
        "0" : 0.000000,
        "4" : 99.979893,
        "8" : 0.000000,
        "16" : 0.000000,
        "32" : 0.000000,
        "64" : 0.100000,
        ">=64" : 0.000000
      },
      "latency_ns" : {
        "2" : 0.000000,
        "4" : 0.000000,
        "10" : 0.000000,
        "20" : 0.000000,
        "50" : 0.000000,
        "100" : 0.000000,
        "250" : 0.000000,
        "500" : 0.000000,
        "750" : 0.000000,
        "1000" : 0.000000
      },
      "latency_us" : {
        "2" : 0.000000,
        "4" : 0.000000,
        "10" : 0.010000,
        "20" : 0.010000,
        "50" : 0.000000,
        "100" : 0.000000,
        "250" : 0.010000,
        "500" : 0.010000,
        "750" : 0.010000,
        "1000" : 0.010000
      },
      "latency_ms" : {
        "2" : 0.010000,
        "4" : 0.010000,
        "10" : 0.173766,
        "20" : 0.084401,
        "50" : 2.740542,
        "100" : 96.837454,
        "250" : 0.094330,
        "500" : 0.000000,
        "750" : 0.000000,
        "1000" : 0.000000,
        "2000" : 0.000000,
        ">=2000" : 0.000000
      },
      "latency_depth" : 64,
      "latency_target" : 0,
      "latency_percentile" : 100.000000,
      "latency_window" : 0
    }
  ]
}
