{
  "fio version" : "fio-3.36",
  "timestamp" : 1750541606,
  "timestamp_ms" : 1750541606017,
  "time" : "Sat Jun 21 21:33:26 2025",
  "global options" : {
    "ioengine" : "libaio",
    "direct" : "1",
    "directory" : "/mnt/test"
  },
  "jobs" : [
    {
      "jobname" : "database_test",
      "groupid" : 0,
      "job_start" : 1750541605793,
      "error" : 0,
      "eta" : 2147483647,
      "elapsed" : 1,
      "job options" : {
        "rw" : "randrw",
        "rwmixread" : "70",
        "size" : "1M",
        "numjobs" : "8",
        "runtime" : "60",
        "iodepth" : "16",
        "bssplit" : "4k/80:8k/20"
      },
      "read" : {
        "io_bytes" : 5935104,
        "io_kbytes" : 5796,
        "bw_bytes" : 32256000,
        "bw" : 31500,
        "iops" : 6989.130435,
        "runtime" : 184,
        "total_ios" : 1286,
        "short_ios" : 0,
        "drop_ios" : 0,
        "slat_ns" : {
          "min" : 11223,
          "max" : 18700532,
          "mean" : 840182.828927,
          "stddev" : 1881458.058481,
          "N" : 1286
        },
        "clat_ns" : {
          "min" : 634629,
          "max" : 73991391,
          "mean" : 12338448.404355,
          "stddev" : 9163974.388923,
          "N" : 1286,
          "percentile" : {
            "1.000000" : 1171456,
            "5.000000" : 2179072,
            "10.000000" : 2834432,
            "20.000000" : 4227072,
            "30.000000" : 6127616,
            "40.000000" : 8978432,
            "50.000000" : 10813440,
            "60.000000" : 12910592,
            "70.000000" : 14876672,
            "80.000000" : 19005440,
            "90.000000" : 23461888,
            "95.000000" : 28704768,
            "99.000000" : 45875200,
            "99.500000" : 50069504,
            "99.900000" : 61603840,
            "99.950000" : 73924608,
            "99.990000" : 73924608
          }
        },
        "lat_ns" : {
          "min" : 745419,
          "max" : 74192427,
          "mean" : 13178631.233281,
          "stddev" : 9348692.852221,
          "N" : 1286
        },
        "bw_min" : 0,
        "bw_max" : 0,
        "bw_agg" : 0.000000,
        "bw_mean" : 0.000000,
        "bw_dev" : 0.000000,
        "bw_samples" : 0,
        "iops_min" : 0,
        "iops_max" : 0,
        "iops_mean" : 0.000000,
        "iops_stddev" : 0.000000,
        "iops_samples" : 0
      },
      "write" : {
        "io_bytes" : 2453504,
        "io_kbytes" : 2396,
        "bw_bytes" : 13334260,
        "bw" : 13021,
        "iops" : 2869.565217,
        "runtime" : 184,
        "total_ios" : 528,
        "short_ios" : 0,
        "drop_ios" : 0,
        "slat_ns" : {
          "min" : 20258,
          "max" : 10752357,
          "mean" : 282716.503788,
          "stddev" : 1018821.500552,
          "N" : 528
        },
        "clat_ns" : {
          "min" : 519015,
          "max" : 134670429,
          "mean" : 10852030.460227,
          "stddev" : 11777448.559908,
          "N" : 528,
          "percentile" : {
            "1.000000" : 634880,
            "5.000000" : 1744896,
            "10.000000" : 2473984,
            "20.000000" : 3751936,
            "30.000000" : 4816896,
            "40.000000" : 6782976,
            "50.000000" : 8716288,
            "60.000000" : 10289152,
            "70.000000" : 11862016,
            "80.000000" : 16056320,
            "90.000000" : 21102592,
            "95.000000" : 23724032,
            "99.000000" : 55312384,
            "99.500000" : 101187584,
            "99.900000" : 135266304,
            "99.950000" : 135266304,
            "99.990000" : 135266304
          }
        },
        "lat_ns" : {
          "min" : 614314,
          "max" : 135843550,
          "mean" : 11134746.964015,
          "stddev" : 12125176.277216,
          "N" : 528
        },
        "bw_min" : 0,
        "bw_max" : 0,
        "bw_agg" : 0.000000,
        "bw_mean" : 0.000000,
        "bw_dev" : 0.000000,
        "bw_samples" : 0,
        "iops_min" : 0,
        "iops_max" : 0,
        "iops_mean" : 0.000000,
        "iops_stddev" : 0.000000,
        "iops_samples" : 0
      },
      "trim" : {
        "io_bytes" : 0,
        "io_kbytes" : 0,
        "bw_bytes" : 0,
        "bw" : 0,
        "iops" : 0.000000,
        "runtime" : 0,
        "total_ios" : 0,
        "short_ios" : 0,
        "drop_ios" : 0,
        "slat_ns" : {
          "min" : 0,
          "max" : 0,
          "mean" : 0.000000,
          "stddev" : 0.000000,
          "N" : 0
        },
        "clat_ns" : {
          "min" : 0,
          "max" : 0,
          "mean" : 0.000000,
          "stddev" : 0.000000,
          "N" : 0
        },
        "lat_ns" : {
          "min" : 0,
          "max" : 0,
          "mean" : 0.000000,
          "stddev" : 0.000000,
          "N" : 0
        },
        "bw_min" : 0,
        "bw_max" : 0,
        "bw_agg" : 0.000000,
        "bw_mean" : 0.000000,
        "bw_dev" : 0.000000,
        "bw_samples" : 0,
        "iops_min" : 0,
        "iops_max" : 0,
        "iops_mean" : 0.000000,
        "iops_stddev" : 0.000000,
        "iops_samples" : 0
      },
      "sync" : {
        "total_ios" : 0,
        "lat_ns" : {
          "min" : 0,
          "max" : 0,
          "mean" : 0.000000,
          "stddev" : 0.000000,
          "N" : 0
        }
      },
      "job_runtime" : 1449,
      "usr_cpu" : 1.311249,
      "sys_cpu" : 8.902692,
      "ctx" : 1247,
      "majf" : 0,
      "minf" : 89,
      "iodepth_level" : {
        "1" : 0.441014,
        "2" : 0.882029,
        "4" : 1.764057,
        "8" : 3.528115,
        "16" : 93.384785,
        "32" : 0.000000,
        ">=64" : 0.000000
      },
      "iodepth_submit" : {
        "0" : 0.000000,
        "4" : 100.000000,
        "8" : 0.000000,
        "16" : 0.000000,
        "32" : 0.000000,
        "64" : 0.000000,
        ">=64" : 0.000000
      },
      "iodepth_complete" : {
        "0" : 0.000000,
        "4" : 99.529965,
        "8" : 0.000000,
        "16" : 0.470035,
        "32" : 0.000000,
        "64" : 0.000000,
        ">=64" : 0.000000
      },
      "latency_ns" : {
        "2" : 0.000000,
        "4" : 0.000000,
        "10" : 0.000000,
        "20" : 0.000000,
        "50" : 0.000000,
        "100" : 0.000000,
        "250" : 0.000000,
        "500" : 0.000000,
        "750" : 0.000000,
        "1000" : 0.000000
      },
      "latency_us" : {
        "2" : 0.000000,
        "4" : 0.000000,
        "10" : 0.000000,
        "20" : 0.000000,
        "50" : 0.000000,
        "100" : 0.000000,
        "250" : 0.000000,
        "500" : 0.000000,
        "750" : 0.441014,
        "1000" : 0.606395
      },
      "latency_ms" : {
        "2" : 4.134509,
        "4" : 14.332966,
        "10" : 29.437707,
        "20" : 34.895259,
        "50" : 15.435502,
        "100" : 0.551268,
        "250" : 0.165380,
        "500" : 0.000000,
        "750" : 0.000000,
        "1000" : 0.000000,
        "2000" : 0.000000,
        ">=2000" : 0.000000
      },
      "latency_depth" : 16,
      "latency_target" : 0,
      "latency_percentile" : 100.000000,
      "latency_window" : 0
    }
  ]
}
