{
  "fio version" : "fio-3.36",
  "timestamp" : 1750564127,
  "timestamp_ms" : 1750564127119,
  "time" : "Sun Jun 22 03:48:47 2025",
  "global options" : {
    "ioengine" : "libaio",
    "direct" : "1",
    "directory" : "/mnt/test"
  },
  "jobs" : [
    {
      "jobname" : "database_mysql_innodb_test",
      "groupid" : 0,
      "job_start" : 1750564126997,
      "error" : 0,
      "eta" : 2147483647,
      "elapsed" : 1,
      "job options" : {
        "rw" : "randrw",
        "rwmixread" : "70",
        "size" : "1M",
        "numjobs" : "8",
        "runtime" : "60",
        "iodepth" : "16",
        "bssplit" : "16k"
      },
      "read" : {
        "io_bytes" : 5619712,
        "io_kbytes" : 5488,
        "bw_bytes" : 67707373,
        "bw" : 66120,
        "iops" : 4132.530120,
        "runtime" : 83,
        "total_ios" : 343,
        "short_ios" : 0,
        "drop_ios" : 0,
        "slat_ns" : {
          "min" : 3106,
          "max" : 6662009,
          "mean" : 190444.189504,
          "stddev" : 677557.576321,
          "N" : 343
        },
        "clat_ns" : {
          "min" : 177351,
          "max" : 49444984,
          "mean" : 19977113.510204,
          "stddev" : 12113430.689544,
          "N" : 343,
          "percentile" : {
            "1.000000" : 411648,
            "5.000000" : 3358720,
            "10.000000" : 4292608,
            "20.000000" : 6520832,
            "30.000000" : 11993088,
            "40.000000" : 15138816,
            "50.000000" : 17694720,
            "60.000000" : 24248320,
            "70.000000" : 30801920,
            "80.000000" : 31850496,
            "90.000000" : 34340864,
            "95.000000" : 41156608,
            "99.000000" : 42729472,
            "99.500000" : 44302336,
            "99.900000" : 49545216,
            "99.950000" : 49545216,
            "99.990000" : 49545216
          }
        },
        "lat_ns" : {
          "min" : 184446,
          "max" : 50523992,
          "mean" : 20167557.699708,
          "stddev" : 12124926.320742,
          "N" : 343
        },
        "bw_min" : 0,
        "bw_max" : 0,
        "bw_agg" : 0.000000,
        "bw_mean" : 0.000000,
        "bw_dev" : 0.000000,
        "bw_samples" : 0,
        "iops_min" : 0,
        "iops_max" : 0,
        "iops_mean" : 0.000000,
        "iops_stddev" : 0.000000,
        "iops_samples" : 0
      },
      "write" : {
        "io_bytes" : 2768896,
        "io_kbytes" : 2704,
        "bw_bytes" : 33360192,
        "bw" : 32578,
        "iops" : 2036.144578,
        "runtime" : 83,
        "total_ios" : 169,
        "short_ios" : 0,
        "drop_ios" : 0,
        "slat_ns" : {
          "min" : 5543,
          "max" : 5126771,
          "mean" : 92360.727811,
          "stddev" : 436403.491791,
          "N" : 169
        },
        "clat_ns" : {
          "min" : 429860,
          "max" : 32821819,
          "mean" : 19678324.278107,
          "stddev" : 10444677.312677,
          "N" : 169,
          "percentile" : {
            "1.000000" : 509952,
            "5.000000" : 1646592,
            "10.000000" : 3194880,
            "20.000000" : 5275648,
            "30.000000" : 15663104,
            "40.000000" : 19529728,
            "50.000000" : 23461888,
            "60.000000" : 23724032,
            "70.000000" : 28180480,
            "80.000000" : 30277632,
            "90.000000" : 31588352,
            "95.000000" : 32112640,
            "99.000000" : 32899072,
            "99.500000" : 32899072,
            "99.900000" : 32899072,
            "99.950000" : 32899072,
            "99.990000" : 32899072
          }
        },
        "lat_ns" : {
          "min" : 470769,
          "max" : 32883933,
          "mean" : 19770685.005917,
          "stddev" : 10433078.951229,
          "N" : 169
        },
        "bw_min" : 0,
        "bw_max" : 0,
        "bw_agg" : 0.000000,
        "bw_mean" : 0.000000,
        "bw_dev" : 0.000000,
        "bw_samples" : 0,
        "iops_min" : 0,
        "iops_max" : 0,
        "iops_mean" : 0.000000,
        "iops_stddev" : 0.000000,
        "iops_samples" : 0
      },
      "trim" : {
        "io_bytes" : 0,
        "io_kbytes" : 0,
        "bw_bytes" : 0,
        "bw" : 0,
        "iops" : 0.000000,
        "runtime" : 0,
        "total_ios" : 0,
        "short_ios" : 0,
        "drop_ios" : 0,
        "slat_ns" : {
          "min" : 0,
          "max" : 0,
          "mean" : 0.000000,
          "stddev" : 0.000000,
          "N" : 0
        },
        "clat_ns" : {
          "min" : 0,
          "max" : 0,
          "mean" : 0.000000,
          "stddev" : 0.000000,
          "N" : 0
        },
        "lat_ns" : {
          "min" : 0,
          "max" : 0,
          "mean" : 0.000000,
          "stddev" : 0.000000,
          "N" : 0
        },
        "bw_min" : 0,
        "bw_max" : 0,
        "bw_agg" : 0.000000,
        "bw_mean" : 0.000000,
        "bw_dev" : 0.000000,
        "bw_samples" : 0,
        "iops_min" : 0,
        "iops_max" : 0,
        "iops_mean" : 0.000000,
        "iops_stddev" : 0.000000,
        "iops_samples" : 0
      },
      "sync" : {
        "total_ios" : 0,
        "lat_ns" : {
          "min" : 0,
          "max" : 0,
          "mean" : 0.000000,
          "stddev" : 0.000000,
          "N" : 0
        }
      },
      "job_runtime" : 649,
      "usr_cpu" : 0.308166,
      "sys_cpu" : 2.773498,
      "ctx" : 334,
      "majf" : 0,
      "minf" : 109,
      "iodepth_level" : {
        "1" : 1.562500,
        "2" : 3.125000,
        "4" : 6.250000,
        "8" : 12.500000,
        "16" : 76.562500,
        "32" : 0.000000,
        ">=64" : 0.000000
      },
      "iodepth_submit" : {
        "0" : 0.000000,
        "4" : 100.000000,
        "8" : 0.000000,
        "16" : 0.000000,
        "32" : 0.000000,
        "64" : 0.000000,
        ">=64" : 0.000000
      },
      "iodepth_complete" : {
        "0" : 0.000000,
        "4" : 98.000000,
        "8" : 0.000000,
        "16" : 2.000000,
        "32" : 0.000000,
        "64" : 0.000000,
        ">=64" : 0.000000
      },
      "latency_ns" : {
        "2" : 0.000000,
        "4" : 0.000000,
        "10" : 0.000000,
        "20" : 0.000000,
        "50" : 0.000000,
        "100" : 0.000000,
        "250" : 0.000000,
        "500" : 0.000000,
        "750" : 0.000000,
        "1000" : 0.000000
      },
      "latency_us" : {
        "2" : 0.000000,
        "4" : 0.000000,
        "10" : 0.000000,
        "20" : 0.000000,
        "50" : 0.000000,
        "100" : 0.000000,
        "250" : 0.390625,
        "500" : 0.781250,
        "750" : 1.171875,
        "1000" : 0.976562
      },
      "latency_ms" : {
        "2" : 1.171875,
        "4" : 5.078125,
        "10" : 17.382812,
        "20" : 23.242188,
        "50" : 49.804688,
        "100" : 0.000000,
        "250" : 0.000000,
        "500" : 0.000000,
        "750" : 0.000000,
        "1000" : 0.000000,
        "2000" : 0.000000,
        ">=2000" : 0.000000
      },
      "latency_depth" : 16,
      "latency_target" : 0,
      "latency_percentile" : 100.000000,
      "latency_window" : 0
    }
  ]
}
