{
  "fio version" : "fio-3.36",
  "timestamp" : 1750552124,
  "timestamp_ms" : 1750552124935,
  "time" : "Sun Jun 22 00:28:44 2025",
  "global options" : {
    "ioengine" : "libaio",
    "direct" : "1",
    "directory" : "/mnt/test"
  },
  "jobs" : [
    {
      "jobname" : "webserver_test",
      "groupid" : 0,
      "job_start" : 1750552123098,
      "error" : 0,
      "eta" : 2147483647,
      "elapsed" : 2,
      "job options" : {
        "rw" : "randread",
        "size" : "2M",
        "numjobs" : "16",
        "runtime" : "120",
        "iodepth" : "32",
        "bssplit" : "4k/90:8k/10"
      },
      "read" : {
        "io_bytes" : 33554432,
        "io_kbytes" : 32768,
        "bw_bytes" : 18600017,
        "bw" : 18164,
        "iops" : 4282.150776,
        "runtime" : 1804,
        "total_ios" : 7725,
        "short_ios" : 0,
        "drop_ios" : 0,
        "slat_ns" : {
          "min" : 5300,
          "max" : 244334266,
          "mean" : 3414681.414239,
          "stddev" : 7834242.961521,
          "N" : 7725
        },
        "clat_ns" : {
          "min" : 387381,
          "max" : 545845005,
          "mean" : 108359834.578382,
          "stddev" : 60606688.001168,
          "N" : 7725,
          "percentile" : {
            "1.000000" : 5996544,
            "5.000000" : 34865152,
            "10.000000" : 42729472,
            "20.000000" : 57409536,
            "30.000000" : 69730304,
            "40.000000" : 83361792,
            "50.000000" : 98041856,
            "60.000000" : 111673344,
            "70.000000" : 129499136,
            "80.000000" : 154140672,
            "90.000000" : 187695104,
            "95.000000" : 217055232,
            "99.000000" : 291504128,
            "99.500000" : 341835776,
            "99.900000" : 408944640,
            "99.950000" : 442499072,
            "99.990000" : 549453824
          }
        },
        "lat_ns" : {
          "min" : 403506,
          "max" : 556012012,
          "mean" : 111774515.992621,
          "stddev" : 61797798.379113,
          "N" : 7725
        },
        "bw_min" : 14865,
        "bw_max" : 20968,
        "bw_agg" : 98.727824,
        "bw_mean" : 17933.666667,
        "bw_dev" : 189.101039,
        "bw_samples" : 47,
        "iops_min" : 3492,
        "iops_max" : 4922,
        "iops_mean" : 4203.666667,
        "iops_stddev" : 44.684238,
        "iops_samples" : 47
      },
      "write" : {
        "io_bytes" : 0,
        "io_kbytes" : 0,
        "bw_bytes" : 0,
        "bw" : 0,
        "iops" : 0.000000,
        "runtime" : 0,
        "total_ios" : 0,
        "short_ios" : 0,
        "drop_ios" : 0,
        "slat_ns" : {
          "min" : 0,
          "max" : 0,
          "mean" : 0.000000,
          "stddev" : 0.000000,
          "N" : 0
        },
        "clat_ns" : {
          "min" : 0,
          "max" : 0,
          "mean" : 0.000000,
          "stddev" : 0.000000,
          "N" : 0
        },
        "lat_ns" : {
          "min" : 0,
          "max" : 0,
          "mean" : 0.000000,
          "stddev" : 0.000000,
          "N" : 0
        },
        "bw_min" : 0,
        "bw_max" : 0,
        "bw_agg" : 0.000000,
        "bw_mean" : 0.000000,
        "bw_dev" : 0.000000,
        "bw_samples" : 0,
        "iops_min" : 0,
        "iops_max" : 0,
        "iops_mean" : 0.000000,
        "iops_stddev" : 0.000000,
        "iops_samples" : 0
      },
      "trim" : {
        "io_bytes" : 0,
        "io_kbytes" : 0,
        "bw_bytes" : 0,
        "bw" : 0,
        "iops" : 0.000000,
        "runtime" : 0,
        "total_ios" : 0,
        "short_ios" : 0,
        "drop_ios" : 0,
        "slat_ns" : {
          "min" : 0,
          "max" : 0,
          "mean" : 0.000000,
          "stddev" : 0.000000,
          "N" : 0
        },
        "clat_ns" : {
          "min" : 0,
          "max" : 0,
          "mean" : 0.000000,
          "stddev" : 0.000000,
          "N" : 0
        },
        "lat_ns" : {
          "min" : 0,
          "max" : 0,
          "mean" : 0.000000,
          "stddev" : 0.000000,
          "N" : 0
        },
        "bw_min" : 0,
        "bw_max" : 0,
        "bw_agg" : 0.000000,
        "bw_mean" : 0.000000,
        "bw_dev" : 0.000000,
        "bw_samples" : 0,
        "iops_min" : 0,
        "iops_max" : 0,
        "iops_mean" : 0.000000,
        "iops_stddev" : 0.000000,
        "iops_samples" : 0
      },
      "sync" : {
        "total_ios" : 0,
        "lat_ns" : {
          "min" : 0,
          "max" : 0,
          "mean" : 0.000000,
          "stddev" : 0.000000,
          "N" : 0
        }
      },
      "job_runtime" : 27447,
      "usr_cpu" : 0.313331,
      "sys_cpu" : 2.029366,
      "ctx" : 7583,
      "majf" : 0,
      "minf" : 970,
      "iodepth_level" : {
        "1" : 0.207120,
        "2" : 0.414239,
        "4" : 0.828479,
        "8" : 1.656958,
        "16" : 3.313916,
        "32" : 93.579288,
        ">=64" : 0.000000
      },
      "iodepth_submit" : {
        "0" : 0.000000,
        "4" : 100.000000,
        "8" : 0.000000,
        "16" : 0.000000,
        "32" : 0.000000,
        "64" : 0.000000,
        ">=64" : 0.000000
      },
      "iodepth_complete" : {
        "0" : 0.000000,
        "4" : 99.779158,
        "8" : 0.000000,
        "16" : 0.000000,
        "32" : 0.220842,
        "64" : 0.000000,
        ">=64" : 0.000000
      },
      "latency_ns" : {
        "2" : 0.000000,
        "4" : 0.000000,
        "10" : 0.000000,
        "20" : 0.000000,
        "50" : 0.000000,
        "100" : 0.000000,
        "250" : 0.000000,
        "500" : 0.000000,
        "750" : 0.000000,
        "1000" : 0.000000
      },
      "latency_us" : {
        "2" : 0.000000,
        "4" : 0.000000,
        "10" : 0.000000,
        "20" : 0.000000,
        "50" : 0.000000,
        "100" : 0.000000,
        "250" : 0.000000,
        "500" : 0.038835,
        "750" : 0.207120,
        "1000" : 0.025890
      },
      "latency_ms" : {
        "2" : 0.012945,
        "4" : 0.517799,
        "10" : 0.401294,
        "20" : 0.776699,
        "50" : 12.763754,
        "100" : 36.906149,
        "250" : 45.799353,
        "500" : 2.537217,
        "750" : 0.012945,
        "1000" : 0.000000,
        "2000" : 0.000000,
        ">=2000" : 0.000000
      },
      "latency_depth" : 32,
      "latency_target" : 0,
      "latency_percentile" : 100.000000,
      "latency_window" : 0
    }
  ]
}
