{
  "fio version" : "fio-3.36",
  "timestamp" : 1748737891,
  "timestamp_ms" : 1748737891054,
  "time" : "Sun Jun  1 00:31:31 2025",
  "global options" : {
    "ioengine" : "libaio",
    "direct" : "1",
    "directory" : "/mnt/test",
    "buffer_compress_percentage" : "70",
    "buffer_pattern" : "0xdeadbeef"
  },
  "jobs" : [
    {
      "jobname" : "webserver_test",
      "groupid" : 0,
      "job_start" : 1748737788500,
      "error" : 0,
      "eta" : 0,
      "elapsed" : 103,
      "job options" : {
        "rw" : "randread",
        "size" : "2G",
        "numjobs" : "16",
        "runtime" : "120",
        "iodepth" : "32",
        "bssplit" : "4k/90:8k/10"
      },
      "read" : {
        "io_bytes" : 34359738368,
        "io_kbytes" : 33554432,
        "bw_bytes" : 335151564,
        "bw" : 327296,
        "iops" : 76837.241514,
        "runtime" : 102520,
        "total_ios" : 7877354,
        "short_ios" : 0,
        "drop_ios" : 0,
        "slat_ns" : {
          "min" : 1804,
          "max" : 37781770,
          "mean" : 206314.005966,
          "stddev" : 190222.862180,
          "N" : 7877354
        },
        "clat_ns" : {
          "min" : 155646,
          "max" : 87205324,
          "mean" : 6440456.259809,
          "stddev" : 1356025.280651,
          "N" : 7877354,
          "percentile" : {
            "1.000000" : 2506752,
            "5.000000" : 4489216,
            "10.000000" : 5079040,
            "20.000000" : 5603328,
            "30.000000" : 5931008,
            "40.000000" : 6193152,
            "50.000000" : 6455296,
            "60.000000" : 6717440,
            "70.000000" : 6979584,
            "80.000000" : 7372800,
            "90.000000" : 7831552,
            "95.000000" : 8290304,
            "99.000000" : 9240576,
            "99.500000" : 9764864,
            "99.900000" : 11206656,
            "99.950000" : 12386304,
            "99.990000" : 20578304
          }
        },
        "lat_ns" : {
          "min" : 161282,
          "max" : 87390159,
          "mean" : 6646770.265775,
          "stddev" : 1390477.277751,
          "N" : 7877354
        },
        "bw_min" : 271856,
        "bw_max" : 389480,
        "bw_agg" : 99.996502,
        "bw_mean" : 327285.298102,
        "bw_dev" : 821.630230,
        "bw_samples" : 3262,
        "iops_min" : 63684,
        "iops_max" : 92196,
        "iops_mean" : 76824.445909,
        "iops_stddev" : 200.480464,
        "iops_samples" : 3262
      },
      "write" : {
        "io_bytes" : 0,
        "io_kbytes" : 0,
        "bw_bytes" : 0,
        "bw" : 0,
        "iops" : 0.000000,
        "runtime" : 0,
        "total_ios" : 0,
        "short_ios" : 0,
        "drop_ios" : 0,
        "slat_ns" : {
          "min" : 0,
          "max" : 0,
          "mean" : 0.000000,
          "stddev" : 0.000000,
          "N" : 0
        },
        "clat_ns" : {
          "min" : 0,
          "max" : 0,
          "mean" : 0.000000,
          "stddev" : 0.000000,
          "N" : 0
        },
        "lat_ns" : {
          "min" : 0,
          "max" : 0,
          "mean" : 0.000000,
          "stddev" : 0.000000,
          "N" : 0
        },
        "bw_min" : 0,
        "bw_max" : 0,
        "bw_agg" : 0.000000,
        "bw_mean" : 0.000000,
        "bw_dev" : 0.000000,
        "bw_samples" : 0,
        "iops_min" : 0,
        "iops_max" : 0,
        "iops_mean" : 0.000000,
        "iops_stddev" : 0.000000,
        "iops_samples" : 0
      },
      "trim" : {
        "io_bytes" : 0,
        "io_kbytes" : 0,
        "bw_bytes" : 0,
        "bw" : 0,
        "iops" : 0.000000,
        "runtime" : 0,
        "total_ios" : 0,
        "short_ios" : 0,
        "drop_ios" : 0,
        "slat_ns" : {
          "min" : 0,
          "max" : 0,
          "mean" : 0.000000,
          "stddev" : 0.000000,
          "N" : 0
        },
        "clat_ns" : {
          "min" : 0,
          "max" : 0,
          "mean" : 0.000000,
          "stddev" : 0.000000,
          "N" : 0
        },
        "lat_ns" : {
          "min" : 0,
          "max" : 0,
          "mean" : 0.000000,
          "stddev" : 0.000000,
          "N" : 0
        },
        "bw_min" : 0,
        "bw_max" : 0,
        "bw_agg" : 0.000000,
        "bw_mean" : 0.000000,
        "bw_dev" : 0.000000,
        "bw_samples" : 0,
        "iops_min" : 0,
        "iops_max" : 0,
        "iops_mean" : 0.000000,
        "iops_stddev" : 0.000000,
        "iops_samples" : 0
      },
      "sync" : {
        "total_ios" : 0,
        "lat_ns" : {
          "min" : 0,
          "max" : 0,
          "mean" : 0.000000,
          "stddev" : 0.000000,
          "N" : 0
        }
      },
      "job_runtime" : 1636436,
      "usr_cpu" : 0.696147,
      "sys_cpu" : 4.025578,
      "ctx" : 7871918,
      "majf" : 0,
      "minf" : 1188,
      "iodepth_level" : {
        "1" : 0.100000,
        "2" : 0.100000,
        "4" : 0.100000,
        "8" : 0.100000,
        "16" : 0.100000,
        "32" : 99.993703,
        ">=64" : 0.000000
      },
      "iodepth_submit" : {
        "0" : 0.000000,
        "4" : 100.000000,
        "8" : 0.000000,
        "16" : 0.000000,
        "32" : 0.000000,
        "64" : 0.000000,
        ">=64" : 0.000000
      },
      "iodepth_complete" : {
        "0" : 0.000000,
        "4" : 99.999797,
        "8" : 0.000000,
        "16" : 0.000000,
        "32" : 0.100000,
        "64" : 0.000000,
        ">=64" : 0.000000
      },
      "latency_ns" : {
        "2" : 0.000000,
        "4" : 0.000000,
        "10" : 0.000000,
        "20" : 0.000000,
        "50" : 0.000000,
        "100" : 0.000000,
        "250" : 0.000000,
        "500" : 0.000000,
        "750" : 0.000000,
        "1000" : 0.000000
      },
      "latency_us" : {
        "2" : 0.000000,
        "4" : 0.000000,
        "10" : 0.000000,
        "20" : 0.000000,
        "50" : 0.000000,
        "100" : 0.000000,
        "250" : 0.010905,
        "500" : 0.042311,
        "750" : 0.024132,
        "1000" : 0.032460
      },
      "latency_ms" : {
        "2" : 0.431477,
        "4" : 2.794695,
        "10" : 96.328704,
        "20" : 0.324881,
        "50" : 0.010000,
        "100" : 0.010000,
        "250" : 0.000000,
        "500" : 0.000000,
        "750" : 0.000000,
        "1000" : 0.000000,
        "2000" : 0.000000,
        ">=2000" : 0.000000
      },
      "latency_depth" : 32,
      "latency_target" : 0,
      "latency_percentile" : 100.000000,
      "latency_window" : 0
    }
  ]
}
