{
  "fio version" : "fio-3.36",
  "timestamp" : 1751223809,
  "timestamp_ms" : 1751223809789,
  "time" : "Sun Jun 29 19:03:29 2025",
  "global options" : {
    "ioengine" : "libaio",
    "direct" : "1",
    "directory" : "/mnt/test"
  },
  "jobs" : [
    {
      "jobname" : "database_test",
      "groupid" : 0,
      "job_start" : 1751223804751,
      "error" : 0,
      "eta" : 0,
      "elapsed" : 6,
      "job options" : {
        "rw" : "randrw",
        "rwmixread" : "70",
        "size" : "1M",
        "numjobs" : "8",
        "runtime" : "5",
        "iodepth" : "16",
        "bssplit" : "4k/80:8k/20"
      },
      "read" : {
        "io_bytes" : 1554169856,
        "io_kbytes" : 1517744,
        "bw_bytes" : 310709687,
        "bw" : 303427,
        "iops" : 67040.983607,
        "runtime" : 5002,
        "total_ios" : 335339,
        "short_ios" : 0,
        "drop_ios" : 0,
        "slat_ns" : {
          "min" : 1914,
          "max" : 8774502,
          "mean" : 65435.995652,
          "stddev" : 250196.462864,
          "N" : 335339
        },
        "clat_ns" : {
          "min" : 2175,
          "max" : 15385239,
          "mean" : 1250953.128276,
          "stddev" : 1141034.276283,
          "N" : 335339,
          "percentile" : {
            "1.000000" : 59136,
            "5.000000" : 70144,
            "10.000000" : 79360,
            "20.000000" : 102912,
            "30.000000" : 342016,
            "40.000000" : 774144,
            "50.000000" : 1122304,
            "60.000000" : 1318912,
            "70.000000" : 1662976,
            "80.000000" : 2113536,
            "90.000000" : 2736128,
            "95.000000" : 3358720,
            "99.000000" : 4751360,
            "99.500000" : 5472256,
            "99.900000" : 8028160,
            "99.950000" : 9371648,
            "99.990000" : 11468800
          }
        },
        "lat_ns" : {
          "min" : 49193,
          "max" : 16423990,
          "mean" : 1316389.123928,
          "stddev" : 1175598.246298,
          "N" : 335339
        },
        "bw_min" : 242056,
        "bw_max" : 351536,
        "bw_agg" : 99.834745,
        "bw_mean" : 302926.666667,
        "bw_dev" : 4300.257176,
        "bw_samples" : 72,
        "iops_min" : 53594,
        "iops_max" : 77632,
        "iops_mean" : 66946.222222,
        "iops_stddev" : 946.510931,
        "iops_samples" : 72
      },
      "write" : {
        "io_bytes" : 668700672,
        "io_kbytes" : 653028,
        "bw_bytes" : 133686659,
        "bw" : 130553,
        "iops" : 28800.079968,
        "runtime" : 5002,
        "total_ios" : 144058,
        "short_ios" : 0,
        "drop_ios" : 0,
        "slat_ns" : {
          "min" : 3209,
          "max" : 8629257,
          "mean" : 119868.162990,
          "stddev" : 328956.297524,
          "N" : 144058
        },
        "clat_ns" : {
          "min" : 2005,
          "max" : 16193488,
          "mean" : 1255220.123686,
          "stddev" : 1144246.177792,
          "N" : 144058,
          "percentile" : {
            "1.000000" : 59648,
            "5.000000" : 71168,
            "10.000000" : 79360,
            "20.000000" : 102912,
            "30.000000" : 329728,
            "40.000000" : 774144,
            "50.000000" : 1122304,
            "60.000000" : 1318912,
            "70.000000" : 1679360,
            "80.000000" : 2113536,
            "90.000000" : 2768896,
            "95.000000" : 3358720,
            "99.000000" : 4751360,
            "99.500000" : 5406720,
            "99.900000" : 7897088,
            "99.950000" : 9371648,
            "99.990000" : 12124160
          }
        },
        "lat_ns" : {
          "min" : 49402,
          "max" : 16204635,
          "mean" : 1375088.286676,
          "stddev" : 1201275.987016,
          "N" : 144058
        },
        "bw_min" : 102792,
        "bw_max" : 149643,
        "bw_agg" : 99.936901,
        "bw_mean" : 130471.222222,
        "bw_dev" : 1836.362401,
        "bw_samples" : 72,
        "iops_min" : 22770,
        "iops_max" : 33102,
        "iops_mean" : 28775.777778,
        "iops_stddev" : 410.171429,
        "iops_samples" : 72
      },
      "trim" : {
        "io_bytes" : 0,
        "io_kbytes" : 0,
        "bw_bytes" : 0,
        "bw" : 0,
        "iops" : 0.000000,
        "runtime" : 0,
        "total_ios" : 0,
        "short_ios" : 0,
        "drop_ios" : 0,
        "slat_ns" : {
          "min" : 0,
          "max" : 0,
          "mean" : 0.000000,
          "stddev" : 0.000000,
          "N" : 0
        },
        "clat_ns" : {
          "min" : 0,
          "max" : 0,
          "mean" : 0.000000,
          "stddev" : 0.000000,
          "N" : 0
        },
        "lat_ns" : {
          "min" : 0,
          "max" : 0,
          "mean" : 0.000000,
          "stddev" : 0.000000,
          "N" : 0
        },
        "bw_min" : 0,
        "bw_max" : 0,
        "bw_agg" : 0.000000,
        "bw_mean" : 0.000000,
        "bw_dev" : 0.000000,
        "bw_samples" : 0,
        "iops_min" : 0,
        "iops_max" : 0,
        "iops_mean" : 0.000000,
        "iops_stddev" : 0.000000,
        "iops_samples" : 0
      },
      "sync" : {
        "total_ios" : 0,
        "lat_ns" : {
          "min" : 0,
          "max" : 0,
          "mean" : 0.000000,
          "stddev" : 0.000000,
          "N" : 0
        }
      },
      "job_runtime" : 40003,
      "usr_cpu" : 1.992351,
      "sys_cpu" : 10.574207,
      "ctx" : 42384,
      "majf" : 0,
      "minf" : 100,
      "iodepth_level" : {
        "1" : 0.100000,
        "2" : 0.100000,
        "4" : 0.100000,
        "8" : 0.100000,
        "16" : 99.974969,
        "32" : 0.000000,
        ">=64" : 0.000000
      },
      "iodepth_submit" : {
        "0" : 0.000000,
        "4" : 100.000000,
        "8" : 0.000000,
        "16" : 0.000000,
        "32" : 0.000000,
        "64" : 0.000000,
        ">=64" : 0.000000
      },
      "iodepth_complete" : {
        "0" : 0.000000,
        "4" : 99.998331,
        "8" : 0.000000,
        "16" : 0.100000,
        "32" : 0.000000,
        "64" : 0.000000,
        ">=64" : 0.000000
      },
      "latency_ns" : {
        "2" : 0.000000,
        "4" : 0.000000,
        "10" : 0.000000,
        "20" : 0.000000,
        "50" : 0.000000,
        "100" : 0.000000,
        "250" : 0.000000,
        "500" : 0.000000,
        "750" : 0.000000,
        "1000" : 0.000000
      },
      "latency_us" : {
        "2" : 0.000000,
        "4" : 0.010000,
        "10" : 0.000000,
        "20" : 0.000000,
        "50" : 0.021903,
        "100" : 19.151976,
        "250" : 8.612069,
        "500" : 3.799982,
        "750" : 6.973344,
        "1000" : 7.867801
      },
      "latency_ms" : {
        "2" : 31.739873,
        "4" : 19.505546,
        "10" : 2.297678,
        "20" : 0.028160,
        "50" : 0.000000,
        "100" : 0.000000,
        "250" : 0.000000,
        "500" : 0.000000,
        "750" : 0.000000,
        "1000" : 0.000000,
        "2000" : 0.000000,
        ">=2000" : 0.000000
      },
      "latency_depth" : 16,
      "latency_target" : 0,
      "latency_percentile" : 100.000000,
      "latency_window" : 0
    }
  ]
}
