{
  "fio version" : "fio-3.36",
  "timestamp" : 1751256749,
  "timestamp_ms" : 1751256749170,
  "time" : "Mon Jun 30 04:12:29 2025",
  "global options" : {
    "ioengine" : "libaio",
    "direct" : "0",
    "directory" : "/mnt/test"
  },
  "jobs" : [
    {
      "jobname" : "database_mysql_innodb_test",
      "groupid" : 0,
      "job_start" : 1751256744121,
      "error" : 0,
      "eta" : 0,
      "elapsed" : 6,
      "job options" : {
        "rw" : "randrw",
        "rwmixread" : "70",
        "size" : "1M",
        "numjobs" : "8",
        "runtime" : "5",
        "iodepth" : "16",
        "bssplit" : "16k"
      },
      "read" : {
        "io_bytes" : 2166095872,
        "io_kbytes" : 2115328,
        "bw_bytes" : 433132547,
        "bw" : 422981,
        "iops" : 26436.312737,
        "runtime" : 5001,
        "total_ios" : 132208,
        "short_ios" : 0,
        "drop_ios" : 0,
        "slat_ns" : {
          "min" : 1336,
          "max" : 10499990,
          "mean" : 240484.574527,
          "stddev" : 332491.294796,
          "N" : 132208
        },
        "clat_ns" : {
          "min" : 7964,
          "max" : 16137149,
          "mean" : 3171829.530301,
          "stddev" : 1470050.912597,
          "N" : 132208,
          "percentile" : {
            "1.000000" : 1220608,
            "5.000000" : 1712128,
            "10.000000" : 1990656,
            "20.000000" : 2277376,
            "30.000000" : 2473984,
            "40.000000" : 2637824,
            "50.000000" : 2834432,
            "60.000000" : 3031040,
            "70.000000" : 3293184,
            "80.000000" : 3850240,
            "90.000000" : 4620288,
            "95.000000" : 5275648,
            "99.000000" : 9633792,
            "99.500000" : 10682368,
            "99.900000" : 13697024,
            "99.950000" : 14352384,
            "99.990000" : 15532032
          }
        },
        "lat_ns" : {
          "min" : 45764,
          "max" : 16301398,
          "mean" : 3412314.104827,
          "stddev" : 1514908.338255,
          "N" : 132208
        },
        "bw_min" : 396672,
        "bw_max" : 560000,
        "bw_agg" : 100.000000,
        "bw_mean" : 425518.222222,
        "bw_dev" : 6270.725430,
        "bw_samples" : 72,
        "iops_min" : 24792,
        "iops_max" : 35000,
        "iops_mean" : 26594.888889,
        "iops_stddev" : 391.920339,
        "iops_samples" : 72
      },
      "write" : {
        "io_bytes" : 930185216,
        "io_kbytes" : 908384,
        "bw_bytes" : 185999843,
        "bw" : 181640,
        "iops" : 11352.529494,
        "runtime" : 5001,
        "total_ios" : 56774,
        "short_ios" : 0,
        "drop_ios" : 0,
        "slat_ns" : {
          "min" : 3826,
          "max" : 6023899,
          "mean" : 36076.369377,
          "stddev" : 43970.130279,
          "N" : 56774
        },
        "clat_ns" : {
          "min" : 44044,
          "max" : 15853867,
          "mean" : 3173333.526949,
          "stddev" : 1496632.377527,
          "N" : 56774,
          "percentile" : {
            "1.000000" : 1236992,
            "5.000000" : 1695744,
            "10.000000" : 1974272,
            "20.000000" : 2277376,
            "30.000000" : 2473984,
            "40.000000" : 2637824,
            "50.000000" : 2801664,
            "60.000000" : 2998272,
            "70.000000" : 3293184,
            "80.000000" : 3850240,
            "90.000000" : 4685824,
            "95.000000" : 5341184,
            "99.000000" : 9764864,
            "99.500000" : 10682368,
            "99.900000" : 13565952,
            "99.950000" : 14221312,
            "99.990000" : 15532032
          }
        },
        "lat_ns" : {
          "min" : 48455,
          "max" : 15894486,
          "mean" : 3209409.896326,
          "stddev" : 1499992.532391,
          "N" : 56774
        },
        "bw_min" : 163392,
        "bw_max" : 244640,
        "bw_agg" : 100.000000,
        "bw_mean" : 182833.777778,
        "bw_dev" : 3020.962580,
        "bw_samples" : 72,
        "iops_min" : 10212,
        "iops_max" : 15290,
        "iops_mean" : 11427.111111,
        "iops_stddev" : 188.810161,
        "iops_samples" : 72
      },
      "trim" : {
        "io_bytes" : 0,
        "io_kbytes" : 0,
        "bw_bytes" : 0,
        "bw" : 0,
        "iops" : 0.000000,
        "runtime" : 0,
        "total_ios" : 0,
        "short_ios" : 0,
        "drop_ios" : 0,
        "slat_ns" : {
          "min" : 0,
          "max" : 0,
          "mean" : 0.000000,
          "stddev" : 0.000000,
          "N" : 0
        },
        "clat_ns" : {
          "min" : 0,
          "max" : 0,
          "mean" : 0.000000,
          "stddev" : 0.000000,
          "N" : 0
        },
        "lat_ns" : {
          "min" : 0,
          "max" : 0,
          "mean" : 0.000000,
          "stddev" : 0.000000,
          "N" : 0
        },
        "bw_min" : 0,
        "bw_max" : 0,
        "bw_agg" : 0.000000,
        "bw_mean" : 0.000000,
        "bw_dev" : 0.000000,
        "bw_samples" : 0,
        "iops_min" : 0,
        "iops_max" : 0,
        "iops_mean" : 0.000000,
        "iops_stddev" : 0.000000,
        "iops_samples" : 0
      },
      "sync" : {
        "total_ios" : 0,
        "lat_ns" : {
          "min" : 0,
          "max" : 0,
          "mean" : 0.000000,
          "stddev" : 0.000000,
          "N" : 0
        }
      },
      "job_runtime" : 40000,
      "usr_cpu" : 4.082500,
      "sys_cpu" : 34.712500,
      "ctx" : 151010,
      "majf" : 0,
      "minf" : 112,
      "iodepth_level" : {
        "1" : 0.100000,
        "2" : 0.100000,
        "4" : 0.100000,
        "8" : 0.100000,
        "16" : 99.936502,
        "32" : 0.000000,
        ">=64" : 0.000000
      },
      "iodepth_submit" : {
        "0" : 0.000000,
        "4" : 100.000000,
        "8" : 0.000000,
        "16" : 0.000000,
        "32" : 0.000000,
        "64" : 0.000000,
        ">=64" : 0.000000
      },
      "iodepth_complete" : {
        "0" : 0.000000,
        "4" : 99.995764,
        "8" : 0.000000,
        "16" : 0.100000,
        "32" : 0.000000,
        "64" : 0.000000,
        ">=64" : 0.000000
      },
      "latency_ns" : {
        "2" : 0.000000,
        "4" : 0.000000,
        "10" : 0.000000,
        "20" : 0.000000,
        "50" : 0.000000,
        "100" : 0.000000,
        "250" : 0.000000,
        "500" : 0.000000,
        "750" : 0.000000,
        "1000" : 0.000000
      },
      "latency_us" : {
        "2" : 0.000000,
        "4" : 0.000000,
        "10" : 0.010000,
        "20" : 0.010000,
        "50" : 0.012700,
        "100" : 0.187849,
        "250" : 0.010000,
        "500" : 0.011112,
        "750" : 0.032807,
        "1000" : 0.162978
      },
      "latency_ms" : {
        "2" : 9.933750,
        "4" : 71.667672,
        "10" : 17.186293,
        "20" : 0.799018,
        "50" : 0.000000,
        "100" : 0.000000,
        "250" : 0.000000,
        "500" : 0.000000,
        "750" : 0.000000,
        "1000" : 0.000000,
        "2000" : 0.000000,
        ">=2000" : 0.000000
      },
      "latency_depth" : 16,
      "latency_target" : 0,
      "latency_percentile" : 100.000000,
      "latency_window" : 0
    }
  ]
}
