{
  "fio version" : "fio-3.36",
  "timestamp" : 1751208261,
  "timestamp_ms" : 1751208261197,
  "time" : "Sun Jun 29 14:44:21 2025",
  "global options" : {
    "ioengine" : "libaio",
    "direct" : "0",
    "directory" : "/mnt/test"
  },
  "jobs" : [
    {
      "jobname" : "archive_test",
      "groupid" : 0,
      "job_start" : 1751208256093,
      "error" : 0,
      "eta" : 0,
      "elapsed" : 6,
      "job options" : {
        "rw" : "write",
        "size" : "10M",
        "numjobs" : "2",
        "runtime" : "5",
        "iodepth" : "128",
        "bssplit" : "64k/70:128k/30"
      },
      "read" : {
        "io_bytes" : 0,
        "io_kbytes" : 0,
        "bw_bytes" : 0,
        "bw" : 0,
        "iops" : 0.000000,
        "runtime" : 0,
        "total_ios" : 0,
        "short_ios" : 0,
        "drop_ios" : 0,
        "slat_ns" : {
          "min" : 0,
          "max" : 0,
          "mean" : 0.000000,
          "stddev" : 0.000000,
          "N" : 0
        },
        "clat_ns" : {
          "min" : 0,
          "max" : 0,
          "mean" : 0.000000,
          "stddev" : 0.000000,
          "N" : 0
        },
        "lat_ns" : {
          "min" : 0,
          "max" : 0,
          "mean" : 0.000000,
          "stddev" : 0.000000,
          "N" : 0
        },
        "bw_min" : 0,
        "bw_max" : 0,
        "bw_agg" : 0.000000,
        "bw_mean" : 0.000000,
        "bw_dev" : 0.000000,
        "bw_samples" : 0,
        "iops_min" : 0,
        "iops_max" : 0,
        "iops_mean" : 0.000000,
        "iops_stddev" : 0.000000,
        "iops_samples" : 0
      },
      "write" : {
        "io_bytes" : 734134272,
        "io_kbytes" : 716928,
        "bw_bytes" : 144600014,
        "bw" : 141210,
        "iops" : 1701.004530,
        "runtime" : 5077,
        "total_ios" : 8636,
        "short_ios" : 0,
        "drop_ios" : 0,
        "slat_ns" : {
          "min" : 10957,
          "max" : 98213942,
          "mean" : 245491.630037,
          "stddev" : 2594394.302752,
          "N" : 8636
        },
        "clat_ns" : {
          "min" : 23093,
          "max" : 532095399,
          "mean" : 144046705.128068,
          "stddev" : 53807594.408551,
          "N" : 8636,
          "percentile" : {
            "1.000000" : 71827456,
            "5.000000" : 92798976,
            "10.000000" : 106430464,
            "20.000000" : 117964800,
            "30.000000" : 124256256,
            "40.000000" : 129499136,
            "50.000000" : 135266304,
            "60.000000" : 139460608,
            "70.000000" : 149946368,
            "80.000000" : 154140672,
            "90.000000" : 170917888,
            "95.000000" : 246415360,
            "99.000000" : 404750336,
            "99.500000" : 404750336,
            "99.900000" : 501219328,
            "99.950000" : 530579456,
            "99.990000" : 530579456
          }
        },
        "lat_ns" : {
          "min" : 6285622,
          "max" : 532107360,
          "mean" : 144292196.758106,
          "stddev" : 53777621.292540,
          "N" : 8636
        },
        "bw_min" : 80384,
        "bw_max" : 183552,
        "bw_agg" : 98.403133,
        "bw_mean" : 138956.800000,
        "bw_dev" : 17646.392445,
        "bw_samples" : 20,
        "iops_min" : 956,
        "iops_max" : 2248,
        "iops_mean" : 1676.000000,
        "iops_stddev" : 220.176867,
        "iops_samples" : 20
      },
      "trim" : {
        "io_bytes" : 0,
        "io_kbytes" : 0,
        "bw_bytes" : 0,
        "bw" : 0,
        "iops" : 0.000000,
        "runtime" : 0,
        "total_ios" : 0,
        "short_ios" : 0,
        "drop_ios" : 0,
        "slat_ns" : {
          "min" : 0,
          "max" : 0,
          "mean" : 0.000000,
          "stddev" : 0.000000,
          "N" : 0
        },
        "clat_ns" : {
          "min" : 0,
          "max" : 0,
          "mean" : 0.000000,
          "stddev" : 0.000000,
          "N" : 0
        },
        "lat_ns" : {
          "min" : 0,
          "max" : 0,
          "mean" : 0.000000,
          "stddev" : 0.000000,
          "N" : 0
        },
        "bw_min" : 0,
        "bw_max" : 0,
        "bw_agg" : 0.000000,
        "bw_mean" : 0.000000,
        "bw_dev" : 0.000000,
        "bw_samples" : 0,
        "iops_min" : 0,
        "iops_max" : 0,
        "iops_mean" : 0.000000,
        "iops_stddev" : 0.000000,
        "iops_samples" : 0
      },
      "sync" : {
        "total_ios" : 0,
        "lat_ns" : {
          "min" : 0,
          "max" : 0,
          "mean" : 0.000000,
          "stddev" : 0.000000,
          "N" : 0
        }
      },
      "job_runtime" : 10104,
      "usr_cpu" : 0.514648,
      "sys_cpu" : 13.469913,
      "ctx" : 795,
      "majf" : 0,
      "minf" : 25,
      "iodepth_level" : {
        "1" : 0.100000,
        "2" : 0.100000,
        "4" : 0.100000,
        "8" : 0.185271,
        "16" : 0.370542,
        "32" : 0.741084,
        ">=64" : 98.540991
      },
      "iodepth_submit" : {
        "0" : 0.000000,
        "4" : 100.000000,
        "8" : 0.000000,
        "16" : 0.000000,
        "32" : 0.000000,
        "64" : 0.000000,
        ">=64" : 0.000000
      },
      "iodepth_complete" : {
        "0" : 0.000000,
        "4" : 99.976145,
        "8" : 0.000000,
        "16" : 0.000000,
        "32" : 0.000000,
        "64" : 0.000000,
        ">=64" : 0.100000
      },
      "latency_ns" : {
        "2" : 0.000000,
        "4" : 0.000000,
        "10" : 0.000000,
        "20" : 0.000000,
        "50" : 0.000000,
        "100" : 0.000000,
        "250" : 0.000000,
        "500" : 0.000000,
        "750" : 0.000000,
        "1000" : 0.000000
      },
      "latency_us" : {
        "2" : 0.000000,
        "4" : 0.000000,
        "10" : 0.000000,
        "20" : 0.000000,
        "50" : 0.023159,
        "100" : 0.000000,
        "250" : 0.000000,
        "500" : 0.000000,
        "750" : 0.000000,
        "1000" : 0.000000
      },
      "latency_ms" : {
        "2" : 0.000000,
        "4" : 0.000000,
        "10" : 0.081056,
        "20" : 0.266327,
        "50" : 0.000000,
        "100" : 7.457156,
        "250" : 87.274201,
        "500" : 4.770727,
        "750" : 0.127374,
        "1000" : 0.000000,
        "2000" : 0.000000,
        ">=2000" : 0.000000
      },
      "latency_depth" : 128,
      "latency_target" : 0,
      "latency_percentile" : 100.000000,
      "latency_window" : 0
    }
  ]
}
