{
  "fio version" : "fio-3.36",
  "timestamp" : 1751202042,
  "timestamp_ms" : 1751202042413,
  "time" : "Sun Jun 29 13:00:42 2025",
  "global options" : {
    "ioengine" : "libaio",
    "direct" : "0",
    "directory" : "/mnt/test"
  },
  "jobs" : [
    {
      "jobname" : "multimedia_test",
      "groupid" : 0,
      "job_start" : 1751202037353,
      "error" : 0,
      "eta" : 0,
      "elapsed" : 6,
      "job options" : {
        "rw" : "read",
        "size" : "4M",
        "numjobs" : "4",
        "runtime" : "5",
        "iodepth" : "64",
        "bssplit" : "128k"
      },
      "read" : {
        "io_bytes" : 2597847040,
        "io_kbytes" : 2536960,
        "bw_bytes" : 518222030,
        "bw" : 506076,
        "iops" : 3953.720327,
        "runtime" : 5013,
        "total_ios" : 19820,
        "short_ios" : 0,
        "drop_ios" : 0,
        "slat_ns" : {
          "min" : 44219,
          "max" : 119355380,
          "mean" : 929837.478002,
          "stddev" : 3106595.074238,
          "N" : 19820
        },
        "clat_ns" : {
          "min" : 16214,
          "max" : 274600185,
          "mean" : 59840661.832038,
          "stddev" : 14828816.694890,
          "N" : 19820,
          "percentile" : {
            "1.000000" : 41680896,
            "5.000000" : 49020928,
            "10.000000" : 52166656,
            "20.000000" : 54788096,
            "30.000000" : 56885248,
            "40.000000" : 58982400,
            "50.000000" : 59506688,
            "60.000000" : 60030976,
            "70.000000" : 60555264,
            "80.000000" : 61603840,
            "90.000000" : 65273856,
            "95.000000" : 67633152,
            "99.000000" : 91750400,
            "99.500000" : 179306496,
            "99.900000" : 248512512,
            "99.950000" : 265289728,
            "99.990000" : 274726912
          }
        },
        "lat_ns" : {
          "min" : 1924792,
          "max" : 332943205,
          "mean" : 60770499.310040,
          "stddev" : 15106538.952941,
          "N" : 19820
        },
        "bw_min" : 76800,
        "bw_max" : 560128,
        "bw_agg" : 98.460271,
        "bw_mean" : 498284.088889,
        "bw_dev" : 36732.865192,
        "bw_samples" : 38,
        "iops_min" : 600,
        "iops_max" : 4376,
        "iops_mean" : 3892.844444,
        "iops_stddev" : 286.975509,
        "iops_samples" : 38
      },
      "write" : {
        "io_bytes" : 0,
        "io_kbytes" : 0,
        "bw_bytes" : 0,
        "bw" : 0,
        "iops" : 0.000000,
        "runtime" : 0,
        "total_ios" : 0,
        "short_ios" : 0,
        "drop_ios" : 0,
        "slat_ns" : {
          "min" : 0,
          "max" : 0,
          "mean" : 0.000000,
          "stddev" : 0.000000,
          "N" : 0
        },
        "clat_ns" : {
          "min" : 0,
          "max" : 0,
          "mean" : 0.000000,
          "stddev" : 0.000000,
          "N" : 0
        },
        "lat_ns" : {
          "min" : 0,
          "max" : 0,
          "mean" : 0.000000,
          "stddev" : 0.000000,
          "N" : 0
        },
        "bw_min" : 0,
        "bw_max" : 0,
        "bw_agg" : 0.000000,
        "bw_mean" : 0.000000,
        "bw_dev" : 0.000000,
        "bw_samples" : 0,
        "iops_min" : 0,
        "iops_max" : 0,
        "iops_mean" : 0.000000,
        "iops_stddev" : 0.000000,
        "iops_samples" : 0
      },
      "trim" : {
        "io_bytes" : 0,
        "io_kbytes" : 0,
        "bw_bytes" : 0,
        "bw" : 0,
        "iops" : 0.000000,
        "runtime" : 0,
        "total_ios" : 0,
        "short_ios" : 0,
        "drop_ios" : 0,
        "slat_ns" : {
          "min" : 0,
          "max" : 0,
          "mean" : 0.000000,
          "stddev" : 0.000000,
          "N" : 0
        },
        "clat_ns" : {
          "min" : 0,
          "max" : 0,
          "mean" : 0.000000,
          "stddev" : 0.000000,
          "N" : 0
        },
        "lat_ns" : {
          "min" : 0,
          "max" : 0,
          "mean" : 0.000000,
          "stddev" : 0.000000,
          "N" : 0
        },
        "bw_min" : 0,
        "bw_max" : 0,
        "bw_agg" : 0.000000,
        "bw_mean" : 0.000000,
        "bw_dev" : 0.000000,
        "bw_samples" : 0,
        "iops_min" : 0,
        "iops_max" : 0,
        "iops_mean" : 0.000000,
        "iops_stddev" : 0.000000,
        "iops_samples" : 0
      },
      "sync" : {
        "total_ios" : 0,
        "lat_ns" : {
          "min" : 0,
          "max" : 0,
          "mean" : 0.000000,
          "stddev" : 0.000000,
          "N" : 0
        }
      },
      "job_runtime" : 20018,
      "usr_cpu" : 0.394645,
      "sys_cpu" : 23.563793,
      "ctx" : 3111,
      "majf" : 0,
      "minf" : 8245,
      "iodepth_level" : {
        "1" : 0.100000,
        "2" : 0.100000,
        "4" : 0.100000,
        "8" : 0.161453,
        "16" : 0.322906,
        "32" : 0.645812,
        ">=64" : 98.728557
      },
      "iodepth_submit" : {
        "0" : 0.000000,
        "4" : 100.000000,
        "8" : 0.000000,
        "16" : 0.000000,
        "32" : 0.000000,
        "64" : 0.000000,
        ">=64" : 0.000000
      },
      "iodepth_complete" : {
        "0" : 0.000000,
        "4" : 99.979563,
        "8" : 0.000000,
        "16" : 0.000000,
        "32" : 0.000000,
        "64" : 0.100000,
        ">=64" : 0.000000
      },
      "latency_ns" : {
        "2" : 0.000000,
        "4" : 0.000000,
        "10" : 0.000000,
        "20" : 0.000000,
        "50" : 0.000000,
        "100" : 0.000000,
        "250" : 0.000000,
        "500" : 0.000000,
        "750" : 0.000000,
        "1000" : 0.000000
      },
      "latency_us" : {
        "2" : 0.000000,
        "4" : 0.000000,
        "10" : 0.000000,
        "20" : 0.020182,
        "50" : 0.000000,
        "100" : 0.000000,
        "250" : 0.000000,
        "500" : 0.000000,
        "750" : 0.000000,
        "1000" : 0.000000
      },
      "latency_ms" : {
        "2" : 0.000000,
        "4" : 0.035318,
        "10" : 0.025227,
        "20" : 0.267407,
        "50" : 5.524723,
        "100" : 93.168517,
        "250" : 0.893037,
        "500" : 0.065590,
        "750" : 0.000000,
        "1000" : 0.000000,
        "2000" : 0.000000,
        ">=2000" : 0.000000
      },
      "latency_depth" : 64,
      "latency_target" : 0,
      "latency_percentile" : 100.000000,
      "latency_window" : 0
    }
  ]
}
