{
  "fio version" : "fio-3.36",
  "timestamp" : 1751437085,
  "timestamp_ms" : 1751437085293,
  "time" : "Wed Jul  2 06:18:05 2025",
  "global options" : {
    "ioengine" : "libaio",
    "direct" : "1",
    "directory" : "/mnt/test"
  },
  "jobs" : [
    {
      "jobname" : "database_article_test",
      "groupid" : 0,
      "job_start" : 1751436905261,
      "error" : 0,
      "eta" : 0,
      "elapsed" : 181,
      "job options" : {
        "rw" : "randrw",
        "rwmixread" : "50",
        "size" : "50G",
        "numjobs" : "1",
        "runtime" : "180",
        "iodepth" : "128",
        "bssplit" : "8k-64k"
      },
      "read" : {
        "io_bytes" : 167231488,
        "io_kbytes" : 163312,
        "bw_bytes" : 929058,
        "bw" : 907,
        "iops" : 113.410481,
        "runtime" : 180001,
        "total_ios" : 20414,
        "short_ios" : 0,
        "drop_ios" : 0,
        "slat_ns" : {
          "min" : 15063,
          "max" : 238991794,
          "mean" : 8629442.432693,
          "stddev" : 6895752.383731,
          "N" : 20414
        },
        "clat_ns" : {
          "min" : 22388,
          "max" : 1126818811,
          "mean" : 558415604.284754,
          "stddev" : 127353948.335882,
          "N" : 20414,
          "percentile" : {
            "1.000000" : 392167424,
            "5.000000" : 434110464,
            "10.000000" : 450887680,
            "20.000000" : 476053504,
            "30.000000" : 497025024,
            "40.000000" : 513802240,
            "50.000000" : 526385152,
            "60.000000" : 541065216,
            "70.000000" : 557842432,
            "80.000000" : 583008256,
            "90.000000" : 809500672,
            "95.000000" : 876609536,
            "99.000000" : 960495616,
            "99.500000" : 977272832,
            "99.900000" : 1098907648,
            "99.950000" : 1115684864,
            "99.990000" : 1132462080
          }
        },
        "lat_ns" : {
          "min" : 5158513,
          "max" : 1134322286,
          "mean" : 567045046.717453,
          "stddev" : 128028338.385801,
          "N" : 20414
        },
        "bw_min" : 176,
        "bw_max" : 1344,
        "bw_agg" : 99.968786,
        "bw_mean" : 907.977654,
        "bw_dev" : 224.389217,
        "bw_samples" : 358,
        "iops_min" : 22,
        "iops_max" : 168,
        "iops_mean" : 113.497207,
        "iops_stddev" : 28.048652,
        "iops_samples" : 358
      },
      "write" : {
        "io_bytes" : 167411712,
        "io_kbytes" : 163488,
        "bw_bytes" : 930059,
        "bw" : 908,
        "iops" : 113.532703,
        "runtime" : 180001,
        "total_ios" : 20436,
        "short_ios" : 0,
        "drop_ios" : 0,
        "slat_ns" : {
          "min" : 19041,
          "max" : 67926841,
          "mean" : 160415.326825,
          "stddev" : 989203.685085,
          "N" : 20436
        },
        "clat_ns" : {
          "min" : 5179516,
          "max" : 1127454191,
          "mean" : 559142442.449160,
          "stddev" : 129219759.157794,
          "N" : 20436,
          "percentile" : {
            "1.000000" : 396361728,
            "5.000000" : 429916160,
            "10.000000" : 450887680,
            "20.000000" : 476053504,
            "30.000000" : 492830720,
            "40.000000" : 513802240,
            "50.000000" : 526385152,
            "60.000000" : 541065216,
            "70.000000" : 557842432,
            "80.000000" : 583008256,
            "90.000000" : 817889280,
            "95.000000" : 876609536,
            "99.000000" : 960495616,
            "99.500000" : 985661440,
            "99.900000" : 1115684864,
            "99.950000" : 1115684864,
            "99.990000" : 1132462080
          }
        },
        "lat_ns" : {
          "min" : 13651556,
          "max" : 1135216231,
          "mean" : 559302857.775983,
          "stddev" : 129408169.371644,
          "N" : 20436
        },
        "bw_min" : 192,
        "bw_max" : 1456,
        "bw_agg" : 100.000000,
        "bw_mean" : 909.586592,
        "bw_dev" : 222.934408,
        "bw_samples" : 358,
        "iops_min" : 24,
        "iops_max" : 182,
        "iops_mean" : 113.698324,
        "iops_stddev" : 27.866801,
        "iops_samples" : 358
      },
      "trim" : {
        "io_bytes" : 0,
        "io_kbytes" : 0,
        "bw_bytes" : 0,
        "bw" : 0,
        "iops" : 0.000000,
        "runtime" : 0,
        "total_ios" : 0,
        "short_ios" : 0,
        "drop_ios" : 0,
        "slat_ns" : {
          "min" : 0,
          "max" : 0,
          "mean" : 0.000000,
          "stddev" : 0.000000,
          "N" : 0
        },
        "clat_ns" : {
          "min" : 0,
          "max" : 0,
          "mean" : 0.000000,
          "stddev" : 0.000000,
          "N" : 0
        },
        "lat_ns" : {
          "min" : 0,
          "max" : 0,
          "mean" : 0.000000,
          "stddev" : 0.000000,
          "N" : 0
        },
        "bw_min" : 0,
        "bw_max" : 0,
        "bw_agg" : 0.000000,
        "bw_mean" : 0.000000,
        "bw_dev" : 0.000000,
        "bw_samples" : 0,
        "iops_min" : 0,
        "iops_max" : 0,
        "iops_mean" : 0.000000,
        "iops_stddev" : 0.000000,
        "iops_samples" : 0
      },
      "sync" : {
        "total_ios" : 0,
        "lat_ns" : {
          "min" : 0,
          "max" : 0,
          "mean" : 0.000000,
          "stddev" : 0.000000,
          "N" : 0
        }
      },
      "job_runtime" : 180000,
      "usr_cpu" : 0.389444,
      "sys_cpu" : 2.452778,
      "ctx" : 20451,
      "majf" : 0,
      "minf" : 12,
      "iodepth_level" : {
        "1" : 0.100000,
        "2" : 0.100000,
        "4" : 0.100000,
        "8" : 0.100000,
        "16" : 0.100000,
        "32" : 0.100000,
        ">=64" : 99.845777
      },
      "iodepth_submit" : {
        "0" : 0.000000,
        "4" : 100.000000,
        "8" : 0.000000,
        "16" : 0.000000,
        "32" : 0.000000,
        "64" : 0.000000,
        ">=64" : 0.000000
      },
      "iodepth_complete" : {
        "0" : 0.000000,
        "4" : 99.997544,
        "8" : 0.000000,
        "16" : 0.000000,
        "32" : 0.000000,
        "64" : 0.000000,
        ">=64" : 0.100000
      },
      "latency_ns" : {
        "2" : 0.000000,
        "4" : 0.000000,
        "10" : 0.000000,
        "20" : 0.000000,
        "50" : 0.000000,
        "100" : 0.000000,
        "250" : 0.000000,
        "500" : 0.000000,
        "750" : 0.000000,
        "1000" : 0.000000
      },
      "latency_us" : {
        "2" : 0.000000,
        "4" : 0.000000,
        "10" : 0.000000,
        "20" : 0.000000,
        "50" : 0.010000,
        "100" : 0.000000,
        "250" : 0.000000,
        "500" : 0.000000,
        "750" : 0.000000,
        "1000" : 0.000000
      },
      "latency_ms" : {
        "2" : 0.000000,
        "4" : 0.000000,
        "10" : 0.010000,
        "20" : 0.010000,
        "50" : 0.022032,
        "100" : 0.019584,
        "250" : 0.046512,
        "500" : 32.651163,
        "750" : 55.872705,
        "1000" : 10.998776,
        "2000" : 0.379437,
        ">=2000" : 0.000000
      },
      "latency_depth" : 128,
      "latency_target" : 0,
      "latency_percentile" : 100.000000,
      "latency_window" : 0
    }
  ]
}
