{
  "fio version" : "fio-3.36",
  "timestamp" : 1751026104,
  "timestamp_ms" : 1751026104887,
  "time" : "Fri Jun 27 12:08:24 2025",
  "global options" : {
    "ioengine" : "libaio",
    "direct" : "1",
    "directory" : "/mnt/test",
    "buffer_compress_percentage" : "70",
    "buffer_pattern" : "0xdeadbeef"
  },
  "jobs" : [
    {
      "jobname" : "database_mysql_innodb_test",
      "groupid" : 0,
      "job_start" : 1751026092486,
      "error" : 0,
      "eta" : 0,
      "elapsed" : 13,
      "job options" : {
        "rw" : "randrw",
        "rwmixread" : "70",
        "size" : "1G",
        "numjobs" : "8",
        "runtime" : "60",
        "iodepth" : "16",
        "bssplit" : "16k"
      },
      "read" : {
        "io_bytes" : 6009602048,
        "io_kbytes" : 5868752,
        "bw_bytes" : 486174423,
        "bw" : 474779,
        "iops" : 29673.731899,
        "runtime" : 12361,
        "total_ios" : 366797,
        "short_ios" : 0,
        "drop_ios" : 0,
        "slat_ns" : {
          "min" : 33438,
          "max" : 62856378,
          "mean" : 136763.920844,
          "stddev" : 237508.839992,
          "N" : 366797
        },
        "clat_ns" : {
          "min" : 1233,
          "max" : 118671830,
          "mean" : 2793065.688651,
          "stddev" : 1426508.975797,
          "N" : 366797,
          "percentile" : {
            "1.000000" : 995328,
            "5.000000" : 1335296,
            "10.000000" : 1597440,
            "20.000000" : 1925120,
            "30.000000" : 2179072,
            "40.000000" : 2408448,
            "50.000000" : 2637824,
            "60.000000" : 2899968,
            "70.000000" : 3162112,
            "80.000000" : 3522560,
            "90.000000" : 4079616,
            "95.000000" : 4685824,
            "99.000000" : 6520832,
            "99.500000" : 7438336,
            "99.900000" : 9371648,
            "99.950000" : 10158080,
            "99.990000" : 64225280
          }
        },
        "lat_ns" : {
          "min" : 37578,
          "max" : 118815355,
          "mean" : 2929829.609495,
          "stddev" : 1470290.118269,
          "N" : 366797
        },
        "bw_min" : 217920,
        "bw_max" : 603808,
        "bw_agg" : 100.000000,
        "bw_mean" : 478172.458333,
        "bw_dev" : 10734.717277,
        "bw_samples" : 192,
        "iops_min" : 13620,
        "iops_max" : 37738,
        "iops_mean" : 29885.291667,
        "iops_stddev" : 670.942153,
        "iops_samples" : 192
      },
      "write" : {
        "io_bytes" : 2580332544,
        "io_kbytes" : 2519856,
        "bw_bytes" : 208747879,
        "bw" : 203855,
        "iops" : 12740.959469,
        "runtime" : 12361,
        "total_ios" : 157491,
        "short_ios" : 0,
        "drop_ios" : 0,
        "slat_ns" : {
          "min" : 8851,
          "max" : 94728981,
          "mean" : 291901.120115,
          "stddev" : 378207.183939,
          "N" : 157491
        },
        "clat_ns" : {
          "min" : 1551,
          "max" : 104196860,
          "mean" : 2841476.470535,
          "stddev" : 1356819.233341,
          "N" : 157491,
          "percentile" : {
            "1.000000" : 1019904,
            "5.000000" : 1400832,
            "10.000000" : 1646592,
            "20.000000" : 1941504,
            "30.000000" : 2211840,
            "40.000000" : 2441216,
            "50.000000" : 2670592,
            "60.000000" : 2899968,
            "70.000000" : 3194880,
            "80.000000" : 3555328,
            "90.000000" : 4145152,
            "95.000000" : 4816896,
            "99.000000" : 6914048,
            "99.500000" : 7897088,
            "99.900000" : 9764864,
            "99.950000" : 10289152,
            "99.990000" : 63700992
          }
        },
        "lat_ns" : {
          "min" : 142819,
          "max" : 119313415,
          "mean" : 3133377.590650,
          "stddev" : 1458509.448705,
          "N" : 157491
        },
        "bw_min" : 94496,
        "bw_max" : 257408,
        "bw_agg" : 100.000000,
        "bw_mean" : 205329.291667,
        "bw_dev" : 4596.683350,
        "bw_samples" : 192,
        "iops_min" : 5906,
        "iops_max" : 16088,
        "iops_mean" : 12832.416667,
        "iops_stddev" : 287.319108,
        "iops_samples" : 192
      },
      "trim" : {
        "io_bytes" : 0,
        "io_kbytes" : 0,
        "bw_bytes" : 0,
        "bw" : 0,
        "iops" : 0.000000,
        "runtime" : 0,
        "total_ios" : 0,
        "short_ios" : 0,
        "drop_ios" : 0,
        "slat_ns" : {
          "min" : 0,
          "max" : 0,
          "mean" : 0.000000,
          "stddev" : 0.000000,
          "N" : 0
        },
        "clat_ns" : {
          "min" : 0,
          "max" : 0,
          "mean" : 0.000000,
          "stddev" : 0.000000,
          "N" : 0
        },
        "lat_ns" : {
          "min" : 0,
          "max" : 0,
          "mean" : 0.000000,
          "stddev" : 0.000000,
          "N" : 0
        },
        "bw_min" : 0,
        "bw_max" : 0,
        "bw_agg" : 0.000000,
        "bw_mean" : 0.000000,
        "bw_dev" : 0.000000,
        "bw_samples" : 0,
        "iops_min" : 0,
        "iops_max" : 0,
        "iops_mean" : 0.000000,
        "iops_stddev" : 0.000000,
        "iops_samples" : 0
      },
      "sync" : {
        "total_ios" : 0,
        "lat_ns" : {
          "min" : 0,
          "max" : 0,
          "mean" : 0.000000,
          "stddev" : 0.000000,
          "N" : 0
        }
      },
      "job_runtime" : 98098,
      "usr_cpu" : 1.408795,
      "sys_cpu" : 21.519297,
      "ctx" : 294641,
      "majf" : 0,
      "minf" : 103,
      "iodepth_level" : {
        "1" : 0.100000,
        "2" : 0.100000,
        "4" : 0.100000,
        "8" : 0.100000,
        "16" : 99.977112,
        "32" : 0.000000,
        ">=64" : 0.000000
      },
      "iodepth_submit" : {
        "0" : 0.000000,
        "4" : 100.000000,
        "8" : 0.000000,
        "16" : 0.000000,
        "32" : 0.000000,
        "64" : 0.000000,
        ">=64" : 0.000000
      },
      "iodepth_complete" : {
        "0" : 0.000000,
        "4" : 99.998474,
        "8" : 0.000000,
        "16" : 0.100000,
        "32" : 0.000000,
        "64" : 0.000000,
        ">=64" : 0.000000
      },
      "latency_ns" : {
        "2" : 0.000000,
        "4" : 0.000000,
        "10" : 0.000000,
        "20" : 0.000000,
        "50" : 0.000000,
        "100" : 0.000000,
        "250" : 0.000000,
        "500" : 0.000000,
        "750" : 0.000000,
        "1000" : 0.000000
      },
      "latency_us" : {
        "2" : 0.010000,
        "4" : 0.010000,
        "10" : 0.000000,
        "20" : 0.000000,
        "50" : 0.010000,
        "100" : 0.010000,
        "250" : 0.010000,
        "500" : 0.099182,
        "750" : 0.165558,
        "1000" : 0.730896
      },
      "latency_ms" : {
        "2" : 21.769524,
        "4" : 66.028976,
        "10" : 11.139679,
        "20" : 0.042152,
        "50" : 0.010000,
        "100" : 0.012779,
        "250" : 0.010000,
        "500" : 0.000000,
        "750" : 0.000000,
        "1000" : 0.000000,
        "2000" : 0.000000,
        ">=2000" : 0.000000
      },
      "latency_depth" : 16,
      "latency_target" : 0,
      "latency_percentile" : 100.000000,
      "latency_window" : 0
    }
  ]
}
