{
  "fio version" : "fio-3.36",
  "timestamp" : 1750581872,
  "timestamp_ms" : 1750581872822,
  "time" : "Sun Jun 22 08:44:32 2025",
  "global options" : {
    "ioengine" : "libaio",
    "direct" : "1",
    "directory" : "/mnt/test"
  },
  "jobs" : [
    {
      "jobname" : "database_test",
      "groupid" : 0,
      "job_start" : 1750581872770,
      "error" : 0,
      "eta" : 2147483647,
      "elapsed" : 1,
      "job options" : {
        "rw" : "randrw",
        "rwmixread" : "70",
        "size" : "1M",
        "numjobs" : "8",
        "runtime" : "60",
        "iodepth" : "16",
        "bssplit" : "4k/80:8k/20"
      },
      "read" : {
        "io_bytes" : 5935104,
        "io_kbytes" : 5796,
        "bw_bytes" : 349123764,
        "bw" : 340941,
        "iops" : 75647.058824,
        "runtime" : 17,
        "total_ios" : 1286,
        "short_ios" : 0,
        "drop_ios" : 0,
        "slat_ns" : {
          "min" : 2792,
          "max" : 53889,
          "mean" : 7131.833593,
          "stddev" : 4127.873512,
          "N" : 1286
        },
        "clat_ns" : {
          "min" : 101989,
          "max" : 9938094,
          "mean" : 1145088.662519,
          "stddev" : 1928194.311655,
          "N" : 1286,
          "percentile" : {
            "1.000000" : 173056,
            "5.000000" : 264192,
            "10.000000" : 325632,
            "20.000000" : 419840,
            "30.000000" : 485376,
            "40.000000" : 552960,
            "50.000000" : 618496,
            "60.000000" : 684032,
            "70.000000" : 757760,
            "80.000000" : 905216,
            "90.000000" : 1236992,
            "95.000000" : 6848512,
            "99.000000" : 9502720,
            "99.500000" : 9502720,
            "99.900000" : 9895936,
            "99.950000" : 9895936,
            "99.990000" : 9895936
          }
        },
        "lat_ns" : {
          "min" : 106745,
          "max" : 9941549,
          "mean" : 1152220.496112,
          "stddev" : 1927846.589840,
          "N" : 1286
        },
        "bw_min" : 0,
        "bw_max" : 0,
        "bw_agg" : 0.000000,
        "bw_mean" : 0.000000,
        "bw_dev" : 0.000000,
        "bw_samples" : 0,
        "iops_min" : 0,
        "iops_max" : 0,
        "iops_mean" : 0.000000,
        "iops_stddev" : 0.000000,
        "iops_samples" : 0
      },
      "write" : {
        "io_bytes" : 2453504,
        "io_kbytes" : 2396,
        "bw_bytes" : 144323764,
        "bw" : 140941,
        "iops" : 31058.823529,
        "runtime" : 17,
        "total_ios" : 528,
        "short_ios" : 0,
        "drop_ios" : 0,
        "slat_ns" : {
          "min" : 4976,
          "max" : 91122,
          "mean" : 11529.833333,
          "stddev" : 5443.170322,
          "N" : 528
        },
        "clat_ns" : {
          "min" : 44343,
          "max" : 9435797,
          "mean" : 1116548.439394,
          "stddev" : 2291002.995685,
          "N" : 528,
          "percentile" : {
            "1.000000" : 63232,
            "5.000000" : 98816,
            "10.000000" : 127488,
            "20.000000" : 171008,
            "30.000000" : 201728,
            "40.000000" : 250880,
            "50.000000" : 305152,
            "60.000000" : 374784,
            "70.000000" : 456704,
            "80.000000" : 618496,
            "90.000000" : 4685824,
            "95.000000" : 8454144,
            "99.000000" : 8978432,
            "99.500000" : 9371648,
            "99.900000" : 9371648,
            "99.950000" : 9371648,
            "99.990000" : 9371648
          }
        },
        "lat_ns" : {
          "min" : 54102,
          "max" : 9442224,
          "mean" : 1128078.272727,
          "stddev" : 2290200.773146,
          "N" : 528
        },
        "bw_min" : 0,
        "bw_max" : 0,
        "bw_agg" : 0.000000,
        "bw_mean" : 0.000000,
        "bw_dev" : 0.000000,
        "bw_samples" : 0,
        "iops_min" : 0,
        "iops_max" : 0,
        "iops_mean" : 0.000000,
        "iops_stddev" : 0.000000,
        "iops_samples" : 0
      },
      "trim" : {
        "io_bytes" : 0,
        "io_kbytes" : 0,
        "bw_bytes" : 0,
        "bw" : 0,
        "iops" : 0.000000,
        "runtime" : 0,
        "total_ios" : 0,
        "short_ios" : 0,
        "drop_ios" : 0,
        "slat_ns" : {
          "min" : 0,
          "max" : 0,
          "mean" : 0.000000,
          "stddev" : 0.000000,
          "N" : 0
        },
        "clat_ns" : {
          "min" : 0,
          "max" : 0,
          "mean" : 0.000000,
          "stddev" : 0.000000,
          "N" : 0
        },
        "lat_ns" : {
          "min" : 0,
          "max" : 0,
          "mean" : 0.000000,
          "stddev" : 0.000000,
          "N" : 0
        },
        "bw_min" : 0,
        "bw_max" : 0,
        "bw_agg" : 0.000000,
        "bw_mean" : 0.000000,
        "bw_dev" : 0.000000,
        "bw_samples" : 0,
        "iops_min" : 0,
        "iops_max" : 0,
        "iops_mean" : 0.000000,
        "iops_stddev" : 0.000000,
        "iops_samples" : 0
      },
      "sync" : {
        "total_ios" : 0,
        "lat_ns" : {
          "min" : 0,
          "max" : 0,
          "mean" : 0.000000,
          "stddev" : 0.000000,
          "N" : 0
        }
      },
      "job_runtime" : 128,
      "usr_cpu" : 2.343750,
      "sys_cpu" : 10.156250,
      "ctx" : 975,
      "majf" : 0,
      "minf" : 103,
      "iodepth_level" : {
        "1" : 0.441014,
        "2" : 0.882029,
        "4" : 1.764057,
        "8" : 3.528115,
        "16" : 93.384785,
        "32" : 0.000000,
        ">=64" : 0.000000
      },
      "iodepth_submit" : {
        "0" : 0.000000,
        "4" : 100.000000,
        "8" : 0.000000,
        "16" : 0.000000,
        "32" : 0.000000,
        "64" : 0.000000,
        ">=64" : 0.000000
      },
      "iodepth_complete" : {
        "0" : 0.000000,
        "4" : 99.529965,
        "8" : 0.000000,
        "16" : 0.470035,
        "32" : 0.000000,
        "64" : 0.000000,
        ">=64" : 0.000000
      },
      "latency_ns" : {
        "2" : 0.000000,
        "4" : 0.000000,
        "10" : 0.000000,
        "20" : 0.000000,
        "50" : 0.000000,
        "100" : 0.000000,
        "250" : 0.000000,
        "500" : 0.000000,
        "750" : 0.000000,
        "1000" : 0.000000
      },
      "latency_us" : {
        "2" : 0.000000,
        "4" : 0.000000,
        "10" : 0.000000,
        "20" : 0.000000,
        "50" : 0.110254,
        "100" : 1.433297,
        "250" : 13.009923,
        "500" : 29.492834,
        "750" : 29.603087,
        "1000" : 11.411246
      },
      "latency_ms" : {
        "2" : 5.622933,
        "4" : 1.488423,
        "10" : 7.828004,
        "20" : 0.000000,
        "50" : 0.000000,
        "100" : 0.000000,
        "250" : 0.000000,
        "500" : 0.000000,
        "750" : 0.000000,
        "1000" : 0.000000,
        "2000" : 0.000000,
        ">=2000" : 0.000000
      },
      "latency_depth" : 16,
      "latency_target" : 0,
      "latency_percentile" : 100.000000,
      "latency_window" : 0
    }
  ]
}
