{
  "fio version" : "fio-3.36",
  "timestamp" : 1749361182,
  "timestamp_ms" : 1749361182993,
  "time" : "Sun Jun  8 05:39:42 2025",
  "global options" : {
    "ioengine" : "io_uring",
    "direct" : "1",
    "directory" : "/mnt/test"
  },
  "jobs" : [
    {
      "jobname" : "database_test",
      "groupid" : 0,
      "job_start" : 1749361158881,
      "error" : 0,
      "eta" : 0,
      "elapsed" : 25,
      "job options" : {
        "rw" : "randrw",
        "rwmixread" : "70",
        "size" : "1G",
        "numjobs" : "8",
        "runtime" : "60",
        "iodepth" : "16",
        "bssplit" : "4k/80:8k/20"
      },
      "read" : {
        "io_bytes" : 6011162624,
        "io_kbytes" : 5870276,
        "bw_bytes" : 249425835,
        "bw" : 243579,
        "iops" : 53754.398340,
        "runtime" : 24100,
        "total_ios" : 1295481,
        "short_ios" : 0,
        "drop_ios" : 0,
        "slat_ns" : {
          "min" : 332,
          "max" : 533573,
          "mean" : 1305.741395,
          "stddev" : 2129.952584,
          "N" : 1295481
        },
        "clat_ns" : {
          "min" : 131,
          "max" : 73875915,
          "mean" : 80594.455259,
          "stddev" : 332710.663634,
          "N" : 1295481,
          "percentile" : {
            "1.000000" : 5984,
            "5.000000" : 7328,
            "10.000000" : 8768,
            "20.000000" : 10816,
            "30.000000" : 11712,
            "40.000000" : 12480,
            "50.000000" : 13376,
            "60.000000" : 14400,
            "70.000000" : 16192,
            "80.000000" : 28544,
            "90.000000" : 317440,
            "95.000000" : 428032,
            "99.000000" : 962560,
            "99.500000" : 1011712,
            "99.900000" : 1236992,
            "99.950000" : 1925120,
            "99.990000" : 6979584
          }
        },
        "lat_ns" : {
          "min" : 3404,
          "max" : 73877209,
          "mean" : 81900.196654,
          "stddev" : 332819.302452,
          "N" : 1295481
        },
        "bw_min" : 220480,
        "bw_max" : 571564,
        "bw_agg" : 100.000000,
        "bw_mean" : 383356.156915,
        "bw_dev" : 11014.666822,
        "bw_samples" : 341,
        "iops_min" : 47974,
        "iops_max" : 126414,
        "iops_mean" : 84448.183511,
        "iops_stddev" : 2432.870545,
        "iops_samples" : 341
      },
      "write" : {
        "io_bytes" : 2578771968,
        "io_kbytes" : 2518332,
        "bw_bytes" : 107002986,
        "bw" : 104495,
        "iops" : 23051.410788,
        "runtime" : 24100,
        "total_ios" : 555539,
        "short_ios" : 0,
        "drop_ios" : 0,
        "slat_ns" : {
          "min" : 327,
          "max" : 198247,
          "mean" : 1292.364086,
          "stddev" : 1640.345373,
          "N" : 555539
        },
        "clat_ns" : {
          "min" : 5017,
          "max" : 98661625,
          "mean" : 4776528.516725,
          "stddev" : 3195327.809941,
          "N" : 555539,
          "percentile" : {
            "1.000000" : 514048,
            "5.000000" : 856064,
            "10.000000" : 978944,
            "20.000000" : 3686400,
            "30.000000" : 4046848,
            "40.000000" : 4292608,
            "50.000000" : 4423680,
            "60.000000" : 4620288,
            "70.000000" : 4882432,
            "80.000000" : 5144576,
            "90.000000" : 6979584,
            "95.000000" : 12648448,
            "99.000000" : 14876672,
            "99.500000" : 15269888,
            "99.900000" : 16318464,
            "99.950000" : 50593792,
            "99.990000" : 80216064
          }
        },
        "lat_ns" : {
          "min" : 14632,
          "max" : 98663381,
          "mean" : 4777820.880811,
          "stddev" : 3195382.764119,
          "N" : 555539
        },
        "bw_min" : 94608,
        "bw_max" : 246807,
        "bw_agg" : 100.000000,
        "bw_mean" : 164361.543883,
        "bw_dev" : 4740.360979,
        "bw_samples" : 341,
        "iops_min" : 20554,
        "iops_max" : 54629,
        "iops_mean" : 36198.191933,
        "iops_stddev" : 1046.114872,
        "iops_samples" : 341
      },
      "trim" : {
        "io_bytes" : 0,
        "io_kbytes" : 0,
        "bw_bytes" : 0,
        "bw" : 0,
        "iops" : 0.000000,
        "runtime" : 0,
        "total_ios" : 0,
        "short_ios" : 0,
        "drop_ios" : 0,
        "slat_ns" : {
          "min" : 0,
          "max" : 0,
          "mean" : 0.000000,
          "stddev" : 0.000000,
          "N" : 0
        },
        "clat_ns" : {
          "min" : 0,
          "max" : 0,
          "mean" : 0.000000,
          "stddev" : 0.000000,
          "N" : 0
        },
        "lat_ns" : {
          "min" : 0,
          "max" : 0,
          "mean" : 0.000000,
          "stddev" : 0.000000,
          "N" : 0
        },
        "bw_min" : 0,
        "bw_max" : 0,
        "bw_agg" : 0.000000,
        "bw_mean" : 0.000000,
        "bw_dev" : 0.000000,
        "bw_samples" : 0,
        "iops_min" : 0,
        "iops_max" : 0,
        "iops_mean" : 0.000000,
        "iops_stddev" : 0.000000,
        "iops_samples" : 0
      },
      "sync" : {
        "total_ios" : 0,
        "lat_ns" : {
          "min" : 0,
          "max" : 0,
          "mean" : 0.000000,
          "stddev" : 0.000000,
          "N" : 0
        }
      },
      "job_runtime" : 172607,
      "usr_cpu" : 1.856819,
      "sys_cpu" : 3.046226,
      "ctx" : 1954755,
      "majf" : 0,
      "minf" : 80,
      "iodepth_level" : {
        "1" : 0.100000,
        "2" : 0.100000,
        "4" : 0.100000,
        "8" : 0.100000,
        "16" : 99.993517,
        "32" : 0.000000,
        ">=64" : 0.000000
      },
      "iodepth_submit" : {
        "0" : 0.000000,
        "4" : 100.000000,
        "8" : 0.000000,
        "16" : 0.000000,
        "32" : 0.000000,
        "64" : 0.000000,
        ">=64" : 0.000000
      },
      "iodepth_complete" : {
        "0" : 0.000000,
        "4" : 99.999568,
        "8" : 0.000000,
        "16" : 0.100000,
        "32" : 0.000000,
        "64" : 0.000000,
        ">=64" : 0.000000
      },
      "latency_ns" : {
        "2" : 0.000000,
        "4" : 0.000000,
        "10" : 0.000000,
        "20" : 0.000000,
        "50" : 0.000000,
        "100" : 0.000000,
        "250" : 0.010000,
        "500" : 0.010000,
        "750" : 0.206049,
        "1000" : 0.037115
      },
      "latency_us" : {
        "2" : 0.013290,
        "4" : 0.026958,
        "10" : 9.354572,
        "20" : 43.886614,
        "50" : 4.992383,
        "100" : 1.904680,
        "250" : 1.278214,
        "500" : 6.058876,
        "750" : 1.311709,
        "1000" : 3.724919
      },
      "latency_ms" : {
        "2" : 1.137697,
        "4" : 4.350520,
        "10" : 19.603138,
        "20" : 2.084905,
        "50" : 0.010000,
        "100" : 0.015343,
        "250" : 0.000000,
        "500" : 0.000000,
        "750" : 0.000000,
        "1000" : 0.000000,
        "2000" : 0.000000,
        ">=2000" : 0.000000
      },
      "latency_depth" : 16,
      "latency_target" : 0,
      "latency_percentile" : 100.000000,
      "latency_window" : 0
    }
  ]
}
