{
  "fio version" : "fio-3.36",
  "timestamp" : 1751233988,
  "timestamp_ms" : 1751233988466,
  "time" : "Sun Jun 29 21:53:08 2025",
  "global options" : {
    "ioengine" : "libaio",
    "direct" : "0",
    "directory" : "/mnt/test"
  },
  "jobs" : [
    {
      "jobname" : "database_test",
      "groupid" : 0,
      "job_start" : 1751233983430,
      "error" : 0,
      "eta" : 0,
      "elapsed" : 6,
      "job options" : {
        "rw" : "randrw",
        "rwmixread" : "70",
        "size" : "1M",
        "numjobs" : "8",
        "runtime" : "5",
        "iodepth" : "16",
        "bssplit" : "4k/80:8k/20"
      },
      "read" : {
        "io_bytes" : 30518984704,
        "io_kbytes" : 29803696,
        "bw_bytes" : 6102576425,
        "bw" : 5959547,
        "iops" : 1315931.413717,
        "runtime" : 5001,
        "total_ios" : 6580973,
        "short_ios" : 0,
        "drop_ios" : 0,
        "slat_ns" : {
          "min" : 1554,
          "max" : 18346188,
          "mean" : 2472.505009,
          "stddev" : 19912.064927,
          "N" : 6580973
        },
        "clat_ns" : {
          "min" : 2105,
          "max" : 21261480,
          "mean" : 64149.606789,
          "stddev" : 91158.536874,
          "N" : 6580973,
          "percentile" : {
            "1.000000" : 47360,
            "5.000000" : 50944,
            "10.000000" : 52992,
            "20.000000" : 56064,
            "30.000000" : 58112,
            "40.000000" : 59648,
            "50.000000" : 61184,
            "60.000000" : 63232,
            "70.000000" : 64768,
            "80.000000" : 67072,
            "90.000000" : 71168,
            "95.000000" : 74240,
            "99.000000" : 91648,
            "99.500000" : 110080,
            "99.900000" : 585728,
            "99.950000" : 1073152,
            "99.990000" : 3784704
          }
        },
        "lat_ns" : {
          "min" : 8905,
          "max" : 21271598,
          "mean" : 66622.111799,
          "stddev" : 95098.236271,
          "N" : 6580973
        },
        "bw_min" : 5503232,
        "bw_max" : 6299872,
        "bw_agg" : 100.000000,
        "bw_mean" : 5971650.666667,
        "bw_dev" : 32398.960702,
        "bw_samples" : 72,
        "iops_min" : 1214888,
        "iops_max" : 1391252,
        "iops_mean" : 1318610.222222,
        "iops_stddev" : 7153.943009,
        "iops_samples" : 72
      },
      "write" : {
        "io_bytes" : 13085597696,
        "io_kbytes" : 12778904,
        "bw_bytes" : 2616596219,
        "bw" : 2555269,
        "iops" : 564060.387922,
        "runtime" : 5001,
        "total_ios" : 2820866,
        "short_ios" : 0,
        "drop_ios" : 0,
        "slat_ns" : {
          "min" : 3461,
          "max" : 16851173,
          "mean" : 5490.875030,
          "stddev" : 16924.558968,
          "N" : 2820866
        },
        "clat_ns" : {
          "min" : 1136,
          "max" : 20304786,
          "mean" : 64582.669124,
          "stddev" : 90726.996270,
          "N" : 2820866,
          "percentile" : {
            "1.000000" : 47872,
            "5.000000" : 51456,
            "10.000000" : 53504,
            "20.000000" : 56064,
            "30.000000" : 58112,
            "40.000000" : 60160,
            "50.000000" : 61696,
            "60.000000" : 63232,
            "70.000000" : 65280,
            "80.000000" : 68096,
            "90.000000" : 71168,
            "95.000000" : 74240,
            "99.000000" : 91648,
            "99.500000" : 110080,
            "99.900000" : 585728,
            "99.950000" : 1073152,
            "99.990000" : 3751936
          }
        },
        "lat_ns" : {
          "min" : 6140,
          "max" : 20312032,
          "mean" : 70073.544153,
          "stddev" : 93679.648904,
          "N" : 2820866
        },
        "bw_min" : 2354080,
        "bw_max" : 2703328,
        "bw_agg" : 100.000000,
        "bw_mean" : 2560962.666667,
        "bw_dev" : 14100.549565,
        "bw_samples" : 72,
        "iops_min" : 519618,
        "iops_max" : 596766,
        "iops_mean" : 565376.444444,
        "iops_stddev" : 3119.958663,
        "iops_samples" : 72
      },
      "trim" : {
        "io_bytes" : 0,
        "io_kbytes" : 0,
        "bw_bytes" : 0,
        "bw" : 0,
        "iops" : 0.000000,
        "runtime" : 0,
        "total_ios" : 0,
        "short_ios" : 0,
        "drop_ios" : 0,
        "slat_ns" : {
          "min" : 0,
          "max" : 0,
          "mean" : 0.000000,
          "stddev" : 0.000000,
          "N" : 0
        },
        "clat_ns" : {
          "min" : 0,
          "max" : 0,
          "mean" : 0.000000,
          "stddev" : 0.000000,
          "N" : 0
        },
        "lat_ns" : {
          "min" : 0,
          "max" : 0,
          "mean" : 0.000000,
          "stddev" : 0.000000,
          "N" : 0
        },
        "bw_min" : 0,
        "bw_max" : 0,
        "bw_agg" : 0.000000,
        "bw_mean" : 0.000000,
        "bw_dev" : 0.000000,
        "bw_samples" : 0,
        "iops_min" : 0,
        "iops_max" : 0,
        "iops_mean" : 0.000000,
        "iops_stddev" : 0.000000,
        "iops_samples" : 0
      },
      "sync" : {
        "total_ios" : 0,
        "lat_ns" : {
          "min" : 0,
          "max" : 0,
          "mean" : 0.000000,
          "stddev" : 0.000000,
          "N" : 0
        }
      },
      "job_runtime" : 40000,
      "usr_cpu" : 20.102500,
      "sys_cpu" : 76.532500,
      "ctx" : 9028,
      "majf" : 0,
      "minf" : 97,
      "iodepth_level" : {
        "1" : 0.100000,
        "2" : 0.100000,
        "4" : 0.100000,
        "8" : 0.100000,
        "16" : 99.998724,
        "32" : 0.000000,
        ">=64" : 0.000000
      },
      "iodepth_submit" : {
        "0" : 0.000000,
        "4" : 100.000000,
        "8" : 0.000000,
        "16" : 0.000000,
        "32" : 0.000000,
        "64" : 0.000000,
        ">=64" : 0.000000
      },
      "iodepth_complete" : {
        "0" : 0.000000,
        "4" : 99.999915,
        "8" : 0.000000,
        "16" : 0.100000,
        "32" : 0.000000,
        "64" : 0.000000,
        ">=64" : 0.000000
      },
      "latency_ns" : {
        "2" : 0.000000,
        "4" : 0.000000,
        "10" : 0.000000,
        "20" : 0.000000,
        "50" : 0.000000,
        "100" : 0.000000,
        "250" : 0.000000,
        "500" : 0.000000,
        "750" : 0.000000,
        "1000" : 0.000000
      },
      "latency_us" : {
        "2" : 0.010000,
        "4" : 0.010000,
        "10" : 0.010000,
        "20" : 0.010000,
        "50" : 3.106711,
        "100" : 96.220771,
        "250" : 0.455890,
        "500" : 0.099225,
        "750" : 0.040226,
        "1000" : 0.022985
      },
      "latency_ms" : {
        "2" : 0.029973,
        "4" : 0.015157,
        "10" : 0.010000,
        "20" : 0.010000,
        "50" : 0.010000,
        "100" : 0.000000,
        "250" : 0.000000,
        "500" : 0.000000,
        "750" : 0.000000,
        "1000" : 0.000000,
        "2000" : 0.000000,
        ">=2000" : 0.000000
      },
      "latency_depth" : 16,
      "latency_target" : 0,
      "latency_percentile" : 100.000000,
      "latency_window" : 0
    }
  ]
}
