{
  "fio version" : "fio-3.36",
  "timestamp" : 1751262935,
  "timestamp_ms" : 1751262935351,
  "time" : "Mon Jun 30 05:55:35 2025",
  "global options" : {
    "ioengine" : "libaio",
    "direct" : "1",
    "directory" : "/mnt/test"
  },
  "jobs" : [
    {
      "jobname" : "webserver_test",
      "groupid" : 0,
      "job_start" : 1751262930309,
      "error" : 0,
      "eta" : 0,
      "elapsed" : 6,
      "job options" : {
        "rw" : "randread",
        "size" : "2M",
        "numjobs" : "16",
        "runtime" : "5",
        "iodepth" : "32",
        "bssplit" : "4k/90:8k/10"
      },
      "read" : {
        "io_bytes" : 6894362624,
        "io_kbytes" : 6732776,
        "bw_bytes" : 1378321196,
        "bw" : 1346016,
        "iops" : 316092.363055,
        "runtime" : 5002,
        "total_ios" : 1581094,
        "short_ios" : 0,
        "drop_ios" : 0,
        "slat_ns" : {
          "min" : 2685,
          "max" : 8042111,
          "mean" : 8588.420427,
          "stddev" : 50315.571988,
          "N" : 1581094
        },
        "clat_ns" : {
          "min" : 77117,
          "max" : 13736780,
          "mean" : 1609984.795328,
          "stddev" : 802723.584765,
          "N" : 1581094,
          "percentile" : {
            "1.000000" : 261120,
            "5.000000" : 423936,
            "10.000000" : 577536,
            "20.000000" : 839680,
            "30.000000" : 1073152,
            "40.000000" : 1318912,
            "50.000000" : 1564672,
            "60.000000" : 1826816,
            "70.000000" : 2088960,
            "80.000000" : 2375680,
            "90.000000" : 2703360,
            "95.000000" : 2867200,
            "99.000000" : 3162112,
            "99.500000" : 3358720,
            "99.900000" : 4358144,
            "99.950000" : 5013504,
            "99.990000" : 11862016
          }
        },
        "lat_ns" : {
          "min" : 82216,
          "max" : 13743699,
          "mean" : 1618573.215754,
          "stddev" : 804723.520890,
          "N" : 1581094
        },
        "bw_min" : 1308184,
        "bw_max" : 1375184,
        "bw_agg" : 100.000000,
        "bw_mean" : 1346287.733333,
        "bw_dev" : 1287.661039,
        "bw_samples" : 157,
        "iops_min" : 307086,
        "iops_max" : 322750,
        "iops_mean" : 316141.466667,
        "iops_stddev" : 302.796261,
        "iops_samples" : 157
      },
      "write" : {
        "io_bytes" : 0,
        "io_kbytes" : 0,
        "bw_bytes" : 0,
        "bw" : 0,
        "iops" : 0.000000,
        "runtime" : 0,
        "total_ios" : 0,
        "short_ios" : 0,
        "drop_ios" : 0,
        "slat_ns" : {
          "min" : 0,
          "max" : 0,
          "mean" : 0.000000,
          "stddev" : 0.000000,
          "N" : 0
        },
        "clat_ns" : {
          "min" : 0,
          "max" : 0,
          "mean" : 0.000000,
          "stddev" : 0.000000,
          "N" : 0
        },
        "lat_ns" : {
          "min" : 0,
          "max" : 0,
          "mean" : 0.000000,
          "stddev" : 0.000000,
          "N" : 0
        },
        "bw_min" : 0,
        "bw_max" : 0,
        "bw_agg" : 0.000000,
        "bw_mean" : 0.000000,
        "bw_dev" : 0.000000,
        "bw_samples" : 0,
        "iops_min" : 0,
        "iops_max" : 0,
        "iops_mean" : 0.000000,
        "iops_stddev" : 0.000000,
        "iops_samples" : 0
      },
      "trim" : {
        "io_bytes" : 0,
        "io_kbytes" : 0,
        "bw_bytes" : 0,
        "bw" : 0,
        "iops" : 0.000000,
        "runtime" : 0,
        "total_ios" : 0,
        "short_ios" : 0,
        "drop_ios" : 0,
        "slat_ns" : {
          "min" : 0,
          "max" : 0,
          "mean" : 0.000000,
          "stddev" : 0.000000,
          "N" : 0
        },
        "clat_ns" : {
          "min" : 0,
          "max" : 0,
          "mean" : 0.000000,
          "stddev" : 0.000000,
          "N" : 0
        },
        "lat_ns" : {
          "min" : 0,
          "max" : 0,
          "mean" : 0.000000,
          "stddev" : 0.000000,
          "N" : 0
        },
        "bw_min" : 0,
        "bw_max" : 0,
        "bw_agg" : 0.000000,
        "bw_mean" : 0.000000,
        "bw_dev" : 0.000000,
        "bw_samples" : 0,
        "iops_min" : 0,
        "iops_max" : 0,
        "iops_mean" : 0.000000,
        "iops_stddev" : 0.000000,
        "iops_samples" : 0
      },
      "sync" : {
        "total_ios" : 0,
        "lat_ns" : {
          "min" : 0,
          "max" : 0,
          "mean" : 0.000000,
          "stddev" : 0.000000,
          "N" : 0
        }
      },
      "job_runtime" : 80016,
      "usr_cpu" : 3.539292,
      "sys_cpu" : 13.628524,
      "ctx" : 1121489,
      "majf" : 0,
      "minf" : 1200,
      "iodepth_level" : {
        "1" : 0.100000,
        "2" : 0.100000,
        "4" : 0.100000,
        "8" : 0.100000,
        "16" : 0.100000,
        "32" : 99.968629,
        ">=64" : 0.000000
      },
      "iodepth_submit" : {
        "0" : 0.000000,
        "4" : 100.000000,
        "8" : 0.000000,
        "16" : 0.000000,
        "32" : 0.000000,
        "64" : 0.000000,
        ">=64" : 0.000000
      },
      "iodepth_complete" : {
        "0" : 0.000000,
        "4" : 99.998988,
        "8" : 0.000000,
        "16" : 0.000000,
        "32" : 0.100000,
        "64" : 0.000000,
        ">=64" : 0.000000
      },
      "latency_ns" : {
        "2" : 0.000000,
        "4" : 0.000000,
        "10" : 0.000000,
        "20" : 0.000000,
        "50" : 0.000000,
        "100" : 0.000000,
        "250" : 0.000000,
        "500" : 0.000000,
        "750" : 0.000000,
        "1000" : 0.000000
      },
      "latency_us" : {
        "2" : 0.000000,
        "4" : 0.000000,
        "10" : 0.000000,
        "20" : 0.000000,
        "50" : 0.000000,
        "100" : 0.010000,
        "250" : 0.848969,
        "500" : 6.594295,
        "750" : 9.036212,
        "1000" : 10.241453
      },
      "latency_ms" : {
        "2" : 39.907178,
        "4" : 33.200113,
        "10" : 0.145659,
        "20" : 0.024730,
        "50" : 0.000000,
        "100" : 0.000000,
        "250" : 0.000000,
        "500" : 0.000000,
        "750" : 0.000000,
        "1000" : 0.000000,
        "2000" : 0.000000,
        ">=2000" : 0.000000
      },
      "latency_depth" : 32,
      "latency_target" : 0,
      "latency_percentile" : 100.000000,
      "latency_window" : 0
    }
  ]
}
