{
  "fio version" : "fio-3.36",
  "timestamp" : 1751577785,
  "timestamp_ms" : 1751577785555,
  "time" : "Thu Jul  3 21:23:05 2025",
  "global options" : {
    "ioengine" : "libaio",
    "direct" : "0",
    "directory" : "/mnt/test"
  },
  "jobs" : [
    {
      "jobname" : "database_article_test",
      "groupid" : 0,
      "job_start" : 1751577780492,
      "error" : 0,
      "eta" : 0,
      "elapsed" : 6,
      "job options" : {
        "rw" : "randrw",
        "rwmixread" : "50",
        "size" : "50M",
        "numjobs" : "1",
        "runtime" : "5",
        "iodepth" : "128",
        "bssplit" : "8k-64k"
      },
      "read" : {
        "io_bytes" : 2467184640,
        "io_kbytes" : 2409360,
        "bw_bytes" : 489715093,
        "bw" : 478237,
        "iops" : 59779.674474,
        "runtime" : 5038,
        "total_ios" : 301170,
        "short_ios" : 0,
        "drop_ios" : 0,
        "slat_ns" : {
          "min" : 1803,
          "max" : 136538922,
          "mean" : 4917.942561,
          "stddev" : 291764.130203,
          "N" : 301170
        },
        "clat_ns" : {
          "min" : 469630,
          "max" : 610574961,
          "mean" : 1036439.416951,
          "stddev" : 10906763.174047,
          "N" : 301170,
          "percentile" : {
            "1.000000" : 493568,
            "5.000000" : 501760,
            "10.000000" : 509952,
            "20.000000" : 514048,
            "30.000000" : 522240,
            "40.000000" : 528384,
            "50.000000" : 528384,
            "60.000000" : 536576,
            "70.000000" : 536576,
            "80.000000" : 544768,
            "90.000000" : 552960,
            "95.000000" : 569344,
            "99.000000" : 4620288,
            "99.500000" : 15400960,
            "99.900000" : 108527616,
            "99.950000" : 329252864,
            "99.990000" : 574619648
          }
        },
        "lat_ns" : {
          "min" : 472299,
          "max" : 610608517,
          "mean" : 1041357.359511,
          "stddev" : 10924624.289252,
          "N" : 301170
        },
        "bw_min" : 992,
        "bw_max" : 955520,
        "bw_agg" : 100.000000,
        "bw_mean" : 481771.200000,
        "bw_dev" : 389315.830989,
        "bw_samples" : 10,
        "iops_min" : 124,
        "iops_max" : 119440,
        "iops_mean" : 60221.400000,
        "iops_stddev" : 48664.478874,
        "iops_samples" : 10
      },
      "write" : {
        "io_bytes" : 2466103296,
        "io_kbytes" : 2408304,
        "bw_bytes" : 489500455,
        "bw" : 478027,
        "iops" : 59753.473601,
        "runtime" : 5038,
        "total_ios" : 301038,
        "short_ios" : 0,
        "drop_ios" : 0,
        "slat_ns" : {
          "min" : 3848,
          "max" : 330739742,
          "mean" : 10257.165859,
          "stddev" : 913906.644971,
          "N" : 301038
        },
        "clat_ns" : {
          "min" : 19434,
          "max" : 610590832,
          "mean" : 1088367.374282,
          "stddev" : 11707083.159040,
          "N" : 301038,
          "percentile" : {
            "1.000000" : 493568,
            "5.000000" : 501760,
            "10.000000" : 509952,
            "20.000000" : 518144,
            "30.000000" : 522240,
            "40.000000" : 528384,
            "50.000000" : 528384,
            "60.000000" : 536576,
            "70.000000" : 536576,
            "80.000000" : 544768,
            "90.000000" : 552960,
            "95.000000" : 569344,
            "99.000000" : 5341184,
            "99.500000" : 16711680,
            "99.900000" : 110624768,
            "99.950000" : 329252864,
            "99.990000" : 583008256
          }
        },
        "lat_ns" : {
          "min" : 474124,
          "max" : 611324341,
          "mean" : 1098624.540141,
          "stddev" : 11812205.238626,
          "N" : 301038
        },
        "bw_min" : 1152,
        "bw_max" : 964800,
        "bw_agg" : 100.000000,
        "bw_mean" : 481556.800000,
        "bw_dev" : 390688.998028,
        "bw_samples" : 10,
        "iops_min" : 144,
        "iops_max" : 120600,
        "iops_mean" : 60194.600000,
        "iops_stddev" : 48836.124753,
        "iops_samples" : 10
      },
      "trim" : {
        "io_bytes" : 0,
        "io_kbytes" : 0,
        "bw_bytes" : 0,
        "bw" : 0,
        "iops" : 0.000000,
        "runtime" : 0,
        "total_ios" : 0,
        "short_ios" : 0,
        "drop_ios" : 0,
        "slat_ns" : {
          "min" : 0,
          "max" : 0,
          "mean" : 0.000000,
          "stddev" : 0.000000,
          "N" : 0
        },
        "clat_ns" : {
          "min" : 0,
          "max" : 0,
          "mean" : 0.000000,
          "stddev" : 0.000000,
          "N" : 0
        },
        "lat_ns" : {
          "min" : 0,
          "max" : 0,
          "mean" : 0.000000,
          "stddev" : 0.000000,
          "N" : 0
        },
        "bw_min" : 0,
        "bw_max" : 0,
        "bw_agg" : 0.000000,
        "bw_mean" : 0.000000,
        "bw_dev" : 0.000000,
        "bw_samples" : 0,
        "iops_min" : 0,
        "iops_max" : 0,
        "iops_mean" : 0.000000,
        "iops_stddev" : 0.000000,
        "iops_samples" : 0
      },
      "sync" : {
        "total_ios" : 0,
        "lat_ns" : {
          "min" : 0,
          "max" : 0,
          "mean" : 0.000000,
          "stddev" : 0.000000,
          "N" : 0
        }
      },
      "job_runtime" : 5037,
      "usr_cpu" : 9.311098,
      "sys_cpu" : 46.217987,
      "ctx" : 493,
      "majf" : 0,
      "minf" : 14,
      "iodepth_level" : {
        "1" : 0.100000,
        "2" : 0.100000,
        "4" : 0.100000,
        "8" : 0.100000,
        "16" : 0.100000,
        "32" : 0.100000,
        ">=64" : 99.989538
      },
      "iodepth_submit" : {
        "0" : 0.000000,
        "4" : 100.000000,
        "8" : 0.000000,
        "16" : 0.000000,
        "32" : 0.000000,
        "64" : 0.000000,
        ">=64" : 0.000000
      },
      "iodepth_complete" : {
        "0" : 0.000000,
        "4" : 99.999834,
        "8" : 0.000000,
        "16" : 0.000000,
        "32" : 0.000000,
        "64" : 0.000000,
        ">=64" : 0.100000
      },
      "latency_ns" : {
        "2" : 0.000000,
        "4" : 0.000000,
        "10" : 0.000000,
        "20" : 0.000000,
        "50" : 0.000000,
        "100" : 0.000000,
        "250" : 0.000000,
        "500" : 0.000000,
        "750" : 0.000000,
        "1000" : 0.000000
      },
      "latency_us" : {
        "2" : 0.000000,
        "4" : 0.000000,
        "10" : 0.000000,
        "20" : 0.010000,
        "50" : 0.000000,
        "100" : 0.000000,
        "250" : 0.000000,
        "500" : 3.171828,
        "750" : 93.808452,
        "1000" : 0.534699
      },
      "latency_ms" : {
        "2" : 0.938214,
        "4" : 0.383921,
        "10" : 0.454328,
        "20" : 0.308199,
        "50" : 0.206241,
        "100" : 0.087843,
        "250" : 0.049152,
        "500" : 0.037196,
        "750" : 0.019761,
        "1000" : 0.000000,
        "2000" : 0.000000,
        ">=2000" : 0.000000
      },
      "latency_depth" : 128,
      "latency_target" : 0,
      "latency_percentile" : 100.000000,
      "latency_window" : 0
    }
  ]
}
