{
  "fio version" : "fio-3.36",
  "timestamp" : 1748728796,
  "timestamp_ms" : 1748728796478,
  "time" : "Sat May 31 21:59:56 2025",
  "global options" : {
    "ioengine" : "libaio",
    "direct" : "1",
    "directory" : "/mnt/test",
    "buffer_compress_percentage" : "70",
    "buffer_pattern" : "0xdeadbeef"
  },
  "jobs" : [
    {
      "jobname" : "archive_test",
      "groupid" : 0,
      "job_start" : 1748728679620,
      "error" : 0,
      "eta" : 0,
      "elapsed" : 117,
      "job options" : {
        "rw" : "write",
        "size" : "10G",
        "numjobs" : "2",
        "runtime" : "180",
        "iodepth" : "128",
        "bssplit" : "64k/70:128k/30"
      },
      "read" : {
        "io_bytes" : 0,
        "io_kbytes" : 0,
        "bw_bytes" : 0,
        "bw" : 0,
        "iops" : 0.000000,
        "runtime" : 0,
        "total_ios" : 0,
        "short_ios" : 0,
        "drop_ios" : 0,
        "slat_ns" : {
          "min" : 0,
          "max" : 0,
          "mean" : 0.000000,
          "stddev" : 0.000000,
          "N" : 0
        },
        "clat_ns" : {
          "min" : 0,
          "max" : 0,
          "mean" : 0.000000,
          "stddev" : 0.000000,
          "N" : 0
        },
        "lat_ns" : {
          "min" : 0,
          "max" : 0,
          "mean" : 0.000000,
          "stddev" : 0.000000,
          "N" : 0
        },
        "bw_min" : 0,
        "bw_max" : 0,
        "bw_agg" : 0.000000,
        "bw_mean" : 0.000000,
        "bw_dev" : 0.000000,
        "bw_samples" : 0,
        "iops_min" : 0,
        "iops_max" : 0,
        "iops_mean" : 0.000000,
        "iops_stddev" : 0.000000,
        "iops_samples" : 0
      },
      "write" : {
        "io_bytes" : 21474836480,
        "io_kbytes" : 20971520,
        "bw_bytes" : 183817409,
        "bw" : 179509,
        "iops" : 2156.898662,
        "runtime" : 116827,
        "total_ios" : 251984,
        "short_ios" : 0,
        "drop_ios" : 0,
        "slat_ns" : {
          "min" : 13956,
          "max" : 280743,
          "mean" : 65266.136223,
          "stddev" : 21065.241560,
          "N" : 251984
        },
        "clat_ns" : {
          "min" : 335235,
          "max" : 5095694902,
          "mean" : 114025004.692333,
          "stddev" : 385138436.893334,
          "N" : 251984,
          "percentile" : {
            "1.000000" : 423936,
            "5.000000" : 460800,
            "10.000000" : 1875968,
            "20.000000" : 53215232,
            "30.000000" : 57933824,
            "40.000000" : 62652416,
            "50.000000" : 71827456,
            "60.000000" : 86507520,
            "70.000000" : 92798976,
            "80.000000" : 111673344,
            "90.000000" : 160432128,
            "95.000000" : 179306496,
            "99.000000" : 350224384,
            "99.500000" : 4177526784,
            "99.900000" : 5066719232,
            "99.950000" : 5066719232,
            "99.990000" : 5066719232
          }
        },
        "lat_ns" : {
          "min" : 400276,
          "max" : 5095735132,
          "mean" : 114090270.828555,
          "stddev" : 385138667.529878,
          "N" : 251984
        },
        "bw_min" : 640,
        "bw_max" : 377984,
        "bw_agg" : 100.000000,
        "bw_mean" : 244907.604734,
        "bw_dev" : 52693.539265,
        "bw_samples" : 341,
        "iops_min" : 10,
        "iops_max" : 4608,
        "iops_mean" : 2943.089389,
        "iops_stddev" : 634.659138,
        "iops_samples" : 341
      },
      "trim" : {
        "io_bytes" : 0,
        "io_kbytes" : 0,
        "bw_bytes" : 0,
        "bw" : 0,
        "iops" : 0.000000,
        "runtime" : 0,
        "total_ios" : 0,
        "short_ios" : 0,
        "drop_ios" : 0,
        "slat_ns" : {
          "min" : 0,
          "max" : 0,
          "mean" : 0.000000,
          "stddev" : 0.000000,
          "N" : 0
        },
        "clat_ns" : {
          "min" : 0,
          "max" : 0,
          "mean" : 0.000000,
          "stddev" : 0.000000,
          "N" : 0
        },
        "lat_ns" : {
          "min" : 0,
          "max" : 0,
          "mean" : 0.000000,
          "stddev" : 0.000000,
          "N" : 0
        },
        "bw_min" : 0,
        "bw_max" : 0,
        "bw_agg" : 0.000000,
        "bw_mean" : 0.000000,
        "bw_dev" : 0.000000,
        "bw_samples" : 0,
        "iops_min" : 0,
        "iops_max" : 0,
        "iops_mean" : 0.000000,
        "iops_stddev" : 0.000000,
        "iops_samples" : 0
      },
      "sync" : {
        "total_ios" : 0,
        "lat_ns" : {
          "min" : 0,
          "max" : 0,
          "mean" : 0.000000,
          "stddev" : 0.000000,
          "N" : 0
        }
      },
      "job_runtime" : 224681,
      "usr_cpu" : 5.169997,
      "sys_cpu" : 7.799947,
      "ctx" : 145309,
      "majf" : 0,
      "minf" : 23,
      "iodepth_level" : {
        "1" : 0.100000,
        "2" : 0.100000,
        "4" : 0.100000,
        "8" : 0.100000,
        "16" : 0.100000,
        "32" : 0.100000,
        ">=64" : 99.949997
      },
      "iodepth_submit" : {
        "0" : 0.000000,
        "4" : 100.000000,
        "8" : 0.000000,
        "16" : 0.000000,
        "32" : 0.000000,
        "64" : 0.000000,
        ">=64" : 0.000000
      },
      "iodepth_complete" : {
        "0" : 0.000000,
        "4" : 99.999206,
        "8" : 0.000000,
        "16" : 0.000000,
        "32" : 0.000000,
        "64" : 0.000000,
        ">=64" : 0.100000
      },
      "latency_ns" : {
        "2" : 0.000000,
        "4" : 0.000000,
        "10" : 0.000000,
        "20" : 0.000000,
        "50" : 0.000000,
        "100" : 0.000000,
        "250" : 0.000000,
        "500" : 0.000000,
        "750" : 0.000000,
        "1000" : 0.000000
      },
      "latency_us" : {
        "2" : 0.000000,
        "4" : 0.000000,
        "10" : 0.000000,
        "20" : 0.000000,
        "50" : 0.000000,
        "100" : 0.000000,
        "250" : 0.000000,
        "500" : 6.031335,
        "750" : 2.629135,
        "1000" : 0.448838
      },
      "latency_ms" : {
        "2" : 0.903232,
        "4" : 0.085720,
        "10" : 0.484555,
        "20" : 0.848467,
        "50" : 5.931329,
        "100" : 60.685599,
        "250" : 20.556464,
        "500" : 0.561940,
        "750" : 0.058734,
        "1000" : 0.010000,
        "2000" : 0.010000,
        ">=2000" : 0.761953
      },
      "latency_depth" : 128,
      "latency_target" : 0,
      "latency_percentile" : 100.000000,
      "latency_window" : 0
    }
  ]
}
