{
  "fio version" : "fio-3.36",
  "timestamp" : 1751100564,
  "timestamp_ms" : 1751100564237,
  "time" : "Sat Jun 28 08:49:24 2025",
  "global options" : {
    "ioengine" : "libaio",
    "direct" : "1",
    "directory" : "/mnt/test",
    "buffer_compress_percentage" : "70",
    "buffer_pattern" : "0xdeadbeef"
  },
  "jobs" : [
    {
      "jobname" : "database_mysql_innodb_test",
      "groupid" : 0,
      "job_start" : 1751100504168,
      "error" : 0,
      "eta" : 0,
      "elapsed" : 61,
      "job options" : {
        "rw" : "randrw",
        "rwmixread" : "70",
        "size" : "1G",
        "numjobs" : "8",
        "runtime" : "60",
        "iodepth" : "16",
        "bssplit" : "16k"
      },
      "read" : {
        "io_bytes" : 209862656,
        "io_kbytes" : 204944,
        "bw_bytes" : 3496137,
        "bw" : 3414,
        "iops" : 213.387309,
        "runtime" : 60027,
        "total_ios" : 12809,
        "short_ios" : 0,
        "drop_ios" : 0,
        "slat_ns" : {
          "min" : 11954,
          "max" : 780708521,
          "mean" : 35174108.286517,
          "stddev" : 42960856.204722,
          "N" : 12809
        },
        "clat_ns" : {
          "min" : 12219,
          "max" : 1835064677,
          "mean" : 388013742.020688,
          "stddev" : 225731190.451888,
          "N" : 12809,
          "percentile" : {
            "1.000000" : 139460608,
            "5.000000" : 173015040,
            "10.000000" : 198180864,
            "20.000000" : 231735296,
            "30.000000" : 258998272,
            "40.000000" : 287309824,
            "50.000000" : 316669952,
            "60.000000" : 354418688,
            "70.000000" : 404750336,
            "80.000000" : 492830720,
            "90.000000" : 717225984,
            "95.000000" : 868220928,
            "99.000000" : 1233125376,
            "99.500000" : 1367343104,
            "99.900000" : 1619001344,
            "99.950000" : 1686110208,
            "99.990000" : 1820327936
          }
        },
        "lat_ns" : {
          "min" : 13335012,
          "max" : 1912258647,
          "mean" : 423187850.307206,
          "stddev" : 240086651.994852,
          "N" : 12809
        },
        "bw_min" : 416,
        "bw_max" : 6208,
        "bw_agg" : 99.818514,
        "bw_mean" : 3408.207023,
        "bw_dev" : 160.281826,
        "bw_samples" : 944,
        "iops_min" : 26,
        "iops_max" : 388,
        "iops_mean" : 213.004994,
        "iops_stddev" : 10.018543,
        "iops_samples" : 944
      },
      "write" : {
        "io_bytes" : 91684864,
        "io_kbytes" : 89536,
        "bw_bytes" : 1527393,
        "bw" : 1491,
        "iops" : 93.224716,
        "runtime" : 60027,
        "total_ios" : 5596,
        "short_ios" : 0,
        "drop_ios" : 0,
        "slat_ns" : {
          "min" : 234026,
          "max" : 290464534,
          "mean" : 5213394.544139,
          "stddev" : 14838188.522032,
          "N" : 5596
        },
        "clat_ns" : {
          "min" : 15789,
          "max" : 1722610322,
          "mean" : 393010042.258577,
          "stddev" : 225983672.738864,
          "N" : 5596,
          "percentile" : {
            "1.000000" : 143654912,
            "5.000000" : 177209344,
            "10.000000" : 198180864,
            "20.000000" : 233832448,
            "30.000000" : 261095424,
            "40.000000" : 287309824,
            "50.000000" : 320864256,
            "60.000000" : 354418688,
            "70.000000" : 408944640,
            "80.000000" : 509607936,
            "90.000000" : 734003200,
            "95.000000" : 868220928,
            "99.000000" : 1216348160,
            "99.500000" : 1333788672,
            "99.900000" : 1551892480,
            "99.950000" : 1652555776,
            "99.990000" : 1719664640
          }
        },
        "lat_ns" : {
          "min" : 9388040,
          "max" : 1725751713,
          "mean" : 398223436.802716,
          "stddev" : 227728326.846576,
          "N" : 5596
        },
        "bw_min" : 256,
        "bw_max" : 3680,
        "bw_agg" : 100.000000,
        "bw_mean" : 1510.966865,
        "bw_dev" : 93.296518,
        "bw_samples" : 926,
        "iops_min" : 16,
        "iops_max" : 230,
        "iops_mean" : 94.427484,
        "iops_stddev" : 5.831846,
        "iops_samples" : 926
      },
      "trim" : {
        "io_bytes" : 0,
        "io_kbytes" : 0,
        "bw_bytes" : 0,
        "bw" : 0,
        "iops" : 0.000000,
        "runtime" : 0,
        "total_ios" : 0,
        "short_ios" : 0,
        "drop_ios" : 0,
        "slat_ns" : {
          "min" : 0,
          "max" : 0,
          "mean" : 0.000000,
          "stddev" : 0.000000,
          "N" : 0
        },
        "clat_ns" : {
          "min" : 0,
          "max" : 0,
          "mean" : 0.000000,
          "stddev" : 0.000000,
          "N" : 0
        },
        "lat_ns" : {
          "min" : 0,
          "max" : 0,
          "mean" : 0.000000,
          "stddev" : 0.000000,
          "N" : 0
        },
        "bw_min" : 0,
        "bw_max" : 0,
        "bw_agg" : 0.000000,
        "bw_mean" : 0.000000,
        "bw_dev" : 0.000000,
        "bw_samples" : 0,
        "iops_min" : 0,
        "iops_max" : 0,
        "iops_mean" : 0.000000,
        "iops_stddev" : 0.000000,
        "iops_samples" : 0
      },
      "sync" : {
        "total_ios" : 0,
        "lat_ns" : {
          "min" : 0,
          "max" : 0,
          "mean" : 0.000000,
          "stddev" : 0.000000,
          "N" : 0
        }
      },
      "job_runtime" : 480092,
      "usr_cpu" : 0.083734,
      "sys_cpu" : 1.230597,
      "ctx" : 18406,
      "majf" : 0,
      "minf" : 80,
      "iodepth_level" : {
        "1" : 0.100000,
        "2" : 0.100000,
        "4" : 0.173866,
        "8" : 0.347732,
        "16" : 99.348003,
        "32" : 0.000000,
        ">=64" : 0.000000
      },
      "iodepth_submit" : {
        "0" : 0.000000,
        "4" : 100.000000,
        "8" : 0.000000,
        "16" : 0.000000,
        "32" : 0.000000,
        "64" : 0.000000,
        ">=64" : 0.000000
      },
      "iodepth_complete" : {
        "0" : 0.000000,
        "4" : 99.956267,
        "8" : 0.000000,
        "16" : 0.100000,
        "32" : 0.000000,
        "64" : 0.000000,
        ">=64" : 0.000000
      },
      "latency_ns" : {
        "2" : 0.000000,
        "4" : 0.000000,
        "10" : 0.000000,
        "20" : 0.000000,
        "50" : 0.000000,
        "100" : 0.000000,
        "250" : 0.000000,
        "500" : 0.000000,
        "750" : 0.000000,
        "1000" : 0.000000
      },
      "latency_us" : {
        "2" : 0.000000,
        "4" : 0.000000,
        "10" : 0.000000,
        "20" : 0.043466,
        "50" : 0.000000,
        "100" : 0.000000,
        "250" : 0.000000,
        "500" : 0.000000,
        "750" : 0.000000,
        "1000" : 0.000000
      },
      "latency_ms" : {
        "2" : 0.000000,
        "4" : 0.000000,
        "10" : 0.010000,
        "20" : 0.027167,
        "50" : 0.054333,
        "100" : 0.114099,
        "250" : 25.982070,
        "500" : 54.023363,
        "750" : 10.627547,
        "1000" : 6.634067,
        "2000" : 2.488454,
        ">=2000" : 0.000000
      },
      "latency_depth" : 16,
      "latency_target" : 0,
      "latency_percentile" : 100.000000,
      "latency_window" : 0
    }
  ]
}
