{
  "fio version" : "fio-3.36",
  "timestamp" : 1752822512,
  "timestamp_ms" : 1752822512196,
  "time" : "Fri Jul 18 07:08:32 2025",
  "global options" : {
    "ioengine" : "libaio",
    "direct" : "1",
    "directory" : "/mnt/test",
    "buffer_compress_percentage" : "70",
    "buffer_pattern" : "0xdeadbeef"
  },
  "jobs" : [
    {
      "jobname" : "database_mysql_innodb_test",
      "groupid" : 0,
      "job_start" : 1752822452128,
      "error" : 0,
      "eta" : 0,
      "elapsed" : 61,
      "job options" : {
        "rw" : "randrw",
        "rwmixread" : "70",
        "size" : "1G",
        "numjobs" : "24",
        "runtime" : "60",
        "iodepth" : "16",
        "bssplit" : "16k"
      },
      "read" : {
        "io_bytes" : 13830455296,
        "io_kbytes" : 13506304,
        "bw_bytes" : 230469176,
        "bw" : 225067,
        "iops" : 14066.722213,
        "runtime" : 60010,
        "total_ios" : 844144,
        "short_ios" : 0,
        "drop_ios" : 0,
        "slat_ns" : {
          "min" : 3069,
          "max" : 77362959,
          "mean" : 1444504.083706,
          "stddev" : 3337608.596430,
          "N" : 844144
        },
        "clat_ns" : {
          "min" : 71951,
          "max" : 139539478,
          "mean" : 12710300.568166,
          "stddev" : 11141269.593287,
          "N" : 844144,
          "percentile" : {
            "1.000000" : 716800,
            "5.000000" : 1400832,
            "10.000000" : 2179072,
            "20.000000" : 3719168,
            "30.000000" : 5341184,
            "40.000000" : 7176192,
            "50.000000" : 9502720,
            "60.000000" : 12648448,
            "70.000000" : 16056320,
            "80.000000" : 20054016,
            "90.000000" : 26607616,
            "95.000000" : 33816576,
            "99.000000" : 53215232,
            "99.500000" : 61603840,
            "99.900000" : 78118912,
            "99.950000" : 84410368,
            "99.990000" : 100139008
          }
        },
        "lat_ns" : {
          "min" : 260797,
          "max" : 139994040,
          "mean" : 14154804.651872,
          "stddev" : 11936492.858956,
          "N" : 844144
        },
        "bw_min" : 143904,
        "bw_max" : 294400,
        "bw_agg" : 100.000000,
        "bw_mean" : 225147.966387,
        "bw_dev" : 1147.736842,
        "bw_samples" : 2856,
        "iops_min" : 8994,
        "iops_max" : 18400,
        "iops_mean" : 14071.521008,
        "iops_stddev" : 71.731495,
        "iops_samples" : 2856
      },
      "write" : {
        "io_bytes" : 5929615360,
        "io_kbytes" : 5790640,
        "bw_bytes" : 98810454,
        "bw" : 96494,
        "iops" : 6030.911515,
        "runtime" : 60010,
        "total_ios" : 361915,
        "short_ios" : 0,
        "drop_ios" : 0,
        "slat_ns" : {
          "min" : 4753,
          "max" : 76695270,
          "mean" : 483310.504511,
          "stddev" : 2011655.564313,
          "N" : 361915
        },
        "clat_ns" : {
          "min" : 1380510,
          "max" : 353214640,
          "mean" : 30134532.086838,
          "stddev" : 14827742.043932,
          "N" : 361915,
          "percentile" : {
            "1.000000" : 8716288,
            "5.000000" : 13041664,
            "10.000000" : 15794176,
            "20.000000" : 19005440,
            "30.000000" : 21889024,
            "40.000000" : 24510464,
            "50.000000" : 27131904,
            "60.000000" : 29753344,
            "70.000000" : 33423360,
            "80.000000" : 38535168,
            "90.000000" : 47972352,
            "95.000000" : 58458112,
            "99.000000" : 82313216,
            "99.500000" : 91750400,
            "99.900000" : 116916224,
            "99.950000" : 133693440,
            "99.990000" : 177209344
          }
        },
        "lat_ns" : {
          "min" : 1442802,
          "max" : 363190036,
          "mean" : 30617842.591349,
          "stddev" : 15280069.102749,
          "N" : 361915
        },
        "bw_min" : 59776,
        "bw_max" : 130816,
        "bw_agg" : 100.000000,
        "bw_mean" : 96524.672269,
        "bw_dev" : 570.011809,
        "bw_samples" : 2856,
        "iops_min" : 3736,
        "iops_max" : 8176,
        "iops_mean" : 6032.563025,
        "iops_stddev" : 35.623154,
        "iops_samples" : 2856
      },
      "trim" : {
        "io_bytes" : 0,
        "io_kbytes" : 0,
        "bw_bytes" : 0,
        "bw" : 0,
        "iops" : 0.000000,
        "runtime" : 0,
        "total_ios" : 0,
        "short_ios" : 0,
        "drop_ios" : 0,
        "slat_ns" : {
          "min" : 0,
          "max" : 0,
          "mean" : 0.000000,
          "stddev" : 0.000000,
          "N" : 0
        },
        "clat_ns" : {
          "min" : 0,
          "max" : 0,
          "mean" : 0.000000,
          "stddev" : 0.000000,
          "N" : 0
        },
        "lat_ns" : {
          "min" : 0,
          "max" : 0,
          "mean" : 0.000000,
          "stddev" : 0.000000,
          "N" : 0
        },
        "bw_min" : 0,
        "bw_max" : 0,
        "bw_agg" : 0.000000,
        "bw_mean" : 0.000000,
        "bw_dev" : 0.000000,
        "bw_samples" : 0,
        "iops_min" : 0,
        "iops_max" : 0,
        "iops_mean" : 0.000000,
        "iops_stddev" : 0.000000,
        "iops_samples" : 0
      },
      "sync" : {
        "total_ios" : 0,
        "lat_ns" : {
          "min" : 0,
          "max" : 0,
          "mean" : 0.000000,
          "stddev" : 0.000000,
          "N" : 0
        }
      },
      "job_runtime" : 1440168,
      "usr_cpu" : 1.073347,
      "sys_cpu" : 6.277323,
      "ctx" : 1024166,
      "majf" : 0,
      "minf" : 282,
      "iodepth_level" : {
        "1" : 0.100000,
        "2" : 0.100000,
        "4" : 0.100000,
        "8" : 0.100000,
        "16" : 99.970151,
        "32" : 0.000000,
        ">=64" : 0.000000
      },
      "iodepth_submit" : {
        "0" : 0.000000,
        "4" : 100.000000,
        "8" : 0.000000,
        "16" : 0.000000,
        "32" : 0.000000,
        "64" : 0.000000,
        ">=64" : 0.000000
      },
      "iodepth_complete" : {
        "0" : 0.000000,
        "4" : 99.998009,
        "8" : 0.000000,
        "16" : 0.100000,
        "32" : 0.000000,
        "64" : 0.000000,
        ">=64" : 0.000000
      },
      "latency_ns" : {
        "2" : 0.000000,
        "4" : 0.000000,
        "10" : 0.000000,
        "20" : 0.000000,
        "50" : 0.000000,
        "100" : 0.000000,
        "250" : 0.000000,
        "500" : 0.000000,
        "750" : 0.000000,
        "1000" : 0.000000
      },
      "latency_us" : {
        "2" : 0.000000,
        "4" : 0.000000,
        "10" : 0.000000,
        "20" : 0.000000,
        "50" : 0.000000,
        "100" : 0.010000,
        "250" : 0.010000,
        "500" : 0.219061,
        "750" : 0.581481,
        "1000" : 0.891250
      },
      "latency_ms" : {
        "2" : 4.536262,
        "4" : 8.959844,
        "10" : 21.422169,
        "20" : 26.221105,
        "50" : 33.654324,
        "100" : 3.415339,
        "250" : 0.096098,
        "500" : 0.010000,
        "750" : 0.000000,
        "1000" : 0.000000,
        "2000" : 0.000000,
        ">=2000" : 0.000000
      },
      "latency_depth" : 16,
      "latency_target" : 0,
      "latency_percentile" : 100.000000,
      "latency_window" : 0
    }
  ]
}
