{
  "fio version" : "fio-3.36",
  "timestamp" : 1751108235,
  "timestamp_ms" : 1751108235608,
  "time" : "Sat Jun 28 10:57:15 2025",
  "global options" : {
    "ioengine" : "libaio",
    "direct" : "1",
    "directory" : "/mnt/test",
    "buffer_compress_percentage" : "70",
    "buffer_pattern" : "0xdeadbeef"
  },
  "jobs" : [
    {
      "jobname" : "database_mysql_innodb_test",
      "groupid" : 0,
      "job_start" : 1751108175379,
      "error" : 0,
      "eta" : 0,
      "elapsed" : 61,
      "job options" : {
        "rw" : "randrw",
        "rwmixread" : "70",
        "size" : "1G",
        "numjobs" : "8",
        "runtime" : "60",
        "iodepth" : "16",
        "bssplit" : "16k"
      },
      "read" : {
        "io_bytes" : 374882304,
        "io_kbytes" : 366096,
        "bw_bytes" : 6227901,
        "bw" : 6081,
        "iops" : 380.120942,
        "runtime" : 60194,
        "total_ios" : 22881,
        "short_ios" : 0,
        "drop_ios" : 0,
        "slat_ns" : {
          "min" : 15508,
          "max" : 156567107,
          "mean" : 17819027.040601,
          "stddev" : 10611623.451550,
          "N" : 22881
        },
        "clat_ns" : {
          "min" : 10961169,
          "max" : 1476197918,
          "mean" : 248208059.281281,
          "stddev" : 125935298.868704,
          "N" : 22881,
          "percentile" : {
            "1.000000" : 58458112,
            "5.000000" : 95944704,
            "10.000000" : 122159104,
            "20.000000" : 154140672,
            "30.000000" : 179306496,
            "40.000000" : 200278016,
            "50.000000" : 223346688,
            "60.000000" : 250609664,
            "70.000000" : 278921216,
            "80.000000" : 320864256,
            "90.000000" : 400556032,
            "95.000000" : 484442112,
            "99.000000" : 700448768,
            "99.500000" : 792723456,
            "99.900000" : 1019215872,
            "99.950000" : 1115684864,
            "99.990000" : 1283457024
          }
        },
        "lat_ns" : {
          "min" : 17425190,
          "max" : 1483049421,
          "mean" : 266027086.321883,
          "stddev" : 126805780.732237,
          "N" : 22881
        },
        "bw_min" : 3488,
        "bw_max" : 9056,
        "bw_agg" : 99.918865,
        "bw_mean" : 6077.066667,
        "bw_dev" : 120.655727,
        "bw_samples" : 960,
        "iops_min" : 218,
        "iops_max" : 566,
        "iops_mean" : 379.816667,
        "iops_stddev" : 7.540983,
        "iops_samples" : 960
      },
      "write" : {
        "io_bytes" : 163790848,
        "io_kbytes" : 159952,
        "bw_bytes" : 2721049,
        "bw" : 2657,
        "iops" : 166.079676,
        "runtime" : 60194,
        "total_ios" : 9997,
        "short_ios" : 0,
        "drop_ios" : 0,
        "slat_ns" : {
          "min" : 19165,
          "max" : 75175908,
          "mean" : 6347480.441632,
          "stddev" : 9994718.650500,
          "N" : 9997
        },
        "clat_ns" : {
          "min" : 3457977,
          "max" : 5237604459,
          "mean" : 154721010.099030,
          "stddev" : 287807248.671447,
          "N" : 9997,
          "percentile" : {
            "1.000000" : 32112640,
            "5.000000" : 54263808,
            "10.000000" : 67633152,
            "20.000000" : 86507520,
            "30.000000" : 101187584,
            "40.000000" : 114819072,
            "50.000000" : 128450560,
            "60.000000" : 141557760,
            "70.000000" : 158334976,
            "80.000000" : 177209344,
            "90.000000" : 204472320,
            "95.000000" : 227540992,
            "99.000000" : 346030080,
            "99.500000" : 2264924160,
            "99.900000" : 4932501504,
            "99.950000" : 5066719232,
            "99.990000" : 5268045824
          }
        },
        "lat_ns" : {
          "min" : 4182576,
          "max" : 5262825155,
          "mean" : 161068490.540662,
          "stddev" : 289703146.069514,
          "N" : 9997
        },
        "bw_min" : 640,
        "bw_max" : 5344,
        "bw_agg" : 100.000000,
        "bw_mean" : 2658.400000,
        "bw_dev" : 119.167377,
        "bw_samples" : 960,
        "iops_min" : 40,
        "iops_max" : 334,
        "iops_mean" : 166.150000,
        "iops_stddev" : 7.447961,
        "iops_samples" : 960
      },
      "trim" : {
        "io_bytes" : 0,
        "io_kbytes" : 0,
        "bw_bytes" : 0,
        "bw" : 0,
        "iops" : 0.000000,
        "runtime" : 0,
        "total_ios" : 0,
        "short_ios" : 0,
        "drop_ios" : 0,
        "slat_ns" : {
          "min" : 0,
          "max" : 0,
          "mean" : 0.000000,
          "stddev" : 0.000000,
          "N" : 0
        },
        "clat_ns" : {
          "min" : 0,
          "max" : 0,
          "mean" : 0.000000,
          "stddev" : 0.000000,
          "N" : 0
        },
        "lat_ns" : {
          "min" : 0,
          "max" : 0,
          "mean" : 0.000000,
          "stddev" : 0.000000,
          "N" : 0
        },
        "bw_min" : 0,
        "bw_max" : 0,
        "bw_agg" : 0.000000,
        "bw_mean" : 0.000000,
        "bw_dev" : 0.000000,
        "bw_samples" : 0,
        "iops_min" : 0,
        "iops_max" : 0,
        "iops_mean" : 0.000000,
        "iops_stddev" : 0.000000,
        "iops_samples" : 0
      },
      "sync" : {
        "total_ios" : 0,
        "lat_ns" : {
          "min" : 0,
          "max" : 0,
          "mean" : 0.000000,
          "stddev" : 0.000000,
          "N" : 0
        }
      },
      "job_runtime" : 481336,
      "usr_cpu" : 0.180955,
      "sys_cpu" : 0.706783,
      "ctx" : 27163,
      "majf" : 0,
      "minf" : 106,
      "iodepth_level" : {
        "1" : 0.100000,
        "2" : 0.100000,
        "4" : 0.100000,
        "8" : 0.194659,
        "16" : 99.635014,
        "32" : 0.000000,
        ">=64" : 0.000000
      },
      "iodepth_submit" : {
        "0" : 0.000000,
        "4" : 100.000000,
        "8" : 0.000000,
        "16" : 0.000000,
        "32" : 0.000000,
        "64" : 0.000000,
        ">=64" : 0.000000
      },
      "iodepth_complete" : {
        "0" : 0.000000,
        "4" : 99.975584,
        "8" : 0.000000,
        "16" : 0.100000,
        "32" : 0.000000,
        "64" : 0.000000,
        ">=64" : 0.000000
      },
      "latency_ns" : {
        "2" : 0.000000,
        "4" : 0.000000,
        "10" : 0.000000,
        "20" : 0.000000,
        "50" : 0.000000,
        "100" : 0.000000,
        "250" : 0.000000,
        "500" : 0.000000,
        "750" : 0.000000,
        "1000" : 0.000000
      },
      "latency_us" : {
        "2" : 0.000000,
        "4" : 0.000000,
        "10" : 0.000000,
        "20" : 0.000000,
        "50" : 0.000000,
        "100" : 0.000000,
        "250" : 0.000000,
        "500" : 0.000000,
        "750" : 0.000000,
        "1000" : 0.000000
      },
      "latency_ms" : {
        "2" : 0.000000,
        "4" : 0.010000,
        "10" : 0.015208,
        "20" : 0.106454,
        "50" : 1.426486,
        "100" : 11.153355,
        "250" : 58.677535,
        "500" : 25.257011,
        "750" : 2.664396,
        "1000" : 0.401484,
        "2000" : 0.121662,
        ">=2000" : 0.173368
      },
      "latency_depth" : 16,
      "latency_target" : 0,
      "latency_percentile" : 100.000000,
      "latency_window" : 0
    }
  ]
}
