{
  "fio version" : "fio-3.36",
  "timestamp" : 1752980844,
  "timestamp_ms" : 1752980844642,
  "time" : "Sun Jul 20 03:07:24 2025",
  "global options" : {
    "ioengine" : "libaio",
    "direct" : "0",
    "directory" : "/mnt/test",
    "buffer_compress_percentage" : "70",
    "buffer_pattern" : "0xdeadbeef"
  },
  "jobs" : [
    {
      "jobname" : "archive_test",
      "groupid" : 0,
      "job_start" : 1752980663805,
      "error" : 0,
      "eta" : 0,
      "elapsed" : 181,
      "job options" : {
        "rw" : "write",
        "size" : "10G",
        "numjobs" : "9",
        "runtime" : "180",
        "iodepth" : "128",
        "bssplit" : "64k/70:128k/30"
      },
      "read" : {
        "io_bytes" : 0,
        "io_kbytes" : 0,
        "bw_bytes" : 0,
        "bw" : 0,
        "iops" : 0.000000,
        "runtime" : 0,
        "total_ios" : 0,
        "short_ios" : 0,
        "drop_ios" : 0,
        "slat_ns" : {
          "min" : 0,
          "max" : 0,
          "mean" : 0.000000,
          "stddev" : 0.000000,
          "N" : 0
        },
        "clat_ns" : {
          "min" : 0,
          "max" : 0,
          "mean" : 0.000000,
          "stddev" : 0.000000,
          "N" : 0
        },
        "lat_ns" : {
          "min" : 0,
          "max" : 0,
          "mean" : 0.000000,
          "stddev" : 0.000000,
          "N" : 0
        },
        "bw_min" : 0,
        "bw_max" : 0,
        "bw_agg" : 0.000000,
        "bw_mean" : 0.000000,
        "bw_dev" : 0.000000,
        "bw_samples" : 0,
        "iops_min" : 0,
        "iops_max" : 0,
        "iops_mean" : 0.000000,
        "iops_stddev" : 0.000000,
        "iops_samples" : 0
      },
      "write" : {
        "io_bytes" : 70891929600,
        "io_kbytes" : 69230400,
        "bw_bytes" : 392110055,
        "bw" : 382919,
        "iops" : 4601.606230,
        "runtime" : 180796,
        "total_ios" : 831952,
        "short_ios" : 0,
        "drop_ios" : 0,
        "slat_ns" : {
          "min" : 6191,
          "max" : 4355291836,
          "mean" : 1911712.554276,
          "stddev" : 72181083.013029,
          "N" : 831952
        },
        "clat_ns" : {
          "min" : 13461,
          "max" : 4409642577,
          "mean" : 248379944.897657,
          "stddev" : 791440451.949120,
          "N" : 831952,
          "percentile" : {
            "1.000000" : 3915776,
            "5.000000" : 4358144,
            "10.000000" : 4685824,
            "20.000000" : 5079040,
            "30.000000" : 5799936,
            "40.000000" : 6848512,
            "50.000000" : 11730944,
            "60.000000" : 17956864,
            "70.000000" : 25034752,
            "80.000000" : 35389440,
            "90.000000" : 91750400,
            "95.000000" : 2365587456,
            "99.000000" : 3841982464,
            "99.500000" : 3942645760,
            "99.900000" : 4395630592,
            "99.950000" : 4395630592,
            "99.990000" : 4395630592
          }
        },
        "lat_ns" : {
          "min" : 3622850,
          "max" : 4409786500,
          "mean" : 250291657.451931,
          "stddev" : 794346909.680979,
          "N" : 831952
        },
        "bw_min" : 10752,
        "bw_max" : 7009017,
        "bw_agg" : 100.000000,
        "bw_mean" : 1429180.014611,
        "bw_dev" : 164450.949360,
        "bw_samples" : 850,
        "iops_min" : 130,
        "iops_max" : 84168,
        "iops_mean" : 17172.041458,
        "iops_stddev" : 1976.458348,
        "iops_samples" : 850
      },
      "trim" : {
        "io_bytes" : 0,
        "io_kbytes" : 0,
        "bw_bytes" : 0,
        "bw" : 0,
        "iops" : 0.000000,
        "runtime" : 0,
        "total_ios" : 0,
        "short_ios" : 0,
        "drop_ios" : 0,
        "slat_ns" : {
          "min" : 0,
          "max" : 0,
          "mean" : 0.000000,
          "stddev" : 0.000000,
          "N" : 0
        },
        "clat_ns" : {
          "min" : 0,
          "max" : 0,
          "mean" : 0.000000,
          "stddev" : 0.000000,
          "N" : 0
        },
        "lat_ns" : {
          "min" : 0,
          "max" : 0,
          "mean" : 0.000000,
          "stddev" : 0.000000,
          "N" : 0
        },
        "bw_min" : 0,
        "bw_max" : 0,
        "bw_agg" : 0.000000,
        "bw_mean" : 0.000000,
        "bw_dev" : 0.000000,
        "bw_samples" : 0,
        "iops_min" : 0,
        "iops_max" : 0,
        "iops_mean" : 0.000000,
        "iops_stddev" : 0.000000,
        "iops_samples" : 0
      },
      "sync" : {
        "total_ios" : 0,
        "lat_ns" : {
          "min" : 0,
          "max" : 0,
          "mean" : 0.000000,
          "stddev" : 0.000000,
          "N" : 0
        }
      },
      "job_runtime" : 1627130,
      "usr_cpu" : 0.989411,
      "sys_cpu" : 1.174030,
      "ctx" : 199493,
      "majf" : 0,
      "minf" : 133,
      "iodepth_level" : {
        "1" : 0.100000,
        "2" : 0.100000,
        "4" : 0.100000,
        "8" : 0.100000,
        "16" : 0.100000,
        "32" : 0.100000,
        ">=64" : 99.931847
      },
      "iodepth_submit" : {
        "0" : 0.000000,
        "4" : 100.000000,
        "8" : 0.000000,
        "16" : 0.000000,
        "32" : 0.000000,
        "64" : 0.000000,
        ">=64" : 0.000000
      },
      "iodepth_complete" : {
        "0" : 0.000000,
        "4" : 99.998917,
        "8" : 0.000000,
        "16" : 0.000000,
        "32" : 0.000000,
        "64" : 0.000000,
        ">=64" : 0.100000
      },
      "latency_ns" : {
        "2" : 0.000000,
        "4" : 0.000000,
        "10" : 0.000000,
        "20" : 0.000000,
        "50" : 0.000000,
        "100" : 0.000000,
        "250" : 0.000000,
        "500" : 0.000000,
        "750" : 0.000000,
        "1000" : 0.000000
      },
      "latency_us" : {
        "2" : 0.000000,
        "4" : 0.000000,
        "10" : 0.000000,
        "20" : 0.010000,
        "50" : 0.010000,
        "100" : 0.000000,
        "250" : 0.000000,
        "500" : 0.000000,
        "750" : 0.000000,
        "1000" : 0.000000
      },
      "latency_ms" : {
        "2" : 0.000000,
        "4" : 1.924871,
        "10" : 44.866891,
        "20" : 15.957531,
        "50" : 25.703526,
        "100" : 1.718849,
        "250" : 1.159802,
        "500" : 0.012020,
        "750" : 0.000000,
        "1000" : 0.000000,
        "2000" : 2.757491,
        ">=2000" : 5.897936
      },
      "latency_depth" : 128,
      "latency_target" : 0,
      "latency_percentile" : 100.000000,
      "latency_window" : 0
    }
  ]
}
