{
  "fio version" : "fio-3.36",
  "timestamp" : 1751852828,
  "timestamp_ms" : 1751852828542,
  "time" : "Mon Jul  7 01:47:08 2025",
  "global options" : {
    "ioengine" : "libaio",
    "direct" : "1",
    "directory" : "/mnt/test"
  },
  "jobs" : [
    {
      "jobname" : "database_mysql_innodb_test",
      "groupid" : 0,
      "job_start" : 1751852823491,
      "error" : 0,
      "eta" : 0,
      "elapsed" : 6,
      "job options" : {
        "rw" : "randrw",
        "rwmixread" : "70",
        "size" : "1M",
        "numjobs" : "8",
        "runtime" : "5",
        "iodepth" : "16",
        "bssplit" : "16k"
      },
      "read" : {
        "io_bytes" : 3418112000,
        "io_kbytes" : 3338000,
        "bw_bytes" : 683349060,
        "bw" : 667333,
        "iops" : 41708.316673,
        "runtime" : 5002,
        "total_ios" : 208625,
        "short_ios" : 0,
        "drop_ios" : 0,
        "slat_ns" : {
          "min" : 6970,
          "max" : 12302924,
          "mean" : 116209.677728,
          "stddev" : 185891.873361,
          "N" : 208625
        },
        "clat_ns" : {
          "min" : 109728,
          "max" : 18439810,
          "mean" : 2213342.589134,
          "stddev" : 1354672.746985,
          "N" : 208625,
          "percentile" : {
            "1.000000" : 634880,
            "5.000000" : 905216,
            "10.000000" : 1089536,
            "20.000000" : 1318912,
            "30.000000" : 1515520,
            "40.000000" : 1712128,
            "50.000000" : 1908736,
            "60.000000" : 2146304,
            "70.000000" : 2408448,
            "80.000000" : 2768896,
            "90.000000" : 3358720,
            "95.000000" : 4358144,
            "99.000000" : 7831552,
            "99.500000" : 8978432,
            "99.900000" : 11730944,
            "99.950000" : 12779520,
            "99.990000" : 15007744
          }
        },
        "lat_ns" : {
          "min" : 184993,
          "max" : 18463847,
          "mean" : 2329552.266862,
          "stddev" : 1373876.687997,
          "N" : 208625
        },
        "bw_min" : 537536,
        "bw_max" : 917632,
        "bw_agg" : 100.000000,
        "bw_mean" : 682133.333333,
        "bw_dev" : 17104.899523,
        "bw_samples" : 72,
        "iops_min" : 33596,
        "iops_max" : 57354,
        "iops_mean" : 42633.333333,
        "iops_stddev" : 1069.087892,
        "iops_samples" : 72
      },
      "write" : {
        "io_bytes" : 1470136320,
        "io_kbytes" : 1435680,
        "bw_bytes" : 293909700,
        "bw" : 287021,
        "iops" : 17938.824470,
        "runtime" : 5002,
        "total_ios" : 89730,
        "short_ios" : 0,
        "drop_ios" : 0,
        "slat_ns" : {
          "min" : 11512,
          "max" : 8318337,
          "mean" : 54551.329801,
          "stddev" : 118939.119364,
          "N" : 89730
        },
        "clat_ns" : {
          "min" : 4157,
          "max" : 15218206,
          "mean" : 1650517.586693,
          "stddev" : 1356033.557172,
          "N" : 89730,
          "percentile" : {
            "1.000000" : 158720,
            "5.000000" : 292864,
            "10.000000" : 403456,
            "20.000000" : 593920,
            "30.000000" : 790528,
            "40.000000" : 1056768,
            "50.000000" : 1400832,
            "60.000000" : 1712128,
            "70.000000" : 2039808,
            "80.000000" : 2408448,
            "90.000000" : 2965504,
            "95.000000" : 3686400,
            "99.000000" : 6782976,
            "99.500000" : 7569408,
            "99.900000" : 11075584,
            "99.950000" : 11599872,
            "99.990000" : 13303808
          }
        },
        "lat_ns" : {
          "min" : 60403,
          "max" : 15256528,
          "mean" : 1705068.916494,
          "stddev" : 1366648.175514,
          "N" : 89730
        },
        "bw_min" : 231616,
        "bw_max" : 392928,
        "bw_agg" : 100.000000,
        "bw_mean" : 293080.888889,
        "bw_dev" : 7407.553311,
        "bw_samples" : 72,
        "iops_min" : 14476,
        "iops_max" : 24558,
        "iops_mean" : 18317.555556,
        "iops_stddev" : 462.972082,
        "iops_samples" : 72
      },
      "trim" : {
        "io_bytes" : 0,
        "io_kbytes" : 0,
        "bw_bytes" : 0,
        "bw" : 0,
        "iops" : 0.000000,
        "runtime" : 0,
        "total_ios" : 0,
        "short_ios" : 0,
        "drop_ios" : 0,
        "slat_ns" : {
          "min" : 0,
          "max" : 0,
          "mean" : 0.000000,
          "stddev" : 0.000000,
          "N" : 0
        },
        "clat_ns" : {
          "min" : 0,
          "max" : 0,
          "mean" : 0.000000,
          "stddev" : 0.000000,
          "N" : 0
        },
        "lat_ns" : {
          "min" : 0,
          "max" : 0,
          "mean" : 0.000000,
          "stddev" : 0.000000,
          "N" : 0
        },
        "bw_min" : 0,
        "bw_max" : 0,
        "bw_agg" : 0.000000,
        "bw_mean" : 0.000000,
        "bw_dev" : 0.000000,
        "bw_samples" : 0,
        "iops_min" : 0,
        "iops_max" : 0,
        "iops_mean" : 0.000000,
        "iops_stddev" : 0.000000,
        "iops_samples" : 0
      },
      "sync" : {
        "total_ios" : 0,
        "lat_ns" : {
          "min" : 0,
          "max" : 0,
          "mean" : 0.000000,
          "stddev" : 0.000000,
          "N" : 0
        }
      },
      "job_runtime" : 40002,
      "usr_cpu" : 4.787261,
      "sys_cpu" : 28.563572,
      "ctx" : 170255,
      "majf" : 0,
      "minf" : 106,
      "iodepth_level" : {
        "1" : 0.100000,
        "2" : 0.100000,
        "4" : 0.100000,
        "8" : 0.100000,
        "16" : 99.959779,
        "32" : 0.000000,
        ">=64" : 0.000000
      },
      "iodepth_submit" : {
        "0" : 0.000000,
        "4" : 100.000000,
        "8" : 0.000000,
        "16" : 0.000000,
        "32" : 0.000000,
        "64" : 0.000000,
        ">=64" : 0.000000
      },
      "iodepth_complete" : {
        "0" : 0.000000,
        "4" : 99.997318,
        "8" : 0.000000,
        "16" : 0.100000,
        "32" : 0.000000,
        "64" : 0.000000,
        ">=64" : 0.000000
      },
      "latency_ns" : {
        "2" : 0.000000,
        "4" : 0.000000,
        "10" : 0.000000,
        "20" : 0.000000,
        "50" : 0.000000,
        "100" : 0.000000,
        "250" : 0.000000,
        "500" : 0.000000,
        "750" : 0.000000,
        "1000" : 0.000000
      },
      "latency_us" : {
        "2" : 0.000000,
        "4" : 0.000000,
        "10" : 0.010000,
        "20" : 0.000000,
        "50" : 0.010000,
        "100" : 0.071056,
        "250" : 0.992442,
        "500" : 3.634261,
        "750" : 5.322518,
        "1000" : 6.571031
      },
      "latency_ms" : {
        "2" : 41.814617,
        "4" : 36.130113,
        "10" : 5.228335,
        "20" : 0.233949,
        "50" : 0.000000,
        "100" : 0.000000,
        "250" : 0.000000,
        "500" : 0.000000,
        "750" : 0.000000,
        "1000" : 0.000000,
        "2000" : 0.000000,
        ">=2000" : 0.000000
      },
      "latency_depth" : 16,
      "latency_target" : 0,
      "latency_percentile" : 100.000000,
      "latency_window" : 0
    }
  ]
}
