{
  "fio version" : "fio-3.36",
  "timestamp" : 1748177811,
  "timestamp_ms" : 1748177811413,
  "time" : "Sun May 25 12:56:51 2025",
  "global options" : {
    "ioengine" : "libaio",
    "direct" : "1",
    "directory" : "/mnt/test"
  },
  "jobs" : [
    {
      "jobname" : "database_test",
      "groupid" : 0,
      "job_start" : 1748177794320,
      "error" : 0,
      "eta" : 0,
      "elapsed" : 18,
      "job options" : {
        "rw" : "randrw",
        "rwmixread" : "70",
        "size" : "1G",
        "numjobs" : "8",
        "runtime" : "60",
        "iodepth" : "16",
        "bssplit" : "4k/80:8k/20"
      },
      "read" : {
        "io_bytes" : 6011162624,
        "io_kbytes" : 5870276,
        "bw_bytes" : 352498834,
        "bw" : 344237,
        "iops" : 75967.923533,
        "runtime" : 17053,
        "total_ios" : 1295481,
        "short_ios" : 0,
        "drop_ios" : 0,
        "slat_ns" : {
          "min" : 2029,
          "max" : 131698394,
          "mean" : 31383.939244,
          "stddev" : 230749.730753,
          "N" : 1295481
        },
        "clat_ns" : {
          "min" : 1050,
          "max" : 184291061,
          "mean" : 1077469.814403,
          "stddev" : 1349935.165310,
          "N" : 1295481,
          "percentile" : {
            "1.000000" : 140288,
            "5.000000" : 175104,
            "10.000000" : 284672,
            "20.000000" : 561152,
            "30.000000" : 724992,
            "40.000000" : 864256,
            "50.000000" : 987136,
            "60.000000" : 1105920,
            "70.000000" : 1253376,
            "80.000000" : 1449984,
            "90.000000" : 1777664,
            "95.000000" : 2113536,
            "99.000000" : 3325952,
            "99.500000" : 4112384,
            "99.900000" : 7503872,
            "99.950000" : 14221312,
            "99.990000" : 62128128
          }
        },
        "lat_ns" : {
          "min" : 6820,
          "max" : 184299307,
          "mean" : 1108853.753647,
          "stddev" : 1385456.251548,
          "N" : 1295481
        },
        "bw_min" : 167680,
        "bw_max" : 1140104,
        "bw_agg" : 100.000000,
        "bw_mean" : 350665.250000,
        "bw_dev" : 19653.888608,
        "bw_samples" : 264,
        "iops_min" : 36220,
        "iops_max" : 239082,
        "iops_mean" : 77335.028520,
        "iops_stddev" : 4120.686323,
        "iops_samples" : 264
      },
      "write" : {
        "io_bytes" : 2578771968,
        "io_kbytes" : 2518332,
        "bw_bytes" : 151221014,
        "bw" : 147676,
        "iops" : 32577.200493,
        "runtime" : 17053,
        "total_ios" : 555539,
        "short_ios" : 0,
        "drop_ios" : 0,
        "slat_ns" : {
          "min" : 5087,
          "max" : 131160278,
          "mean" : 160834.007681,
          "stddev" : 373504.919349,
          "N" : 555539
        },
        "clat_ns" : {
          "min" : 1314,
          "max" : 184117638,
          "mean" : 1111407.139337,
          "stddev" : 1532466.512034,
          "N" : 555539,
          "percentile" : {
            "1.000000" : 142336,
            "5.000000" : 177152,
            "10.000000" : 296960,
            "20.000000" : 593920,
            "30.000000" : 749568,
            "40.000000" : 880640,
            "50.000000" : 1003520,
            "60.000000" : 1138688,
            "70.000000" : 1286144,
            "80.000000" : 1482752,
            "90.000000" : 1794048,
            "95.000000" : 2179072,
            "99.000000" : 3588096,
            "99.500000" : 4358144,
            "99.900000" : 7897088,
            "99.950000" : 18481152,
            "99.990000" : 67633152
          }
        },
        "lat_ns" : {
          "min" : 9842,
          "max" : 184304432,
          "mean" : 1272241.147018,
          "stddev" : 1632501.717220,
          "N" : 555539
        },
        "bw_min" : 72696,
        "bw_max" : 489208,
        "bw_agg" : 100.000000,
        "bw_mean" : 150410.692513,
        "bw_dev" : 8423.161544,
        "bw_samples" : 264,
        "iops_min" : 15800,
        "iops_max" : 102634,
        "iops_mean" : 33157.078654,
        "iops_stddev" : 1770.276041,
        "iops_samples" : 264
      },
      "trim" : {
        "io_bytes" : 0,
        "io_kbytes" : 0,
        "bw_bytes" : 0,
        "bw" : 0,
        "iops" : 0.000000,
        "runtime" : 0,
        "total_ios" : 0,
        "short_ios" : 0,
        "drop_ios" : 0,
        "slat_ns" : {
          "min" : 0,
          "max" : 0,
          "mean" : 0.000000,
          "stddev" : 0.000000,
          "N" : 0
        },
        "clat_ns" : {
          "min" : 0,
          "max" : 0,
          "mean" : 0.000000,
          "stddev" : 0.000000,
          "N" : 0
        },
        "lat_ns" : {
          "min" : 0,
          "max" : 0,
          "mean" : 0.000000,
          "stddev" : 0.000000,
          "N" : 0
        },
        "bw_min" : 0,
        "bw_max" : 0,
        "bw_agg" : 0.000000,
        "bw_mean" : 0.000000,
        "bw_dev" : 0.000000,
        "bw_samples" : 0,
        "iops_min" : 0,
        "iops_max" : 0,
        "iops_mean" : 0.000000,
        "iops_stddev" : 0.000000,
        "iops_samples" : 0
      },
      "sync" : {
        "total_ios" : 0,
        "lat_ns" : {
          "min" : 0,
          "max" : 0,
          "mean" : 0.000000,
          "stddev" : 0.000000,
          "N" : 0
        }
      },
      "job_runtime" : 134101,
      "usr_cpu" : 2.140178,
      "sys_cpu" : 15.640450,
      "ctx" : 742935,
      "majf" : 0,
      "minf" : 101,
      "iodepth_level" : {
        "1" : 0.100000,
        "2" : 0.100000,
        "4" : 0.100000,
        "8" : 0.100000,
        "16" : 99.993517,
        "32" : 0.000000,
        ">=64" : 0.000000
      },
      "iodepth_submit" : {
        "0" : 0.000000,
        "4" : 100.000000,
        "8" : 0.000000,
        "16" : 0.000000,
        "32" : 0.000000,
        "64" : 0.000000,
        ">=64" : 0.000000
      },
      "iodepth_complete" : {
        "0" : 0.000000,
        "4" : 99.999568,
        "8" : 0.000000,
        "16" : 0.100000,
        "32" : 0.000000,
        "64" : 0.000000,
        ">=64" : 0.000000
      },
      "latency_ns" : {
        "2" : 0.000000,
        "4" : 0.000000,
        "10" : 0.000000,
        "20" : 0.000000,
        "50" : 0.000000,
        "100" : 0.000000,
        "250" : 0.000000,
        "500" : 0.000000,
        "750" : 0.000000,
        "1000" : 0.000000
      },
      "latency_us" : {
        "2" : 0.010000,
        "4" : 0.010000,
        "10" : 0.010000,
        "20" : 0.010000,
        "50" : 0.010000,
        "100" : 0.010000,
        "250" : 9.015138,
        "500" : 7.735465,
        "750" : 14.284773,
        "1000" : 19.668129
      },
      "latency_ms" : {
        "2" : 42.910557,
        "4" : 5.772277,
        "10" : 0.531005,
        "20" : 0.033117,
        "50" : 0.022744,
        "100" : 0.014857,
        "250" : 0.010000,
        "500" : 0.000000,
        "750" : 0.000000,
        "1000" : 0.000000,
        "2000" : 0.000000,
        ">=2000" : 0.000000
      },
      "latency_depth" : 16,
      "latency_target" : 0,
      "latency_percentile" : 100.000000,
      "latency_window" : 0
    }
  ]
}
