{
  "fio version" : "fio-3.36",
  "timestamp" : 1752851875,
  "timestamp_ms" : 1752851875523,
  "time" : "Fri Jul 18 15:17:55 2025",
  "global options" : {
    "ioengine" : "libaio",
    "direct" : "1",
    "directory" : "/mnt/test",
    "buffer_compress_percentage" : "70",
    "buffer_pattern" : "0xdeadbeef"
  },
  "jobs" : [
    {
      "jobname" : "database_mysql_innodb_test",
      "groupid" : 0,
      "job_start" : 1752851815357,
      "error" : 0,
      "eta" : 0,
      "elapsed" : 61,
      "job options" : {
        "rw" : "randrw",
        "rwmixread" : "70",
        "size" : "1G",
        "numjobs" : "24",
        "runtime" : "60",
        "iodepth" : "16",
        "bssplit" : "16k"
      },
      "read" : {
        "io_bytes" : 2947727360,
        "io_kbytes" : 2878640,
        "bw_bytes" : 49020943,
        "bw" : 47872,
        "iops" : 2992.000931,
        "runtime" : 60132,
        "total_ios" : 179915,
        "short_ios" : 0,
        "drop_ios" : 0,
        "slat_ns" : {
          "min" : 5668,
          "max" : 2333750172,
          "mean" : 7008792.737976,
          "stddev" : 46459526.777717,
          "N" : 179915
        },
        "clat_ns" : {
          "min" : 1060,
          "max" : 12350747461,
          "mean" : 73194455.236334,
          "stddev" : 404557118.600333,
          "N" : 179915,
          "percentile" : {
            "1.000000" : 134144,
            "5.000000" : 140288,
            "10.000000" : 144384,
            "20.000000" : 148480,
            "30.000000" : 152576,
            "40.000000" : 156672,
            "50.000000" : 160768,
            "60.000000" : 173056,
            "70.000000" : 187392,
            "80.000000" : 205824,
            "90.000000" : 222208,
            "95.000000" : 9240576,
            "99.000000" : 1702887424,
            "99.500000" : 2071986176,
            "99.900000" : 5536481280,
            "99.950000" : 6543114240,
            "99.990000" : 9730785280
          }
        },
        "lat_ns" : {
          "min" : 9113,
          "max" : 12430085452,
          "mean" : 80203247.974310,
          "stddev" : 439065634.708207,
          "N" : 179915
        },
        "bw_min" : 2585694,
        "bw_max" : 3651936,
        "bw_agg" : 100.000000,
        "bw_mean" : 2597833.934854,
        "bw_dev" : 4969.057825,
        "bw_samples" : 2206,
        "iops_min" : 161595,
        "iops_max" : 228240,
        "iops_mean" : 162362.930331,
        "iops_stddev" : 310.546448,
        "iops_samples" : 2206
      },
      "write" : {
        "io_bytes" : 1263419392,
        "io_kbytes" : 1233808,
        "bw_bytes" : 21010766,
        "bw" : 20518,
        "iops" : 1282.395397,
        "runtime" : 60132,
        "total_ios" : 77113,
        "short_ios" : 0,
        "drop_ios" : 0,
        "slat_ns" : {
          "min" : 5707,
          "max" : 40093953,
          "mean" : 20235.118048,
          "stddev" : 339529.761211,
          "N" : 77113
        },
        "clat_ns" : {
          "min" : 1217,
          "max" : 10987085980,
          "mean" : 74944917.800293,
          "stddev" : 405032742.730484,
          "N" : 77113,
          "percentile" : {
            "1.000000" : 134144,
            "5.000000" : 140288,
            "10.000000" : 144384,
            "20.000000" : 148480,
            "30.000000" : 152576,
            "40.000000" : 156672,
            "50.000000" : 162816,
            "60.000000" : 175104,
            "70.000000" : 189440,
            "80.000000" : 205824,
            "90.000000" : 222208,
            "95.000000" : 387973120,
            "99.000000" : 1719664640,
            "99.500000" : 2071986176,
            "99.900000" : 5469372416,
            "99.950000" : 6610223104,
            "99.990000" : 8657043456
          }
        },
        "lat_ns" : {
          "min" : 9995,
          "max" : 10987098231,
          "mean" : 74965152.918341,
          "stddev" : 405047608.350858,
          "N" : 77113
        },
        "bw_min" : 1098302,
        "bw_max" : 1559373,
        "bw_agg" : 100.000000,
        "bw_mean" : 1104403.192696,
        "bw_dev" : 2372.993518,
        "bw_samples" : 1810,
        "iops_min" : 68635,
        "iops_max" : 97456,
        "iops_mean" : 69023.663661,
        "iops_stddev" : 148.296535,
        "iops_samples" : 1810
      },
      "trim" : {
        "io_bytes" : 0,
        "io_kbytes" : 0,
        "bw_bytes" : 0,
        "bw" : 0,
        "iops" : 0.000000,
        "runtime" : 0,
        "total_ios" : 0,
        "short_ios" : 0,
        "drop_ios" : 0,
        "slat_ns" : {
          "min" : 0,
          "max" : 0,
          "mean" : 0.000000,
          "stddev" : 0.000000,
          "N" : 0
        },
        "clat_ns" : {
          "min" : 0,
          "max" : 0,
          "mean" : 0.000000,
          "stddev" : 0.000000,
          "N" : 0
        },
        "lat_ns" : {
          "min" : 0,
          "max" : 0,
          "mean" : 0.000000,
          "stddev" : 0.000000,
          "N" : 0
        },
        "bw_min" : 0,
        "bw_max" : 0,
        "bw_agg" : 0.000000,
        "bw_mean" : 0.000000,
        "bw_dev" : 0.000000,
        "bw_samples" : 0,
        "iops_min" : 0,
        "iops_max" : 0,
        "iops_mean" : 0.000000,
        "iops_stddev" : 0.000000,
        "iops_samples" : 0
      },
      "sync" : {
        "total_ios" : 0,
        "lat_ns" : {
          "min" : 0,
          "max" : 0,
          "mean" : 0.000000,
          "stddev" : 0.000000,
          "N" : 0
        }
      },
      "job_runtime" : 1263581,
      "usr_cpu" : 0.055082,
      "sys_cpu" : 0.312208,
      "ctx" : 8458,
      "majf" : 0,
      "minf" : 364,
      "iodepth_level" : {
        "1" : 0.100000,
        "2" : 0.100000,
        "4" : 0.100000,
        "8" : 0.100000,
        "16" : 99.859937,
        "32" : 0.000000,
        ">=64" : 0.000000
      },
      "iodepth_submit" : {
        "0" : 0.000000,
        "4" : 100.000000,
        "8" : 0.000000,
        "16" : 0.000000,
        "32" : 0.000000,
        "64" : 0.000000,
        ">=64" : 0.000000
      },
      "iodepth_complete" : {
        "0" : 0.000000,
        "4" : 99.990650,
        "8" : 0.000000,
        "16" : 0.100000,
        "32" : 0.000000,
        "64" : 0.000000,
        ">=64" : 0.000000
      },
      "latency_ns" : {
        "2" : 0.000000,
        "4" : 0.000000,
        "10" : 0.000000,
        "20" : 0.000000,
        "50" : 0.000000,
        "100" : 0.000000,
        "250" : 0.000000,
        "500" : 0.000000,
        "750" : 0.000000,
        "1000" : 0.000000
      },
      "latency_us" : {
        "2" : 0.010000,
        "4" : 0.000000,
        "10" : 0.000000,
        "20" : 0.010000,
        "50" : 0.010000,
        "100" : 0.010000,
        "250" : 93.290614,
        "500" : 0.922468,
        "750" : 0.191030,
        "1000" : 0.083259
      },
      "latency_ms" : {
        "2" : 0.046688,
        "4" : 0.105436,
        "10" : 0.305025,
        "20" : 0.039684,
        "50" : 0.048244,
        "100" : 0.018675,
        "250" : 0.019453,
        "500" : 0.070420,
        "750" : 0.331870,
        "1000" : 0.938030,
        "2000" : 3.016014,
        ">=2000" : 0.552469
      },
      "latency_depth" : 16,
      "latency_target" : 0,
      "latency_percentile" : 100.000000,
      "latency_window" : 0
    }
  ]
}
