{
  "fio version" : "fio-3.36",
  "timestamp" : 1751221866,
  "timestamp_ms" : 1751221866899,
  "time" : "Sun Jun 29 18:31:06 2025",
  "global options" : {
    "ioengine" : "libaio",
    "direct" : "1",
    "directory" : "/mnt/test"
  },
  "jobs" : [
    {
      "jobname" : "webserver_test",
      "groupid" : 0,
      "job_start" : 1751221861790,
      "error" : 0,
      "eta" : 0,
      "elapsed" : 6,
      "job options" : {
        "rw" : "randread",
        "size" : "2M",
        "numjobs" : "16",
        "runtime" : "5",
        "iodepth" : "32",
        "bssplit" : "4k/90:8k/10"
      },
      "read" : {
        "io_bytes" : 50835456,
        "io_kbytes" : 49644,
        "bw_bytes" : 10022763,
        "bw" : 9787,
        "iops" : 2290.023659,
        "runtime" : 5072,
        "total_ios" : 11615,
        "short_ios" : 0,
        "drop_ios" : 0,
        "slat_ns" : {
          "min" : 2687,
          "max" : 249281383,
          "mean" : 6882116.487817,
          "stddev" : 12894178.155858,
          "N" : 11615
        },
        "clat_ns" : {
          "min" : 5997288,
          "max" : 786084996,
          "mean" : 215047499.792338,
          "stddev" : 160750245.700003,
          "N" : 11615,
          "percentile" : {
            "1.000000" : 13565952,
            "5.000000" : 22151168,
            "10.000000" : 36962304,
            "20.000000" : 70778880,
            "30.000000" : 95944704,
            "40.000000" : 130547712,
            "50.000000" : 173015040,
            "60.000000" : 221249536,
            "70.000000" : 287309824,
            "80.000000" : 367001600,
            "90.000000" : 459276288,
            "95.000000" : 530579456,
            "99.000000" : 624951296,
            "99.500000" : 658505728,
            "99.900000" : 734003200,
            "99.950000" : 742391808,
            "99.990000" : 767557632
          }
        },
        "lat_ns" : {
          "min" : 6048817,
          "max" : 893492691,
          "mean" : 221929616.280155,
          "stddev" : 165353580.326410,
          "N" : 11615
        },
        "bw_min" : 3232,
        "bw_max" : 28687,
        "bw_agg" : 96.987547,
        "bw_mean" : 9493.500000,
        "bw_dev" : 460.603616,
        "bw_samples" : 160,
        "iops_min" : 776,
        "iops_max" : 6670,
        "iops_mean" : 2221.000000,
        "iops_stddev" : 107.642210,
        "iops_samples" : 160
      },
      "write" : {
        "io_bytes" : 0,
        "io_kbytes" : 0,
        "bw_bytes" : 0,
        "bw" : 0,
        "iops" : 0.000000,
        "runtime" : 0,
        "total_ios" : 0,
        "short_ios" : 0,
        "drop_ios" : 0,
        "slat_ns" : {
          "min" : 0,
          "max" : 0,
          "mean" : 0.000000,
          "stddev" : 0.000000,
          "N" : 0
        },
        "clat_ns" : {
          "min" : 0,
          "max" : 0,
          "mean" : 0.000000,
          "stddev" : 0.000000,
          "N" : 0
        },
        "lat_ns" : {
          "min" : 0,
          "max" : 0,
          "mean" : 0.000000,
          "stddev" : 0.000000,
          "N" : 0
        },
        "bw_min" : 0,
        "bw_max" : 0,
        "bw_agg" : 0.000000,
        "bw_mean" : 0.000000,
        "bw_dev" : 0.000000,
        "bw_samples" : 0,
        "iops_min" : 0,
        "iops_max" : 0,
        "iops_mean" : 0.000000,
        "iops_stddev" : 0.000000,
        "iops_samples" : 0
      },
      "trim" : {
        "io_bytes" : 0,
        "io_kbytes" : 0,
        "bw_bytes" : 0,
        "bw" : 0,
        "iops" : 0.000000,
        "runtime" : 0,
        "total_ios" : 0,
        "short_ios" : 0,
        "drop_ios" : 0,
        "slat_ns" : {
          "min" : 0,
          "max" : 0,
          "mean" : 0.000000,
          "stddev" : 0.000000,
          "N" : 0
        },
        "clat_ns" : {
          "min" : 0,
          "max" : 0,
          "mean" : 0.000000,
          "stddev" : 0.000000,
          "N" : 0
        },
        "lat_ns" : {
          "min" : 0,
          "max" : 0,
          "mean" : 0.000000,
          "stddev" : 0.000000,
          "N" : 0
        },
        "bw_min" : 0,
        "bw_max" : 0,
        "bw_agg" : 0.000000,
        "bw_mean" : 0.000000,
        "bw_dev" : 0.000000,
        "bw_samples" : 0,
        "iops_min" : 0,
        "iops_max" : 0,
        "iops_mean" : 0.000000,
        "iops_stddev" : 0.000000,
        "iops_samples" : 0
      },
      "sync" : {
        "total_ios" : 0,
        "lat_ns" : {
          "min" : 0,
          "max" : 0,
          "mean" : 0.000000,
          "stddev" : 0.000000,
          "N" : 0
        }
      },
      "job_runtime" : 80713,
      "usr_cpu" : 0.180888,
      "sys_cpu" : 1.044441,
      "ctx" : 12288,
      "majf" : 0,
      "minf" : 1096,
      "iodepth_level" : {
        "1" : 0.137753,
        "2" : 0.275506,
        "4" : 0.551012,
        "8" : 1.102023,
        "16" : 2.204046,
        "32" : 95.729660,
        ">=64" : 0.000000
      },
      "iodepth_submit" : {
        "0" : 0.000000,
        "4" : 100.000000,
        "8" : 0.000000,
        "16" : 0.000000,
        "32" : 0.000000,
        "64" : 0.000000,
        ">=64" : 0.000000
      },
      "iodepth_complete" : {
        "0" : 0.000000,
        "4" : 99.856309,
        "8" : 0.000000,
        "16" : 0.000000,
        "32" : 0.143691,
        "64" : 0.000000,
        ">=64" : 0.000000
      },
      "latency_ns" : {
        "2" : 0.000000,
        "4" : 0.000000,
        "10" : 0.000000,
        "20" : 0.000000,
        "50" : 0.000000,
        "100" : 0.000000,
        "250" : 0.000000,
        "500" : 0.000000,
        "750" : 0.000000,
        "1000" : 0.000000
      },
      "latency_us" : {
        "2" : 0.000000,
        "4" : 0.000000,
        "10" : 0.000000,
        "20" : 0.000000,
        "50" : 0.000000,
        "100" : 0.000000,
        "250" : 0.000000,
        "500" : 0.000000,
        "750" : 0.000000,
        "1000" : 0.000000
      },
      "latency_ms" : {
        "2" : 0.000000,
        "4" : 0.000000,
        "10" : 0.154972,
        "20" : 3.633233,
        "50" : 9.599656,
        "100" : 18.191993,
        "250" : 33.310375,
        "500" : 28.342660,
        "750" : 6.741283,
        "1000" : 0.025829,
        "2000" : 0.000000,
        ">=2000" : 0.000000
      },
      "latency_depth" : 32,
      "latency_target" : 0,
      "latency_percentile" : 100.000000,
      "latency_window" : 0
    }
  ]
}
