{
  "fio version" : "fio-3.36",
  "timestamp" : 1752172690,
  "timestamp_ms" : 1752172690289,
  "time" : "Thu Jul 10 18:38:10 2025",
  "global options" : {
    "ioengine" : "libaio",
    "direct" : "0",
    "directory" : "/mnt/test"
  },
  "jobs" : [
    {
      "jobname" : "database_mysql_innodb_test",
      "groupid" : 0,
      "job_start" : 1752172630095,
      "error" : 0,
      "eta" : 0,
      "elapsed" : 61,
      "job options" : {
        "rw" : "randrw",
        "rwmixread" : "70",
        "size" : "1G",
        "numjobs" : "24",
        "runtime" : "60",
        "iodepth" : "16",
        "bssplit" : "16k"
      },
      "read" : {
        "io_bytes" : 264110080,
        "io_kbytes" : 257920,
        "bw_bytes" : 4390127,
        "bw" : 4287,
        "iops" : 267.952128,
        "runtime" : 60160,
        "total_ios" : 16120,
        "short_ios" : 0,
        "drop_ios" : 0,
        "slat_ns" : {
          "min" : 2449584,
          "max" : 1670425946,
          "mean" : 89388915.881886,
          "stddev" : 114806911.406621,
          "N" : 16120
        },
        "clat_ns" : {
          "min" : 9608,
          "max" : 4434431494,
          "mean" : 924804151.337965,
          "stddev" : 471937380.026195,
          "N" : 16120,
          "percentile" : {
            "1.000000" : 210763776,
            "5.000000" : 354418688,
            "10.000000" : 429916160,
            "20.000000" : 549453824,
            "30.000000" : 650117120,
            "40.000000" : 742391808,
            "50.000000" : 843055104,
            "60.000000" : 935329792,
            "70.000000" : 1052770304,
            "80.000000" : 1233125376,
            "90.000000" : 1535115264,
            "95.000000" : 1820327936,
            "99.000000" : 2533359616,
            "99.500000" : 2768240640,
            "99.900000" : 3640655872,
            "99.950000" : 3741319168,
            "99.990000" : 4328521728
          }
        },
        "lat_ns" : {
          "min" : 12187483,
          "max" : 4609676182,
          "mean" : 1014193067.219851,
          "stddev" : 495462906.353810,
          "N" : 16120
        },
        "bw_min" : 768,
        "bw_max" : 12288,
        "bw_agg" : 100.000000,
        "bw_mean" : 4475.313881,
        "bw_dev" : 106.678361,
        "bw_samples" : 2698,
        "iops_min" : 48,
        "iops_max" : 768,
        "iops_mean" : 279.707118,
        "iops_stddev" : 6.667398,
        "iops_samples" : 2698
      },
      "write" : {
        "io_bytes" : 116260864,
        "io_kbytes" : 113536,
        "bw_bytes" : 1932527,
        "bw" : 1887,
        "iops" : 117.952128,
        "runtime" : 60160,
        "total_ios" : 7096,
        "short_ios" : 0,
        "drop_ios" : 0,
        "slat_ns" : {
          "min" : 17662,
          "max" : 231210,
          "mean" : 53071.670941,
          "stddev" : 17124.099761,
          "N" : 7096
        },
        "clat_ns" : {
          "min" : 49213546,
          "max" : 4125823023,
          "mean" : 919188239.758456,
          "stddev" : 456716787.651796,
          "N" : 7096,
          "percentile" : {
            "1.000000" : 229638144,
            "5.000000" : 358612992,
            "10.000000" : 438304768,
            "20.000000" : 549453824,
            "30.000000" : 650117120,
            "40.000000" : 750780416,
            "50.000000" : 843055104,
            "60.000000" : 935329792,
            "70.000000" : 1052770304,
            "80.000000" : 1216348160,
            "90.000000" : 1501560832,
            "95.000000" : 1769996288,
            "99.000000" : 2499805184,
            "99.500000" : 2734686208,
            "99.900000" : 3640655872,
            "99.950000" : 3841982464,
            "99.990000" : 4110417920
          }
        },
        "lat_ns" : {
          "min" : 49276649,
          "max" : 4125882462,
          "mean" : 919241311.429397,
          "stddev" : 456716692.646209,
          "N" : 7096
        },
        "bw_min" : 768,
        "bw_max" : 7392,
        "bw_agg" : 100.000000,
        "bw_mean" : 2205.736241,
        "bw_dev" : 57.356440,
        "bw_samples" : 2397,
        "iops_min" : 48,
        "iops_max" : 462,
        "iops_mean" : 137.858515,
        "iops_stddev" : 3.584777,
        "iops_samples" : 2397
      },
      "trim" : {
        "io_bytes" : 0,
        "io_kbytes" : 0,
        "bw_bytes" : 0,
        "bw" : 0,
        "iops" : 0.000000,
        "runtime" : 0,
        "total_ios" : 0,
        "short_ios" : 0,
        "drop_ios" : 0,
        "slat_ns" : {
          "min" : 0,
          "max" : 0,
          "mean" : 0.000000,
          "stddev" : 0.000000,
          "N" : 0
        },
        "clat_ns" : {
          "min" : 0,
          "max" : 0,
          "mean" : 0.000000,
          "stddev" : 0.000000,
          "N" : 0
        },
        "lat_ns" : {
          "min" : 0,
          "max" : 0,
          "mean" : 0.000000,
          "stddev" : 0.000000,
          "N" : 0
        },
        "bw_min" : 0,
        "bw_max" : 0,
        "bw_agg" : 0.000000,
        "bw_mean" : 0.000000,
        "bw_dev" : 0.000000,
        "bw_samples" : 0,
        "iops_min" : 0,
        "iops_max" : 0,
        "iops_mean" : 0.000000,
        "iops_stddev" : 0.000000,
        "iops_samples" : 0
      },
      "sync" : {
        "total_ios" : 0,
        "lat_ns" : {
          "min" : 0,
          "max" : 0,
          "mean" : 0.000000,
          "stddev" : 0.000000,
          "N" : 0
        }
      },
      "job_runtime" : 1441684,
      "usr_cpu" : 0.025942,
      "sys_cpu" : 0.150172,
      "ctx" : 16201,
      "majf" : 0,
      "minf" : 282,
      "iodepth_level" : {
        "1" : 0.103377,
        "2" : 0.206754,
        "4" : 0.413508,
        "8" : 0.827016,
        "16" : 98.449345,
        "32" : 0.000000,
        ">=64" : 0.000000
      },
      "iodepth_submit" : {
        "0" : 0.000000,
        "4" : 100.000000,
        "8" : 0.000000,
        "16" : 0.000000,
        "32" : 0.000000,
        "64" : 0.000000,
        ">=64" : 0.000000
      },
      "iodepth_complete" : {
        "0" : 0.000000,
        "4" : 99.895105,
        "8" : 0.000000,
        "16" : 0.104895,
        "32" : 0.000000,
        "64" : 0.000000,
        ">=64" : 0.000000
      },
      "latency_ns" : {
        "2" : 0.000000,
        "4" : 0.000000,
        "10" : 0.000000,
        "20" : 0.000000,
        "50" : 0.000000,
        "100" : 0.000000,
        "250" : 0.000000,
        "500" : 0.000000,
        "750" : 0.000000,
        "1000" : 0.000000
      },
      "latency_us" : {
        "2" : 0.000000,
        "4" : 0.000000,
        "10" : 0.010000,
        "20" : 0.094762,
        "50" : 0.000000,
        "100" : 0.000000,
        "250" : 0.000000,
        "500" : 0.000000,
        "750" : 0.000000,
        "1000" : 0.000000
      },
      "latency_ms" : {
        "2" : 0.000000,
        "4" : 0.000000,
        "10" : 0.000000,
        "20" : 0.010000,
        "50" : 0.021537,
        "100" : 0.043074,
        "250" : 1.399897,
        "500" : 13.787905,
        "750" : 25.116299,
        "1000" : 25.271365,
        "2000" : 31.000172,
        ">=2000" : 3.247760
      },
      "latency_depth" : 16,
      "latency_target" : 0,
      "latency_percentile" : 100.000000,
      "latency_window" : 0
    }
  ]
}
