{
  "fio version" : "fio-3.36",
  "timestamp" : 1750991756,
  "timestamp_ms" : 1750991756469,
  "time" : "Fri Jun 27 02:35:56 2025",
  "global options" : {
    "ioengine" : "libaio",
    "direct" : "1",
    "directory" : "/mnt/test",
    "buffer_compress_percentage" : "70",
    "buffer_pattern" : "0xdeadbeef"
  },
  "jobs" : [
    {
      "jobname" : "database_mysql_innodb_test",
      "groupid" : 0,
      "job_start" : 1750991696058,
      "error" : 0,
      "eta" : 0,
      "elapsed" : 61,
      "job options" : {
        "rw" : "randrw",
        "rwmixread" : "70",
        "size" : "1G",
        "numjobs" : "8",
        "runtime" : "60",
        "iodepth" : "16",
        "bssplit" : "16k"
      },
      "read" : {
        "io_bytes" : 331333632,
        "io_kbytes" : 323568,
        "bw_bytes" : 5487200,
        "bw" : 5358,
        "iops" : 334.912144,
        "runtime" : 60383,
        "total_ios" : 20223,
        "short_ios" : 0,
        "drop_ios" : 0,
        "slat_ns" : {
          "min" : 4234,
          "max" : 187468957,
          "mean" : 19870630.894823,
          "stddev" : 12052923.778854,
          "N" : 20223
        },
        "clat_ns" : {
          "min" : 9283232,
          "max" : 2072120443,
          "mean" : 282525925.368590,
          "stddev" : 134331430.782433,
          "N" : 20223,
          "percentile" : {
            "1.000000" : 73924608,
            "5.000000" : 119013376,
            "10.000000" : 145752064,
            "20.000000" : 183500800,
            "30.000000" : 210763776,
            "40.000000" : 233832448,
            "50.000000" : 258998272,
            "60.000000" : 283115520,
            "70.000000" : 316669952,
            "80.000000" : 362807296,
            "90.000000" : 442499072,
            "95.000000" : 526385152,
            "99.000000" : 750780416,
            "99.500000" : 834666496,
            "99.900000" : 1098907648,
            "99.950000" : 1333788672,
            "99.990000" : 1686110208
          }
        },
        "lat_ns" : {
          "min" : 9291312,
          "max" : 2102778558,
          "mean" : 302396556.263413,
          "stddev" : 135383522.489252,
          "N" : 20223
        },
        "bw_min" : 2528,
        "bw_max" : 7968,
        "bw_agg" : 100.000000,
        "bw_mean" : 5368.000000,
        "bw_dev" : 122.456970,
        "bw_samples" : 960,
        "iops_min" : 158,
        "iops_max" : 498,
        "iops_mean" : 335.500000,
        "iops_stddev" : 7.653561,
        "iops_samples" : 960
      },
      "write" : {
        "io_bytes" : 144539648,
        "io_kbytes" : 141152,
        "bw_bytes" : 2393714,
        "bw" : 2337,
        "iops" : 146.100724,
        "runtime" : 60383,
        "total_ios" : 8822,
        "short_ios" : 0,
        "drop_ios" : 0,
        "slat_ns" : {
          "min" : 6103,
          "max" : 106306789,
          "mean" : 6797440.935729,
          "stddev" : 11356452.271142,
          "N" : 8822
        },
        "clat_ns" : {
          "min" : 204299,
          "max" : 5223673833,
          "mean" : 173508768.364317,
          "stddev" : 251748061.526231,
          "N" : 8822,
          "percentile" : {
            "1.000000" : 35389440,
            "5.000000" : 63176704,
            "10.000000" : 81264640,
            "20.000000" : 102236160,
            "30.000000" : 121110528,
            "40.000000" : 137363456,
            "50.000000" : 152043520,
            "60.000000" : 168820736,
            "70.000000" : 185597952,
            "80.000000" : 206569472,
            "90.000000" : 238026752,
            "95.000000" : 267386880,
            "99.000000" : 425721856,
            "99.500000" : 1216348160,
            "99.900000" : 4462739456,
            "99.950000" : 5133828096,
            "99.990000" : 5200936960
          }
        },
        "lat_ns" : {
          "min" : 228797,
          "max" : 5248941709,
          "mean" : 180306209.300045,
          "stddev" : 253918364.424933,
          "N" : 8822
        },
        "bw_min" : 512,
        "bw_max" : 4832,
        "bw_agg" : 100.000000,
        "bw_mean" : 2347.204482,
        "bw_dev" : 108.404766,
        "bw_samples" : 959,
        "iops_min" : 32,
        "iops_max" : 302,
        "iops_mean" : 146.700280,
        "iops_stddev" : 6.775298,
        "iops_samples" : 959
      },
      "trim" : {
        "io_bytes" : 0,
        "io_kbytes" : 0,
        "bw_bytes" : 0,
        "bw" : 0,
        "iops" : 0.000000,
        "runtime" : 0,
        "total_ios" : 0,
        "short_ios" : 0,
        "drop_ios" : 0,
        "slat_ns" : {
          "min" : 0,
          "max" : 0,
          "mean" : 0.000000,
          "stddev" : 0.000000,
          "N" : 0
        },
        "clat_ns" : {
          "min" : 0,
          "max" : 0,
          "mean" : 0.000000,
          "stddev" : 0.000000,
          "N" : 0
        },
        "lat_ns" : {
          "min" : 0,
          "max" : 0,
          "mean" : 0.000000,
          "stddev" : 0.000000,
          "N" : 0
        },
        "bw_min" : 0,
        "bw_max" : 0,
        "bw_agg" : 0.000000,
        "bw_mean" : 0.000000,
        "bw_dev" : 0.000000,
        "bw_samples" : 0,
        "iops_min" : 0,
        "iops_max" : 0,
        "iops_mean" : 0.000000,
        "iops_stddev" : 0.000000,
        "iops_samples" : 0
      },
      "sync" : {
        "total_ios" : 0,
        "lat_ns" : {
          "min" : 0,
          "max" : 0,
          "mean" : 0.000000,
          "stddev" : 0.000000,
          "N" : 0
        }
      },
      "job_runtime" : 481867,
      "usr_cpu" : 0.161663,
      "sys_cpu" : 0.592280,
      "ctx" : 23933,
      "majf" : 0,
      "minf" : 103,
      "iodepth_level" : {
        "1" : 0.100000,
        "2" : 0.100000,
        "4" : 0.110174,
        "8" : 0.220348,
        "16" : 99.586848,
        "32" : 0.000000,
        ">=64" : 0.000000
      },
      "iodepth_submit" : {
        "0" : 0.000000,
        "4" : 100.000000,
        "8" : 0.000000,
        "16" : 0.000000,
        "32" : 0.000000,
        "64" : 0.000000,
        ">=64" : 0.000000
      },
      "iodepth_complete" : {
        "0" : 0.000000,
        "4" : 99.972350,
        "8" : 0.000000,
        "16" : 0.100000,
        "32" : 0.000000,
        "64" : 0.000000,
        ">=64" : 0.000000
      },
      "latency_ns" : {
        "2" : 0.000000,
        "4" : 0.000000,
        "10" : 0.000000,
        "20" : 0.000000,
        "50" : 0.000000,
        "100" : 0.000000,
        "250" : 0.000000,
        "500" : 0.000000,
        "750" : 0.000000,
        "1000" : 0.000000
      },
      "latency_us" : {
        "2" : 0.000000,
        "4" : 0.000000,
        "10" : 0.000000,
        "20" : 0.000000,
        "50" : 0.000000,
        "100" : 0.000000,
        "250" : 0.010000,
        "500" : 0.000000,
        "750" : 0.010000,
        "1000" : 0.010000
      },
      "latency_ms" : {
        "2" : 0.010000,
        "4" : 0.000000,
        "10" : 0.013772,
        "20" : 0.072302,
        "50" : 0.881391,
        "100" : 6.627647,
        "250" : 53.031503,
        "500" : 34.711654,
        "750" : 3.749354,
        "1000" : 0.585299,
        "2000" : 0.185918,
        ">=2000" : 0.120503
      },
      "latency_depth" : 16,
      "latency_target" : 0,
      "latency_percentile" : 100.000000,
      "latency_window" : 0
    }
  ]
}
