{
  "fio version" : "fio-3.36",
  "timestamp" : 1751256596,
  "timestamp_ms" : 1751256596179,
  "time" : "Mon Jun 30 04:09:56 2025",
  "global options" : {
    "ioengine" : "libaio",
    "direct" : "0",
    "directory" : "/mnt/test"
  },
  "jobs" : [
    {
      "jobname" : "database_mysql_innodb_test",
      "groupid" : 0,
      "job_start" : 1751256591127,
      "error" : 0,
      "eta" : 0,
      "elapsed" : 6,
      "job options" : {
        "rw" : "randrw",
        "rwmixread" : "70",
        "size" : "1M",
        "numjobs" : "8",
        "runtime" : "5",
        "iodepth" : "16",
        "bssplit" : "16k"
      },
      "read" : {
        "io_bytes" : 2076426240,
        "io_kbytes" : 2027760,
        "bw_bytes" : 415202207,
        "bw" : 405470,
        "iops" : 25341.931614,
        "runtime" : 5001,
        "total_ios" : 126735,
        "short_ios" : 0,
        "drop_ios" : 0,
        "slat_ns" : {
          "min" : 1269,
          "max" : 11737003,
          "mean" : 245714.071038,
          "stddev" : 330523.731617,
          "N" : 126735
        },
        "clat_ns" : {
          "min" : 7958,
          "max" : 17319515,
          "mean" : 3307826.391999,
          "stddev" : 1496371.381704,
          "N" : 126735,
          "percentile" : {
            "1.000000" : 1368064,
            "5.000000" : 1875968,
            "10.000000" : 2113536,
            "20.000000" : 2375680,
            "30.000000" : 2572288,
            "40.000000" : 2768896,
            "50.000000" : 2932736,
            "60.000000" : 3129344,
            "70.000000" : 3424256,
            "80.000000" : 4046848,
            "90.000000" : 4816896,
            "95.000000" : 5406720,
            "99.000000" : 9764864,
            "99.500000" : 10813440,
            "99.900000" : 15007744,
            "99.950000" : 15400960,
            "99.990000" : 16711680
          }
        },
        "lat_ns" : {
          "min" : 178165,
          "max" : 17594209,
          "mean" : 3553540.463037,
          "stddev" : 1537515.534517,
          "N" : 126735
        },
        "bw_min" : 385280,
        "bw_max" : 496800,
        "bw_agg" : 100.000000,
        "bw_mean" : 406712.888889,
        "bw_dev" : 4125.060447,
        "bw_samples" : 72,
        "iops_min" : 24080,
        "iops_max" : 31050,
        "iops_mean" : 25419.555556,
        "iops_stddev" : 257.816278,
        "iops_samples" : 72
      },
      "write" : {
        "io_bytes" : 892665856,
        "io_kbytes" : 871744,
        "bw_bytes" : 178497471,
        "bw" : 174313,
        "iops" : 10894.621076,
        "runtime" : 5001,
        "total_ios" : 54484,
        "short_ios" : 0,
        "drop_ios" : 0,
        "slat_ns" : {
          "min" : 3646,
          "max" : 5655183,
          "mean" : 40692.641308,
          "stddev" : 41937.164166,
          "N" : 54484
        },
        "clat_ns" : {
          "min" : 6066,
          "max" : 17229112,
          "mean" : 3310121.259801,
          "stddev" : 1535647.860426,
          "N" : 54484,
          "percentile" : {
            "1.000000" : 1335296,
            "5.000000" : 1859584,
            "10.000000" : 2088960,
            "20.000000" : 2375680,
            "30.000000" : 2572288,
            "40.000000" : 2736128,
            "50.000000" : 2932736,
            "60.000000" : 3129344,
            "70.000000" : 3424256,
            "80.000000" : 4079616,
            "90.000000" : 4816896,
            "95.000000" : 5537792,
            "99.000000" : 9895936,
            "99.500000" : 10813440,
            "99.900000" : 15007744,
            "99.950000" : 15532032,
            "99.990000" : 16580608
          }
        },
        "lat_ns" : {
          "min" : 47549,
          "max" : 17253724,
          "mean" : 3350813.901109,
          "stddev" : 1537819.136924,
          "N" : 54484
        },
        "bw_min" : 159808,
        "bw_max" : 216864,
        "bw_agg" : 100.000000,
        "bw_mean" : 174709.333333,
        "bw_dev" : 2089.647735,
        "bw_samples" : 72,
        "iops_min" : 9988,
        "iops_max" : 13554,
        "iops_mean" : 10919.333333,
        "iops_stddev" : 130.602983,
        "iops_samples" : 72
      },
      "trim" : {
        "io_bytes" : 0,
        "io_kbytes" : 0,
        "bw_bytes" : 0,
        "bw" : 0,
        "iops" : 0.000000,
        "runtime" : 0,
        "total_ios" : 0,
        "short_ios" : 0,
        "drop_ios" : 0,
        "slat_ns" : {
          "min" : 0,
          "max" : 0,
          "mean" : 0.000000,
          "stddev" : 0.000000,
          "N" : 0
        },
        "clat_ns" : {
          "min" : 0,
          "max" : 0,
          "mean" : 0.000000,
          "stddev" : 0.000000,
          "N" : 0
        },
        "lat_ns" : {
          "min" : 0,
          "max" : 0,
          "mean" : 0.000000,
          "stddev" : 0.000000,
          "N" : 0
        },
        "bw_min" : 0,
        "bw_max" : 0,
        "bw_agg" : 0.000000,
        "bw_mean" : 0.000000,
        "bw_dev" : 0.000000,
        "bw_samples" : 0,
        "iops_min" : 0,
        "iops_max" : 0,
        "iops_mean" : 0.000000,
        "iops_stddev" : 0.000000,
        "iops_samples" : 0
      },
      "sync" : {
        "total_ios" : 0,
        "lat_ns" : {
          "min" : 0,
          "max" : 0,
          "mean" : 0.000000,
          "stddev" : 0.000000,
          "N" : 0
        }
      },
      "job_runtime" : 40000,
      "usr_cpu" : 4.462500,
      "sys_cpu" : 37.052500,
      "ctx" : 145249,
      "majf" : 0,
      "minf" : 95,
      "iodepth_level" : {
        "1" : 0.100000,
        "2" : 0.100000,
        "4" : 0.100000,
        "8" : 0.100000,
        "16" : 99.933782,
        "32" : 0.000000,
        ">=64" : 0.000000
      },
      "iodepth_submit" : {
        "0" : 0.000000,
        "4" : 100.000000,
        "8" : 0.000000,
        "16" : 0.000000,
        "32" : 0.000000,
        "64" : 0.000000,
        ">=64" : 0.000000
      },
      "iodepth_complete" : {
        "0" : 0.000000,
        "4" : 99.995583,
        "8" : 0.000000,
        "16" : 0.100000,
        "32" : 0.000000,
        "64" : 0.000000,
        ">=64" : 0.000000
      },
      "latency_ns" : {
        "2" : 0.000000,
        "4" : 0.000000,
        "10" : 0.000000,
        "20" : 0.000000,
        "50" : 0.000000,
        "100" : 0.000000,
        "250" : 0.000000,
        "500" : 0.000000,
        "750" : 0.000000,
        "1000" : 0.000000
      },
      "latency_us" : {
        "2" : 0.000000,
        "4" : 0.000000,
        "10" : 0.010000,
        "20" : 0.010000,
        "50" : 0.000000,
        "100" : 0.010000,
        "250" : 0.157268,
        "500" : 0.064011,
        "750" : 0.018210,
        "1000" : 0.093257
      },
      "latency_ms" : {
        "2" : 6.866278,
        "4" : 72.148616,
        "10" : 19.765587,
        "20" : 0.881806,
        "50" : 0.000000,
        "100" : 0.000000,
        "250" : 0.000000,
        "500" : 0.000000,
        "750" : 0.000000,
        "1000" : 0.000000,
        "2000" : 0.000000,
        ">=2000" : 0.000000
      },
      "latency_depth" : 16,
      "latency_target" : 0,
      "latency_percentile" : 100.000000,
      "latency_window" : 0
    }
  ]
}
