{
  "fio version" : "fio-3.36",
  "timestamp" : 1753413317,
  "timestamp_ms" : 1753413317293,
  "time" : "Fri Jul 25 03:15:17 2025",
  "global options" : {
    "ioengine" : "libaio",
    "direct" : "0",
    "directory" : "/mnt/test",
    "buffer_compress_percentage" : "70",
    "buffer_pattern" : "0xdeadbeef"
  },
  "jobs" : [
    {
      "jobname" : "database_test",
      "groupid" : 0,
      "job_start" : 1753413257248,
      "error" : 0,
      "eta" : 0,
      "elapsed" : 61,
      "job options" : {
        "rw" : "randrw",
        "rwmixread" : "70",
        "size" : "3G",
        "numjobs" : "24",
        "runtime" : "60",
        "iodepth" : "16",
        "bssplit" : "4k/80:8k/20"
      },
      "read" : {
        "io_bytes" : 8424202240,
        "io_kbytes" : 8226760,
        "bw_bytes" : 140396350,
        "bw" : 137105,
        "iops" : 28871.839741,
        "runtime" : 60003,
        "total_ios" : 1732397,
        "short_ios" : 0,
        "drop_ios" : 0,
        "slat_ns" : {
          "min" : 95206,
          "max" : 22710402,
          "mean" : 810455.562143,
          "stddev" : 1072252.003967,
          "N" : 1732397
        },
        "clat_ns" : {
          "min" : 6807,
          "max" : 120992971,
          "mean" : 8726434.979605,
          "stddev" : 7777615.656700,
          "N" : 1732397,
          "percentile" : {
            "1.000000" : 2408448,
            "5.000000" : 2932736,
            "10.000000" : 3260416,
            "20.000000" : 3653632,
            "30.000000" : 3981312,
            "40.000000" : 4358144,
            "50.000000" : 4751360,
            "60.000000" : 5537792,
            "70.000000" : 11075584,
            "80.000000" : 14221312,
            "90.000000" : 18219008,
            "95.000000" : 22675456,
            "99.000000" : 38535168,
            "99.500000" : 44826624,
            "99.900000" : 62128128,
            "99.950000" : 71827456,
            "99.990000" : 89653248
          }
        },
        "lat_ns" : {
          "min" : 398980,
          "max" : 127430488,
          "mean" : 9536890.541747,
          "stddev" : 8419438.445522,
          "N" : 1732397
        },
        "bw_min" : 28664,
        "bw_max" : 322351,
        "bw_agg" : 99.706205,
        "bw_mean" : 136703.991597,
        "bw_dev" : 1644.058962,
        "bw_samples" : 2856,
        "iops_min" : 6044,
        "iops_max" : 67252,
        "iops_mean" : 28782.134454,
        "iops_stddev" : 345.389763,
        "iops_samples" : 2856
      },
      "write" : {
        "io_bytes" : 3612184576,
        "io_kbytes" : 3527524,
        "bw_bytes" : 60200066,
        "bw" : 58789,
        "iops" : 12374.381281,
        "runtime" : 60003,
        "total_ios" : 742500,
        "short_ios" : 0,
        "drop_ios" : 0,
        "slat_ns" : {
          "min" : 2619,
          "max" : 1061105,
          "mean" : 22218.121789,
          "stddev" : 21668.547362,
          "N" : 742500
        },
        "clat_ns" : {
          "min" : 1041794,
          "max" : 115414725,
          "mean" : 8740981.596974,
          "stddev" : 7793588.223529,
          "N" : 742500,
          "percentile" : {
            "1.000000" : 2408448,
            "5.000000" : 2932736,
            "10.000000" : 3260416,
            "20.000000" : 3653632,
            "30.000000" : 3981312,
            "40.000000" : 4292608,
            "50.000000" : 4751360,
            "60.000000" : 5537792,
            "70.000000" : 11075584,
            "80.000000" : 14221312,
            "90.000000" : 18481152,
            "95.000000" : 22937600,
            "99.000000" : 38535168,
            "99.500000" : 44826624,
            "99.900000" : 61603840,
            "99.950000" : 70778880,
            "99.990000" : 87556096
          }
        },
        "lat_ns" : {
          "min" : 1056489,
          "max" : 115421582,
          "mean" : 8763199.718762,
          "stddev" : 7798110.434270,
          "N" : 742500
        },
        "bw_min" : 12520,
        "bw_max" : 140256,
        "bw_agg" : 99.719120,
        "bw_mean" : 58624.336134,
        "bw_dev" : 728.982526,
        "bw_samples" : 2856,
        "iops_min" : 2652,
        "iops_max" : 29266,
        "iops_mean" : 12337.798319,
        "iops_stddev" : 152.809205,
        "iops_samples" : 2856
      },
      "trim" : {
        "io_bytes" : 0,
        "io_kbytes" : 0,
        "bw_bytes" : 0,
        "bw" : 0,
        "iops" : 0.000000,
        "runtime" : 0,
        "total_ios" : 0,
        "short_ios" : 0,
        "drop_ios" : 0,
        "slat_ns" : {
          "min" : 0,
          "max" : 0,
          "mean" : 0.000000,
          "stddev" : 0.000000,
          "N" : 0
        },
        "clat_ns" : {
          "min" : 0,
          "max" : 0,
          "mean" : 0.000000,
          "stddev" : 0.000000,
          "N" : 0
        },
        "lat_ns" : {
          "min" : 0,
          "max" : 0,
          "mean" : 0.000000,
          "stddev" : 0.000000,
          "N" : 0
        },
        "bw_min" : 0,
        "bw_max" : 0,
        "bw_agg" : 0.000000,
        "bw_mean" : 0.000000,
        "bw_dev" : 0.000000,
        "bw_samples" : 0,
        "iops_min" : 0,
        "iops_max" : 0,
        "iops_mean" : 0.000000,
        "iops_stddev" : 0.000000,
        "iops_samples" : 0
      },
      "sync" : {
        "total_ios" : 0,
        "lat_ns" : {
          "min" : 0,
          "max" : 0,
          "mean" : 0.000000,
          "stddev" : 0.000000,
          "N" : 0
        }
      },
      "job_runtime" : 1440019,
      "usr_cpu" : 1.327413,
      "sys_cpu" : 5.839159,
      "ctx" : 1796721,
      "majf" : 0,
      "minf" : 299,
      "iodepth_level" : {
        "1" : 0.100000,
        "2" : 0.100000,
        "4" : 0.100000,
        "8" : 0.100000,
        "16" : 99.985454,
        "32" : 0.000000,
        ">=64" : 0.000000
      },
      "iodepth_submit" : {
        "0" : 0.000000,
        "4" : 100.000000,
        "8" : 0.000000,
        "16" : 0.000000,
        "32" : 0.000000,
        "64" : 0.000000,
        ">=64" : 0.000000
      },
      "iodepth_complete" : {
        "0" : 0.000000,
        "4" : 99.999030,
        "8" : 0.000000,
        "16" : 0.100000,
        "32" : 0.000000,
        "64" : 0.000000,
        ">=64" : 0.000000
      },
      "latency_ns" : {
        "2" : 0.000000,
        "4" : 0.000000,
        "10" : 0.000000,
        "20" : 0.000000,
        "50" : 0.000000,
        "100" : 0.000000,
        "250" : 0.000000,
        "500" : 0.000000,
        "750" : 0.000000,
        "1000" : 0.000000
      },
      "latency_us" : {
        "2" : 0.000000,
        "4" : 0.000000,
        "10" : 0.010000,
        "20" : 0.010000,
        "50" : 0.010000,
        "100" : 0.000000,
        "250" : 0.000000,
        "500" : 0.010000,
        "750" : 0.000000,
        "1000" : 0.010000
      },
      "latency_ms" : {
        "2" : 0.218797,
        "4" : 29.990985,
        "10" : 36.981499,
        "20" : 25.271516,
        "50" : 7.265999,
        "100" : 0.266274,
        "250" : 0.010000,
        "500" : 0.000000,
        "750" : 0.000000,
        "1000" : 0.000000,
        "2000" : 0.000000,
        ">=2000" : 0.000000
      },
      "latency_depth" : 16,
      "latency_target" : 0,
      "latency_percentile" : 100.000000,
      "latency_window" : 0
    }
  ]
}
