{
  "fio version" : "fio-3.36",
  "timestamp" : 1753392888,
  "timestamp_ms" : 1753392888355,
  "time" : "Thu Jul 24 21:34:48 2025",
  "global options" : {
    "ioengine" : "libaio",
    "direct" : "1",
    "directory" : "/mnt/test",
    "buffer_compress_percentage" : "70",
    "buffer_pattern" : "0xdeadbeef"
  },
  "jobs" : [
    {
      "jobname" : "webserver_test",
      "groupid" : 0,
      "job_start" : 1753392768304,
      "error" : 0,
      "eta" : 0,
      "elapsed" : 121,
      "job options" : {
        "rw" : "randread",
        "size" : "4G",
        "numjobs" : "16",
        "runtime" : "120",
        "iodepth" : "32",
        "bssplit" : "4k/90:8k/10"
      },
      "read" : {
        "io_bytes" : 47292375040,
        "io_kbytes" : 46183960,
        "bw_bytes" : 394083421,
        "bw" : 384847,
        "iops" : 89594.228622,
        "runtime" : 120006,
        "total_ios" : 10751845,
        "short_ios" : 0,
        "drop_ios" : 0,
        "slat_ns" : {
          "min" : 2753,
          "max" : 9306557,
          "mean" : 14451.087647,
          "stddev" : 75867.596743,
          "N" : 10751845
        },
        "clat_ns" : {
          "min" : 309617,
          "max" : 22410354,
          "mean" : 5699174.120712,
          "stddev" : 3190139.222719,
          "N" : 10751845,
          "percentile" : {
            "1.000000" : 798720,
            "5.000000" : 1286144,
            "10.000000" : 1744896,
            "20.000000" : 2637824,
            "30.000000" : 3555328,
            "40.000000" : 4423680,
            "50.000000" : 5406720,
            "60.000000" : 6389760,
            "70.000000" : 7438336,
            "80.000000" : 8454144,
            "90.000000" : 9502720,
            "95.000000" : 10944512,
            "99.000000" : 14876672,
            "99.500000" : 15532032,
            "99.900000" : 16580608,
            "99.950000" : 16908288,
            "99.990000" : 17694720
          }
        },
        "lat_ns" : {
          "min" : 314970,
          "max" : 22414987,
          "mean" : 5713625.208359,
          "stddev" : 3195826.644767,
          "N" : 10751845
        },
        "bw_min" : 219096,
        "bw_max" : 467792,
        "bw_agg" : 99.983866,
        "bw_mean" : 384785.631799,
        "bw_dev" : 4038.788776,
        "bw_samples" : 3824,
        "iops_min" : 51708,
        "iops_max" : 108396,
        "iops_mean" : 89572.108787,
        "iops_stddev" : 912.209147,
        "iops_samples" : 3824
      },
      "write" : {
        "io_bytes" : 0,
        "io_kbytes" : 0,
        "bw_bytes" : 0,
        "bw" : 0,
        "iops" : 0.000000,
        "runtime" : 0,
        "total_ios" : 0,
        "short_ios" : 0,
        "drop_ios" : 0,
        "slat_ns" : {
          "min" : 0,
          "max" : 0,
          "mean" : 0.000000,
          "stddev" : 0.000000,
          "N" : 0
        },
        "clat_ns" : {
          "min" : 0,
          "max" : 0,
          "mean" : 0.000000,
          "stddev" : 0.000000,
          "N" : 0
        },
        "lat_ns" : {
          "min" : 0,
          "max" : 0,
          "mean" : 0.000000,
          "stddev" : 0.000000,
          "N" : 0
        },
        "bw_min" : 0,
        "bw_max" : 0,
        "bw_agg" : 0.000000,
        "bw_mean" : 0.000000,
        "bw_dev" : 0.000000,
        "bw_samples" : 0,
        "iops_min" : 0,
        "iops_max" : 0,
        "iops_mean" : 0.000000,
        "iops_stddev" : 0.000000,
        "iops_samples" : 0
      },
      "trim" : {
        "io_bytes" : 0,
        "io_kbytes" : 0,
        "bw_bytes" : 0,
        "bw" : 0,
        "iops" : 0.000000,
        "runtime" : 0,
        "total_ios" : 0,
        "short_ios" : 0,
        "drop_ios" : 0,
        "slat_ns" : {
          "min" : 0,
          "max" : 0,
          "mean" : 0.000000,
          "stddev" : 0.000000,
          "N" : 0
        },
        "clat_ns" : {
          "min" : 0,
          "max" : 0,
          "mean" : 0.000000,
          "stddev" : 0.000000,
          "N" : 0
        },
        "lat_ns" : {
          "min" : 0,
          "max" : 0,
          "mean" : 0.000000,
          "stddev" : 0.000000,
          "N" : 0
        },
        "bw_min" : 0,
        "bw_max" : 0,
        "bw_agg" : 0.000000,
        "bw_mean" : 0.000000,
        "bw_dev" : 0.000000,
        "bw_samples" : 0,
        "iops_min" : 0,
        "iops_max" : 0,
        "iops_mean" : 0.000000,
        "iops_stddev" : 0.000000,
        "iops_samples" : 0
      },
      "sync" : {
        "total_ios" : 0,
        "lat_ns" : {
          "min" : 0,
          "max" : 0,
          "mean" : 0.000000,
          "stddev" : 0.000000,
          "N" : 0
        }
      },
      "job_runtime" : 1920066,
      "usr_cpu" : 0.998455,
      "sys_cpu" : 4.064964,
      "ctx" : 9053098,
      "majf" : 0,
      "minf" : 1163,
      "iodepth_level" : {
        "1" : 0.100000,
        "2" : 0.100000,
        "4" : 0.100000,
        "8" : 0.100000,
        "16" : 0.100000,
        "32" : 99.995387,
        ">=64" : 0.000000
      },
      "iodepth_submit" : {
        "0" : 0.000000,
        "4" : 100.000000,
        "8" : 0.000000,
        "16" : 0.000000,
        "32" : 0.000000,
        "64" : 0.000000,
        ">=64" : 0.000000
      },
      "iodepth_complete" : {
        "0" : 0.000000,
        "4" : 99.999851,
        "8" : 0.000000,
        "16" : 0.000000,
        "32" : 0.100000,
        "64" : 0.000000,
        ">=64" : 0.000000
      },
      "latency_ns" : {
        "2" : 0.000000,
        "4" : 0.000000,
        "10" : 0.000000,
        "20" : 0.000000,
        "50" : 0.000000,
        "100" : 0.000000,
        "250" : 0.000000,
        "500" : 0.000000,
        "750" : 0.000000,
        "1000" : 0.000000
      },
      "latency_us" : {
        "2" : 0.000000,
        "4" : 0.000000,
        "10" : 0.000000,
        "20" : 0.000000,
        "50" : 0.000000,
        "100" : 0.000000,
        "250" : 0.000000,
        "500" : 0.058250,
        "750" : 0.690960,
        "1000" : 1.603334
      },
      "latency_ms" : {
        "2" : 10.517869,
        "4" : 22.164680,
        "10" : 57.719080,
        "20" : 7.245603,
        "50" : 0.010000,
        "100" : 0.000000,
        "250" : 0.000000,
        "500" : 0.000000,
        "750" : 0.000000,
        "1000" : 0.000000,
        "2000" : 0.000000,
        ">=2000" : 0.000000
      },
      "latency_depth" : 32,
      "latency_target" : 0,
      "latency_percentile" : 100.000000,
      "latency_window" : 0
    }
  ]
}
