{
  "fio version" : "fio-3.36",
  "timestamp" : 1750963540,
  "timestamp_ms" : 1750963540801,
  "time" : "Thu Jun 26 18:45:40 2025",
  "global options" : {
    "ioengine" : "libaio",
    "direct" : "0",
    "directory" : "/mnt/test",
    "buffer_compress_percentage" : "70",
    "buffer_pattern" : "0xdeadbeef"
  },
  "jobs" : [
    {
      "jobname" : "multimedia_test",
      "groupid" : 0,
      "job_start" : 1750963427136,
      "error" : 0,
      "eta" : 0,
      "elapsed" : 114,
      "job options" : {
        "rw" : "read",
        "size" : "4G",
        "numjobs" : "4",
        "runtime" : "120",
        "iodepth" : "64",
        "bssplit" : "128k"
      },
      "read" : {
        "io_bytes" : 17179869184,
        "io_kbytes" : 16777216,
        "bw_bytes" : 151185993,
        "bw" : 147642,
        "iops" : 1153.457592,
        "runtime" : 113634,
        "total_ios" : 131072,
        "short_ios" : 0,
        "drop_ios" : 0,
        "slat_ns" : {
          "min" : 11011,
          "max" : 742727378,
          "mean" : 3451395.918671,
          "stddev" : 34066806.830087,
          "N" : 131072
        },
        "clat_ns" : {
          "min" : 3663,
          "max" : 745837139,
          "mean" : 217012763.735947,
          "stddev" : 166787863.289115,
          "N" : 131072,
          "percentile" : {
            "1.000000" : 3162112,
            "5.000000" : 46399488,
            "10.000000" : 46923776,
            "20.000000" : 49020928,
            "30.000000" : 50593792,
            "40.000000" : 89653248,
            "50.000000" : 102236160,
            "60.000000" : 346030080,
            "70.000000" : 379584512,
            "80.000000" : 383778816,
            "90.000000" : 396361728,
            "95.000000" : 417333248,
            "99.000000" : 522190848,
            "99.500000" : 616562688,
            "99.900000" : 692060160,
            "99.950000" : 734003200,
            "99.990000" : 742391808
          }
        },
        "lat_ns" : {
          "min" : 36948,
          "max" : 1030387509,
          "mean" : 220464159.654617,
          "stddev" : 165902963.665625,
          "N" : 131072
        },
        "bw_min" : 64000,
        "bw_max" : 272319,
        "bw_agg" : 100.000000,
        "bw_mean" : 149538.455476,
        "bw_dev" : 8848.795286,
        "bw_samples" : 891,
        "iops_min" : 500,
        "iops_max" : 2127,
        "iops_mean" : 1168.212104,
        "iops_stddev" : 69.132634,
        "iops_samples" : 891
      },
      "write" : {
        "io_bytes" : 0,
        "io_kbytes" : 0,
        "bw_bytes" : 0,
        "bw" : 0,
        "iops" : 0.000000,
        "runtime" : 0,
        "total_ios" : 0,
        "short_ios" : 0,
        "drop_ios" : 0,
        "slat_ns" : {
          "min" : 0,
          "max" : 0,
          "mean" : 0.000000,
          "stddev" : 0.000000,
          "N" : 0
        },
        "clat_ns" : {
          "min" : 0,
          "max" : 0,
          "mean" : 0.000000,
          "stddev" : 0.000000,
          "N" : 0
        },
        "lat_ns" : {
          "min" : 0,
          "max" : 0,
          "mean" : 0.000000,
          "stddev" : 0.000000,
          "N" : 0
        },
        "bw_min" : 0,
        "bw_max" : 0,
        "bw_agg" : 0.000000,
        "bw_mean" : 0.000000,
        "bw_dev" : 0.000000,
        "bw_samples" : 0,
        "iops_min" : 0,
        "iops_max" : 0,
        "iops_mean" : 0.000000,
        "iops_stddev" : 0.000000,
        "iops_samples" : 0
      },
      "trim" : {
        "io_bytes" : 0,
        "io_kbytes" : 0,
        "bw_bytes" : 0,
        "bw" : 0,
        "iops" : 0.000000,
        "runtime" : 0,
        "total_ios" : 0,
        "short_ios" : 0,
        "drop_ios" : 0,
        "slat_ns" : {
          "min" : 0,
          "max" : 0,
          "mean" : 0.000000,
          "stddev" : 0.000000,
          "N" : 0
        },
        "clat_ns" : {
          "min" : 0,
          "max" : 0,
          "mean" : 0.000000,
          "stddev" : 0.000000,
          "N" : 0
        },
        "lat_ns" : {
          "min" : 0,
          "max" : 0,
          "mean" : 0.000000,
          "stddev" : 0.000000,
          "N" : 0
        },
        "bw_min" : 0,
        "bw_max" : 0,
        "bw_agg" : 0.000000,
        "bw_mean" : 0.000000,
        "bw_dev" : 0.000000,
        "bw_samples" : 0,
        "iops_min" : 0,
        "iops_max" : 0,
        "iops_mean" : 0.000000,
        "iops_stddev" : 0.000000,
        "iops_samples" : 0
      },
      "sync" : {
        "total_ios" : 0,
        "lat_ns" : {
          "min" : 0,
          "max" : 0,
          "mean" : 0.000000,
          "stddev" : 0.000000,
          "N" : 0
        }
      },
      "job_runtime" : 452757,
      "usr_cpu" : 0.071120,
      "sys_cpu" : 2.755341,
      "ctx" : 2908,
      "majf" : 0,
      "minf" : 8249,
      "iodepth_level" : {
        "1" : 0.100000,
        "2" : 0.100000,
        "4" : 0.100000,
        "8" : 0.100000,
        "16" : 0.100000,
        "32" : 0.100000,
        ">=64" : 99.807739
      },
      "iodepth_submit" : {
        "0" : 0.000000,
        "4" : 100.000000,
        "8" : 0.000000,
        "16" : 0.000000,
        "32" : 0.000000,
        "64" : 0.000000,
        ">=64" : 0.000000
      },
      "iodepth_complete" : {
        "0" : 0.000000,
        "4" : 99.996942,
        "8" : 0.000000,
        "16" : 0.000000,
        "32" : 0.000000,
        "64" : 0.100000,
        ">=64" : 0.000000
      },
      "latency_ns" : {
        "2" : 0.000000,
        "4" : 0.000000,
        "10" : 0.000000,
        "20" : 0.000000,
        "50" : 0.000000,
        "100" : 0.000000,
        "250" : 0.000000,
        "500" : 0.000000,
        "750" : 0.000000,
        "1000" : 0.000000
      },
      "latency_us" : {
        "2" : 0.000000,
        "4" : 0.010000,
        "10" : 0.010000,
        "20" : 0.000000,
        "50" : 0.010000,
        "100" : 0.010000,
        "250" : 0.010000,
        "500" : 0.016022,
        "750" : 0.013733,
        "1000" : 0.035095
      },
      "latency_ms" : {
        "2" : 0.511169,
        "4" : 1.232147,
        "10" : 0.228882,
        "20" : 0.054169,
        "50" : 25.063324,
        "100" : 22.398376,
        "250" : 1.900482,
        "500" : 46.749115,
        "750" : 1.779938,
        "1000" : 0.000000,
        "2000" : 0.000000,
        ">=2000" : 0.000000
      },
      "latency_depth" : 64,
      "latency_target" : 0,
      "latency_percentile" : 100.000000,
      "latency_window" : 0
    }
  ]
}
