{
  "fio version" : "fio-3.36",
  "timestamp" : 1752159830,
  "timestamp_ms" : 1752159830561,
  "time" : "Thu Jul 10 15:03:50 2025",
  "global options" : {
    "ioengine" : "libaio",
    "direct" : "0",
    "directory" : "/mnt/test"
  },
  "jobs" : [
    {
      "jobname" : "multimedia_test",
      "groupid" : 0,
      "job_start" : 1752159710334,
      "error" : 0,
      "eta" : 0,
      "elapsed" : 121,
      "job options" : {
        "rw" : "read",
        "size" : "8G",
        "numjobs" : "4",
        "runtime" : "120",
        "iodepth" : "64",
        "bssplit" : "128k"
      },
      "read" : {
        "io_bytes" : 18509987840,
        "io_kbytes" : 18076160,
        "bw_bytes" : 154011181,
        "bw" : 150401,
        "iops" : 1175.012065,
        "runtime" : 120186,
        "total_ios" : 141220,
        "short_ios" : 0,
        "drop_ios" : 0,
        "slat_ns" : {
          "min" : 37977,
          "max" : 2200607591,
          "mean" : 3390047.779613,
          "stddev" : 69828711.586418,
          "N" : 141220
        },
        "clat_ns" : {
          "min" : 7617,
          "max" : 2640986534,
          "mean" : 213018481.844130,
          "stddev" : 559809124.946443,
          "N" : 141220,
          "percentile" : {
            "1.000000" : 49020928,
            "5.000000" : 49020928,
            "10.000000" : 49020928,
            "20.000000" : 50069504,
            "30.000000" : 50593792,
            "40.000000" : 51118080,
            "50.000000" : 51642368,
            "60.000000" : 52166656,
            "70.000000" : 52166656,
            "80.000000" : 53739520,
            "90.000000" : 185597952,
            "95.000000" : 2298478592,
            "99.000000" : 2298478592,
            "99.500000" : 2298478592,
            "99.900000" : 2332033024,
            "99.950000" : 2466250752,
            "99.990000" : 2566914048
          }
        },
        "lat_ns" : {
          "min" : 1344459,
          "max" : 2662172615,
          "mean" : 216408529.623743,
          "stddev" : 563968274.716349,
          "N" : 141220
        },
        "bw_min" : 3575,
        "bw_max" : 647168,
        "bw_agg" : 100.000000,
        "bw_mean" : 304962.169100,
        "bw_dev" : 64984.490699,
        "bw_samples" : 460,
        "iops_min" : 25,
        "iops_max" : 5056,
        "iops_mean" : 2382.308422,
        "iops_stddev" : 507.734190,
        "iops_samples" : 460
      },
      "write" : {
        "io_bytes" : 0,
        "io_kbytes" : 0,
        "bw_bytes" : 0,
        "bw" : 0,
        "iops" : 0.000000,
        "runtime" : 0,
        "total_ios" : 0,
        "short_ios" : 0,
        "drop_ios" : 0,
        "slat_ns" : {
          "min" : 0,
          "max" : 0,
          "mean" : 0.000000,
          "stddev" : 0.000000,
          "N" : 0
        },
        "clat_ns" : {
          "min" : 0,
          "max" : 0,
          "mean" : 0.000000,
          "stddev" : 0.000000,
          "N" : 0
        },
        "lat_ns" : {
          "min" : 0,
          "max" : 0,
          "mean" : 0.000000,
          "stddev" : 0.000000,
          "N" : 0
        },
        "bw_min" : 0,
        "bw_max" : 0,
        "bw_agg" : 0.000000,
        "bw_mean" : 0.000000,
        "bw_dev" : 0.000000,
        "bw_samples" : 0,
        "iops_min" : 0,
        "iops_max" : 0,
        "iops_mean" : 0.000000,
        "iops_stddev" : 0.000000,
        "iops_samples" : 0
      },
      "trim" : {
        "io_bytes" : 0,
        "io_kbytes" : 0,
        "bw_bytes" : 0,
        "bw" : 0,
        "iops" : 0.000000,
        "runtime" : 0,
        "total_ios" : 0,
        "short_ios" : 0,
        "drop_ios" : 0,
        "slat_ns" : {
          "min" : 0,
          "max" : 0,
          "mean" : 0.000000,
          "stddev" : 0.000000,
          "N" : 0
        },
        "clat_ns" : {
          "min" : 0,
          "max" : 0,
          "mean" : 0.000000,
          "stddev" : 0.000000,
          "N" : 0
        },
        "lat_ns" : {
          "min" : 0,
          "max" : 0,
          "mean" : 0.000000,
          "stddev" : 0.000000,
          "N" : 0
        },
        "bw_min" : 0,
        "bw_max" : 0,
        "bw_agg" : 0.000000,
        "bw_mean" : 0.000000,
        "bw_dev" : 0.000000,
        "bw_samples" : 0,
        "iops_min" : 0,
        "iops_max" : 0,
        "iops_mean" : 0.000000,
        "iops_stddev" : 0.000000,
        "iops_samples" : 0
      },
      "sync" : {
        "total_ios" : 0,
        "lat_ns" : {
          "min" : 0,
          "max" : 0,
          "mean" : 0.000000,
          "stddev" : 0.000000,
          "N" : 0
        }
      },
      "job_runtime" : 480375,
      "usr_cpu" : 0.369087,
      "sys_cpu" : 3.408379,
      "ctx" : 70470,
      "majf" : 0,
      "minf" : 8255,
      "iodepth_level" : {
        "1" : 0.100000,
        "2" : 0.100000,
        "4" : 0.100000,
        "8" : 0.100000,
        "16" : 0.100000,
        "32" : 0.100000,
        ">=64" : 99.821555
      },
      "iodepth_submit" : {
        "0" : 0.000000,
        "4" : 100.000000,
        "8" : 0.000000,
        "16" : 0.000000,
        "32" : 0.000000,
        "64" : 0.000000,
        ">=64" : 0.000000
      },
      "iodepth_complete" : {
        "0" : 0.000000,
        "4" : 99.997163,
        "8" : 0.000000,
        "16" : 0.000000,
        "32" : 0.000000,
        "64" : 0.100000,
        ">=64" : 0.000000
      },
      "latency_ns" : {
        "2" : 0.000000,
        "4" : 0.000000,
        "10" : 0.000000,
        "20" : 0.000000,
        "50" : 0.000000,
        "100" : 0.000000,
        "250" : 0.000000,
        "500" : 0.000000,
        "750" : 0.000000,
        "1000" : 0.000000
      },
      "latency_us" : {
        "2" : 0.000000,
        "4" : 0.000000,
        "10" : 0.010000,
        "20" : 0.000000,
        "50" : 0.010000,
        "100" : 0.000000,
        "250" : 0.000000,
        "500" : 0.000000,
        "750" : 0.000000,
        "1000" : 0.000000
      },
      "latency_ms" : {
        "2" : 0.010000,
        "4" : 0.010000,
        "10" : 0.010000,
        "20" : 0.010000,
        "50" : 16.882170,
        "100" : 72.643393,
        "250" : 0.924090,
        "500" : 2.341736,
        "750" : 0.000000,
        "1000" : 0.075060,
        "2000" : 0.590568,
        ">=2000" : 6.523155
      },
      "latency_depth" : 64,
      "latency_target" : 0,
      "latency_percentile" : 100.000000,
      "latency_window" : 0
    }
  ],
  "disk_util" : [
    {
      "name" : "sda",
      "read_ios" : 70539,
      "write_ios" : 47,
      "read_sectors" : 36135432,
      "write_sectors" : 512,
      "read_merges" : 39,
      "write_merges" : 5,
      "read_ticks" : 927739,
      "write_ticks" : 1604,
      "in_queue" : 930817,
      "util" : 84.417014
    }
  ]
}
