{
  "fio version" : "fio-3.36",
  "timestamp" : 1748647004,
  "timestamp_ms" : 1748647004725,
  "time" : "Fri May 30 23:16:44 2025",
  "global options" : {
    "ioengine" : "libaio",
    "direct" : "1",
    "directory" : "/mnt/test",
    "buffer_compress_percentage" : "70",
    "buffer_pattern" : "0xdeadbeef"
  },
  "jobs" : [
    {
      "jobname" : "database_test",
      "groupid" : 0,
      "job_start" : 1748646989142,
      "error" : 0,
      "eta" : 0,
      "elapsed" : 16,
      "job options" : {
        "rw" : "randrw",
        "rwmixread" : "70",
        "size" : "1G",
        "numjobs" : "8",
        "runtime" : "60",
        "iodepth" : "16",
        "bssplit" : "4k/80:8k/20"
      },
      "read" : {
        "io_bytes" : 6011162624,
        "io_kbytes" : 5870276,
        "bw_bytes" : 386545085,
        "bw" : 377485,
        "iops" : 83305.317986,
        "runtime" : 15551,
        "total_ios" : 1295481,
        "short_ios" : 0,
        "drop_ios" : 0,
        "slat_ns" : {
          "min" : 1653,
          "max" : 457862925,
          "mean" : 58190.489955,
          "stddev" : 1303525.437891,
          "N" : 1295481
        },
        "clat_ns" : {
          "min" : 977,
          "max" : 459949025,
          "mean" : 993055.730462,
          "stddev" : 5768616.461154,
          "N" : 1295481,
          "percentile" : {
            "1.000000" : 276480,
            "5.000000" : 329728,
            "10.000000" : 354304,
            "20.000000" : 382976,
            "30.000000" : 399360,
            "40.000000" : 415744,
            "50.000000" : 428032,
            "60.000000" : 444416,
            "70.000000" : 460800,
            "80.000000" : 485376,
            "90.000000" : 626688,
            "95.000000" : 1908736,
            "99.000000" : 13828096,
            "99.500000" : 20578304,
            "99.900000" : 74973184,
            "99.950000" : 127401984,
            "99.990000" : 235929600
          }
        },
        "lat_ns" : {
          "min" : 13592,
          "max" : 459984625,
          "mean" : 1051246.220417,
          "stddev" : 5935740.335308,
          "N" : 1295481
        },
        "bw_min" : 55375,
        "bw_max" : 904784,
        "bw_agg" : 100.000000,
        "bw_mean" : 384692.313793,
        "bw_dev" : 34620.081048,
        "bw_samples" : 234,
        "iops_min" : 11716,
        "iops_max" : 204330,
        "iops_mean" : 84768.466667,
        "iops_stddev" : 7729.452206,
        "iops_samples" : 234
      },
      "write" : {
        "io_bytes" : 2578771968,
        "io_kbytes" : 2518332,
        "bw_bytes" : 165826761,
        "bw" : 161940,
        "iops" : 35723.683364,
        "runtime" : 15551,
        "total_ios" : 555539,
        "short_ios" : 0,
        "drop_ios" : 0,
        "slat_ns" : {
          "min" : 4171,
          "max" : 459451282,
          "mean" : 72393.468579,
          "stddev" : 1528277.830262,
          "N" : 555539
        },
        "clat_ns" : {
          "min" : 1034,
          "max" : 459899371,
          "mean" : 990592.948308,
          "stddev" : 5673979.443964,
          "N" : 555539,
          "percentile" : {
            "1.000000" : 276480,
            "5.000000" : 329728,
            "10.000000" : 354304,
            "20.000000" : 382976,
            "30.000000" : 403456,
            "40.000000" : 415744,
            "50.000000" : 432128,
            "60.000000" : 444416,
            "70.000000" : 464896,
            "80.000000" : 485376,
            "90.000000" : 634880,
            "95.000000" : 1941504,
            "99.000000" : 13828096,
            "99.500000" : 20578304,
            "99.900000" : 72876032,
            "99.950000" : 127401984,
            "99.990000" : 235929600
          }
        },
        "lat_ns" : {
          "min" : 9599,
          "max" : 459956089,
          "mean" : 1062986.416887,
          "stddev" : 5898878.361741,
          "N" : 555539
        },
        "bw_min" : 23369,
        "bw_max" : 388568,
        "bw_agg" : 100.000000,
        "bw_mean" : 164943.614943,
        "bw_dev" : 14825.659509,
        "bw_samples" : 234,
        "iops_min" : 4975,
        "iops_max" : 87590,
        "iops_mean" : 36329.065517,
        "iops_stddev" : 3307.718733,
        "iops_samples" : 234
      },
      "trim" : {
        "io_bytes" : 0,
        "io_kbytes" : 0,
        "bw_bytes" : 0,
        "bw" : 0,
        "iops" : 0.000000,
        "runtime" : 0,
        "total_ios" : 0,
        "short_ios" : 0,
        "drop_ios" : 0,
        "slat_ns" : {
          "min" : 0,
          "max" : 0,
          "mean" : 0.000000,
          "stddev" : 0.000000,
          "N" : 0
        },
        "clat_ns" : {
          "min" : 0,
          "max" : 0,
          "mean" : 0.000000,
          "stddev" : 0.000000,
          "N" : 0
        },
        "lat_ns" : {
          "min" : 0,
          "max" : 0,
          "mean" : 0.000000,
          "stddev" : 0.000000,
          "N" : 0
        },
        "bw_min" : 0,
        "bw_max" : 0,
        "bw_agg" : 0.000000,
        "bw_mean" : 0.000000,
        "bw_dev" : 0.000000,
        "bw_samples" : 0,
        "iops_min" : 0,
        "iops_max" : 0,
        "iops_mean" : 0.000000,
        "iops_stddev" : 0.000000,
        "iops_samples" : 0
      },
      "sync" : {
        "total_ios" : 0,
        "lat_ns" : {
          "min" : 0,
          "max" : 0,
          "mean" : 0.000000,
          "stddev" : 0.000000,
          "N" : 0
        }
      },
      "job_runtime" : 122279,
      "usr_cpu" : 2.226057,
      "sys_cpu" : 40.123815,
      "ctx" : 115137,
      "majf" : 0,
      "minf" : 102,
      "iodepth_level" : {
        "1" : 0.100000,
        "2" : 0.100000,
        "4" : 0.100000,
        "8" : 0.100000,
        "16" : 99.993517,
        "32" : 0.000000,
        ">=64" : 0.000000
      },
      "iodepth_submit" : {
        "0" : 0.000000,
        "4" : 100.000000,
        "8" : 0.000000,
        "16" : 0.000000,
        "32" : 0.000000,
        "64" : 0.000000,
        ">=64" : 0.000000
      },
      "iodepth_complete" : {
        "0" : 0.000000,
        "4" : 99.999568,
        "8" : 0.000000,
        "16" : 0.100000,
        "32" : 0.000000,
        "64" : 0.000000,
        ">=64" : 0.000000
      },
      "latency_ns" : {
        "2" : 0.000000,
        "4" : 0.000000,
        "10" : 0.000000,
        "20" : 0.000000,
        "50" : 0.000000,
        "100" : 0.000000,
        "250" : 0.000000,
        "500" : 0.000000,
        "750" : 0.000000,
        "1000" : 0.010000
      },
      "latency_us" : {
        "2" : 0.010000,
        "4" : 0.000000,
        "10" : 0.000000,
        "20" : 0.010000,
        "50" : 0.010000,
        "100" : 0.010000,
        "250" : 0.343270,
        "500" : 83.104775,
        "750" : 7.995159,
        "1000" : 1.488747
      },
      "latency_ms" : {
        "2" : 2.158918,
        "4" : 1.729263,
        "10" : 1.732612,
        "20" : 0.903016,
        "50" : 0.410368,
        "100" : 0.051053,
        "250" : 0.074175,
        "500" : 0.010000,
        "750" : 0.000000,
        "1000" : 0.000000,
        "2000" : 0.000000,
        ">=2000" : 0.000000
      },
      "latency_depth" : 16,
      "latency_target" : 0,
      "latency_percentile" : 100.000000,
      "latency_window" : 0
    }
  ]
}
