{
  "fio version" : "fio-3.36",
  "timestamp" : 1751108457,
  "timestamp_ms" : 1751108457002,
  "time" : "Sat Jun 28 11:00:57 2025",
  "global options" : {
    "ioengine" : "libaio",
    "direct" : "0",
    "directory" : "/mnt/test",
    "buffer_compress_percentage" : "70",
    "buffer_pattern" : "0xdeadbeef"
  },
  "jobs" : [
    {
      "jobname" : "database_test",
      "groupid" : 0,
      "job_start" : 1751108396924,
      "error" : 0,
      "eta" : 0,
      "elapsed" : 61,
      "job options" : {
        "rw" : "randrw",
        "rwmixread" : "70",
        "size" : "1G",
        "numjobs" : "8",
        "runtime" : "60",
        "iodepth" : "16",
        "bssplit" : "4k/80:8k/20"
      },
      "read" : {
        "io_bytes" : 72663040,
        "io_kbytes" : 70960,
        "bw_bytes" : 1210163,
        "bw" : 1181,
        "iops" : 245.969622,
        "runtime" : 60044,
        "total_ios" : 14769,
        "short_ios" : 0,
        "drop_ios" : 0,
        "slat_ns" : {
          "min" : 301708,
          "max" : 289185189,
          "mean" : 32460024.467195,
          "stddev" : 28712103.573923,
          "N" : 14769
        },
        "clat_ns" : {
          "min" : 10469,
          "max" : 865116507,
          "mean" : 338423322.433949,
          "stddev" : 112237573.105954,
          "N" : 14769,
          "percentile" : {
            "1.000000" : 127401984,
            "5.000000" : 177209344,
            "10.000000" : 206569472,
            "20.000000" : 244318208,
            "30.000000" : 274726912,
            "40.000000" : 299892736,
            "50.000000" : 325058560,
            "60.000000" : 354418688,
            "70.000000" : 387973120,
            "80.000000" : 425721856,
            "90.000000" : 488636416,
            "95.000000" : 541065216,
            "99.000000" : 650117120,
            "99.500000" : 692060160,
            "99.900000" : 792723456,
            "99.950000" : 809500672,
            "99.990000" : 826277888
          }
        },
        "lat_ns" : {
          "min" : 17443306,
          "max" : 924180691,
          "mean" : 370883346.901144,
          "stddev" : 116354046.780620,
          "N" : 14769
        },
        "bw_min" : 357,
        "bw_max" : 2056,
        "bw_agg" : 99.424623,
        "bw_mean" : 1175.865546,
        "bw_dev" : 42.312826,
        "bw_samples" : 952,
        "iops_min" : 74,
        "iops_max" : 422,
        "iops_mean" : 244.722689,
        "iops_stddev" : 8.402829,
        "iops_samples" : 952
      },
      "write" : {
        "io_bytes" : 31420416,
        "io_kbytes" : 30684,
        "bw_bytes" : 523289,
        "bw" : 511,
        "iops" : 107.304643,
        "runtime" : 60044,
        "total_ios" : 6443,
        "short_ios" : 0,
        "drop_ios" : 0,
        "slat_ns" : {
          "min" : 3467,
          "max" : 201391,
          "mean" : 48070.030576,
          "stddev" : 22271.560191,
          "N" : 6443
        },
        "clat_ns" : {
          "min" : 17448723,
          "max" : 880807942,
          "mean" : 339048019.767655,
          "stddev" : 113058507.673372,
          "N" : 6443,
          "percentile" : {
            "1.000000" : 132644864,
            "5.000000" : 179306496,
            "10.000000" : 204472320,
            "20.000000" : 242221056,
            "30.000000" : 274726912,
            "40.000000" : 299892736,
            "50.000000" : 325058560,
            "60.000000" : 354418688,
            "70.000000" : 383778816,
            "80.000000" : 429916160,
            "90.000000" : 492830720,
            "95.000000" : 549453824,
            "99.000000" : 650117120,
            "99.500000" : 708837376,
            "99.900000" : 784334848,
            "99.950000" : 859832320,
            "99.990000" : 884998144
          }
        },
        "lat_ns" : {
          "min" : 17516829,
          "max" : 880824512,
          "mean" : 339096089.798231,
          "stddev" : 113058198.487774,
          "N" : 6443
        },
        "bw_min" : 71,
        "bw_max" : 1304,
        "bw_agg" : 99.799537,
        "bw_mean" : 510.402545,
        "bw_dev" : 29.837054,
        "bw_samples" : 948,
        "iops_min" : 17,
        "iops_max" : 264,
        "iops_mean" : 107.098456,
        "iops_stddev" : 6.088717,
        "iops_samples" : 948
      },
      "trim" : {
        "io_bytes" : 0,
        "io_kbytes" : 0,
        "bw_bytes" : 0,
        "bw" : 0,
        "iops" : 0.000000,
        "runtime" : 0,
        "total_ios" : 0,
        "short_ios" : 0,
        "drop_ios" : 0,
        "slat_ns" : {
          "min" : 0,
          "max" : 0,
          "mean" : 0.000000,
          "stddev" : 0.000000,
          "N" : 0
        },
        "clat_ns" : {
          "min" : 0,
          "max" : 0,
          "mean" : 0.000000,
          "stddev" : 0.000000,
          "N" : 0
        },
        "lat_ns" : {
          "min" : 0,
          "max" : 0,
          "mean" : 0.000000,
          "stddev" : 0.000000,
          "N" : 0
        },
        "bw_min" : 0,
        "bw_max" : 0,
        "bw_agg" : 0.000000,
        "bw_mean" : 0.000000,
        "bw_dev" : 0.000000,
        "bw_samples" : 0,
        "iops_min" : 0,
        "iops_max" : 0,
        "iops_mean" : 0.000000,
        "iops_stddev" : 0.000000,
        "iops_samples" : 0
      },
      "sync" : {
        "total_ios" : 0,
        "lat_ns" : {
          "min" : 0,
          "max" : 0,
          "mean" : 0.000000,
          "stddev" : 0.000000,
          "N" : 0
        }
      },
      "job_runtime" : 480148,
      "usr_cpu" : 0.092055,
      "sys_cpu" : 0.442988,
      "ctx" : 14792,
      "majf" : 0,
      "minf" : 111,
      "iodepth_level" : {
        "1" : 0.100000,
        "2" : 0.100000,
        "4" : 0.150858,
        "8" : 0.301716,
        "16" : 99.434282,
        "32" : 0.000000,
        ">=64" : 0.000000
      },
      "iodepth_submit" : {
        "0" : 0.000000,
        "4" : 100.000000,
        "8" : 0.000000,
        "16" : 0.000000,
        "32" : 0.000000,
        "64" : 0.000000,
        ">=64" : 0.000000
      },
      "iodepth_complete" : {
        "0" : 0.000000,
        "4" : 99.962085,
        "8" : 0.000000,
        "16" : 0.100000,
        "32" : 0.000000,
        "64" : 0.000000,
        ">=64" : 0.000000
      },
      "latency_ns" : {
        "2" : 0.000000,
        "4" : 0.000000,
        "10" : 0.000000,
        "20" : 0.000000,
        "50" : 0.000000,
        "100" : 0.000000,
        "250" : 0.000000,
        "500" : 0.000000,
        "750" : 0.000000,
        "1000" : 0.000000
      },
      "latency_us" : {
        "2" : 0.000000,
        "4" : 0.000000,
        "10" : 0.000000,
        "20" : 0.033000,
        "50" : 0.010000,
        "100" : 0.000000,
        "250" : 0.000000,
        "500" : 0.000000,
        "750" : 0.000000,
        "1000" : 0.000000
      },
      "latency_ms" : {
        "2" : 0.000000,
        "4" : 0.000000,
        "10" : 0.000000,
        "20" : 0.014143,
        "50" : 0.028286,
        "100" : 0.249859,
        "250" : 21.648124,
        "500" : 69.064680,
        "750" : 8.749764,
        "1000" : 0.207430,
        "2000" : 0.000000,
        ">=2000" : 0.000000
      },
      "latency_depth" : 16,
      "latency_target" : 0,
      "latency_percentile" : 100.000000,
      "latency_window" : 0
    }
  ]
}
