{
  "fio version" : "fio-3.36",
  "timestamp" : 1751246092,
  "timestamp_ms" : 1751246092185,
  "time" : "Mon Jun 30 01:14:52 2025",
  "global options" : {
    "ioengine" : "libaio",
    "direct" : "1",
    "directory" : "/mnt/test"
  },
  "jobs" : [
    {
      "jobname" : "archive_test",
      "groupid" : 0,
      "job_start" : 1751246087101,
      "error" : 0,
      "eta" : 0,
      "elapsed" : 6,
      "job options" : {
        "rw" : "write",
        "size" : "10M",
        "numjobs" : "2",
        "runtime" : "5",
        "iodepth" : "128",
        "bssplit" : "64k/70:128k/30"
      },
      "read" : {
        "io_bytes" : 0,
        "io_kbytes" : 0,
        "bw_bytes" : 0,
        "bw" : 0,
        "iops" : 0.000000,
        "runtime" : 0,
        "total_ios" : 0,
        "short_ios" : 0,
        "drop_ios" : 0,
        "slat_ns" : {
          "min" : 0,
          "max" : 0,
          "mean" : 0.000000,
          "stddev" : 0.000000,
          "N" : 0
        },
        "clat_ns" : {
          "min" : 0,
          "max" : 0,
          "mean" : 0.000000,
          "stddev" : 0.000000,
          "N" : 0
        },
        "lat_ns" : {
          "min" : 0,
          "max" : 0,
          "mean" : 0.000000,
          "stddev" : 0.000000,
          "N" : 0
        },
        "bw_min" : 0,
        "bw_max" : 0,
        "bw_agg" : 0.000000,
        "bw_mean" : 0.000000,
        "bw_dev" : 0.000000,
        "bw_samples" : 0,
        "iops_min" : 0,
        "iops_max" : 0,
        "iops_mean" : 0.000000,
        "iops_stddev" : 0.000000,
        "iops_samples" : 0
      },
      "write" : {
        "io_bytes" : 1903427584,
        "io_kbytes" : 1858816,
        "bw_bytes" : 377215137,
        "bw" : 368374,
        "iops" : 4433.016250,
        "runtime" : 5046,
        "total_ios" : 22369,
        "short_ios" : 0,
        "drop_ios" : 0,
        "slat_ns" : {
          "min" : 8466,
          "max" : 64556410,
          "mean" : 424298.467880,
          "stddev" : 1867385.045196,
          "N" : 22369
        },
        "clat_ns" : {
          "min" : 4660981,
          "max" : 132332130,
          "mean" : 57285022.984353,
          "stddev" : 15698919.320835,
          "N" : 22369,
          "percentile" : {
            "1.000000" : 18481152,
            "5.000000" : 31588352,
            "10.000000" : 37486592,
            "20.000000" : 45350912,
            "30.000000" : 50069504,
            "40.000000" : 53739520,
            "50.000000" : 57409536,
            "60.000000" : 60030976,
            "70.000000" : 64225280,
            "80.000000" : 68681728,
            "90.000000" : 77070336,
            "95.000000" : 84410368,
            "99.000000" : 98041856,
            "99.500000" : 103284736,
            "99.900000" : 113770496,
            "99.950000" : 119013376,
            "99.990000" : 122159104
          }
        },
        "lat_ns" : {
          "min" : 4769172,
          "max" : 132459508,
          "mean" : 57709321.452233,
          "stddev" : 15731675.503758,
          "N" : 22369
        },
        "bw_min" : 343296,
        "bw_max" : 393984,
        "bw_agg" : 99.814819,
        "bw_mean" : 367692.800000,
        "bw_dev" : 6873.618191,
        "bw_samples" : 20,
        "iops_min" : 4168,
        "iops_max" : 4702,
        "iops_mean" : 4423.000000,
        "iops_stddev" : 74.424812,
        "iops_samples" : 20
      },
      "trim" : {
        "io_bytes" : 0,
        "io_kbytes" : 0,
        "bw_bytes" : 0,
        "bw" : 0,
        "iops" : 0.000000,
        "runtime" : 0,
        "total_ios" : 0,
        "short_ios" : 0,
        "drop_ios" : 0,
        "slat_ns" : {
          "min" : 0,
          "max" : 0,
          "mean" : 0.000000,
          "stddev" : 0.000000,
          "N" : 0
        },
        "clat_ns" : {
          "min" : 0,
          "max" : 0,
          "mean" : 0.000000,
          "stddev" : 0.000000,
          "N" : 0
        },
        "lat_ns" : {
          "min" : 0,
          "max" : 0,
          "mean" : 0.000000,
          "stddev" : 0.000000,
          "N" : 0
        },
        "bw_min" : 0,
        "bw_max" : 0,
        "bw_agg" : 0.000000,
        "bw_mean" : 0.000000,
        "bw_dev" : 0.000000,
        "bw_samples" : 0,
        "iops_min" : 0,
        "iops_max" : 0,
        "iops_mean" : 0.000000,
        "iops_stddev" : 0.000000,
        "iops_samples" : 0
      },
      "sync" : {
        "total_ios" : 0,
        "lat_ns" : {
          "min" : 0,
          "max" : 0,
          "mean" : 0.000000,
          "stddev" : 0.000000,
          "N" : 0
        }
      },
      "job_runtime" : 10090,
      "usr_cpu" : 3.260654,
      "sys_cpu" : 17.839445,
      "ctx" : 7689,
      "majf" : 0,
      "minf" : 21,
      "iodepth_level" : {
        "1" : 0.100000,
        "2" : 0.100000,
        "4" : 0.100000,
        "8" : 0.100000,
        "16" : 0.143055,
        "32" : 0.286110,
        ">=64" : 99.436720
      },
      "iodepth_submit" : {
        "0" : 0.000000,
        "4" : 100.000000,
        "8" : 0.000000,
        "16" : 0.000000,
        "32" : 0.000000,
        "64" : 0.000000,
        ">=64" : 0.000000
      },
      "iodepth_complete" : {
        "0" : 0.000000,
        "4" : 99.990957,
        "8" : 0.000000,
        "16" : 0.000000,
        "32" : 0.000000,
        "64" : 0.000000,
        ">=64" : 0.100000
      },
      "latency_ns" : {
        "2" : 0.000000,
        "4" : 0.000000,
        "10" : 0.000000,
        "20" : 0.000000,
        "50" : 0.000000,
        "100" : 0.000000,
        "250" : 0.000000,
        "500" : 0.000000,
        "750" : 0.000000,
        "1000" : 0.000000
      },
      "latency_us" : {
        "2" : 0.000000,
        "4" : 0.000000,
        "10" : 0.000000,
        "20" : 0.000000,
        "50" : 0.000000,
        "100" : 0.000000,
        "250" : 0.000000,
        "500" : 0.000000,
        "750" : 0.000000,
        "1000" : 0.000000
      },
      "latency_ms" : {
        "2" : 0.000000,
        "4" : 0.000000,
        "10" : 0.075998,
        "20" : 1.300908,
        "50" : 28.070097,
        "100" : 69.721490,
        "250" : 0.831508,
        "500" : 0.000000,
        "750" : 0.000000,
        "1000" : 0.000000,
        "2000" : 0.000000,
        ">=2000" : 0.000000
      },
      "latency_depth" : 128,
      "latency_target" : 0,
      "latency_percentile" : 100.000000,
      "latency_window" : 0
    }
  ]
}
