{
  "fio version" : "fio-3.36",
  "timestamp" : 1751255330,
  "timestamp_ms" : 1751255330383,
  "time" : "Mon Jun 30 03:48:50 2025",
  "global options" : {
    "ioengine" : "libaio",
    "direct" : "1",
    "directory" : "/mnt/test"
  },
  "jobs" : [
    {
      "jobname" : "database_mysql_innodb_test",
      "groupid" : 0,
      "job_start" : 1751255325342,
      "error" : 0,
      "eta" : 0,
      "elapsed" : 6,
      "job options" : {
        "rw" : "randrw",
        "rwmixread" : "70",
        "size" : "1M",
        "numjobs" : "8",
        "runtime" : "5",
        "iodepth" : "16",
        "bssplit" : "16k"
      },
      "read" : {
        "io_bytes" : 88073175040,
        "io_kbytes" : 86008960,
        "bw_bytes" : 17611112785,
        "bw" : 17198352,
        "iops" : 1074897.020596,
        "runtime" : 5001,
        "total_ios" : 5375560,
        "short_ios" : 0,
        "drop_ios" : 0,
        "slat_ns" : {
          "min" : 1924,
          "max" : 9392693,
          "mean" : 3414.268128,
          "stddev" : 28473.581826,
          "N" : 5375560
        },
        "clat_ns" : {
          "min" : 975,
          "max" : 12884819,
          "mean" : 78461.321282,
          "stddev" : 150405.567732,
          "N" : 5375560,
          "percentile" : {
            "1.000000" : 55040,
            "5.000000" : 59136,
            "10.000000" : 61696,
            "20.000000" : 64768,
            "30.000000" : 67072,
            "40.000000" : 69120,
            "50.000000" : 71168,
            "60.000000" : 73216,
            "70.000000" : 75264,
            "80.000000" : 78336,
            "90.000000" : 82432,
            "95.000000" : 88576,
            "99.000000" : 130560,
            "99.500000" : 250880,
            "99.900000" : 1777664,
            "99.950000" : 3555328,
            "99.990000" : 7110656
          }
        },
        "lat_ns" : {
          "min" : 4021,
          "max" : 14468312,
          "mean" : 81875.589410,
          "stddev" : 157437.464268,
          "N" : 5375560
        },
        "bw_min" : 15051392,
        "bw_max" : 18541312,
        "bw_agg" : 100.000000,
        "bw_mean" : 17257247.888889,
        "bw_dev" : 144199.677157,
        "bw_samples" : 72,
        "iops_min" : 940712,
        "iops_max" : 1158832,
        "iops_mean" : 1078577.888889,
        "iops_stddev" : 9012.484540,
        "iops_samples" : 72
      },
      "write" : {
        "io_bytes" : 37757812736,
        "io_kbytes" : 36872864,
        "bw_bytes" : 7550052536,
        "bw" : 7373098,
        "iops" : 460818.636273,
        "runtime" : 5001,
        "total_ios" : 2304554,
        "short_ios" : 0,
        "drop_ios" : 0,
        "slat_ns" : {
          "min" : 4273,
          "max" : 9490572,
          "mean" : 6492.870458,
          "stddev" : 29697.761524,
          "N" : 2304554
        },
        "clat_ns" : {
          "min" : 1037,
          "max" : 11882316,
          "mean" : 78934.391775,
          "stddev" : 152907.897723,
          "N" : 2304554,
          "percentile" : {
            "1.000000" : 55552,
            "5.000000" : 59648,
            "10.000000" : 61696,
            "20.000000" : 64768,
            "30.000000" : 67072,
            "40.000000" : 69120,
            "50.000000" : 71168,
            "60.000000" : 73216,
            "70.000000" : 75264,
            "80.000000" : 78336,
            "90.000000" : 83456,
            "95.000000" : 88576,
            "99.000000" : 132096,
            "99.500000" : 254976,
            "99.900000" : 1761280,
            "99.950000" : 3653632,
            "99.990000" : 7503872
          }
        },
        "lat_ns" : {
          "min" : 6456,
          "max" : 12087449,
          "mean" : 85427.262233,
          "stddev" : 157167.533012,
          "N" : 2304554
        },
        "bw_min" : 6449888,
        "bw_max" : 7940192,
        "bw_agg" : 100.000000,
        "bw_mean" : 7399879.222222,
        "bw_dev" : 62407.351177,
        "bw_samples" : 72,
        "iops_min" : 403118,
        "iops_max" : 496262,
        "iops_mean" : 462492.444444,
        "iops_stddev" : 3900.459816,
        "iops_samples" : 72
      },
      "trim" : {
        "io_bytes" : 0,
        "io_kbytes" : 0,
        "bw_bytes" : 0,
        "bw" : 0,
        "iops" : 0.000000,
        "runtime" : 0,
        "total_ios" : 0,
        "short_ios" : 0,
        "drop_ios" : 0,
        "slat_ns" : {
          "min" : 0,
          "max" : 0,
          "mean" : 0.000000,
          "stddev" : 0.000000,
          "N" : 0
        },
        "clat_ns" : {
          "min" : 0,
          "max" : 0,
          "mean" : 0.000000,
          "stddev" : 0.000000,
          "N" : 0
        },
        "lat_ns" : {
          "min" : 0,
          "max" : 0,
          "mean" : 0.000000,
          "stddev" : 0.000000,
          "N" : 0
        },
        "bw_min" : 0,
        "bw_max" : 0,
        "bw_agg" : 0.000000,
        "bw_mean" : 0.000000,
        "bw_dev" : 0.000000,
        "bw_samples" : 0,
        "iops_min" : 0,
        "iops_max" : 0,
        "iops_mean" : 0.000000,
        "iops_stddev" : 0.000000,
        "iops_samples" : 0
      },
      "sync" : {
        "total_ios" : 0,
        "lat_ns" : {
          "min" : 0,
          "max" : 0,
          "mean" : 0.000000,
          "stddev" : 0.000000,
          "N" : 0
        }
      },
      "job_runtime" : 40000,
      "usr_cpu" : 16.130000,
      "sys_cpu" : 75.917500,
      "ctx" : 16424,
      "majf" : 0,
      "minf" : 114,
      "iodepth_level" : {
        "1" : 0.100000,
        "2" : 0.100000,
        "4" : 0.100000,
        "8" : 0.100000,
        "16" : 99.998438,
        "32" : 0.000000,
        ">=64" : 0.000000
      },
      "iodepth_submit" : {
        "0" : 0.000000,
        "4" : 100.000000,
        "8" : 0.000000,
        "16" : 0.000000,
        "32" : 0.000000,
        "64" : 0.000000,
        ">=64" : 0.000000
      },
      "iodepth_complete" : {
        "0" : 0.000000,
        "4" : 99.999896,
        "8" : 0.000000,
        "16" : 0.100000,
        "32" : 0.000000,
        "64" : 0.000000,
        ">=64" : 0.000000
      },
      "latency_ns" : {
        "2" : 0.000000,
        "4" : 0.000000,
        "10" : 0.000000,
        "20" : 0.000000,
        "50" : 0.000000,
        "100" : 0.000000,
        "250" : 0.000000,
        "500" : 0.000000,
        "750" : 0.000000,
        "1000" : 0.010000
      },
      "latency_us" : {
        "2" : 0.010000,
        "4" : 0.000000,
        "10" : 0.010000,
        "20" : 0.010000,
        "50" : 0.070871,
        "100" : 97.388593,
        "250" : 2.035373,
        "500" : 0.202849,
        "750" : 0.085715,
        "1000" : 0.045755
      },
      "latency_ms" : {
        "2" : 0.080259,
        "4" : 0.047564,
        "10" : 0.040585,
        "20" : 0.010000,
        "50" : 0.000000,
        "100" : 0.000000,
        "250" : 0.000000,
        "500" : 0.000000,
        "750" : 0.000000,
        "1000" : 0.000000,
        "2000" : 0.000000,
        ">=2000" : 0.000000
      },
      "latency_depth" : 16,
      "latency_target" : 0,
      "latency_percentile" : 100.000000,
      "latency_window" : 0
    }
  ]
}
