{
  "fio version" : "fio-3.36",
  "timestamp" : 1752595846,
  "timestamp_ms" : 1752595846031,
  "time" : "Tue Jul 15 16:10:46 2025",
  "global options" : {
    "ioengine" : "libaio",
    "direct" : "0",
    "directory" : "/mnt/test"
  },
  "jobs" : [
    {
      "jobname" : "database_test",
      "groupid" : 0,
      "job_start" : 1752595785801,
      "error" : 0,
      "eta" : 0,
      "elapsed" : 61,
      "job options" : {
        "rw" : "randrw",
        "rwmixread" : "70",
        "size" : "1G",
        "numjobs" : "24",
        "runtime" : "60",
        "iodepth" : "16",
        "bssplit" : "4k/80:8k/20"
      },
      "read" : {
        "io_bytes" : 202567680,
        "io_kbytes" : 197820,
        "bw_bytes" : 3365358,
        "bw" : 3286,
        "iops" : 686.287214,
        "runtime" : 60192,
        "total_ios" : 41309,
        "short_ios" : 0,
        "drop_ios" : 0,
        "slat_ns" : {
          "min" : 2843,
          "max" : 2032536768,
          "mean" : 24343288.350214,
          "stddev" : 106020972.709782,
          "N" : 41309
        },
        "clat_ns" : {
          "min" : 10020,
          "max" : 9192010220,
          "mean" : 257471529.588903,
          "stddev" : 750959781.589893,
          "N" : 41309,
          "percentile" : {
            "1.000000" : 51456,
            "5.000000" : 54528,
            "10.000000" : 56064,
            "20.000000" : 58112,
            "30.000000" : 59648,
            "40.000000" : 61696,
            "50.000000" : 63232,
            "60.000000" : 67072,
            "70.000000" : 173056,
            "80.000000" : 342016,
            "90.000000" : 1069547520,
            "95.000000" : 1820327936,
            "99.000000" : 3674210304,
            "99.500000" : 4529848320,
            "99.900000" : 6610223104,
            "99.950000" : 7348420608,
            "99.990000" : 8153726976
          }
        },
        "lat_ns" : {
          "min" : 47122,
          "max" : 9330523455,
          "mean" : 281814817.939117,
          "stddev" : 812706622.037087,
          "N" : 41309
        },
        "bw_min" : 172,
        "bw_max" : 306435,
        "bw_agg" : 100.000000,
        "bw_mean" : 7434.073612,
        "bw_dev" : 1567.754960,
        "bw_samples" : 1639,
        "iops_min" : 27,
        "iops_max" : 63952,
        "iops_mean" : 1548.115010,
        "iops_stddev" : 327.253411,
        "iops_samples" : 1639
      },
      "write" : {
        "io_bytes" : 87007232,
        "io_kbytes" : 84968,
        "bw_bytes" : 1445494,
        "bw" : 1411,
        "iops" : 294.972754,
        "runtime" : 60192,
        "total_ios" : 17755,
        "short_ios" : 0,
        "drop_ios" : 0,
        "slat_ns" : {
          "min" : 1255,
          "max" : 922492,
          "mean" : 9958.381526,
          "stddev" : 18823.782607,
          "N" : 17755
        },
        "clat_ns" : {
          "min" : 45675,
          "max" : 8199287144,
          "mean" : 250891184.844551,
          "stddev" : 734652823.390934,
          "N" : 17755,
          "percentile" : {
            "1.000000" : 51456,
            "5.000000" : 54016,
            "10.000000" : 56064,
            "20.000000" : 58112,
            "30.000000" : 59648,
            "40.000000" : 61184,
            "50.000000" : 63232,
            "60.000000" : 66048,
            "70.000000" : 116224,
            "80.000000" : 337920,
            "90.000000" : 1035993088,
            "95.000000" : 1803550720,
            "99.000000" : 3573547008,
            "99.500000" : 4395630592,
            "99.900000" : 5939134464,
            "99.950000" : 7482638336,
            "99.990000" : 8086618112
          }
        },
        "lat_ns" : {
          "min" : 47546,
          "max" : 8199311440,
          "mean" : 250901143.226077,
          "stddev" : 734664562.725004,
          "N" : 17755
        },
        "bw_min" : 171,
        "bw_max" : 132856,
        "bw_agg" : 100.000000,
        "bw_mean" : 4358.466307,
        "bw_dev" : 781.850188,
        "bw_samples" : 1227,
        "iops_min" : 26,
        "iops_max" : 27731,
        "iops_mean" : 905.770747,
        "iops_stddev" : 163.159271,
        "iops_samples" : 1227
      },
      "trim" : {
        "io_bytes" : 0,
        "io_kbytes" : 0,
        "bw_bytes" : 0,
        "bw" : 0,
        "iops" : 0.000000,
        "runtime" : 0,
        "total_ios" : 0,
        "short_ios" : 0,
        "drop_ios" : 0,
        "slat_ns" : {
          "min" : 0,
          "max" : 0,
          "mean" : 0.000000,
          "stddev" : 0.000000,
          "N" : 0
        },
        "clat_ns" : {
          "min" : 0,
          "max" : 0,
          "mean" : 0.000000,
          "stddev" : 0.000000,
          "N" : 0
        },
        "lat_ns" : {
          "min" : 0,
          "max" : 0,
          "mean" : 0.000000,
          "stddev" : 0.000000,
          "N" : 0
        },
        "bw_min" : 0,
        "bw_max" : 0,
        "bw_agg" : 0.000000,
        "bw_mean" : 0.000000,
        "bw_dev" : 0.000000,
        "bw_samples" : 0,
        "iops_min" : 0,
        "iops_max" : 0,
        "iops_mean" : 0.000000,
        "iops_stddev" : 0.000000,
        "iops_samples" : 0
      },
      "sync" : {
        "total_ios" : 0,
        "lat_ns" : {
          "min" : 0,
          "max" : 0,
          "mean" : 0.000000,
          "stddev" : 0.000000,
          "N" : 0
        }
      },
      "job_runtime" : 1442278,
      "usr_cpu" : 0.018374,
      "sys_cpu" : 0.124248,
      "ctx" : 15763,
      "majf" : 0,
      "minf" : 396,
      "iodepth_level" : {
        "1" : 0.100000,
        "2" : 0.100000,
        "4" : 0.162536,
        "8" : 0.325071,
        "16" : 99.390492,
        "32" : 0.000000,
        ">=64" : 0.000000
      },
      "iodepth_submit" : {
        "0" : 0.000000,
        "4" : 100.000000,
        "8" : 0.000000,
        "16" : 0.000000,
        "32" : 0.000000,
        "64" : 0.000000,
        ">=64" : 0.000000
      },
      "iodepth_complete" : {
        "0" : 0.000000,
        "4" : 99.959134,
        "8" : 0.000000,
        "16" : 0.100000,
        "32" : 0.000000,
        "64" : 0.000000,
        ">=64" : 0.000000
      },
      "latency_ns" : {
        "2" : 0.000000,
        "4" : 0.000000,
        "10" : 0.000000,
        "20" : 0.000000,
        "50" : 0.000000,
        "100" : 0.000000,
        "250" : 0.000000,
        "500" : 0.000000,
        "750" : 0.000000,
        "1000" : 0.000000
      },
      "latency_us" : {
        "2" : 0.000000,
        "4" : 0.000000,
        "10" : 0.000000,
        "20" : 0.038941,
        "50" : 0.416497,
        "100" : 68.070229,
        "250" : 2.708926,
        "500" : 12.401801,
        "750" : 0.015238,
        "1000" : 0.000000
      },
      "latency_ms" : {
        "2" : 0.025396,
        "4" : 0.000000,
        "10" : 0.010000,
        "20" : 0.110050,
        "50" : 0.201476,
        "100" : 0.179466,
        "250" : 0.413111,
        "500" : 1.086957,
        "750" : 1.760802,
        "1000" : 2.035081,
        "2000" : 6.408303,
        ">=2000" : 4.126033
      },
      "latency_depth" : 16,
      "latency_target" : 0,
      "latency_percentile" : 100.000000,
      "latency_window" : 0
    }
  ],
  "disk_util" : [
    {
      "name" : "bcache0",
      "read_ios" : 41302,
      "write_ios" : 10580,
      "read_sectors" : 395552,
      "write_sectors" : 0,
      "read_merges" : 0,
      "write_merges" : 0,
      "read_ticks" : 1001731,
      "write_ticks" : 598986,
      "in_queue" : 1600717,
      "util" : 100.000000,
      "aggr_read_ios" : 20661,
      "aggr_write_ios" : 8793,
      "aggr_read_sectors" : 197876,
      "aggr_write_sectors" : 84412,
      "aggr_read_merges" : 0,
      "aggr_write_merge" : 20,
      "aggr_read_ticks" : 504692,
      "aggr_write_ticks" : 53365,
      "aggr_in_queue" : 559739,
      "aggr_util" : 94.046058
    },
    {
      "name" : "sda",
      "read_ios" : 6222,
      "write_ios" : 10708,
      "read_sectors" : 59784,