{
  "fio version" : "fio-3.36",
  "timestamp" : 1749404561,
  "timestamp_ms" : 1749404561831,
  "time" : "Sun Jun  8 17:42:41 2025",
  "global options" : {
    "ioengine" : "io_uring",
    "direct" : "1",
    "directory" : "/mnt/test"
  },
  "jobs" : [
    {
      "jobname" : "database_test",
      "groupid" : 0,
      "job_start" : 1749404542182,
      "error" : 0,
      "eta" : 0,
      "elapsed" : 20,
      "job options" : {
        "rw" : "randrw",
        "rwmixread" : "70",
        "size" : "1G",
        "numjobs" : "8",
        "runtime" : "60",
        "iodepth" : "16",
        "bssplit" : "4k/80:8k/20"
      },
      "read" : {
        "io_bytes" : 6011162624,
        "io_kbytes" : 5870276,
        "bw_bytes" : 306082928,
        "bw" : 298909,
        "iops" : 65964.713071,
        "runtime" : 19639,
        "total_ios" : 1295481,
        "short_ios" : 0,
        "drop_ios" : 0,
        "slat_ns" : {
          "min" : 304,
          "max" : 23999705,
          "mean" : 1353.021686,
          "stddev" : 28687.331493,
          "N" : 1295481
        },
        "clat_ns" : {
          "min" : 176,
          "max" : 109996158,
          "mean" : 74433.296631,
          "stddev" : 618828.578414,
          "N" : 1295481,
          "percentile" : {
            "1.000000" : 6304,
            "5.000000" : 7776,
            "10.000000" : 9408,
            "20.000000" : 10944,
            "30.000000" : 11840,
            "40.000000" : 12736,
            "50.000000" : 13504,
            "60.000000" : 14528,
            "70.000000" : 16512,
            "80.000000" : 28032,
            "90.000000" : 288768,
            "95.000000" : 374784,
            "99.000000" : 561152,
            "99.500000" : 741376,
            "99.900000" : 1744896,
            "99.950000" : 3391488,
            "99.990000" : 35913728
          }
        },
        "lat_ns" : {
          "min" : 3499,
          "max" : 109996533,
          "mean" : 75786.318317,
          "stddev" : 620474.396724,
          "N" : 1295481
        },
        "bw_min" : 94264,
        "bw_max" : 691518,
        "bw_agg" : 100.000000,
        "bw_mean" : 301323.917004,
        "bw_dev" : 10929.521542,
        "bw_samples" : 308,
        "iops_min" : 21388,
        "iops_max" : 144623,
        "iops_mean" : 66464.455466,
        "iops_stddev" : 2269.379745,
        "iops_samples" : 308
      },
      "write" : {
        "io_bytes" : 2578771968,
        "io_kbytes" : 2518332,
        "bw_bytes" : 131308720,
        "bw" : 128231,
        "iops" : 28287.540099,
        "runtime" : 19639,
        "total_ios" : 555539,
        "short_ios" : 0,
        "drop_ios" : 0,
        "slat_ns" : {
          "min" : 295,
          "max" : 26986442,
          "mean" : 1436.473880,
          "stddev" : 52284.063407,
          "N" : 555539
        },
        "clat_ns" : {
          "min" : 11991,
          "max" : 224545358,
          "mean" : 4313683.055719,
          "stddev" : 2806612.488107,
          "N" : 555539,
          "percentile" : {
            "1.000000" : 156672,
            "5.000000" : 2834432,
            "10.000000" : 3588096,
            "20.000000" : 3817472,
            "30.000000" : 3948544,
            "40.000000" : 4046848,
            "50.000000" : 4145152,
            "60.000000" : 4292608,
            "70.000000" : 4489216,
            "80.000000" : 4751360,
            "90.000000" : 5144576,
            "95.000000" : 5668864,
            "99.000000" : 9895936,
            "99.500000" : 11599872,
            "99.900000" : 16187392,
            "99.950000" : 57933824,
            "99.990000" : 119013376
          }
        },
        "lat_ns" : {
          "min" : 12999,
          "max" : 224546240,
          "mean" : 4315119.529599,
          "stddev" : 2807029.974670,
          "N" : 555539
        },
        "bw_min" : 40232,
        "bw_max" : 296341,
        "bw_agg" : 100.000000,
        "bw_mean" : 129226.326586,
        "bw_dev" : 4685.711413,
        "bw_samples" : 308,
        "iops_min" : 9096,
        "iops_max" : 61948,
        "iops_mean" : 28492.394062,
        "iops_stddev" : 973.258379,
        "iops_samples" : 308
      },
      "trim" : {
        "io_bytes" : 0,
        "io_kbytes" : 0,
        "bw_bytes" : 0,
        "bw" : 0,
        "iops" : 0.000000,
        "runtime" : 0,
        "total_ios" : 0,
        "short_ios" : 0,
        "drop_ios" : 0,
        "slat_ns" : {
          "min" : 0,
          "max" : 0,
          "mean" : 0.000000,
          "stddev" : 0.000000,
          "N" : 0
        },
        "clat_ns" : {
          "min" : 0,
          "max" : 0,
          "mean" : 0.000000,
          "stddev" : 0.000000,
          "N" : 0
        },
        "lat_ns" : {
          "min" : 0,
          "max" : 0,
          "mean" : 0.000000,
          "stddev" : 0.000000,
          "N" : 0
        },
        "bw_min" : 0,
        "bw_max" : 0,
        "bw_agg" : 0.000000,
        "bw_mean" : 0.000000,
        "bw_dev" : 0.000000,
        "bw_samples" : 0,
        "iops_min" : 0,
        "iops_max" : 0,
        "iops_mean" : 0.000000,
        "iops_stddev" : 0.000000,
        "iops_samples" : 0
      },
      "sync" : {
        "total_ios" : 0,
        "lat_ns" : {
          "min" : 0,
          "max" : 0,
          "mean" : 0.000000,
          "stddev" : 0.000000,
          "N" : 0
        }
      },
      "job_runtime" : 156052,
      "usr_cpu" : 1.998052,
      "sys_cpu" : 3.340553,
      "ctx" : 1943395,
      "majf" : 0,
      "minf" : 116,
      "iodepth_level" : {
        "1" : 0.100000,
        "2" : 0.100000,
        "4" : 0.100000,
        "8" : 0.100000,
        "16" : 99.993517,
        "32" : 0.000000,
        ">=64" : 0.000000
      },
      "iodepth_submit" : {
        "0" : 0.000000,
        "4" : 100.000000,
        "8" : 0.000000,
        "16" : 0.000000,
        "32" : 0.000000,
        "64" : 0.000000,
        ">=64" : 0.000000
      },
      "iodepth_complete" : {
        "0" : 0.000000,
        "4" : 99.999568,
        "8" : 0.000000,
        "16" : 0.100000,
        "32" : 0.000000,
        "64" : 0.000000,
        ">=64" : 0.000000
      },
      "latency_ns" : {
        "2" : 0.000000,
        "4" : 0.000000,
        "10" : 0.000000,
        "20" : 0.000000,
        "50" : 0.000000,
        "100" : 0.000000,
        "250" : 0.010000,
        "500" : 0.024689,
        "750" : 0.204860,
        "1000" : 0.022906
      },
      "latency_us" : {
        "2" : 0.011669,
        "4" : 0.018908,
        "10" : 8.034327,
        "20" : 45.446186,
        "50" : 4.344470,
        "100" : 1.791499,
        "250" : 2.551782,
        "500" : 7.445354,
        "750" : 0.736567,
        "1000" : 0.243109
      },
      "latency_ms" : {
        "2" : 0.248242,
        "4" : 9.404599,
        "10" : 19.162246,
        "20" : 0.269851,
        "50" : 0.020583,
        "100" : 0.014262,
        "250" : 0.010000,
        "500" : 0.000000,
        "750" : 0.000000,
        "1000" : 0.000000,
        "2000" : 0.000000,
        ">=2000" : 0.000000
      },
      "latency_depth" : 16,
      "latency_target" : 0,
      "latency_percentile" : 100.000000,
      "latency_window" : 0
    }
  ]
}
