{
  "fio version" : "fio-3.36",
  "timestamp" : 1753044848,
  "timestamp_ms" : 1753044848978,
  "time" : "Sun Jul 20 20:54:08 2025",
  "global options" : {
    "ioengine" : "libaio",
    "direct" : "1",
    "directory" : "/mnt/test",
    "buffer_compress_percentage" : "70",
    "buffer_pattern" : "0xdeadbeef"
  },
  "jobs" : [
    {
      "jobname" : "database_mysql_innodb_test",
      "groupid" : 0,
      "job_start" : 1753044795457,
      "error" : 0,
      "eta" : 0,
      "elapsed" : 54,
      "job options" : {
        "rw" : "randrw",
        "rwmixread" : "70",
        "size" : "1G",
        "numjobs" : "24",
        "runtime" : "60",
        "iodepth" : "16",
        "bssplit" : "16k"
      },
      "read" : {
        "io_bytes" : 18040209408,
        "io_kbytes" : 17617392,
        "bw_bytes" : 337414607,
        "bw" : 329506,
        "iops" : 20594.153294,
        "runtime" : 53466,
        "total_ios" : 1101087,
        "short_ios" : 0,
        "drop_ios" : 0,
        "slat_ns" : {
          "min" : 32227,
          "max" : 307272173,
          "mean" : 645032.599014,
          "stddev" : 2294637.935176,
          "N" : 1101087
        },
        "clat_ns" : {
          "min" : 1353,
          "max" : 415166202,
          "mean" : 11758345.135628,
          "stddev" : 15104835.943651,
          "N" : 1101087,
          "percentile" : {
            "1.000000" : 411648,
            "5.000000" : 464896,
            "10.000000" : 509952,
            "20.000000" : 1777664,
            "30.000000" : 3391488,
            "40.000000" : 4423680,
            "50.000000" : 5341184,
            "60.000000" : 7241728,
            "70.000000" : 14745600,
            "80.000000" : 20578304,
            "90.000000" : 28704768,
            "95.000000" : 39059456,
            "99.000000" : 68681728,
            "99.500000" : 82313216,
            "99.900000" : 110624768,
            "99.950000" : 141557760,
            "99.990000" : 291504128
          }
        },
        "lat_ns" : {
          "min" : 37222,
          "max" : 415204701,
          "mean" : 12403377.734641,
          "stddev" : 15774002.414958,
          "N" : 1101087
        },
        "bw_min" : 43872,
        "bw_max" : 2405938,
        "bw_agg" : 99.500631,
        "bw_mean" : 327861.985038,
        "bw_dev" : 16032.176142,
        "bw_samples" : 2514,
        "iops_min" : 2742,
        "iops_max" : 150370,
        "iops_mean" : 20490.661930,
        "iops_stddev" : 1002.003214,
        "iops_samples" : 2514
      },
      "write" : {
        "io_bytes" : 7729594368,
        "io_kbytes" : 7548432,
        "bw_bytes" : 144570275,
        "bw" : 141181,
        "iops" : 8823.869375,
        "runtime" : 53466,
        "total_ios" : 471777,
        "short_ios" : 0,
        "drop_ios" : 0,
        "slat_ns" : {
          "min" : 8163,
          "max" : 328709816,
          "mean" : 1149600.326063,
          "stddev" : 2242154.933862,
          "N" : 471777
        },
        "clat_ns" : {
          "min" : 2335,
          "max" : 415190051,
          "mean" : 12719948.668002,
          "stddev" : 16012970.073561,
          "N" : 471777,
          "percentile" : {
            "1.000000" : 411648,
            "5.000000" : 464896,
            "10.000000" : 509952,
            "20.000000" : 1875968,
            "30.000000" : 3784704,
            "40.000000" : 4816896,
            "50.000000" : 5734400,
            "60.000000" : 7766016,
            "70.000000" : 16449536,
            "80.000000" : 22413312,
            "90.000000" : 31064064,
            "95.000000" : 42205184,
            "99.000000" : 73924608,
            "99.500000" : 86507520,
            "99.900000" : 111673344,
            "99.950000" : 141557760,
            "99.990000" : 278921216
          }
        },
        "lat_ns" : {
          "min" : 126537,
          "max" : 415200503,
          "mean" : 13869548.994065,
          "stddev" : 17198498.895836,
          "N" : 471777
        },
        "bw_min" : 21696,
        "bw_max" : 1029536,
        "bw_agg" : 99.466002,
        "bw_mean" : 140428.451045,
        "bw_dev" : 6856.265932,
        "bw_samples" : 2514,
        "iops_min" : 1356,
        "iops_max" : 64345,
        "iops_mean" : 8775.995730,
        "iops_stddev" : 428.509466,
        "iops_samples" : 2514
      },
      "trim" : {
        "io_bytes" : 0,
        "io_kbytes" : 0,
        "bw_bytes" : 0,
        "bw" : 0,
        "iops" : 0.000000,
        "runtime" : 0,
        "total_ios" : 0,
        "short_ios" : 0,
        "drop_ios" : 0,
        "slat_ns" : {
          "min" : 0,
          "max" : 0,
          "mean" : 0.000000,
          "stddev" : 0.000000,
          "N" : 0
        },
        "clat_ns" : {
          "min" : 0,
          "max" : 0,
          "mean" : 0.000000,
          "stddev" : 0.000000,
          "N" : 0
        },
        "lat_ns" : {
          "min" : 0,
          "max" : 0,
          "mean" : 0.000000,
          "stddev" : 0.000000,
          "N" : 0
        },
        "bw_min" : 0,
        "bw_max" : 0,
        "bw_agg" : 0.000000,
        "bw_mean" : 0.000000,
        "bw_dev" : 0.000000,
        "bw_samples" : 0,
        "iops_min" : 0,
        "iops_max" : 0,
        "iops_mean" : 0.000000,
        "iops_stddev" : 0.000000,
        "iops_samples" : 0
      },
      "sync" : {
        "total_ios" : 0,
        "lat_ns" : {
          "min" : 0,
          "max" : 0,
          "mean" : 0.000000,
          "stddev" : 0.000000,
          "N" : 0
        }
      },
      "job_runtime" : 1264785,
      "usr_cpu" : 0.696482,
      "sys_cpu" : 8.213965,
      "ctx" : 807812,
      "majf" : 0,
      "minf" : 345,
      "iodepth_level" : {
        "1" : 0.100000,
        "2" : 0.100000,
        "4" : 0.100000,
        "8" : 0.100000,
        "16" : 99.977112,
        "32" : 0.000000,
        ">=64" : 0.000000
      },
      "iodepth_submit" : {
        "0" : 0.000000,
        "4" : 100.000000,
        "8" : 0.000000,
        "16" : 0.000000,
        "32" : 0.000000,
        "64" : 0.000000,
        ">=64" : 0.000000
      },
      "iodepth_complete" : {
        "0" : 0.000000,
        "4" : 99.998474,
        "8" : 0.000000,
        "16" : 0.100000,
        "32" : 0.000000,
        "64" : 0.000000,
        ">=64" : 0.000000
      },
      "latency_ns" : {
        "2" : 0.000000,
        "4" : 0.000000,
        "10" : 0.000000,
        "20" : 0.000000,
        "50" : 0.000000,
        "100" : 0.000000,
        "250" : 0.000000,
        "500" : 0.000000,
        "750" : 0.000000,
        "1000" : 0.000000
      },
      "latency_us" : {
        "2" : 0.010000,
        "4" : 0.010000,
        "10" : 0.010000,
        "20" : 0.000000,
        "50" : 0.010000,
        "100" : 0.010000,
        "250" : 0.010000,
        "500" : 8.790207,
        "750" : 6.715647,
        "1000" : 0.977643
      },
      "latency_ms" : {
        "2" : 4.527664,
        "4" : 13.312276,
        "10" : 28.687986,
        "20" : 15.167936,
        "50" : 18.874359,
        "100" : 2.767436,
        "250" : 0.160217,
        "500" : 0.014369,
        "750" : 0.000000,
        "1000" : 0.000000,
        "2000" : 0.000000,
        ">=2000" : 0.000000
      },
      "latency_depth" : 16,
      "latency_target" : 0,
      "latency_percentile" : 100.000000,
      "latency_window" : 0
    }
  ]
}
