{
  "fio version" : "fio-3.36",
  "timestamp" : 1751217364,
  "timestamp_ms" : 1751217364549,
  "time" : "Sun Jun 29 17:16:04 2025",
  "global options" : {
    "ioengine" : "libaio",
    "direct" : "1",
    "directory" : "/mnt/test"
  },
  "jobs" : [
    {
      "jobname" : "multimedia_test",
      "groupid" : 0,
      "job_start" : 1751217359494,
      "error" : 0,
      "eta" : 0,
      "elapsed" : 6,
      "job options" : {
        "rw" : "read",
        "size" : "4M",
        "numjobs" : "4",
        "runtime" : "5",
        "iodepth" : "64",
        "bssplit" : "128k"
      },
      "read" : {
        "io_bytes" : 2705326080,
        "io_kbytes" : 2641920,
        "bw_bytes" : 538909577,
        "bw" : 526278,
        "iops" : 4111.553785,
        "runtime" : 5020,
        "total_ios" : 20640,
        "short_ios" : 0,
        "drop_ios" : 0,
        "slat_ns" : {
          "min" : 20648,
          "max" : 95237426,
          "mean" : 963425.885465,
          "stddev" : 3571261.768507,
          "N" : 20640
        },
        "clat_ns" : {
          "min" : 5905551,
          "max" : 189351407,
          "mean" : 60497488.198692,
          "stddev" : 14731674.641903,
          "N" : 20640,
          "percentile" : {
            "1.000000" : 36962304,
            "5.000000" : 39583744,
            "10.000000" : 41680896,
            "20.000000" : 46399488,
            "30.000000" : 51642368,
            "40.000000" : 57933824,
            "50.000000" : 62128128,
            "60.000000" : 65798144,
            "70.000000" : 68681728,
            "80.000000" : 70778880,
            "90.000000" : 74973184,
            "95.000000" : 78118912,
            "99.000000" : 89653248,
            "99.500000" : 149946368,
            "99.900000" : 181403648,
            "99.950000" : 185597952,
            "99.990000" : 187695104
          }
        },
        "lat_ns" : {
          "min" : 20137281,
          "max" : 189537064,
          "mean" : 61460914.084157,
          "stddev" : 14940111.439773,
          "N" : 20640
        },
        "bw_min" : 358656,
        "bw_max" : 565504,
        "bw_agg" : 99.154653,
        "bw_mean" : 521830.400000,
        "bw_dev" : 14414.309198,
        "bw_samples" : 40,
        "iops_min" : 2802,
        "iops_max" : 4418,
        "iops_mean" : 4076.800000,
        "iops_stddev" : 112.611791,
        "iops_samples" : 40
      },
      "write" : {
        "io_bytes" : 0,
        "io_kbytes" : 0,
        "bw_bytes" : 0,
        "bw" : 0,
        "iops" : 0.000000,
        "runtime" : 0,
        "total_ios" : 0,
        "short_ios" : 0,
        "drop_ios" : 0,
        "slat_ns" : {
          "min" : 0,
          "max" : 0,
          "mean" : 0.000000,
          "stddev" : 0.000000,
          "N" : 0
        },
        "clat_ns" : {
          "min" : 0,
          "max" : 0,
          "mean" : 0.000000,
          "stddev" : 0.000000,
          "N" : 0
        },
        "lat_ns" : {
          "min" : 0,
          "max" : 0,
          "mean" : 0.000000,
          "stddev" : 0.000000,
          "N" : 0
        },
        "bw_min" : 0,
        "bw_max" : 0,
        "bw_agg" : 0.000000,
        "bw_mean" : 0.000000,
        "bw_dev" : 0.000000,
        "bw_samples" : 0,
        "iops_min" : 0,
        "iops_max" : 0,
        "iops_mean" : 0.000000,
        "iops_stddev" : 0.000000,
        "iops_samples" : 0
      },
      "trim" : {
        "io_bytes" : 0,
        "io_kbytes" : 0,
        "bw_bytes" : 0,
        "bw" : 0,
        "iops" : 0.000000,
        "runtime" : 0,
        "total_ios" : 0,
        "short_ios" : 0,
        "drop_ios" : 0,
        "slat_ns" : {
          "min" : 0,
          "max" : 0,
          "mean" : 0.000000,
          "stddev" : 0.000000,
          "N" : 0
        },
        "clat_ns" : {
          "min" : 0,
          "max" : 0,
          "mean" : 0.000000,
          "stddev" : 0.000000,
          "N" : 0
        },
        "lat_ns" : {
          "min" : 0,
          "max" : 0,
          "mean" : 0.000000,
          "stddev" : 0.000000,
          "N" : 0
        },
        "bw_min" : 0,
        "bw_max" : 0,
        "bw_agg" : 0.000000,
        "bw_mean" : 0.000000,
        "bw_dev" : 0.000000,
        "bw_samples" : 0,
        "iops_min" : 0,
        "iops_max" : 0,
        "iops_mean" : 0.000000,
        "iops_stddev" : 0.000000,
        "iops_samples" : 0
      },
      "sync" : {
        "total_ios" : 0,
        "lat_ns" : {
          "min" : 0,
          "max" : 0,
          "mean" : 0.000000,
          "stddev" : 0.000000,
          "N" : 0
        }
      },
      "job_runtime" : 20076,
      "usr_cpu" : 0.787009,
      "sys_cpu" : 5.608687,
      "ctx" : 5357,
      "majf" : 0,
      "minf" : 8234,
      "iodepth_level" : {
        "1" : 0.100000,
        "2" : 0.100000,
        "4" : 0.100000,
        "8" : 0.155039,
        "16" : 0.310078,
        "32" : 0.620155,
        ">=64" : 98.779070
      },
      "iodepth_submit" : {
        "0" : 0.000000,
        "4" : 100.000000,
        "8" : 0.000000,
        "16" : 0.000000,
        "32" : 0.000000,
        "64" : 0.000000,
        ">=64" : 0.000000
      },
      "iodepth_complete" : {
        "0" : 0.000000,
        "4" : 99.980384,
        "8" : 0.000000,
        "16" : 0.000000,
        "32" : 0.000000,
        "64" : 0.100000,
        ">=64" : 0.000000
      },
      "latency_ns" : {
        "2" : 0.000000,
        "4" : 0.000000,
        "10" : 0.000000,
        "20" : 0.000000,
        "50" : 0.000000,
        "100" : 0.000000,
        "250" : 0.000000,
        "500" : 0.000000,
        "750" : 0.000000,
        "1000" : 0.000000
      },
      "latency_us" : {
        "2" : 0.000000,
        "4" : 0.000000,
        "10" : 0.000000,
        "20" : 0.000000,
        "50" : 0.000000,
        "100" : 0.000000,
        "250" : 0.000000,
        "500" : 0.000000,
        "750" : 0.000000,
        "1000" : 0.000000
      },
      "latency_ms" : {
        "2" : 0.000000,
        "4" : 0.000000,
        "10" : 0.010000,
        "20" : 0.010000,
        "50" : 26.952519,
        "100" : 72.378876,
        "250" : 0.649225,
        "500" : 0.000000,
        "750" : 0.000000,
        "1000" : 0.000000,
        "2000" : 0.000000,
        ">=2000" : 0.000000
      },
      "latency_depth" : 64,
      "latency_target" : 0,
      "latency_percentile" : 100.000000,
      "latency_window" : 0
    }
  ]
}
