{
  "fio version" : "fio-3.36",
  "timestamp" : 1751218680,
  "timestamp_ms" : 1751218680815,
  "time" : "Sun Jun 29 17:38:00 2025",
  "global options" : {
    "ioengine" : "libaio",
    "direct" : "1",
    "directory" : "/mnt/test"
  },
  "jobs" : [
    {
      "jobname" : "multimedia_test",
      "groupid" : 0,
      "job_start" : 1751218675748,
      "error" : 0,
      "eta" : 0,
      "elapsed" : 6,
      "job options" : {
        "rw" : "read",
        "size" : "4M",
        "numjobs" : "4",
        "runtime" : "5",
        "iodepth" : "64",
        "bssplit" : "128k"
      },
      "read" : {
        "io_bytes" : 2738356224,
        "io_kbytes" : 2674176,
        "bw_bytes" : 544404815,
        "bw" : 531645,
        "iops" : 4153.479125,
        "runtime" : 5030,
        "total_ios" : 20892,
        "short_ios" : 0,
        "drop_ios" : 0,
        "slat_ns" : {
          "min" : 20728,
          "max" : 82846819,
          "mean" : 950595.480567,
          "stddev" : 3525494.238535,
          "N" : 20892
        },
        "clat_ns" : {
          "min" : 24029180,
          "max" : 167093108,
          "mean" : 60029537.879763,
          "stddev" : 13673379.948267,
          "N" : 20892,
          "percentile" : {
            "1.000000" : 36438016,
            "5.000000" : 40108032,
            "10.000000" : 42205184,
            "20.000000" : 46399488,
            "30.000000" : 51642368,
            "40.000000" : 56360960,
            "50.000000" : 61079552,
            "60.000000" : 64749568,
            "70.000000" : 67633152,
            "80.000000" : 71827456,
            "90.000000" : 74973184,
            "95.000000" : 78118912,
            "99.000000" : 87556096,
            "99.500000" : 125304832,
            "99.900000" : 152043520,
            "99.950000" : 164626432,
            "99.990000" : 166723584
          }
        },
        "lat_ns" : {
          "min" : 24053628,
          "max" : 167276121,
          "mean" : 60980133.360329,
          "stddev" : 13893434.803896,
          "N" : 20892
        },
        "bw_min" : 413184,
        "bw_max" : 564736,
        "bw_agg" : 99.376779,
        "bw_mean" : 528332.800000,
        "bw_dev" : 10489.065376,
        "bw_samples" : 40,
        "iops_min" : 3228,
        "iops_max" : 4412,
        "iops_mean" : 4127.600000,
        "iops_stddev" : 81.945823,
        "iops_samples" : 40
      },
      "write" : {
        "io_bytes" : 0,
        "io_kbytes" : 0,
        "bw_bytes" : 0,
        "bw" : 0,
        "iops" : 0.000000,
        "runtime" : 0,
        "total_ios" : 0,
        "short_ios" : 0,
        "drop_ios" : 0,
        "slat_ns" : {
          "min" : 0,
          "max" : 0,
          "mean" : 0.000000,
          "stddev" : 0.000000,
          "N" : 0
        },
        "clat_ns" : {
          "min" : 0,
          "max" : 0,
          "mean" : 0.000000,
          "stddev" : 0.000000,
          "N" : 0
        },
        "lat_ns" : {
          "min" : 0,
          "max" : 0,
          "mean" : 0.000000,
          "stddev" : 0.000000,
          "N" : 0
        },
        "bw_min" : 0,
        "bw_max" : 0,
        "bw_agg" : 0.000000,
        "bw_mean" : 0.000000,
        "bw_dev" : 0.000000,
        "bw_samples" : 0,
        "iops_min" : 0,
        "iops_max" : 0,
        "iops_mean" : 0.000000,
        "iops_stddev" : 0.000000,
        "iops_samples" : 0
      },
      "trim" : {
        "io_bytes" : 0,
        "io_kbytes" : 0,
        "bw_bytes" : 0,
        "bw" : 0,
        "iops" : 0.000000,
        "runtime" : 0,
        "total_ios" : 0,
        "short_ios" : 0,
        "drop_ios" : 0,
        "slat_ns" : {
          "min" : 0,
          "max" : 0,
          "mean" : 0.000000,
          "stddev" : 0.000000,
          "N" : 0
        },
        "clat_ns" : {
          "min" : 0,
          "max" : 0,
          "mean" : 0.000000,
          "stddev" : 0.000000,
          "N" : 0
        },
        "lat_ns" : {
          "min" : 0,
          "max" : 0,
          "mean" : 0.000000,
          "stddev" : 0.000000,
          "N" : 0
        },
        "bw_min" : 0,
        "bw_max" : 0,
        "bw_agg" : 0.000000,
        "bw_mean" : 0.000000,
        "bw_dev" : 0.000000,
        "bw_samples" : 0,
        "iops_min" : 0,
        "iops_max" : 0,
        "iops_mean" : 0.000000,
        "iops_stddev" : 0.000000,
        "iops_samples" : 0
      },
      "sync" : {
        "total_ios" : 0,
        "lat_ns" : {
          "min" : 0,
          "max" : 0,
          "mean" : 0.000000,
          "stddev" : 0.000000,
          "N" : 0
        }
      },
      "job_runtime" : 20116,
      "usr_cpu" : 0.835156,
      "sys_cpu" : 5.597534,
      "ctx" : 5255,
      "majf" : 0,
      "minf" : 8243,
      "iodepth_level" : {
        "1" : 0.100000,
        "2" : 0.100000,
        "4" : 0.100000,
        "8" : 0.153169,
        "16" : 0.306337,
        "32" : 0.612675,
        ">=64" : 98.793797
      },
      "iodepth_submit" : {
        "0" : 0.000000,
        "4" : 100.000000,
        "8" : 0.000000,
        "16" : 0.000000,
        "32" : 0.000000,
        "64" : 0.000000,
        ">=64" : 0.000000
      },
      "iodepth_complete" : {
        "0" : 0.000000,
        "4" : 99.980624,
        "8" : 0.000000,
        "16" : 0.000000,
        "32" : 0.000000,
        "64" : 0.100000,
        ">=64" : 0.000000
      },
      "latency_ns" : {
        "2" : 0.000000,
        "4" : 0.000000,
        "10" : 0.000000,
        "20" : 0.000000,
        "50" : 0.000000,
        "100" : 0.000000,
        "250" : 0.000000,
        "500" : 0.000000,
        "750" : 0.000000,
        "1000" : 0.000000
      },
      "latency_us" : {
        "2" : 0.000000,
        "4" : 0.000000,
        "10" : 0.000000,
        "20" : 0.000000,
        "50" : 0.000000,
        "100" : 0.000000,
        "250" : 0.000000,
        "500" : 0.000000,
        "750" : 0.000000,
        "1000" : 0.000000
      },
      "latency_ms" : {
        "2" : 0.000000,
        "4" : 0.000000,
        "10" : 0.000000,
        "20" : 0.000000,
        "50" : 26.914608,
        "100" : 72.443998,
        "250" : 0.641394,
        "500" : 0.000000,
        "750" : 0.000000,
        "1000" : 0.000000,
        "2000" : 0.000000,
        ">=2000" : 0.000000
      },
      "latency_depth" : 64,
      "latency_target" : 0,
      "latency_percentile" : 100.000000,
      "latency_window" : 0
    }
  ]
}
