{
  "fio version" : "fio-3.36",
  "timestamp" : 1750997206,
  "timestamp_ms" : 1750997206667,
  "time" : "Fri Jun 27 04:06:46 2025",
  "global options" : {
    "ioengine" : "libaio",
    "direct" : "0",
    "directory" : "/mnt/test",
    "buffer_compress_percentage" : "70",
    "buffer_pattern" : "0xdeadbeef"
  },
  "jobs" : [
    {
      "jobname" : "database_test",
      "groupid" : 0,
      "job_start" : 1750997146622,
      "error" : 0,
      "eta" : 0,
      "elapsed" : 61,
      "job options" : {
        "rw" : "randrw",
        "rwmixread" : "70",
        "size" : "1G",
        "numjobs" : "8",
        "runtime" : "60",
        "iodepth" : "16",
        "bssplit" : "4k/80:8k/20"
      },
      "read" : {
        "io_bytes" : 5450760192,
        "io_kbytes" : 5323008,
        "bw_bytes" : 90835405,
        "bw" : 88706,
        "iops" : 19493.725732,
        "runtime" : 60007,
        "total_ios" : 1169760,
        "short_ios" : 0,
        "drop_ios" : 0,
        "slat_ns" : {
          "min" : 113312,
          "max" : 58413868,
          "mean" : 356146.147595,
          "stddev" : 842819.977488,
          "N" : 1169760
        },
        "clat_ns" : {
          "min" : 9184,
          "max" : 2215782034,
          "mean" : 4311298.664223,
          "stddev" : 26133546.922266,
          "N" : 1169760,
          "percentile" : {
            "1.000000" : 1400832,
            "5.000000" : 1728512,
            "10.000000" : 1908736,
            "20.000000" : 2146304,
            "30.000000" : 2342912,
            "40.000000" : 2539520,
            "50.000000" : 2736128,
            "60.000000" : 2998272,
            "70.000000" : 3391488,
            "80.000000" : 4079616,
            "90.000000" : 5734400,
            "95.000000" : 13303808,
            "99.000000" : 16711680,
            "99.500000" : 23199744,
            "99.900000" : 45875200,
            "99.950000" : 84410368,
            "99.990000" : 1317011456
          }
        },
        "lat_ns" : {
          "min" : 570347,
          "max" : 2216009803,
          "mean" : 4667444.811818,
          "stddev" : 26168444.041338,
          "N" : 1169760
        },
        "bw_min" : 14816,
        "bw_max" : 179008,
        "bw_agg" : 100.000000,
        "bw_mean" : 94682.000000,
        "bw_dev" : 4451.685242,
        "bw_samples" : 896,
        "iops_min" : 3372,
        "iops_max" : 37522,
        "iops_mean" : 20803.160714,
        "iops_stddev" : 952.049612,
        "iops_samples" : 896
      },
      "write" : {
        "io_bytes" : 2337980416,
        "io_kbytes" : 2283184,
        "bw_bytes" : 38961794,
        "bw" : 38048,
        "iops" : 8358.191544,
        "runtime" : 60007,
        "total_ios" : 501550,
        "short_ios" : 0,
        "drop_ios" : 0,
        "slat_ns" : {
          "min" : 2324,
          "max" : 2212693167,
          "mean" : 108977.076120,
          "stddev" : 12263667.620512,
          "N" : 501550
        },
        "clat_ns" : {
          "min" : 542307,
          "max" : 2215978483,
          "mean" : 4308881.222895,
          "stddev" : 26762710.288219,
          "N" : 501550,
          "percentile" : {
            "1.000000" : 1400832,
            "5.000000" : 1728512,
            "10.000000" : 1908736,
            "20.000000" : 2146304,
            "30.000000" : 2342912,
            "40.000000" : 2539520,
            "50.000000" : 2736128,
            "60.000000" : 2998272,
            "70.000000" : 3391488,
            "80.000000" : 4079616,
            "90.000000" : 5668864,
            "95.000000" : 13303808,
            "99.000000" : 16580608,
            "99.500000" : 22413312,
            "99.900000" : 45350912,
            "99.950000" : 84410368,
            "99.990000" : 1317011456
          }
        },
        "lat_ns" : {
          "min" : 561715,
          "max" : 2215988454,
          "mean" : 4417858.299015,
          "stddev" : 29434552.218106,
          "N" : 501550
        },
        "bw_min" : 6288,
        "bw_max" : 78320,
        "bw_agg" : 100.000000,
        "bw_mean" : 40615.500000,
        "bw_dev" : 1935.040336,
        "bw_samples" : 896,
        "iops_min" : 1436,
        "iops_max" : 16396,
        "iops_mean" : 8920.464286,
        "iops_stddev" : 412.904508,
        "iops_samples" : 896
      },
      "trim" : {
        "io_bytes" : 0,
        "io_kbytes" : 0,
        "bw_bytes" : 0,
        "bw" : 0,
        "iops" : 0.000000,
        "runtime" : 0,
        "total_ios" : 0,
        "short_ios" : 0,
        "drop_ios" : 0,
        "slat_ns" : {
          "min" : 0,
          "max" : 0,
          "mean" : 0.000000,
          "stddev" : 0.000000,
          "N" : 0
        },
        "clat_ns" : {
          "min" : 0,
          "max" : 0,
          "mean" : 0.000000,
          "stddev" : 0.000000,
          "N" : 0
        },
        "lat_ns" : {
          "min" : 0,
          "max" : 0,
          "mean" : 0.000000,
          "stddev" : 0.000000,
          "N" : 0
        },
        "bw_min" : 0,
        "bw_max" : 0,
        "bw_agg" : 0.000000,
        "bw_mean" : 0.000000,
        "bw_dev" : 0.000000,
        "bw_samples" : 0,
        "iops_min" : 0,
        "iops_max" : 0,
        "iops_mean" : 0.000000,
        "iops_stddev" : 0.000000,
        "iops_samples" : 0
      },
      "sync" : {
        "total_ios" : 0,
        "lat_ns" : {
          "min" : 0,
          "max" : 0,
          "mean" : 0.000000,
          "stddev" : 0.000000,
          "N" : 0
        }
      },
      "job_runtime" : 480044,
      "usr_cpu" : 1.851914,
      "sys_cpu" : 9.868887,
      "ctx" : 1172267,
      "majf" : 0,
      "minf" : 114,
      "iodepth_level" : {
        "1" : 0.100000,
        "2" : 0.100000,
        "4" : 0.100000,
        "8" : 0.100000,
        "16" : 99.992820,
        "32" : 0.000000,
        ">=64" : 0.000000
      },
      "iodepth_submit" : {
        "0" : 0.000000,
        "4" : 100.000000,
        "8" : 0.000000,
        "16" : 0.000000,
        "32" : 0.000000,
        "64" : 0.000000,
        ">=64" : 0.000000
      },
      "iodepth_complete" : {
        "0" : 0.000000,
        "4" : 99.999521,
        "8" : 0.000000,
        "16" : 0.100000,
        "32" : 0.000000,
        "64" : 0.000000,
        ">=64" : 0.000000
      },
      "latency_ns" : {
        "2" : 0.000000,
        "4" : 0.000000,
        "10" : 0.000000,
        "20" : 0.000000,
        "50" : 0.000000,
        "100" : 0.000000,
        "250" : 0.000000,
        "500" : 0.000000,
        "750" : 0.000000,
        "1000" : 0.000000
      },
      "latency_us" : {
        "2" : 0.000000,
        "4" : 0.000000,
        "10" : 0.010000,
        "20" : 0.010000,
        "50" : 0.010000,
        "100" : 0.000000,
        "250" : 0.000000,
        "500" : 0.010000,
        "750" : 0.010000,
        "1000" : 0.050679
      },
      "latency_ms" : {
        "2" : 13.151121,
        "4" : 65.845295,
        "10" : 13.396497,
        "20" : 7.022336,
        "50" : 0.450186,
        "100" : 0.034045,
        "250" : 0.016394,
        "500" : 0.000000,
        "750" : 0.000000,
        "1000" : 0.000000,
        "2000" : 0.021540,
        ">=2000" : 0.010000
      },
      "latency_depth" : 16,
      "latency_target" : 0,
      "latency_percentile" : 100.000000,
      "latency_window" : 0
    }
  ]
}
