{
  "fio version" : "fio-3.36",
  "timestamp" : 1752521319,
  "timestamp_ms" : 1752521319803,
  "time" : "Mon Jul 14 19:28:39 2025",
  "global options" : {
    "ioengine" : "libaio",
    "direct" : "1",
    "directory" : "/mnt/test"
  },
  "jobs" : [
    {
      "jobname" : "webserver_test",
      "groupid" : 0,
      "job_start" : 1752521199751,
      "error" : 0,
      "eta" : 0,
      "elapsed" : 121,
      "job options" : {
        "rw" : "randread",
        "size" : "2G",
        "numjobs" : "16",
        "runtime" : "120",
        "iodepth" : "32",
        "bssplit" : "4k/90:8k/10"
      },
      "read" : {
        "io_bytes" : 32046919680,
        "io_kbytes" : 31295820,
        "bw_bytes" : 267048762,
        "bw" : 260789,
        "iops" : 61120.004333,
        "runtime" : 120004,
        "total_ios" : 7334645,
        "short_ios" : 0,
        "drop_ios" : 0,
        "slat_ns" : {
          "min" : 3243,
          "max" : 153793437,
          "mean" : 53600.708460,
          "stddev" : 1361592.407519,
          "N" : 7334645
        },
        "clat_ns" : {
          "min" : 207759,
          "max" : 599988990,
          "mean" : 8321684.736403,
          "stddev" : 9460319.819707,
          "N" : 7334645,
          "percentile" : {
            "1.000000" : 5210112,
            "5.000000" : 6586368,
            "10.000000" : 6782976,
            "20.000000" : 6914048,
            "30.000000" : 7110656,
            "40.000000" : 7241728,
            "50.000000" : 7438336,
            "60.000000" : 7634944,
            "70.000000" : 7831552,
            "80.000000" : 8159232,
            "90.000000" : 9240576,
            "95.000000" : 10289152,
            "99.000000" : 13697024,
            "99.500000" : 43253760,
            "99.900000" : 164626432,
            "99.950000" : 173015040,
            "99.990000" : 198180864
          }
        },
        "lat_ns" : {
          "min" : 235599,
          "max" : 626298578,
          "mean" : 8375285.444862,
          "stddev" : 9610391.655675,
          "N" : 7334645
        },
        "bw_min" : 83632,
        "bw_max" : 319537,
        "bw_agg" : 100.000000,
        "bw_mean" : 260842.962343,
        "bw_dev" : 2913.248861,
        "bw_samples" : 3824,
        "iops_min" : 19744,
        "iops_max" : 72576,
        "iops_mean" : 61126.573222,
        "iops_stddev" : 665.990577,
        "iops_samples" : 3824
      },
      "write" : {
        "io_bytes" : 0,
        "io_kbytes" : 0,
        "bw_bytes" : 0,
        "bw" : 0,
        "iops" : 0.000000,
        "runtime" : 0,
        "total_ios" : 0,
        "short_ios" : 0,
        "drop_ios" : 0,
        "slat_ns" : {
          "min" : 0,
          "max" : 0,
          "mean" : 0.000000,
          "stddev" : 0.000000,
          "N" : 0
        },
        "clat_ns" : {
          "min" : 0,
          "max" : 0,
          "mean" : 0.000000,
          "stddev" : 0.000000,
          "N" : 0
        },
        "lat_ns" : {
          "min" : 0,
          "max" : 0,
          "mean" : 0.000000,
          "stddev" : 0.000000,
          "N" : 0
        },
        "bw_min" : 0,
        "bw_max" : 0,
        "bw_agg" : 0.000000,
        "bw_mean" : 0.000000,
        "bw_dev" : 0.000000,
        "bw_samples" : 0,
        "iops_min" : 0,
        "iops_max" : 0,
        "iops_mean" : 0.000000,
        "iops_stddev" : 0.000000,
        "iops_samples" : 0
      },
      "trim" : {
        "io_bytes" : 0,
        "io_kbytes" : 0,
        "bw_bytes" : 0,
        "bw" : 0,
        "iops" : 0.000000,
        "runtime" : 0,
        "total_ios" : 0,
        "short_ios" : 0,
        "drop_ios" : 0,
        "slat_ns" : {
          "min" : 0,
          "max" : 0,
          "mean" : 0.000000,
          "stddev" : 0.000000,
          "N" : 0
        },
        "clat_ns" : {
          "min" : 0,
          "max" : 0,
          "mean" : 0.000000,
          "stddev" : 0.000000,
          "N" : 0
        },
        "lat_ns" : {
          "min" : 0,
          "max" : 0,
          "mean" : 0.000000,
          "stddev" : 0.000000,
          "N" : 0
        },
        "bw_min" : 0,
        "bw_max" : 0,
        "bw_agg" : 0.000000,
        "bw_mean" : 0.000000,
        "bw_dev" : 0.000000,
        "bw_samples" : 0,
        "iops_min" : 0,
        "iops_max" : 0,
        "iops_mean" : 0.000000,
        "iops_stddev" : 0.000000,
        "iops_samples" : 0
      },
      "sync" : {
        "total_ios" : 0,
        "lat_ns" : {
          "min" : 0,
          "max" : 0,
          "mean" : 0.000000,
          "stddev" : 0.000000,
          "N" : 0
        }
      },
      "job_runtime" : 1920041,
      "usr_cpu" : 0.887741,
      "sys_cpu" : 5.809095,
      "ctx" : 6018938,
      "majf" : 0,
      "minf" : 1196,
      "iodepth_level" : {
        "1" : 0.100000,
        "2" : 0.100000,
        "4" : 0.100000,
        "8" : 0.100000,
        "16" : 0.100000,
        "32" : 99.993238,
        ">=64" : 0.000000
      },
      "iodepth_submit" : {
        "0" : 0.000000,
        "4" : 100.000000,
        "8" : 0.000000,
        "16" : 0.000000,
        "32" : 0.000000,
        "64" : 0.000000,
        ">=64" : 0.000000
      },
      "iodepth_complete" : {
        "0" : 0.000000,
        "4" : 99.999782,
        "8" : 0.000000,
        "16" : 0.000000,
        "32" : 0.100000,
        "64" : 0.000000,
        ">=64" : 0.000000
      },
      "latency_ns" : {
        "2" : 0.000000,
        "4" : 0.000000,
        "10" : 0.000000,
        "20" : 0.000000,
        "50" : 0.000000,
        "100" : 0.000000,
        "250" : 0.000000,
        "500" : 0.000000,
        "750" : 0.000000,
        "1000" : 0.000000
      },
      "latency_us" : {
        "2" : 0.000000,
        "4" : 0.000000,
        "10" : 0.000000,
        "20" : 0.000000,
        "50" : 0.000000,
        "100" : 0.000000,
        "250" : 0.010000,
        "500" : 0.010000,
        "750" : 0.010000,
        "1000" : 0.010000
      },
      "latency_ms" : {
        "2" : 0.039457,
        "4" : 0.301801,
        "10" : 93.529366,
        "20" : 5.498876,
        "50" : 0.124832,
        "100" : 0.100427,
        "250" : 0.381177,
        "500" : 0.010000,
        "750" : 0.010000,
        "1000" : 0.000000,
        "2000" : 0.000000,
        ">=2000" : 0.000000
      },
      "latency_depth" : 32,
      "latency_target" : 0,
      "latency_percentile" : 100.000000,
      "latency_window" : 0
    }
  ]
}
