{
  "fio version" : "fio-3.36",
  "timestamp" : 1753031114,
  "timestamp_ms" : 1753031114294,
  "time" : "Sun Jul 20 17:05:14 2025",
  "global options" : {
    "ioengine" : "libaio",
    "direct" : "0",
    "directory" : "/mnt/test",
    "buffer_compress_percentage" : "70",
    "buffer_pattern" : "0xdeadbeef"
  },
  "jobs" : [
    {
      "jobname" : "webserver_test",
      "groupid" : 0,
      "job_start" : 1753030994256,
      "error" : 0,
      "eta" : 0,
      "elapsed" : 121,
      "job options" : {
        "rw" : "randread",
        "size" : "4G",
        "numjobs" : "16",
        "runtime" : "120",
        "iodepth" : "32",
        "bssplit" : "4k/90:8k/10"
      },
      "read" : {
        "io_bytes" : 34846371840,
        "io_kbytes" : 34029660,
        "bw_bytes" : 290384012,
        "bw" : 283578,
        "iops" : 65648.786260,
        "runtime" : 120001,
        "total_ios" : 7877920,
        "short_ios" : 0,
        "drop_ios" : 0,
        "slat_ns" : {
          "min" : 2441,
          "max" : 14975544,
          "mean" : 241703.030258,
          "stddev" : 197041.980297,
          "N" : 7877920
        },
        "clat_ns" : {
          "min" : 1436,
          "max" : 113684814,
          "mean" : 7555976.087181,
          "stddev" : 2579492.942405,
          "N" : 7877920,
          "percentile" : {
            "1.000000" : 4882432,
            "5.000000" : 5603328,
            "10.000000" : 6062080,
            "20.000000" : 6520832,
            "30.000000" : 6914048,
            "40.000000" : 7176192,
            "50.000000" : 7503872,
            "60.000000" : 7766016,
            "70.000000" : 8093696,
            "80.000000" : 8454144,
            "90.000000" : 8978432,
            "95.000000" : 9240576,
            "99.000000" : 10027008,
            "99.500000" : 10289152,
            "99.900000" : 40632320,
            "99.950000" : 82313216,
            "99.990000" : 93847552
          }
        },
        "lat_ns" : {
          "min" : 204631,
          "max" : 115954158,
          "mean" : 7797679.117438,
          "stddev" : 2656143.507327,
          "N" : 7877920
        },
        "bw_min" : 25808,
        "bw_max" : 338552,
        "bw_agg" : 100.000000,
        "bw_mean" : 283615.799163,
        "bw_dev" : 2154.220297,
        "bw_samples" : 3824,
        "iops_min" : 5934,
        "iops_max" : 78146,
        "iops_mean" : 65652.979079,
        "iops_stddev" : 496.193595,
        "iops_samples" : 3824
      },
      "write" : {
        "io_bytes" : 0,
        "io_kbytes" : 0,
        "bw_bytes" : 0,
        "bw" : 0,
        "iops" : 0.000000,
        "runtime" : 0,
        "total_ios" : 0,
        "short_ios" : 0,
        "drop_ios" : 0,
        "slat_ns" : {
          "min" : 0,
          "max" : 0,
          "mean" : 0.000000,
          "stddev" : 0.000000,
          "N" : 0
        },
        "clat_ns" : {
          "min" : 0,
          "max" : 0,
          "mean" : 0.000000,
          "stddev" : 0.000000,
          "N" : 0
        },
        "lat_ns" : {
          "min" : 0,
          "max" : 0,
          "mean" : 0.000000,
          "stddev" : 0.000000,
          "N" : 0
        },
        "bw_min" : 0,
        "bw_max" : 0,
        "bw_agg" : 0.000000,
        "bw_mean" : 0.000000,
        "bw_dev" : 0.000000,
        "bw_samples" : 0,
        "iops_min" : 0,
        "iops_max" : 0,
        "iops_mean" : 0.000000,
        "iops_stddev" : 0.000000,
        "iops_samples" : 0
      },
      "trim" : {
        "io_bytes" : 0,
        "io_kbytes" : 0,
        "bw_bytes" : 0,
        "bw" : 0,
        "iops" : 0.000000,
        "runtime" : 0,
        "total_ios" : 0,
        "short_ios" : 0,
        "drop_ios" : 0,
        "slat_ns" : {
          "min" : 0,
          "max" : 0,
          "mean" : 0.000000,
          "stddev" : 0.000000,
          "N" : 0
        },
        "clat_ns" : {
          "min" : 0,
          "max" : 0,
          "mean" : 0.000000,
          "stddev" : 0.000000,
          "N" : 0
        },
        "lat_ns" : {
          "min" : 0,
          "max" : 0,
          "mean" : 0.000000,
          "stddev" : 0.000000,
          "N" : 0
        },
        "bw_min" : 0,
        "bw_max" : 0,
        "bw_agg" : 0.000000,
        "bw_mean" : 0.000000,
        "bw_dev" : 0.000000,
        "bw_samples" : 0,
        "iops_min" : 0,
        "iops_max" : 0,
        "iops_mean" : 0.000000,
        "iops_stddev" : 0.000000,
        "iops_samples" : 0
      },
      "sync" : {
        "total_ios" : 0,
        "lat_ns" : {
          "min" : 0,
          "max" : 0,
          "mean" : 0.000000,
          "stddev" : 0.000000,
          "N" : 0
        }
      },
      "job_runtime" : 1920000,
      "usr_cpu" : 0.903958,
      "sys_cpu" : 5.763802,
      "ctx" : 5503720,
      "majf" : 0,
      "minf" : 1238,
      "iodepth_level" : {
        "1" : 0.100000,
        "2" : 0.100000,
        "4" : 0.100000,
        "8" : 0.100000,
        "16" : 0.100000,
        "32" : 99.993704,
        ">=64" : 0.000000
      },
      "iodepth_submit" : {
        "0" : 0.000000,
        "4" : 100.000000,
        "8" : 0.000000,
        "16" : 0.000000,
        "32" : 0.000000,
        "64" : 0.000000,
        ">=64" : 0.000000
      },
      "iodepth_complete" : {
        "0" : 0.000000,
        "4" : 99.999797,
        "8" : 0.000000,
        "16" : 0.000000,
        "32" : 0.100000,
        "64" : 0.000000,
        ">=64" : 0.000000
      },
      "latency_ns" : {
        "2" : 0.000000,
        "4" : 0.000000,
        "10" : 0.000000,
        "20" : 0.000000,
        "50" : 0.000000,
        "100" : 0.000000,
        "250" : 0.000000,
        "500" : 0.000000,
        "750" : 0.000000,
        "1000" : 0.000000
      },
      "latency_us" : {
        "2" : 0.010000,
        "4" : 0.010000,
        "10" : 0.000000,
        "20" : 0.000000,
        "50" : 0.000000,
        "100" : 0.000000,
        "250" : 0.010000,
        "500" : 0.010000,
        "750" : 0.010000,
        "1000" : 0.010000
      },
      "latency_ms" : {
        "2" : 0.010000,
        "4" : 0.075058,
        "10" : 98.949926,
        "20" : 0.862487,
        "50" : 0.012656,
        "100" : 0.095825,
        "250" : 0.010000,
        "500" : 0.000000,
        "750" : 0.000000,
        "1000" : 0.000000,
        "2000" : 0.000000,
        ">=2000" : 0.000000
      },
      "latency_depth" : 32,
      "latency_target" : 0,
      "latency_percentile" : 100.000000,
      "latency_window" : 0
    }
  ]
}
