{
  "fio version" : "fio-3.36",
  "timestamp" : 1752540298,
  "timestamp_ms" : 1752540298516,
  "time" : "Tue Jul 15 00:44:58 2025",
  "global options" : {
    "ioengine" : "libaio",
    "direct" : "0",
    "directory" : "/mnt/test"
  },
  "jobs" : [
    {
      "jobname" : "webserver_test",
      "groupid" : 0,
      "job_start" : 1752540178406,
      "error" : 0,
      "eta" : 0,
      "elapsed" : 121,
      "job options" : {
        "rw" : "randread",
        "size" : "2G",
        "numjobs" : "16",
        "runtime" : "120",
        "iodepth" : "32",
        "bssplit" : "4k/90:8k/10"
      },
      "read" : {
        "io_bytes" : 126980096,
        "io_kbytes" : 124004,
        "bw_bytes" : 1057559,
        "bw" : 1032,
        "iops" : 235.089823,
        "runtime" : 120069,
        "total_ios" : 28227,
        "short_ios" : 0,
        "drop_ios" : 0,
        "slat_ns" : {
          "min" : 4062054,
          "max" : 1218544279,
          "mean" : 68010843.850746,
          "stddev" : 78049325.230910,
          "N" : 28227
        },
        "clat_ns" : {
          "min" : 10057,
          "max" : 5352936352,
          "mean" : 2089707487.908139,
          "stddev" : 617685371.695541,
          "N" : 28227,
          "percentile" : {
            "1.000000" : 994050048,
            "5.000000" : 1317011456,
            "10.000000" : 1451229184,
            "20.000000" : 1619001344,
            "30.000000" : 1736441856,
            "40.000000" : 1853882368,
            "50.000000" : 1988100096,
            "60.000000" : 2122317824,
            "70.000000" : 2298478592,
            "80.000000" : 2533359616,
            "90.000000" : 2936012800,
            "95.000000" : 3271557120,
            "99.000000" : 3976200192,
            "99.500000" : 4244635648,
            "99.900000" : 4731174912,
            "99.950000" : 4999610368,
            "99.990000" : 5335154688
          }
        },
        "lat_ns" : {
          "min" : 6017855,
          "max" : 5571203054,
          "mean" : 2157718331.758884,
          "stddev" : 631181708.866581,
          "N" : 28227
        },
        "bw_min" : 161,
        "bw_max" : 2590,
        "bw_agg" : 99.828378,
        "bw_mean" : 1031.848974,
        "bw_dev" : 27.497008,
        "bw_samples" : 3748,
        "iops_min" : 35,
        "iops_max" : 559,
        "iops_mean" : 232.565566,
        "iops_stddev" : 6.038192,
        "iops_samples" : 3748
      },
      "write" : {
        "io_bytes" : 0,
        "io_kbytes" : 0,
        "bw_bytes" : 0,
        "bw" : 0,
        "iops" : 0.000000,
        "runtime" : 0,
        "total_ios" : 0,
        "short_ios" : 0,
        "drop_ios" : 0,
        "slat_ns" : {
          "min" : 0,
          "max" : 0,
          "mean" : 0.000000,
          "stddev" : 0.000000,
          "N" : 0
        },
        "clat_ns" : {
          "min" : 0,
          "max" : 0,
          "mean" : 0.000000,
          "stddev" : 0.000000,
          "N" : 0
        },
        "lat_ns" : {
          "min" : 0,
          "max" : 0,
          "mean" : 0.000000,
          "stddev" : 0.000000,
          "N" : 0
        },
        "bw_min" : 0,
        "bw_max" : 0,
        "bw_agg" : 0.000000,
        "bw_mean" : 0.000000,
        "bw_dev" : 0.000000,
        "bw_samples" : 0,
        "iops_min" : 0,
        "iops_max" : 0,
        "iops_mean" : 0.000000,
        "iops_stddev" : 0.000000,
        "iops_samples" : 0
      },
      "trim" : {
        "io_bytes" : 0,
        "io_kbytes" : 0,
        "bw_bytes" : 0,
        "bw" : 0,
        "iops" : 0.000000,
        "runtime" : 0,
        "total_ios" : 0,
        "short_ios" : 0,
        "drop_ios" : 0,
        "slat_ns" : {
          "min" : 0,
          "max" : 0,
          "mean" : 0.000000,
          "stddev" : 0.000000,
          "N" : 0
        },
        "clat_ns" : {
          "min" : 0,
          "max" : 0,
          "mean" : 0.000000,
          "stddev" : 0.000000,
          "N" : 0
        },
        "lat_ns" : {
          "min" : 0,
          "max" : 0,
          "mean" : 0.000000,
          "stddev" : 0.000000,
          "N" : 0
        },
        "bw_min" : 0,
        "bw_max" : 0,
        "bw_agg" : 0.000000,
        "bw_mean" : 0.000000,
        "bw_dev" : 0.000000,
        "bw_samples" : 0,
        "iops_min" : 0,
        "iops_max" : 0,
        "iops_mean" : 0.000000,
        "iops_stddev" : 0.000000,
        "iops_samples" : 0
      },
      "sync" : {
        "total_ios" : 0,
        "lat_ns" : {
          "min" : 0,
          "max" : 0,
          "mean" : 0.000000,
          "stddev" : 0.000000,
          "N" : 0
        }
      },
      "job_runtime" : 1920519,
      "usr_cpu" : 0.045665,
      "sys_cpu" : 0.205726,
      "ctx" : 28620,
      "majf" : 0,
      "minf" : 1181,
      "iodepth_level" : {
        "1" : 0.100000,
        "2" : 0.113367,
        "4" : 0.226733,
        "8" : 0.453467,
        "16" : 0.906933,
        "32" : 98.242817,
        ">=64" : 0.000000
      },
      "iodepth_submit" : {
        "0" : 0.000000,
        "4" : 100.000000,
        "8" : 0.000000,
        "16" : 0.000000,
        "32" : 0.000000,
        "64" : 0.000000,
        ">=64" : 0.000000
      },
      "iodepth_complete" : {
        "0" : 0.000000,
        "4" : 99.942336,
        "8" : 0.000000,
        "16" : 0.000000,
        "32" : 0.100000,
        "64" : 0.000000,
        ">=64" : 0.000000
      },
      "latency_ns" : {
        "2" : 0.000000,
        "4" : 0.000000,
        "10" : 0.000000,
        "20" : 0.000000,
        "50" : 0.000000,
        "100" : 0.000000,
        "250" : 0.000000,
        "500" : 0.000000,
        "750" : 0.000000,
        "1000" : 0.000000
      },
      "latency_us" : {
        "2" : 0.000000,
        "4" : 0.000000,
        "10" : 0.000000,
        "20" : 0.053141,
        "50" : 0.010000,
        "100" : 0.000000,
        "250" : 0.000000,
        "500" : 0.000000,
        "750" : 0.000000,
        "1000" : 0.000000
      },
      "latency_ms" : {
        "2" : 0.000000,
        "4" : 0.000000,
        "10" : 0.010000,
        "20" : 0.000000,
        "50" : 0.010000,
        "100" : 0.056683,
        "250" : 0.109824,
        "500" : 0.219648,
        "750" : 0.209020,
        "1000" : 0.354271,
        "2000" : 50.061997,
        ">=2000" : 48.917703
      },
      "latency_depth" : 32,
      "latency_target" : 0,
      "latency_percentile" : 100.000000,
      "latency_window" : 0
    }
  ],
  "disk_util" : [
    {
      "name" : "bcache0",
      "read_ios" : 28183,
      "write_ios" : 23,
      "read_sectors" : 247616,
      "write_sectors" : 0,
      "read_merges" : 0,
      "write_merges" : 0,
      "read_ticks" : 1912673,
      "write_ticks" : 85,
      "in_queue" : 1912758,
      "util" : 100.000000,
      "aggr_read_ios" : 14114,
      "aggr_write_ios" : 14318,
      "aggr_read_sectors" : 124008,
      "aggr_write_sectors" : 134320,
      "aggr_read_merges" : 0,
      "aggr_write_merge" : 1,
      "aggr_read_ticks" : 957179,
      "aggr_write_ticks" : 918,
      "aggr_in_queue" : 958578,
      "aggr_util" : 94.149947
    },
    {
      "name" : "sda",
      "read_ios" : 28228,
      "write_ios" : 35,
      "read_sectors" : 248016,
      "write_sectors" : 2680,
      "read_merges" : 0,
      "write_merges" : 3,
      "read_ticks" : 1914359,
      "write_ticks" : 1191,
      "in_queue" : 1916511,
      "util" : 94.149947
    },
    {
      "name" : "zram0",
      "read_ios" : 0,
      "write_ios" : 28602,
      "read_sectors" : 0,
      "write_sectors" : 265960,
      "read_merges" : 0,
      "write_merges" : 0,
      "read_ticks" : 0,
      "write_ticks" : 646,
      "in_queue" : 646,
      "util" : 0.538262
    }
  ]
}
