{
  "fio version" : "fio-3.36",
  "timestamp" : 1751638587,
  "timestamp_ms" : 1751638587800,
  "time" : "Fri Jul  4 14:16:27 2025",
  "global options" : {
    "ioengine" : "libaio",
    "direct" : "0",
    "directory" : "/mnt/test"
  },
  "jobs" : [
    {
      "jobname" : "database_test",
      "groupid" : 0,
      "job_start" : 1751638582758,
      "error" : 0,
      "eta" : 0,
      "elapsed" : 6,
      "job options" : {
        "rw" : "randrw",
        "rwmixread" : "70",
        "size" : "1M",
        "numjobs" : "8",
        "runtime" : "5",
        "iodepth" : "16",
        "bssplit" : "4k/80:8k/20"
      },
      "read" : {
        "io_bytes" : 31449325568,
        "io_kbytes" : 30712232,
        "bw_bytes" : 6287350173,
        "bw" : 6139990,
        "iops" : 1355829.068373,
        "runtime" : 5002,
        "total_ios" : 6781857,
        "short_ios" : 0,
        "drop_ios" : 0,
        "slat_ns" : {
          "min" : 1648,
          "max" : 17312351,
          "mean" : 2319.785911,
          "stddev" : 13422.280917,
          "N" : 6781857
        },
        "clat_ns" : {
          "min" : 988,
          "max" : 17797337,
          "mean" : 62268.990052,
          "stddev" : 78260.635544,
          "N" : 6781857,
          "percentile" : {
            "1.000000" : 47360,
            "5.000000" : 50432,
            "10.000000" : 52480,
            "20.000000" : 55040,
            "30.000000" : 57088,
            "40.000000" : 58624,
            "50.000000" : 60672,
            "60.000000" : 62208,
            "70.000000" : 64256,
            "80.000000" : 66048,
            "90.000000" : 69120,
            "95.000000" : 72192,
            "99.000000" : 82432,
            "99.500000" : 97792,
            "99.900000" : 276480,
            "99.950000" : 415744,
            "99.990000" : 3129344
          }
        },
        "lat_ns" : {
          "min" : 3046,
          "max" : 17799450,
          "mean" : 64588.775964,
          "stddev" : 79447.982455,
          "N" : 6781857
        },
        "bw_min" : 5954384,
        "bw_max" : 6314608,
        "bw_agg" : 100.000000,
        "bw_mean" : 6152368.000000,
        "bw_dev" : 14904.470874,
        "bw_samples" : 72,
        "iops_min" : 1315266,
        "iops_max" : 1394040,
        "iops_mean" : 1358513.555556,
        "iops_stddev" : 3280.135460,
        "iops_samples" : 72
      },
      "write" : {
        "io_bytes" : 13484101632,
        "io_kbytes" : 13168068,
        "bw_bytes" : 2695742029,
        "bw" : 2632560,
        "iops" : 581140.343862,
        "runtime" : 5002,
        "total_ios" : 2906864,
        "short_ios" : 0,
        "drop_ios" : 0,
        "slat_ns" : {
          "min" : 3997,
          "max" : 17716499,
          "mean" : 5438.751316,
          "stddev" : 29700.982096,
          "N" : 2906864
        },
        "clat_ns" : {
          "min" : 1170,
          "max" : 17790251,
          "mean" : 62682.853368,
          "stddev" : 86395.193879,
          "N" : 2906864,
          "percentile" : {
            "1.000000" : 47360,
            "5.000000" : 50944,
            "10.000000" : 52992,
            "20.000000" : 55552,
            "30.000000" : 57600,
            "40.000000" : 59136,
            "50.000000" : 60672,
            "60.000000" : 62720,
            "70.000000" : 64256,
            "80.000000" : 67072,
            "90.000000" : 70144,
            "95.000000" : 73216,
            "99.000000" : 83456,
            "99.500000" : 98816,
            "99.900000" : 268288,
            "99.950000" : 399360,
            "99.990000" : 3129344
          }
        },
        "lat_ns" : {
          "min" : 5919,
          "max" : 17799987,
          "mean" : 68121.604684,
          "stddev" : 91556.757407,
          "N" : 2906864
        },
        "bw_min" : 2560616,
        "bw_max" : 2706976,
        "bw_agg" : 100.000000,
        "bw_mean" : 2638274.666667,
        "bw_dev" : 6178.093445,
        "bw_samples" : 72,
        "iops_min" : 565686,
        "iops_max" : 597194,
        "iops_mean" : 582414.888889,
        "iops_stddev" : 1351.719679,
        "iops_samples" : 72
      },
      "trim" : {
        "io_bytes" : 0,
        "io_kbytes" : 0,
        "bw_bytes" : 0,
        "bw" : 0,
        "iops" : 0.000000,
        "runtime" : 0,
        "total_ios" : 0,
        "short_ios" : 0,
        "drop_ios" : 0,
        "slat_ns" : {
          "min" : 0,
          "max" : 0,
          "mean" : 0.000000,
          "stddev" : 0.000000,
          "N" : 0
        },
        "clat_ns" : {
          "min" : 0,
          "max" : 0,
          "mean" : 0.000000,
          "stddev" : 0.000000,
          "N" : 0
        },
        "lat_ns" : {
          "min" : 0,
          "max" : 0,
          "mean" : 0.000000,
          "stddev" : 0.000000,
          "N" : 0
        },
        "bw_min" : 0,
        "bw_max" : 0,
        "bw_agg" : 0.000000,
        "bw_mean" : 0.000000,
        "bw_dev" : 0.000000,
        "bw_samples" : 0,
        "iops_min" : 0,
        "iops_max" : 0,
        "iops_mean" : 0.000000,
        "iops_stddev" : 0.000000,
        "iops_samples" : 0
      },
      "sync" : {
        "total_ios" : 0,
        "lat_ns" : {
          "min" : 0,
          "max" : 0,
          "mean" : 0.000000,
          "stddev" : 0.000000,
          "N" : 0
        }
      },
      "job_runtime" : 40001,
      "usr_cpu" : 19.534512,
      "sys_cpu" : 78.290543,
      "ctx" : 8857,
      "majf" : 0,
      "minf" : 127,
      "iodepth_level" : {
        "1" : 0.100000,
        "2" : 0.100000,
        "4" : 0.100000,
        "8" : 0.100000,
        "16" : 99.998761,
        "32" : 0.000000,
        ">=64" : 0.000000
      },
      "iodepth_submit" : {
        "0" : 0.000000,
        "4" : 100.000000,
        "8" : 0.000000,
        "16" : 0.000000,
        "32" : 0.000000,
        "64" : 0.000000,
        ">=64" : 0.000000
      },
      "iodepth_complete" : {
        "0" : 0.000000,
        "4" : 99.999917,
        "8" : 0.000000,
        "16" : 0.100000,
        "32" : 0.000000,
        "64" : 0.000000,
        ">=64" : 0.000000
      },
      "latency_ns" : {
        "2" : 0.000000,
        "4" : 0.000000,
        "10" : 0.000000,
        "20" : 0.000000,
        "50" : 0.000000,
        "100" : 0.000000,
        "250" : 0.000000,
        "500" : 0.000000,
        "750" : 0.000000,
        "1000" : 0.010000
      },
      "latency_us" : {
        "2" : 0.010000,
        "4" : 0.010000,
        "10" : 0.010000,
        "20" : 0.010000,
        "50" : 3.640212,
        "100" : 95.876669,
        "250" : 0.364217,
        "500" : 0.079102,
        "750" : 0.013418,
        "1000" : 0.010000
      },
      "latency_ms" : {
        "2" : 0.010000,
        "4" : 0.010000,
        "10" : 0.010000,
        "20" : 0.010000,
        "50" : 0.000000,
        "100" : 0.000000,
        "250" : 0.000000,
        "500" : 0.000000,
        "750" : 0.000000,
        "1000" : 0.000000,
        "2000" : 0.000000,
        ">=2000" : 0.000000
      },
      "latency_depth" : 16,
      "latency_target" : 0,
      "latency_percentile" : 100.000000,
      "latency_window" : 0
    }
  ]
}
