{
  "fio version" : "fio-3.36",
  "timestamp" : 1750551130,
  "timestamp_ms" : 1750551130470,
  "time" : "Sun Jun 22 00:12:10 2025",
  "global options" : {
    "ioengine" : "libaio",
    "direct" : "1",
    "directory" : "/mnt/test"
  },
  "jobs" : [
    {
      "jobname" : "webserver_test",
      "groupid" : 0,
      "job_start" : 1750551128980,
      "error" : 0,
      "eta" : 2147483647,
      "elapsed" : 2,
      "job options" : {
        "rw" : "randread",
        "size" : "2M",
        "numjobs" : "16",
        "runtime" : "120",
        "iodepth" : "32",
        "bssplit" : "4k/90:8k/10"
      },
      "read" : {
        "io_bytes" : 33554432,
        "io_kbytes" : 32768,
        "bw_bytes" : 23253244,
        "bw" : 22708,
        "iops" : 5353.430353,
        "runtime" : 1443,
        "total_ios" : 7725,
        "short_ios" : 0,
        "drop_ios" : 0,
        "slat_ns" : {
          "min" : 6043,
          "max" : 177390243,
          "mean" : 2662867.854628,
          "stddev" : 5285652.381710,
          "N" : 7725
        },
        "clat_ns" : {
          "min" : 811022,
          "max" : 394878839,
          "mean" : 84998769.413981,
          "stddev" : 36495545.001587,
          "N" : 7725,
          "percentile" : {
            "1.000000" : 18743296,
            "5.000000" : 34865152,
            "10.000000" : 44826624,
            "20.000000" : 56360960,
            "30.000000" : 64749568,
            "40.000000" : 72876032,
            "50.000000" : 80216064,
            "60.000000" : 88604672,
            "70.000000" : 98041856,
            "80.000000" : 109576192,
            "90.000000" : 129499136,
            "95.000000" : 149946368,
            "99.000000" : 204472320,
            "99.500000" : 231735296,
            "99.900000" : 263192576,
            "99.950000" : 283115520,
            "99.990000" : 396361728
          }
        },
        "lat_ns" : {
          "min" : 844508,
          "max" : 398423368,
          "mean" : 87661637.268608,
          "stddev" : 37174076.488104,
          "N" : 7725
        },
        "bw_min" : 21864,
        "bw_max" : 26608,
        "bw_agg" : 100.000000,
        "bw_mean" : 24236.000000,
        "bw_dev" : 191.609819,
        "bw_samples" : 32,
        "iops_min" : 5132,
        "iops_max" : 6218,
        "iops_mean" : 5675.000000,
        "iops_stddev" : 43.877395,
        "iops_samples" : 32
      },
      "write" : {
        "io_bytes" : 0,
        "io_kbytes" : 0,
        "bw_bytes" : 0,
        "bw" : 0,
        "iops" : 0.000000,
        "runtime" : 0,
        "total_ios" : 0,
        "short_ios" : 0,
        "drop_ios" : 0,
        "slat_ns" : {
          "min" : 0,
          "max" : 0,
          "mean" : 0.000000,
          "stddev" : 0.000000,
          "N" : 0
        },
        "clat_ns" : {
          "min" : 0,
          "max" : 0,
          "mean" : 0.000000,
          "stddev" : 0.000000,
          "N" : 0
        },
        "lat_ns" : {
          "min" : 0,
          "max" : 0,
          "mean" : 0.000000,
          "stddev" : 0.000000,
          "N" : 0
        },
        "bw_min" : 0,
        "bw_max" : 0,
        "bw_agg" : 0.000000,
        "bw_mean" : 0.000000,
        "bw_dev" : 0.000000,
        "bw_samples" : 0,
        "iops_min" : 0,
        "iops_max" : 0,
        "iops_mean" : 0.000000,
        "iops_stddev" : 0.000000,
        "iops_samples" : 0
      },
      "trim" : {
        "io_bytes" : 0,
        "io_kbytes" : 0,
        "bw_bytes" : 0,
        "bw" : 0,
        "iops" : 0.000000,
        "runtime" : 0,
        "total_ios" : 0,
        "short_ios" : 0,
        "drop_ios" : 0,
        "slat_ns" : {
          "min" : 0,
          "max" : 0,
          "mean" : 0.000000,
          "stddev" : 0.000000,
          "N" : 0
        },
        "clat_ns" : {
          "min" : 0,
          "max" : 0,
          "mean" : 0.000000,
          "stddev" : 0.000000,
          "N" : 0
        },
        "lat_ns" : {
          "min" : 0,
          "max" : 0,
          "mean" : 0.000000,
          "stddev" : 0.000000,
          "N" : 0
        },
        "bw_min" : 0,
        "bw_max" : 0,
        "bw_agg" : 0.000000,
        "bw_mean" : 0.000000,
        "bw_dev" : 0.000000,
        "bw_samples" : 0,
        "iops_min" : 0,
        "iops_max" : 0,
        "iops_mean" : 0.000000,
        "iops_stddev" : 0.000000,
        "iops_samples" : 0
      },
      "sync" : {
        "total_ios" : 0,
        "lat_ns" : {
          "min" : 0,
          "max" : 0,
          "mean" : 0.000000,
          "stddev" : 0.000000,
          "N" : 0
        }
      },
      "job_runtime" : 21773,
      "usr_cpu" : 0.399577,
      "sys_cpu" : 2.475543,
      "ctx" : 7658,
      "majf" : 0,
      "minf" : 1002,
      "iodepth_level" : {
        "1" : 0.207120,
        "2" : 0.414239,
        "4" : 0.828479,
        "8" : 1.656958,
        "16" : 3.313916,
        "32" : 93.579288,
        ">=64" : 0.000000
      },
      "iodepth_submit" : {
        "0" : 0.000000,
        "4" : 100.000000,
        "8" : 0.000000,
        "16" : 0.000000,
        "32" : 0.000000,
        "64" : 0.000000,
        ">=64" : 0.000000
      },
      "iodepth_complete" : {
        "0" : 0.000000,
        "4" : 99.779158,
        "8" : 0.000000,
        "16" : 0.000000,
        "32" : 0.220842,
        "64" : 0.000000,
        ">=64" : 0.000000
      },
      "latency_ns" : {
        "2" : 0.000000,
        "4" : 0.000000,
        "10" : 0.000000,
        "20" : 0.000000,
        "50" : 0.000000,
        "100" : 0.000000,
        "250" : 0.000000,
        "500" : 0.000000,
        "750" : 0.000000,
        "1000" : 0.000000
      },
      "latency_us" : {
        "2" : 0.000000,
        "4" : 0.000000,
        "10" : 0.000000,
        "20" : 0.000000,
        "50" : 0.000000,
        "100" : 0.000000,
        "250" : 0.000000,
        "500" : 0.000000,
        "750" : 0.000000,
        "1000" : 0.025890
      },
      "latency_ms" : {
        "2" : 0.012945,
        "4" : 0.129450,
        "10" : 0.012945,
        "20" : 1.009709,
        "50" : 12.724919,
        "100" : 57.605178,
        "250" : 28.310680,
        "500" : 0.168285,
        "750" : 0.000000,
        "1000" : 0.000000,
        "2000" : 0.000000,
        ">=2000" : 0.000000
      },
      "latency_depth" : 32,
      "latency_target" : 0,
      "latency_percentile" : 100.000000,
      "latency_window" : 0
    }
  ]
}
