{
  "fio version" : "fio-3.36",
  "timestamp" : 1751222807,
  "timestamp_ms" : 1751222807622,
  "time" : "Sun Jun 29 18:46:47 2025",
  "global options" : {
    "ioengine" : "libaio",
    "direct" : "0",
    "directory" : "/mnt/test"
  },
  "jobs" : [
    {
      "jobname" : "database_mysql_innodb_test",
      "groupid" : 0,
      "job_start" : 1751222802578,
      "error" : 0,
      "eta" : 0,
      "elapsed" : 6,
      "job options" : {
        "rw" : "randrw",
        "rwmixread" : "70",
        "size" : "1M",
        "numjobs" : "8",
        "runtime" : "5",
        "iodepth" : "16",
        "bssplit" : "16k"
      },
      "read" : {
        "io_bytes" : 59011645440,
        "io_kbytes" : 57628560,
        "bw_bytes" : 11797610043,
        "bw" : 11521103,
        "iops" : 720068.972411,
        "runtime" : 5002,
        "total_ios" : 3601785,
        "short_ios" : 0,
        "drop_ios" : 0,
        "slat_ns" : {
          "min" : 1920,
          "max" : 1754307041,
          "mean" : 5301.629142,
          "stddev" : 925527.754145,
          "N" : 3601785
        },
        "clat_ns" : {
          "min" : 1031,
          "max" : 1782776415,
          "mean" : 116202.292612,
          "stddev" : 3132508.334354,
          "N" : 3601785,
          "percentile" : {
            "1.000000" : 52992,
            "5.000000" : 57088,
            "10.000000" : 59648,
            "20.000000" : 62720,
            "30.000000" : 65280,
            "40.000000" : 67072,
            "50.000000" : 69120,
            "60.000000" : 72192,
            "70.000000" : 74240,
            "80.000000" : 78336,
            "90.000000" : 86528,
            "95.000000" : 101888,
            "99.000000" : 1351680,
            "99.500000" : 2801664,
            "99.900000" : 5668864,
            "99.950000" : 6717440,
            "99.990000" : 10682368
          }
        },
        "lat_ns" : {
          "min" : 3532,
          "max" : 1787706204,
          "mean" : 121503.921754,
          "stddev" : 3276336.348645,
          "N" : 3601785
        },
        "bw_min" : 1039698,
        "bw_max" : 18700456,
        "bw_agg" : 99.512073,
        "bw_mean" : 11464889.777778,
        "bw_dev" : 866212.623081,
        "bw_samples" : 69,
        "iops_min" : 64981,
        "iops_max" : 1168778,
        "iops_mean" : 716555.500000,
        "iops_stddev" : 54138.308762,
        "iops_samples" : 69
      },
      "write" : {
        "io_bytes" : 25305989120,
        "io_kbytes" : 24712880,
        "bw_bytes" : 5059174154,
        "bw" : 4940599,
        "iops" : 308787.485006,
        "runtime" : 5002,
        "total_ios" : 1544555,
        "short_ios" : 0,
        "drop_ios" : 0,
        "slat_ns" : {
          "min" : 4091,
          "max" : 10157367,
          "mean" : 10250.801726,
          "stddev" : 46128.366889,
          "N" : 1544555
        },
        "clat_ns" : {
          "min" : 1105,
          "max" : 1783909883,
          "mean" : 119238.974303,
          "stddev" : 2895275.030662,
          "N" : 1544555,
          "percentile" : {
            "1.000000" : 53504,
            "5.000000" : 57600,
            "10.000000" : 60160,
            "20.000000" : 63232,
            "30.000000" : 66048,
            "40.000000" : 68096,
            "50.000000" : 70144,
            "60.000000" : 72192,
            "70.000000" : 75264,
            "80.000000" : 78336,
            "90.000000" : 87552,
            "95.000000" : 102912,
            "99.000000" : 1499136,
            "99.500000" : 3031040,
            "99.900000" : 6062080,
            "99.950000" : 7045120,
            "99.990000" : 11599872
          }
        },
        "lat_ns" : {
          "min" : 5720,
          "max" : 1783930965,
          "mean" : 129489.776029,
          "stddev" : 2899895.628030,
          "N" : 1544555
        },
        "bw_min" : 443162,
        "bw_max" : 8015270,
        "bw_agg" : 99.508162,
        "bw_mean" : 4916300.555556,
        "bw_dev" : 371809.302290,
        "bw_samples" : 69,
        "iops_min" : 27697,
        "iops_max" : 500954,
        "iops_mean" : 307268.388889,
        "iops_stddev" : 23238.097542,
        "iops_samples" : 69
      },
      "trim" : {
        "io_bytes" : 0,
        "io_kbytes" : 0,
        "bw_bytes" : 0,
        "bw" : 0,
        "iops" : 0.000000,
        "runtime" : 0,
        "total_ios" : 0,
        "short_ios" : 0,
        "drop_ios" : 0,
        "slat_ns" : {
          "min" : 0,
          "max" : 0,
          "mean" : 0.000000,
          "stddev" : 0.000000,
          "N" : 0
        },
        "clat_ns" : {
          "min" : 0,
          "max" : 0,
          "mean" : 0.000000,
          "stddev" : 0.000000,
          "N" : 0
        },
        "lat_ns" : {
          "min" : 0,
          "max" : 0,
          "mean" : 0.000000,
          "stddev" : 0.000000,
          "N" : 0
        },
        "bw_min" : 0,
        "bw_max" : 0,
        "bw_agg" : 0.000000,
        "bw_mean" : 0.000000,
        "bw_dev" : 0.000000,
        "bw_samples" : 0,
        "iops_min" : 0,
        "iops_max" : 0,
        "iops_mean" : 0.000000,
        "iops_stddev" : 0.000000,
        "iops_samples" : 0
      },
      "sync" : {
        "total_ios" : 0,
        "lat_ns" : {
          "min" : 0,
          "max" : 0,
          "mean" : 0.000000,
          "stddev" : 0.000000,
          "N" : 0
        }
      },
      "job_runtime" : 40002,
      "usr_cpu" : 11.956902,
      "sys_cpu" : 54.409780,
      "ctx" : 44281,
      "majf" : 0,
      "minf" : 103,
      "iodepth_level" : {
        "1" : 0.100000,
        "2" : 0.100000,
        "4" : 0.100000,
        "8" : 0.100000,
        "16" : 99.997668,
        "32" : 0.000000,
        ">=64" : 0.000000
      },
      "iodepth_submit" : {
        "0" : 0.000000,
        "4" : 100.000000,
        "8" : 0.000000,
        "16" : 0.000000,
        "32" : 0.000000,
        "64" : 0.000000,
        ">=64" : 0.000000
      },
      "iodepth_complete" : {
        "0" : 0.000000,
        "4" : 99.999845,
        "8" : 0.000000,
        "16" : 0.100000,
        "32" : 0.000000,
        "64" : 0.000000,
        ">=64" : 0.000000
      },
      "latency_ns" : {
        "2" : 0.000000,
        "4" : 0.000000,
        "10" : 0.000000,
        "20" : 0.000000,
        "50" : 0.000000,
        "100" : 0.000000,
        "250" : 0.000000,
        "500" : 0.000000,
        "750" : 0.000000,
        "1000" : 0.000000
      },
      "latency_us" : {
        "2" : 0.010000,
        "4" : 0.000000,
        "10" : 0.010000,
        "20" : 0.010000,
        "50" : 0.236673,
        "100" : 94.320702,
        "250" : 3.490850,
        "500" : 0.266792,
        "750" : 0.225578,
        "1000" : 0.208381
      },
      "latency_ms" : {
        "2" : 0.507837,
        "4" : 0.460036,
        "10" : 0.268618,
        "20" : 0.012319,
        "50" : 0.010000,
        "100" : 0.010000,
        "250" : 0.000000,
        "500" : 0.000000,
        "750" : 0.000000,
        "1000" : 0.000000,
        "2000" : 0.010000,
        ">=2000" : 0.000000
      },
      "latency_depth" : 16,
      "latency_target" : 0,
      "latency_percentile" : 100.000000,
      "latency_window" : 0
    }
  ]
}
