{
  "fio version" : "fio-3.36",
  "timestamp" : 1749514015,
  "timestamp_ms" : 1749514015820,
  "time" : "Tue Jun 10 00:06:55 2025",
  "global options" : {
    "ioengine" : "libaio",
    "direct" : "1",
    "directory" : "/mnt/test"
  },
  "jobs" : [
    {
      "jobname" : "database_test",
      "groupid" : 0,
      "job_start" : 1749514003744,
      "error" : 0,
      "eta" : 0,
      "elapsed" : 13,
      "job options" : {
        "rw" : "randrw",
        "rwmixread" : "70",
        "size" : "1G",
        "numjobs" : "8",
        "runtime" : "60",
        "iodepth" : "16",
        "bssplit" : "4k/80:8k/20"
      },
      "read" : {
        "io_bytes" : 6011162624,
        "io_kbytes" : 5870276,
        "bw_bytes" : 499390431,
        "bw" : 487685,
        "iops" : 107624.906538,
        "runtime" : 12037,
        "total_ios" : 1295481,
        "short_ios" : 0,
        "drop_ios" : 0,
        "slat_ns" : {
          "min" : 1768,
          "max" : 60249100,
          "mean" : 26253.643755,
          "stddev" : 133435.765798,
          "N" : 1295481
        },
        "clat_ns" : {
          "min" : 1628,
          "max" : 149985447,
          "mean" : 760565.424981,
          "stddev" : 1097547.203145,
          "N" : 1295481,
          "percentile" : {
            "1.000000" : 144384,
            "5.000000" : 168960,
            "10.000000" : 248832,
            "20.000000" : 423936,
            "30.000000" : 528384,
            "40.000000" : 618496,
            "50.000000" : 700416,
            "60.000000" : 782336,
            "70.000000" : 880640,
            "80.000000" : 1003520,
            "90.000000" : 1204224,
            "95.000000" : 1417216,
            "99.000000" : 2179072,
            "99.500000" : 2834432,
            "99.900000" : 4620288,
            "99.950000" : 6127616,
            "99.990000" : 64749568
          }
        },
        "lat_ns" : {
          "min" : 5981,
          "max" : 155202502,
          "mean" : 786819.068737,
          "stddev" : 1132632.149609,
          "N" : 1295481
        },
        "bw_min" : 199920,
        "bw_max" : 1410844,
        "bw_agg" : 100.000000,
        "bw_mean" : 495132.956522,
        "bw_dev" : 27001.829588,
        "bw_samples" : 184,
        "iops_min" : 43766,
        "iops_max" : 296393,
        "iops_mean" : 109119.478261,
        "iops_stddev" : 5644.243104,
        "iops_samples" : 184
      },
      "write" : {
        "io_bytes" : 2578771968,
        "io_kbytes" : 2518332,
        "bw_bytes" : 214237099,
        "bw" : 209215,
        "iops" : 46152.612777,
        "runtime" : 12037,
        "total_ios" : 555539,
        "short_ios" : 0,
        "drop_ios" : 0,
        "slat_ns" : {
          "min" : 4972,
          "max" : 97062518,
          "mean" : 99801.227080,
          "stddev" : 220057.634003,
          "N" : 555539
        },
        "clat_ns" : {
          "min" : 1502,
          "max" : 163158496,
          "mean" : 784514.377482,
          "stddev" : 1219931.343401,
          "N" : 555539,
          "percentile" : {
            "1.000000" : 146432,
            "5.000000" : 171008,
            "10.000000" : 257024,
            "20.000000" : 448512,
            "30.000000" : 552960,
            "40.000000" : 643072,
            "50.000000" : 716800,
            "60.000000" : 798720,
            "70.000000" : 888832,
            "80.000000" : 1011712,
            "90.000000" : 1236992,
            "95.000000" : 1466368,
            "99.000000" : 2342912,
            "99.500000" : 2998272,
            "99.900000" : 4882432,
            "99.950000" : 6324224,
            "99.990000" : 69730304
          }
        },
        "lat_ns" : {
          "min" : 15092,
          "max" : 163456874,
          "mean" : 884315.604562,
          "stddev" : 1302454.261240,
          "N" : 555539
        },
        "bw_min" : 87432,
        "bw_max" : 605508,
        "bw_agg" : 100.000000,
        "bw_mean" : 212322.565217,
        "bw_dev" : 11564.434716,
        "bw_samples" : 184,
        "iops_min" : 18964,
        "iops_max" : 127157,
        "iops_mean" : 46772.695652,
        "iops_stddev" : 2414.946053,
        "iops_samples" : 184
      },
      "trim" : {
        "io_bytes" : 0,
        "io_kbytes" : 0,
        "bw_bytes" : 0,
        "bw" : 0,
        "iops" : 0.000000,
        "runtime" : 0,
        "total_ios" : 0,
        "short_ios" : 0,
        "drop_ios" : 0,
        "slat_ns" : {
          "min" : 0,
          "max" : 0,
          "mean" : 0.000000,
          "stddev" : 0.000000,
          "N" : 0
        },
        "clat_ns" : {
          "min" : 0,
          "max" : 0,
          "mean" : 0.000000,
          "stddev" : 0.000000,
          "N" : 0
        },
        "lat_ns" : {
          "min" : 0,
          "max" : 0,
          "mean" : 0.000000,
          "stddev" : 0.000000,
          "N" : 0
        },
        "bw_min" : 0,
        "bw_max" : 0,
        "bw_agg" : 0.000000,
        "bw_mean" : 0.000000,
        "bw_dev" : 0.000000,
        "bw_samples" : 0,
        "iops_min" : 0,
        "iops_max" : 0,
        "iops_mean" : 0.000000,
        "iops_stddev" : 0.000000,
        "iops_samples" : 0
      },
      "sync" : {
        "total_ios" : 0,
        "lat_ns" : {
          "min" : 0,
          "max" : 0,
          "mean" : 0.000000,
          "stddev" : 0.000000,
          "N" : 0
        }
      },
      "job_runtime" : 94577,
      "usr_cpu" : 4.842615,
      "sys_cpu" : 34.278947,
      "ctx" : 430210,
      "majf" : 0,
      "minf" : 116,
      "iodepth_level" : {
        "1" : 0.100000,
        "2" : 0.100000,
        "4" : 0.100000,
        "8" : 0.100000,
        "16" : 99.993517,
        "32" : 0.000000,
        ">=64" : 0.000000
      },
      "iodepth_submit" : {
        "0" : 0.000000,
        "4" : 100.000000,
        "8" : 0.000000,
        "16" : 0.000000,
        "32" : 0.000000,
        "64" : 0.000000,
        ">=64" : 0.000000
      },
      "iodepth_complete" : {
        "0" : 0.000000,
        "4" : 99.999568,
        "8" : 0.000000,
        "16" : 0.100000,
        "32" : 0.000000,
        "64" : 0.000000,
        ">=64" : 0.000000
      },
      "latency_ns" : {
        "2" : 0.000000,
        "4" : 0.000000,
        "10" : 0.000000,
        "20" : 0.000000,
        "50" : 0.000000,
        "100" : 0.000000,
        "250" : 0.000000,
        "500" : 0.000000,
        "750" : 0.000000,
        "1000" : 0.000000
      },
      "latency_us" : {
        "2" : 0.010000,
        "4" : 0.010000,
        "10" : 0.010000,
        "20" : 0.010000,
        "50" : 0.010000,
        "100" : 0.010000,
        "250" : 9.990060,
        "500" : 16.105553,
        "750" : 29.220970,
        "1000" : 24.398926
      },
      "latency_ms" : {
        "2" : 18.878456,
        "4" : 1.234887,
        "10" : 0.133818,
        "20" : 0.010000,
        "50" : 0.014695,
        "100" : 0.012209,
        "250" : 0.010000,
        "500" : 0.000000,
        "750" : 0.000000,
        "1000" : 0.000000,
        "2000" : 0.000000,
        ">=2000" : 0.000000
      },
      "latency_depth" : 16,
      "latency_target" : 0,
      "latency_percentile" : 100.000000,
      "latency_window" : 0
    }
  ]
}
