{
  "fio version" : "fio-3.36",
  "timestamp" : 1749339365,
  "timestamp_ms" : 1749339365487,
  "time" : "Sat Jun  7 23:36:05 2025",
  "global options" : {
    "ioengine" : "io_uring",
    "direct" : "1",
    "directory" : "/mnt/test"
  },
  "jobs" : [
    {
      "jobname" : "database_mysql_innodb_test",
      "groupid" : 0,
      "job_start" : 1749339328323,
      "error" : 0,
      "eta" : 0,
      "elapsed" : 38,
      "job options" : {
        "rw" : "randrw",
        "rwmixread" : "70",
        "size" : "1G",
        "numjobs" : "8",
        "runtime" : "60",
        "iodepth" : "16",
        "bssplit" : "16k"
      },
      "read" : {
        "io_bytes" : 6009602048,
        "io_kbytes" : 5868752,
        "bw_bytes" : 161792000,
        "bw" : 158000,
        "iops" : 9875.000000,
        "runtime" : 37144,
        "total_ios" : 366797,
        "short_ios" : 0,
        "drop_ios" : 0,
        "slat_ns" : {
          "min" : 1199,
          "max" : 40630976,
          "mean" : 689295.289512,
          "stddev" : 1492732.473697,
          "N" : 366797
        },
        "clat_ns" : {
          "min" : 192848,
          "max" : 163137043,
          "mean" : 7263324.692369,
          "stddev" : 5425385.746670,
          "N" : 366797,
          "percentile" : {
            "1.000000" : 839680,
            "5.000000" : 1777664,
            "10.000000" : 2277376,
            "20.000000" : 3063808,
            "30.000000" : 3719168,
            "40.000000" : 4423680,
            "50.000000" : 5275648,
            "60.000000" : 6586368,
            "70.000000" : 9895936,
            "80.000000" : 12517376,
            "90.000000" : 14483456,
            "95.000000" : 15925248,
            "99.000000" : 19005440,
            "99.500000" : 21889024,
            "99.900000" : 46923776,
            "99.950000" : 76021760,
            "99.990000" : 112721920
          }
        },
        "lat_ns" : {
          "min" : 210028,
          "max" : 163170020,
          "mean" : 7952619.981881,
          "stddev" : 5683040.073074,
          "N" : 366797
        },
        "bw_min" : 104320,
        "bw_max" : 190942,
        "bw_agg" : 100.000000,
        "bw_mean" : 158383.893455,
        "bw_dev" : 1533.145441,
        "bw_samples" : 577,
        "iops_min" : 6520,
        "iops_max" : 11933,
        "iops_mean" : 9898.981355,
        "iops_stddev" : 95.806416,
        "iops_samples" : 577
      },
      "write" : {
        "io_bytes" : 2580332544,
        "io_kbytes" : 2519856,
        "bw_bytes" : 69468354,
        "bw" : 67840,
        "iops" : 4240.011846,
        "runtime" : 37144,
        "total_ios" : 157491,
        "short_ios" : 0,
        "drop_ios" : 0,
        "slat_ns" : {
          "min" : 553,
          "max" : 37127096,
          "mean" : 130647.035704,
          "stddev" : 643661.659986,
          "N" : 157491
        },
        "clat_ns" : {
          "min" : 186325,
          "max" : 157998726,
          "mean" : 11025735.924332,
          "stddev" : 6547943.095142,
          "N" : 157491,
          "percentile" : {
            "1.000000" : 1499136,
            "5.000000" : 3031040,
            "10.000000" : 3915776,
            "20.000000" : 5210112,
            "30.000000" : 6324224,
            "40.000000" : 7831552,
            "50.000000" : 10551296,
            "60.000000" : 13303808,
            "70.000000" : 14876672,
            "80.000000" : 16318464,
            "90.000000" : 18219008,
            "95.000000" : 20054016,
            "99.000000" : 26083328,
            "99.500000" : 34340864,
            "99.900000" : 53215232,
            "99.950000" : 81264640,
            "99.990000" : 117964800
          }
        },
        "lat_ns" : {
          "min" : 208335,
          "max" : 158050467,
          "mean" : 11156382.960036,
          "stddev" : 6566887.384470,
          "N" : 157491
        },
        "bw_min" : 45536,
        "bw_max" : 85611,
        "bw_agg" : 100.000000,
        "bw_mean" : 68024.917808,
        "bw_dev" : 774.146050,
        "bw_samples" : 577,
        "iops_min" : 2846,
        "iops_max" : 5350,
        "iops_mean" : 4251.547945,
        "iops_stddev" : 48.375350,
        "iops_samples" : 577
      },
      "trim" : {
        "io_bytes" : 0,
        "io_kbytes" : 0,
        "bw_bytes" : 0,
        "bw" : 0,
        "iops" : 0.000000,
        "runtime" : 0,
        "total_ios" : 0,
        "short_ios" : 0,
        "drop_ios" : 0,
        "slat_ns" : {
          "min" : 0,
          "max" : 0,
          "mean" : 0.000000,
          "stddev" : 0.000000,
          "N" : 0
        },
        "clat_ns" : {
          "min" : 0,
          "max" : 0,
          "mean" : 0.000000,
          "stddev" : 0.000000,
          "N" : 0
        },
        "lat_ns" : {
          "min" : 0,
          "max" : 0,
          "mean" : 0.000000,
          "stddev" : 0.000000,
          "N" : 0
        },
        "bw_min" : 0,
        "bw_max" : 0,
        "bw_agg" : 0.000000,
        "bw_mean" : 0.000000,
        "bw_dev" : 0.000000,
        "bw_samples" : 0,
        "iops_min" : 0,
        "iops_max" : 0,
        "iops_mean" : 0.000000,
        "iops_stddev" : 0.000000,
        "iops_samples" : 0
      },
      "sync" : {
        "total_ios" : 0,
        "lat_ns" : {
          "min" : 0,
          "max" : 0,
          "mean" : 0.000000,
          "stddev" : 0.000000,
          "N" : 0
        }
      },
      "job_runtime" : 292250,
      "usr_cpu" : 1.376903,
      "sys_cpu" : 7.107613,
      "ctx" : 413565,
      "majf" : 0,
      "minf" : 95,
      "iodepth_level" : {
        "1" : 0.100000,
        "2" : 0.100000,
        "4" : 0.100000,
        "8" : 0.100000,
        "16" : 99.977112,
        "32" : 0.000000,
        ">=64" : 0.000000
      },
      "iodepth_submit" : {
        "0" : 0.000000,
        "4" : 100.000000,
        "8" : 0.000000,
        "16" : 0.000000,
        "32" : 0.000000,
        "64" : 0.000000,
        ">=64" : 0.000000
      },
      "iodepth_complete" : {
        "0" : 0.000000,
        "4" : 99.998474,
        "8" : 0.000000,
        "16" : 0.100000,
        "32" : 0.000000,
        "64" : 0.000000,
        ">=64" : 0.000000
      },
      "latency_ns" : {
        "2" : 0.000000,
        "4" : 0.000000,
        "10" : 0.000000,
        "20" : 0.000000,
        "50" : 0.000000,
        "100" : 0.000000,
        "250" : 0.000000,
        "500" : 0.000000,
        "750" : 0.000000,
        "1000" : 0.000000
      },
      "latency_us" : {
        "2" : 0.000000,
        "4" : 0.000000,
        "10" : 0.000000,
        "20" : 0.000000,
        "50" : 0.000000,
        "100" : 0.000000,
        "250" : 0.041771,
        "500" : 0.467682,
        "750" : 0.176430,
        "1000" : 0.483894
      },
      "latency_ms" : {
        "2" : 4.274750,
        "4" : 21.706963,
        "10" : 36.628342,
        "20" : 34.253883,
        "50" : 1.877022,
        "100" : 0.075531,
        "250" : 0.013733,
        "500" : 0.000000,
        "750" : 0.000000,
        "1000" : 0.000000,
        "2000" : 0.000000,
        ">=2000" : 0.000000
      },
      "latency_depth" : 16,
      "latency_target" : 0,
      "latency_percentile" : 100.000000,
      "latency_window" : 0
    }
  ],
  "disk_util" : [
    {
      "name" : "sdb",
      "read_ios" : 364135,
      "write_ios" : 156478,
      "read_sectors" : 11677664,
      "write_sectors" : 5013131,
      "read_merges" : 792,
      "write_merges" : 193,
      "read_ticks" : 1430398,
      "write_ticks" : 903192,
      "in_queue" : 2333978,
      "util" : 81.406220
    }
  ]
}
