{
  "fio version" : "fio-3.36",
  "timestamp" : 1749388419,
  "timestamp_ms" : 1749388419956,
  "time" : "Sun Jun  8 13:13:39 2025",
  "global options" : {
    "ioengine" : "io_uring",
    "direct" : "1",
    "directory" : "/mnt/test"
  },
  "jobs" : [
    {
      "jobname" : "database_test",
      "groupid" : 0,
      "job_start" : 1749388359661,
      "error" : 0,
      "eta" : 0,
      "elapsed" : 61,
      "job options" : {
        "rw" : "randrw",
        "rwmixread" : "70",
        "size" : "1G",
        "numjobs" : "8",
        "runtime" : "60",
        "iodepth" : "16",
        "bssplit" : "4k/80:8k/20"
      },
      "read" : {
        "io_bytes" : 76926976,
        "io_kbytes" : 75124,
        "bw_bytes" : 1276245,
        "bw" : 1246,
        "iops" : 259.539452,
        "runtime" : 60276,
        "total_ios" : 15644,
        "short_ios" : 0,
        "drop_ios" : 0,
        "slat_ns" : {
          "min" : 8941,
          "max" : 373424877,
          "mean" : 20954219.794298,
          "stddev" : 21048091.370108,
          "N" : 15644
        },
        "clat_ns" : {
          "min" : 15655325,
          "max" : 1724444227,
          "mean" : 329254043.946241,
          "stddev" : 169304156.183161,
          "N" : 15644,
          "percentile" : {
            "1.000000" : 74973184,
            "5.000000" : 125304832,
            "10.000000" : 158334976,
            "20.000000" : 200278016,
            "30.000000" : 233832448,
            "40.000000" : 263192576,
            "50.000000" : 291504128,
            "60.000000" : 329252864,
            "70.000000" : 371195904,
            "80.000000" : 434110464,
            "90.000000" : 549453824,
            "95.000000" : 658505728,
            "99.000000" : 901775360,
            "99.500000" : 1002438656,
            "99.900000" : 1283457024,
            "99.950000" : 1384120320,
            "99.990000" : 1635778560
          }
        },
        "lat_ns" : {
          "min" : 24563227,
          "max" : 1836400344,
          "mean" : 350208263.740539,
          "stddev" : 171451813.412704,
          "N" : 15644
        },
        "bw_min" : 272,
        "bw_max" : 2176,
        "bw_agg" : 99.973281,
        "bw_mean" : 1246.862465,
        "bw_dev" : 44.605388,
        "bw_samples" : 958,
        "iops_min" : 58,
        "iops_max" : 442,
        "iops_mean" : 259.565686,
        "iops_stddev" : 8.805036,
        "iops_samples" : 958
      },
      "write" : {
        "io_bytes" : 33316864,
        "io_kbytes" : 32536,
        "bw_bytes" : 552738,
        "bw" : 539,
        "iops" : 113.262327,
        "runtime" : 60276,
        "total_ios" : 6827,
        "short_ios" : 0,
        "drop_ios" : 0,
        "slat_ns" : {
          "min" : 10271,
          "max" : 350149386,
          "mean" : 21255800.608173,
          "stddev" : 20685967.772534,
          "N" : 6827
        },
        "clat_ns" : {
          "min" : 478953,
          "max" : 1442836848,
          "mean" : 303987114.532445,
          "stddev" : 155839904.715900,
          "N" : 6827,
          "percentile" : {
            "1.000000" : 56360960,
            "5.000000" : 113770496,
            "10.000000" : 143654912,
            "20.000000" : 181403648,
            "30.000000" : 214958080,
            "40.000000" : 244318208,
            "50.000000" : 274726912,
            "60.000000" : 308281344,
            "70.000000" : 346030080,
            "80.000000" : 400556032,
            "90.000000" : 501219328,
            "95.000000" : 616562688,
            "99.000000" : 843055104,
            "99.500000" : 901775360,
            "99.900000" : 1035993088,
            "99.950000" : 1061158912,
            "99.990000" : 1434451968
          }
        },
        "lat_ns" : {
          "min" : 748563,
          "max" : 1463333704,
          "mean" : 325242915.140618,
          "stddev" : 157891240.105041,
          "N" : 6827
        },
        "bw_min" : 88,
        "bw_max" : 1192,
        "bw_agg" : 100.000000,
        "bw_mean" : 554.465268,
        "bw_dev" : 29.740060,
        "bw_samples" : 933,
        "iops_min" : 18,
        "iops_max" : 240,
        "iops_mean" : 116.228943,
        "iops_stddev" : 6.013730,
        "iops_samples" : 933
      },
      "trim" : {
        "io_bytes" : 0,
        "io_kbytes" : 0,
        "bw_bytes" : 0,
        "bw" : 0,
        "iops" : 0.000000,
        "runtime" : 0,
        "total_ios" : 0,
        "short_ios" : 0,
        "drop_ios" : 0,
        "slat_ns" : {
          "min" : 0,
          "max" : 0,
          "mean" : 0.000000,
          "stddev" : 0.000000,
          "N" : 0
        },
        "clat_ns" : {
          "min" : 0,
          "max" : 0,
          "mean" : 0.000000,
          "stddev" : 0.000000,
          "N" : 0
        },
        "lat_ns" : {
          "min" : 0,
          "max" : 0,
          "mean" : 0.000000,
          "stddev" : 0.000000,
          "N" : 0
        },
        "bw_min" : 0,
        "bw_max" : 0,
        "bw_agg" : 0.000000,
        "bw_mean" : 0.000000,
        "bw_dev" : 0.000000,
        "bw_samples" : 0,
        "iops_min" : 0,
        "iops_max" : 0,
        "iops_mean" : 0.000000,
        "iops_stddev" : 0.000000,
        "iops_samples" : 0
      },
      "sync" : {
        "total_ios" : 0,
        "lat_ns" : {
          "min" : 0,
          "max" : 0,
          "mean" : 0.000000,
          "stddev" : 0.000000,
          "N" : 0
        }
      },
      "job_runtime" : 481498,
      "usr_cpu" : 0.116304,
      "sys_cpu" : 0.408309,
      "ctx" : 22704,
      "majf" : 0,
      "minf" : 96,
      "iodepth_level" : {
        "1" : 0.100000,
        "2" : 0.100000,
        "4" : 0.142406,
        "8" : 0.284812,
        "16" : 99.465978,
        "32" : 0.000000,
        ">=64" : 0.000000
      },
      "iodepth_submit" : {
        "0" : 0.000000,
        "4" : 100.000000,
        "8" : 0.000000,
        "16" : 0.000000,
        "32" : 0.000000,
        "64" : 0.000000,
        ">=64" : 0.000000
      },
      "iodepth_complete" : {
        "0" : 0.000000,
        "4" : 99.964220,
        "8" : 0.000000,
        "16" : 0.100000,
        "32" : 0.000000,
        "64" : 0.000000,
        ">=64" : 0.000000
      },
      "latency_ns" : {
        "2" : 0.000000,
        "4" : 0.000000,
        "10" : 0.000000,
        "20" : 0.000000,
        "50" : 0.000000,
        "100" : 0.000000,
        "250" : 0.000000,
        "500" : 0.000000,
        "750" : 0.000000,
        "1000" : 0.000000
      },
      "latency_us" : {
        "2" : 0.000000,
        "4" : 0.000000,
        "10" : 0.000000,
        "20" : 0.000000,
        "50" : 0.000000,
        "100" : 0.000000,
        "250" : 0.000000,
        "500" : 0.010000,
        "750" : 0.000000,
        "1000" : 0.010000
      },
      "latency_ms" : {
        "2" : 0.013351,
        "4" : 0.010000,
        "10" : 0.017801,
        "20" : 0.017801,
        "50" : 0.396066,
        "100" : 2.420898,
        "250" : 34.782609,
        "500" : 49.712963,
        "750" : 10.222064,
        "1000" : 2.002581,
        "2000" : 0.396066,
        ">=2000" : 0.000000
      },
      "latency_depth" : 16,
      "latency_target" : 0,
      "latency_percentile" : 100.000000,
      "latency_window" : 0
    }
  ],
  "disk_util" : [
    {
      "name" : "sda",
      "read_ios" : 15634,
      "write_ios" : 7260,
      "read_sectors" : 150136,
      "write_sectors" : 475296,
      "read_merges" : 0,
      "write_merges" : 45,
      "read_ticks" : 2705645,
      "write_ticks" : 1133117,
      "in_queue" : 3844943,
      "util" : 96.755858
    }
  ]
}
