{
  "fio version" : "fio-3.36",
  "timestamp" : 1751628486,
  "timestamp_ms" : 1751628486138,
  "time" : "Fri Jul  4 11:28:06 2025",
  "global options" : {
    "ioengine" : "libaio",
    "direct" : "1",
    "directory" : "/mnt/test"
  },
  "jobs" : [
    {
      "jobname" : "seq_read_article_test",
      "groupid" : 0,
      "job_start" : 1751628481104,
      "error" : 0,
      "eta" : 0,
      "elapsed" : 6,
      "job options" : {
        "rw" : "read",
        "size" : "50M",
        "numjobs" : "1",
        "runtime" : "5"
      },
      "read" : {
        "io_bytes" : 8675328,
        "io_kbytes" : 8472,
        "bw_bytes" : 1733678,
        "bw" : 1693,
        "iops" : 423.261391,
        "runtime" : 5004,
        "total_ios" : 2118,
        "short_ios" : 0,
        "drop_ios" : 0,
        "slat_ns" : {
          "min" : 31738,
          "max" : 148481,
          "mean" : 73555.530689,
          "stddev" : 24913.422355,
          "N" : 2118
        },
        "clat_ns" : {
          "min" : 101936,
          "max" : 158979208,
          "mean" : 2280656.833333,
          "stddev" : 4738502.084931,
          "N" : 2118,
          "percentile" : {
            "1.000000" : 118272,
            "5.000000" : 152576,
            "10.000000" : 156672,
            "20.000000" : 171008,
            "30.000000" : 220160,
            "40.000000" : 242688,
            "50.000000" : 250880,
            "60.000000" : 264192,
            "70.000000" : 2801664,
            "80.000000" : 4882432,
            "90.000000" : 7438336,
            "95.000000" : 8847360,
            "99.000000" : 9633792,
            "99.500000" : 15138816,
            "99.900000" : 35389440,
            "99.950000" : 36438016,
            "99.990000" : 158334976
          }
        },
        "lat_ns" : {
          "min" : 134460,
          "max" : 159066306,
          "mean" : 2354212.364023,
          "stddev" : 4739352.899525,
          "N" : 2118
        },
        "bw_min" : 1184,
        "bw_max" : 2112,
        "bw_agg" : 95.272132,
        "bw_mean" : 1613.333333,
        "bw_dev" : 300.559478,
        "bw_samples" : 9,
        "iops_min" : 296,
        "iops_max" : 528,
        "iops_mean" : 403.333333,
        "iops_stddev" : 75.139870,
        "iops_samples" : 9
      },
      "write" : {
        "io_bytes" : 0,
        "io_kbytes" : 0,
        "bw_bytes" : 0,
        "bw" : 0,
        "iops" : 0.000000,
        "runtime" : 0,
        "total_ios" : 0,
        "short_ios" : 0,
        "drop_ios" : 0,
        "slat_ns" : {
          "min" : 0,
          "max" : 0,
          "mean" : 0.000000,
          "stddev" : 0.000000,
          "N" : 0
        },
        "clat_ns" : {
          "min" : 0,
          "max" : 0,
          "mean" : 0.000000,
          "stddev" : 0.000000,
          "N" : 0
        },
        "lat_ns" : {
          "min" : 0,
          "max" : 0,
          "mean" : 0.000000,
          "stddev" : 0.000000,
          "N" : 0
        },
        "bw_min" : 0,
        "bw_max" : 0,
        "bw_agg" : 0.000000,
        "bw_mean" : 0.000000,
        "bw_dev" : 0.000000,
        "bw_samples" : 0,
        "iops_min" : 0,
        "iops_max" : 0,
        "iops_mean" : 0.000000,
        "iops_stddev" : 0.000000,
        "iops_samples" : 0
      },
      "trim" : {
        "io_bytes" : 0,
        "io_kbytes" : 0,
        "bw_bytes" : 0,
        "bw" : 0,
        "iops" : 0.000000,
        "runtime" : 0,
        "total_ios" : 0,
        "short_ios" : 0,
        "drop_ios" : 0,
        "slat_ns" : {
          "min" : 0,
          "max" : 0,
          "mean" : 0.000000,
          "stddev" : 0.000000,
          "N" : 0
        },
        "clat_ns" : {
          "min" : 0,
          "max" : 0,
          "mean" : 0.000000,
          "stddev" : 0.000000,
          "N" : 0
        },
        "lat_ns" : {
          "min" : 0,
          "max" : 0,
          "mean" : 0.000000,
          "stddev" : 0.000000,
          "N" : 0
        },
        "bw_min" : 0,
        "bw_max" : 0,
        "bw_agg" : 0.000000,
        "bw_mean" : 0.000000,
        "bw_dev" : 0.000000,
        "bw_samples" : 0,
        "iops_min" : 0,
        "iops_max" : 0,
        "iops_mean" : 0.000000,
        "iops_stddev" : 0.000000,
        "iops_samples" : 0
      },
      "sync" : {
        "total_ios" : 0,
        "lat_ns" : {
          "min" : 0,
          "max" : 0,
          "mean" : 0.000000,
          "stddev" : 0.000000,
          "N" : 0
        }
      },
      "job_runtime" : 5003,
      "usr_cpu" : 1.019388,
      "sys_cpu" : 3.697781,
      "ctx" : 2118,
      "majf" : 0,
      "minf" : 15,
      "iodepth_level" : {
        "1" : 100.000000,
        "2" : 0.000000,
        "4" : 0.000000,
        "8" : 0.000000,
        "16" : 0.000000,
        "32" : 0.000000,
        ">=64" : 0.000000
      },
      "iodepth_submit" : {
        "0" : 0.000000,
        "4" : 100.000000,
        "8" : 0.000000,
        "16" : 0.000000,
        "32" : 0.000000,
        "64" : 0.000000,
        ">=64" : 0.000000
      },
      "iodepth_complete" : {
        "0" : 0.000000,
        "4" : 100.000000,
        "8" : 0.000000,
        "16" : 0.000000,
        "32" : 0.000000,
        "64" : 0.000000,
        ">=64" : 0.000000
      },
      "latency_ns" : {
        "2" : 0.000000,
        "4" : 0.000000,
        "10" : 0.000000,
        "20" : 0.000000,
        "50" : 0.000000,
        "100" : 0.000000,
        "250" : 0.000000,
        "500" : 0.000000,
        "750" : 0.000000,
        "1000" : 0.000000
      },
      "latency_us" : {
        "2" : 0.000000,
        "4" : 0.000000,
        "10" : 0.000000,
        "20" : 0.000000,
        "50" : 0.000000,
        "100" : 0.000000,
        "250" : 49.669500,
        "500" : 13.078376,
        "750" : 0.283286,
        "1000" : 0.283286
      },
      "latency_ms" : {
        "2" : 3.777148,
        "4" : 8.498584,
        "10" : 23.796034,
        "20" : 0.330500,
        "50" : 0.236072,
        "100" : 0.000000,
        "250" : 0.047214,
        "500" : 0.000000,
        "750" : 0.000000,
        "1000" : 0.000000,
        "2000" : 0.000000,
        ">=2000" : 0.000000
      },
      "latency_depth" : 1,
      "latency_target" : 0,
      "latency_percentile" : 100.000000,
      "latency_window" : 0
    }
  ]
}
