{
  "fio version" : "fio-3.36",
  "timestamp" : 1752378297,
  "timestamp_ms" : 1752378297313,
  "time" : "Sun Jul 13 03:44:57 2025",
  "global options" : {
    "ioengine" : "libaio",
    "direct" : "0",
    "directory" : "/mnt/test",
    "buffer_compress_percentage" : "70",
    "buffer_pattern" : "0xdeadbeef"
  },
  "jobs" : [
    {
      "jobname" : "database_mysql_innodb_test",
      "groupid" : 0,
      "job_start" : 1752378261233,
      "error" : 0,
      "eta" : 0,
      "elapsed" : 37,
      "job options" : {
        "rw" : "randrw",
        "rwmixread" : "70",
        "size" : "1G",
        "numjobs" : "24",
        "runtime" : "60",
        "iodepth" : "16",
        "bssplit" : "16k"
      },
      "read" : {
        "io_bytes" : 18040209408,
        "io_kbytes" : 17617392,
        "bw_bytes" : 501228312,
        "bw" : 489480,
        "iops" : 30592.548344,
        "runtime" : 35992,
        "total_ios" : 1101087,
        "short_ios" : 0,
        "drop_ios" : 0,
        "slat_ns" : {
          "min" : 32697,
          "max" : 181362216,
          "mean" : 461688.640828,
          "stddev" : 1871649.094521,
          "N" : 1101087
        },
        "clat_ns" : {
          "min" : 1235,
          "max" : 225944857,
          "mean" : 7870709.025364,
          "stddev" : 7945924.557531,
          "N" : 1101087,
          "percentile" : {
            "1.000000" : 444416,
            "5.000000" : 544768,
            "10.000000" : 1318912,
            "20.000000" : 3063808,
            "30.000000" : 4489216,
            "40.000000" : 5931008,
            "50.000000" : 7176192,
            "60.000000" : 8224768,
            "70.000000" : 9371648,
            "80.000000" : 10551296,
            "90.000000" : 12910592,
            "95.000000" : 17170432,
            "99.000000" : 31850496,
            "99.500000" : 54263808,
            "99.900000" : 105381888,
            "99.950000" : 128450560,
            "99.990000" : 162529280
          }
        },
        "lat_ns" : {
          "min" : 36717,
          "max" : 225983878,
          "mean" : 8332397.666192,
          "stddev" : 8228535.901979,
          "N" : 1101087
        },
        "bw_min" : 167936,
        "bw_max" : 1894034,
        "bw_agg" : 100.000000,
        "bw_mean" : 500610.196396,
        "bw_dev" : 12158.661434,
        "bw_samples" : 1655,
        "iops_min" : 10496,
        "iops_max" : 118371,
        "iops_mean" : 31286.114837,
        "iops_stddev" : 759.895964,
        "iops_samples" : 1655
      },
      "write" : {
        "io_bytes" : 7729594368,
        "io_kbytes" : 7548432,
        "bw_bytes" : 214758678,
        "bw" : 209725,
        "iops" : 13107.829518,
        "runtime" : 35992,
        "total_ios" : 471777,
        "short_ios" : 0,
        "drop_ios" : 0,
        "slat_ns" : {
          "min" : 6322,
          "max" : 175175261,
          "mean" : 672819.723897,
          "stddev" : 1748883.077108,
          "N" : 471777
        },
        "clat_ns" : {
          "min" : 1962,
          "max" : 222031939,
          "mean" : 8262190.160932,
          "stddev" : 8103568.080223,
          "N" : 471777,
          "percentile" : {
            "1.000000" : 444416,
            "5.000000" : 544768,
            "10.000000" : 1384448,
            "20.000000" : 3293184,
            "30.000000" : 4816896,
            "40.000000" : 6324224,
            "50.000000" : 7634944,
            "60.000000" : 8716288,
            "70.000000" : 9764864,
            "80.000000" : 10944512,
            "90.000000" : 13434880,
            "95.000000" : 18481152,
            "99.000000" : 32636928,
            "99.500000" : 54263808,
            "99.900000" : 106430464,
            "99.950000" : 129499136,
            "99.990000" : 156237824
          }
        },
        "lat_ns" : {
          "min" : 205080,
          "max" : 225941500,
          "mean" : 8935009.884829,
          "stddev" : 8448868.496307,
          "N" : 471777
        },
        "bw_min" : 73888,
        "bw_max" : 805092,
        "bw_agg" : 100.000000,
        "bw_mean" : 214511.242797,
        "bw_dev" : 5212.257793,
        "bw_samples" : 1655,
        "iops_min" : 4618,
        "iops_max" : 50313,
        "iops_mean" : 13404.356311,
        "iops_stddev" : 325.743659,
        "iops_samples" : 1655
      },
      "trim" : {
        "io_bytes" : 0,
        "io_kbytes" : 0,
        "bw_bytes" : 0,
        "bw" : 0,
        "iops" : 0.000000,
        "runtime" : 0,
        "total_ios" : 0,
        "short_ios" : 0,
        "drop_ios" : 0,
        "slat_ns" : {
          "min" : 0,
          "max" : 0,
          "mean" : 0.000000,
          "stddev" : 0.000000,
          "N" : 0
        },
        "clat_ns" : {
          "min" : 0,
          "max" : 0,
          "mean" : 0.000000,
          "stddev" : 0.000000,
          "N" : 0
        },
        "lat_ns" : {
          "min" : 0,
          "max" : 0,
          "mean" : 0.000000,
          "stddev" : 0.000000,
          "N" : 0
        },
        "bw_min" : 0,
        "bw_max" : 0,
        "bw_agg" : 0.000000,
        "bw_mean" : 0.000000,
        "bw_dev" : 0.000000,
        "bw_samples" : 0,
        "iops_min" : 0,
        "iops_max" : 0,
        "iops_mean" : 0.000000,
        "iops_stddev" : 0.000000,
        "iops_samples" : 0
      },
      "sync" : {
        "total_ios" : 0,
        "lat_ns" : {
          "min" : 0,
          "max" : 0,
          "mean" : 0.000000,
          "stddev" : 0.000000,
          "N" : 0
        }
      },
      "job_runtime" : 837427,
      "usr_cpu" : 0.486610,
      "sys_cpu" : 6.464683,
      "ctx" : 1029742,
      "majf" : 0,
      "minf" : 320,
      "iodepth_level" : {
        "1" : 0.100000,
        "2" : 0.100000,
        "4" : 0.100000,
        "8" : 0.100000,
        "16" : 99.977112,
        "32" : 0.000000,
        ">=64" : 0.000000
      },
      "iodepth_submit" : {
        "0" : 0.000000,
        "4" : 100.000000,
        "8" : 0.000000,
        "16" : 0.000000,
        "32" : 0.000000,
        "64" : 0.000000,
        ">=64" : 0.000000
      },
      "iodepth_complete" : {
        "0" : 0.000000,
        "4" : 99.998474,
        "8" : 0.000000,
        "16" : 0.100000,
        "32" : 0.000000,
        "64" : 0.000000,
        ">=64" : 0.000000
      },
      "latency_ns" : {
        "2" : 0.000000,
        "4" : 0.000000,
        "10" : 0.000000,
        "20" : 0.000000,
        "50" : 0.000000,
        "100" : 0.000000,
        "250" : 0.000000,
        "500" : 0.000000,
        "750" : 0.000000,
        "1000" : 0.000000
      },
      "latency_us" : {
        "2" : 0.010000,
        "4" : 0.010000,
        "10" : 0.010000,
        "20" : 0.010000,
        "50" : 0.010000,
        "100" : 0.010000,
        "250" : 0.010000,
        "500" : 2.959569,
        "750" : 4.564285,
        "1000" : 1.000659
      },
      "latency_ms" : {
        "2" : 4.674466,
        "4" : 12.655703,
        "10" : 48.613358,
        "20" : 22.001394,
        "50" : 2.979787,
        "100" : 0.426165,
        "250" : 0.121244,
        "500" : 0.000000,
        "750" : 0.000000,
        "1000" : 0.000000,
        "2000" : 0.000000,
        ">=2000" : 0.000000
      },
      "latency_depth" : 16,
      "latency_target" : 0,
      "latency_percentile" : 100.000000,
      "latency_window" : 0
    }
  ]
}
