{
  "fio version" : "fio-3.36",
  "timestamp" : 1752521438,
  "timestamp_ms" : 1752521438627,
  "time" : "Mon Jul 14 19:30:38 2025",
  "global options" : {
    "ioengine" : "libaio",
    "direct" : "1",
    "directory" : "/mnt/test"
  },
  "jobs" : [
    {
      "jobname" : "database_test",
      "groupid" : 0,
      "job_start" : 1752521378557,
      "error" : 0,
      "eta" : 0,
      "elapsed" : 61,
      "job options" : {
        "rw" : "randrw",
        "rwmixread" : "70",
        "size" : "1G",
        "numjobs" : "24",
        "runtime" : "60",
        "iodepth" : "16",
        "bssplit" : "4k/80:8k/20"
      },
      "read" : {
        "io_bytes" : 9023229952,
        "io_kbytes" : 8811748,
        "bw_bytes" : 150309505,
        "bw" : 146786,
        "iops" : 31566.473988,
        "runtime" : 60031,
        "total_ios" : 1894967,
        "short_ios" : 0,
        "drop_ios" : 0,
        "slat_ns" : {
          "min" : 3225,
          "max" : 107679511,
          "mean" : 184469.141114,
          "stddev" : 1676977.169996,
          "N" : 1894967
        },
        "clat_ns" : {
          "min" : 44967,
          "max" : 443509910,
          "mean" : 8577403.740448,
          "stddev" : 15957021.308170,
          "N" : 1894967,
          "percentile" : {
            "1.000000" : 790528,
            "5.000000" : 1695744,
            "10.000000" : 2179072,
            "20.000000" : 2736128,
            "30.000000" : 3260416,
            "40.000000" : 3817472,
            "50.000000" : 4489216,
            "60.000000" : 5341184,
            "70.000000" : 6782976,
            "80.000000" : 9109504,
            "90.000000" : 14745600,
            "95.000000" : 20840448,
            "99.000000" : 102236160,
            "99.500000" : 108527616,
            "99.900000" : 124256256,
            "99.950000" : 137363456,
            "99.990000" : 164626432
          }
        },
        "lat_ns" : {
          "min" : 89545,
          "max" : 443675078,
          "mean" : 8761872.881562,
          "stddev" : 16081130.795856,
          "N" : 1894967
        },
        "bw_min" : 66216,
        "bw_max" : 204386,
        "bw_agg" : 100.000000,
        "bw_mean" : 147107.327731,
        "bw_dev" : 972.921971,
        "bw_samples" : 2856,
        "iops_min" : 14426,
        "iops_max" : 43559,
        "iops_mean" : 31627.445378,
        "iops_stddev" : 209.835031,
        "iops_samples" : 2856
      },
      "write" : {
        "io_bytes" : 3867774976,
        "io_kbytes" : 3777124,
        "bw_bytes" : 64429627,
        "bw" : 62919,
        "iops" : 13531.791908,
        "runtime" : 60031,
        "total_ios" : 812327,
        "short_ios" : 0,
        "drop_ios" : 0,
        "slat_ns" : {
          "min" : 2318,
          "max" : 16249264,
          "mean" : 56443.823644,
          "stddev" : 201618.745570,
          "N" : 812327
        },
        "clat_ns" : {
          "min" : 2107,
          "max" : 443703907,
          "mean" : 7865021.022391,
          "stddev" : 16036578.581519,
          "N" : 812327,
          "percentile" : {
            "1.000000" : 489472,
            "5.000000" : 1236992,
            "10.000000" : 1679360,
            "20.000000" : 2211840,
            "30.000000" : 2670592,
            "40.000000" : 3096576,
            "50.000000" : 3719168,
            "60.000000" : 4620288,
            "70.000000" : 5931008,
            "80.000000" : 8028160,
            "90.000000" : 13434880,
            "95.000000" : 19529728,
            "99.000000" : 101187584,
            "99.500000" : 106430464,
            "99.900000" : 121110528,
            "99.950000" : 132644864,
            "99.990000" : 168820736
          }
        },
        "lat_ns" : {
          "min" : 32803,
          "max" : 443707046,
          "mean" : 7921464.846035,
          "stddev" : 16036119.186677,
          "N" : 812327
        },
        "bw_min" : 28936,
        "bw_max" : 89609,
        "bw_agg" : 100.000000,
        "bw_mean" : 63054.226891,
        "bw_dev" : 444.918658,
        "bw_samples" : 2856,
        "iops_min" : 6278,
        "iops_max" : 19272,
        "iops_mean" : 13555.554622,
        "iops_stddev" : 95.773768,
        "iops_samples" : 2856
      },
      "trim" : {
        "io_bytes" : 0,
        "io_kbytes" : 0,
        "bw_bytes" : 0,
        "bw" : 0,
        "iops" : 0.000000,
        "runtime" : 0,
        "total_ios" : 0,
        "short_ios" : 0,
        "drop_ios" : 0,
        "slat_ns" : {
          "min" : 0,
          "max" : 0,
          "mean" : 0.000000,
          "stddev" : 0.000000,
          "N" : 0
        },
        "clat_ns" : {
          "min" : 0,
          "max" : 0,
          "mean" : 0.000000,
          "stddev" : 0.000000,
          "N" : 0
        },
        "lat_ns" : {
          "min" : 0,
          "max" : 0,
          "mean" : 0.000000,
          "stddev" : 0.000000,
          "N" : 0
        },
        "bw_min" : 0,
        "bw_max" : 0,
        "bw_agg" : 0.000000,
        "bw_mean" : 0.000000,
        "bw_dev" : 0.000000,
        "bw_samples" : 0,
        "iops_min" : 0,
        "iops_max" : 0,
        "iops_mean" : 0.000000,
        "iops_stddev" : 0.000000,
        "iops_samples" : 0
      },
      "sync" : {
        "total_ios" : 0,
        "lat_ns" : {
          "min" : 0,
          "max" : 0,
          "mean" : 0.000000,
          "stddev" : 0.000000,
          "N" : 0
        }
      },
      "job_runtime" : 1440667,
      "usr_cpu" : 1.167654,
      "sys_cpu" : 5.878388,
      "ctx" : 992750,
      "majf" : 0,
      "minf" : 359,
      "iodepth_level" : {
        "1" : 0.100000,
        "2" : 0.100000,
        "4" : 0.100000,
        "8" : 0.100000,
        "16" : 99.986703,
        "32" : 0.000000,
        ">=64" : 0.000000
      },
      "iodepth_submit" : {
        "0" : 0.000000,
        "4" : 100.000000,
        "8" : 0.000000,
        "16" : 0.000000,
        "32" : 0.000000,
        "64" : 0.000000,
        ">=64" : 0.000000
      },
      "iodepth_complete" : {
        "0" : 0.000000,
        "4" : 99.999113,
        "8" : 0.000000,
        "16" : 0.100000,
        "32" : 0.000000,
        "64" : 0.000000,
        ">=64" : 0.000000
      },
      "latency_ns" : {
        "2" : 0.000000,
        "4" : 0.000000,
        "10" : 0.000000,
        "20" : 0.000000,
        "50" : 0.000000,
        "100" : 0.000000,
        "250" : 0.000000,
        "500" : 0.000000,
        "750" : 0.000000,
        "1000" : 0.000000
      },
      "latency_us" : {
        "2" : 0.000000,
        "4" : 0.010000,
        "10" : 0.010000,
        "20" : 0.010000,
        "50" : 0.010000,
        "100" : 0.010000,
        "250" : 0.060097,
        "500" : 0.417797,
        "750" : 0.777566,
        "1000" : 0.928196
      },
      "latency_ms" : {
        "2" : 7.830143,
        "4" : 36.129397,
        "10" : 37.064131,
        "20" : 11.573401,
        "50" : 2.713595,
        "100" : 1.256679,
        "250" : 1.238321,
        "500" : 0.010000,
        "750" : 0.000000,
        "1000" : 0.000000,
        "2000" : 0.000000,
        ">=2000" : 0.000000
      },
      "latency_depth" : 16,
      "latency_target" : 0,
      "latency_percentile" : 100.000000,
      "latency_window" : 0
    }
  ],
  "disk_util" : [
    {
      "name" : "bcache0",
      "read_ios" : 1894725,
      "write_ios" : 813182,
      "read_sectors" : 17621200,
      "write_sectors" : 0,
      "read_merges" : 0,
      "write_merges" : 0,
      "read_ticks" : 12573170,
      "write_ticks" : 4722709,
      "in_queue" : 17295879,
      "util" : 100.000000,
      "aggr_read_ios" : 947489,
      "aggr_write_ios" : 1361910,
      "aggr_read_sectors" : 8811748,
      "aggr_write_sectors" : 14152020,
      "aggr_read_merges" : 0,
      "aggr_write_merge" : 40,
      "aggr_read_ticks" : 5725919,
      "aggr_write_ticks" : 2334669,
      "aggr_in_queue" : 8060620,
      "aggr_util" : 59.770211
    },
    {
      "name" : "nvme0n1",