{
  "fio version" : "fio-3.36",
  "timestamp" : 1750551621,
  "timestamp_ms" : 1750551621938,
  "time" : "Sun Jun 22 00:20:21 2025",
  "global options" : {
    "ioengine" : "libaio",
    "direct" : "1",
    "directory" : "/mnt/test"
  },
  "jobs" : [
    {
      "jobname" : "webserver_test",
      "groupid" : 0,
      "job_start" : 1750551619819,
      "error" : 0,
      "eta" : 0,
      "elapsed" : 3,
      "job options" : {
        "rw" : "randread",
        "size" : "2M",
        "numjobs" : "16",
        "runtime" : "120",
        "iodepth" : "32",
        "bssplit" : "4k/90:8k/10"
      },
      "read" : {
        "io_bytes" : 33554432,
        "io_kbytes" : 32768,
        "bw_bytes" : 16093252,
        "bw" : 15716,
        "iops" : 3705.035971,
        "runtime" : 2085,
        "total_ios" : 7725,
        "short_ios" : 0,
        "drop_ios" : 0,
        "slat_ns" : {
          "min" : 4468,
          "max" : 257210008,
          "mean" : 3994957.728673,
          "stddev" : 8416054.312814,
          "N" : 7725
        },
        "clat_ns" : {
          "min" : 1561105,
          "max" : 616760842,
          "mean" : 126292915.293981,
          "stddev" : 65323760.688721,
          "N" : 7725,
          "percentile" : {
            "1.000000" : 15794176,
            "5.000000" : 34865152,
            "10.000000" : 45875200,
            "20.000000" : 70778880,
            "30.000000" : 91750400,
            "40.000000" : 108527616,
            "50.000000" : 121110528,
            "60.000000" : 135266304,
            "70.000000" : 149946368,
            "80.000000" : 170917888,
            "90.000000" : 202375168,
            "95.000000" : 240123904,
            "99.000000" : 350224384,
            "99.500000" : 387973120,
            "99.900000" : 421527552,
            "99.950000" : 505413632,
            "99.990000" : 616562688
          }
        },
        "lat_ns" : {
          "min" : 1609154,
          "max" : 666975723,
          "mean" : 130287873.022654,
          "stddev" : 66770889.025051,
          "N" : 7725
        },
        "bw_min" : 12480,
        "bw_max" : 19728,
        "bw_agg" : 100.000000,
        "bw_mean" : 15942.000000,
        "bw_dev" : 201.147817,
        "bw_samples" : 58,
        "iops_min" : 2936,
        "iops_max" : 4600,
        "iops_mean" : 3741.833333,
        "iops_stddev" : 47.061426,
        "iops_samples" : 58
      },
      "write" : {
        "io_bytes" : 0,
        "io_kbytes" : 0,
        "bw_bytes" : 0,
        "bw" : 0,
        "iops" : 0.000000,
        "runtime" : 0,
        "total_ios" : 0,
        "short_ios" : 0,
        "drop_ios" : 0,
        "slat_ns" : {
          "min" : 0,
          "max" : 0,
          "mean" : 0.000000,
          "stddev" : 0.000000,
          "N" : 0
        },
        "clat_ns" : {
          "min" : 0,
          "max" : 0,
          "mean" : 0.000000,
          "stddev" : 0.000000,
          "N" : 0
        },
        "lat_ns" : {
          "min" : 0,
          "max" : 0,
          "mean" : 0.000000,
          "stddev" : 0.000000,
          "N" : 0
        },
        "bw_min" : 0,
        "bw_max" : 0,
        "bw_agg" : 0.000000,
        "bw_mean" : 0.000000,
        "bw_dev" : 0.000000,
        "bw_samples" : 0,
        "iops_min" : 0,
        "iops_max" : 0,
        "iops_mean" : 0.000000,
        "iops_stddev" : 0.000000,
        "iops_samples" : 0
      },
      "trim" : {
        "io_bytes" : 0,
        "io_kbytes" : 0,
        "bw_bytes" : 0,
        "bw" : 0,
        "iops" : 0.000000,
        "runtime" : 0,
        "total_ios" : 0,
        "short_ios" : 0,
        "drop_ios" : 0,
        "slat_ns" : {
          "min" : 0,
          "max" : 0,
          "mean" : 0.000000,
          "stddev" : 0.000000,
          "N" : 0
        },
        "clat_ns" : {
          "min" : 0,
          "max" : 0,
          "mean" : 0.000000,
          "stddev" : 0.000000,
          "N" : 0
        },
        "lat_ns" : {
          "min" : 0,
          "max" : 0,
          "mean" : 0.000000,
          "stddev" : 0.000000,
          "N" : 0
        },
        "bw_min" : 0,
        "bw_max" : 0,
        "bw_agg" : 0.000000,
        "bw_mean" : 0.000000,
        "bw_dev" : 0.000000,
        "bw_samples" : 0,
        "iops_min" : 0,
        "iops_max" : 0,
        "iops_mean" : 0.000000,
        "iops_stddev" : 0.000000,
        "iops_samples" : 0
      },
      "sync" : {
        "total_ios" : 0,
        "lat_ns" : {
          "min" : 0,
          "max" : 0,
          "mean" : 0.000000,
          "stddev" : 0.000000,
          "N" : 0
        }
      },
      "job_runtime" : 32075,
      "usr_cpu" : 0.258769,
      "sys_cpu" : 1.814497,
      "ctx" : 7873,
      "majf" : 0,
      "minf" : 1008,
      "iodepth_level" : {
        "1" : 0.207120,
        "2" : 0.414239,
        "4" : 0.828479,
        "8" : 1.656958,
        "16" : 3.313916,
        "32" : 93.579288,
        ">=64" : 0.000000
      },
      "iodepth_submit" : {
        "0" : 0.000000,
        "4" : 100.000000,
        "8" : 0.000000,
        "16" : 0.000000,
        "32" : 0.000000,
        "64" : 0.000000,
        ">=64" : 0.000000
      },
      "iodepth_complete" : {
        "0" : 0.000000,
        "4" : 99.779158,
        "8" : 0.000000,
        "16" : 0.000000,
        "32" : 0.220842,
        "64" : 0.000000,
        ">=64" : 0.000000
      },
      "latency_ns" : {
        "2" : 0.000000,
        "4" : 0.000000,
        "10" : 0.000000,
        "20" : 0.000000,
        "50" : 0.000000,
        "100" : 0.000000,
        "250" : 0.000000,
        "500" : 0.000000,
        "750" : 0.000000,
        "1000" : 0.000000
      },
      "latency_us" : {
        "2" : 0.000000,
        "4" : 0.000000,
        "10" : 0.000000,
        "20" : 0.000000,
        "50" : 0.000000,
        "100" : 0.000000,
        "250" : 0.000000,
        "500" : 0.000000,
        "750" : 0.000000,
        "1000" : 0.000000
      },
      "latency_ms" : {
        "2" : 0.051780,
        "4" : 0.181230,
        "10" : 0.271845,
        "20" : 1.203883,
        "50" : 10.058252,
        "100" : 22.433657,
        "250" : 61.423948,
        "500" : 4.323625,
        "750" : 0.051780,
        "1000" : 0.000000,
        "2000" : 0.000000,
        ">=2000" : 0.000000
      },
      "latency_depth" : 32,
      "latency_target" : 0,
      "latency_percentile" : 100.000000,
      "latency_window" : 0
    }
  ]
}
