{
  "fio version" : "fio-3.36",
  "timestamp" : 1750968161,
  "timestamp_ms" : 1750968161736,
  "time" : "Thu Jun 26 20:02:41 2025",
  "global options" : {
    "ioengine" : "libaio",
    "direct" : "1",
    "directory" : "/mnt/test"
  },
  "jobs" : [
    {
      "jobname" : "database_test",
      "groupid" : 0,
      "job_start" : 1750968101663,
      "error" : 0,
      "eta" : 0,
      "elapsed" : 61,
      "job options" : {
        "rw" : "randrw",
        "rwmixread" : "70",
        "size" : "1G",
        "numjobs" : "8",
        "runtime" : "60",
        "iodepth" : "16",
        "bssplit" : "4k/80:8k/20"
      },
      "read" : {
        "io_bytes" : 4967149568,
        "io_kbytes" : 4850732,
        "bw_bytes" : 82758240,
        "bw" : 80818,
        "iops" : 17689.053649,
        "runtime" : 60020,
        "total_ios" : 1061697,
        "short_ios" : 0,
        "drop_ios" : 0,
        "slat_ns" : {
          "min" : 1277,
          "max" : 39802686,
          "mean" : 297265.798403,
          "stddev" : 691169.687522,
          "N" : 1061697
        },
        "clat_ns" : {
          "min" : 458325,
          "max" : 63787541,
          "mean" : 4779733.031590,
          "stddev" : 3892439.446313,
          "N" : 1061697,
          "percentile" : {
            "1.000000" : 1286144,
            "5.000000" : 1777664,
            "10.000000" : 2113536,
            "20.000000" : 2572288,
            "30.000000" : 2998272,
            "40.000000" : 3358720,
            "50.000000" : 3784704,
            "60.000000" : 4292608,
            "70.000000" : 4882432,
            "80.000000" : 5931008,
            "90.000000" : 8454144,
            "95.000000" : 10813440,
            "99.000000" : 20840448,
            "99.500000" : 28966912,
            "99.900000" : 46923776,
            "99.950000" : 51118080,
            "99.990000" : 56360960
          }
        },
        "lat_ns" : {
          "min" : 465157,
          "max" : 66007751,
          "mean" : 5076998.829993,
          "stddev" : 4074634.620387,
          "N" : 1061697
        },
        "bw_min" : 23264,
        "bw_max" : 107840,
        "bw_agg" : 100.000000,
        "bw_mean" : 81337.411765,
        "bw_dev" : 3029.637383,
        "bw_samples" : 952,
        "iops_min" : 5282,
        "iops_max" : 23140,
        "iops_mean" : 17800.705882,
        "iops_stddev" : 649.391519,
        "iops_samples" : 952
      },
      "write" : {
        "io_bytes" : 2130132992,
        "io_kbytes" : 2080208,
        "bw_bytes" : 35490386,
        "bw" : 34658,
        "iops" : 7582.822393,
        "runtime" : 60020,
        "total_ios" : 455121,
        "short_ios" : 0,
        "drop_ios" : 0,
        "slat_ns" : {
          "min" : 1508,
          "max" : 43233221,
          "mean" : 314811.319302,
          "stddev" : 699639.207813,
          "N" : 455121
        },
        "clat_ns" : {
          "min" : 106150,
          "max" : 76744317,
          "mean" : 4713473.968595,
          "stddev" : 4487254.482591,
          "N" : 455121,
          "percentile" : {
            "1.000000" : 618496,
            "5.000000" : 1187840,
            "10.000000" : 1597440,
            "20.000000" : 2179072,
            "30.000000" : 2670592,
            "40.000000" : 3129344,
            "50.000000" : 3620864,
            "60.000000" : 4177920,
            "70.000000" : 4947968,
            "80.000000" : 6062080,
            "90.000000" : 8716288,
            "95.000000" : 11468800,
            "99.000000" : 24510464,
            "99.500000" : 31850496,
            "99.900000" : 52166656,
            "99.950000" : 55312384,
            "99.990000" : 61079552
          }
        },
        "lat_ns" : {
          "min" : 117676,
          "max" : 76786575,
          "mean" : 5028285.287897,
          "stddev" : 4660043.830932,
          "N" : 455121
        },
        "bw_min" : 10088,
        "bw_max" : 47168,
        "bw_agg" : 100.000000,
        "bw_mean" : 34886.117647,
        "bw_dev" : 1311.785919,
        "bw_samples" : 952,
        "iops_min" : 2310,
        "iops_max" : 10110,
        "iops_mean" : 7631.781513,
        "iops_stddev" : 280.593423,
        "iops_samples" : 952
      },
      "trim" : {
        "io_bytes" : 0,
        "io_kbytes" : 0,
        "bw_bytes" : 0,
        "bw" : 0,
        "iops" : 0.000000,
        "runtime" : 0,
        "total_ios" : 0,
        "short_ios" : 0,
        "drop_ios" : 0,
        "slat_ns" : {
          "min" : 0,
          "max" : 0,
          "mean" : 0.000000,
          "stddev" : 0.000000,
          "N" : 0
        },
        "clat_ns" : {
          "min" : 0,
          "max" : 0,
          "mean" : 0.000000,
          "stddev" : 0.000000,
          "N" : 0
        },
        "lat_ns" : {
          "min" : 0,
          "max" : 0,
          "mean" : 0.000000,
          "stddev" : 0.000000,
          "N" : 0
        },
        "bw_min" : 0,
        "bw_max" : 0,
        "bw_agg" : 0.000000,
        "bw_mean" : 0.000000,
        "bw_dev" : 0.000000,
        "bw_samples" : 0,
        "iops_min" : 0,
        "iops_max" : 0,
        "iops_mean" : 0.000000,
        "iops_stddev" : 0.000000,
        "iops_samples" : 0
      },
      "sync" : {
        "total_ios" : 0,
        "lat_ns" : {
          "min" : 0,
          "max" : 0,
          "mean" : 0.000000,
          "stddev" : 0.000000,
          "N" : 0
        }
      },
      "job_runtime" : 480140,
      "usr_cpu" : 1.620569,
      "sys_cpu" : 7.941434,
      "ctx" : 1493547,
      "majf" : 0,
      "minf" : 108,
      "iodepth_level" : {
        "1" : 0.100000,
        "2" : 0.100000,
        "4" : 0.100000,
        "8" : 0.100000,
        "16" : 99.992089,
        "32" : 0.000000,
        ">=64" : 0.000000
      },
      "iodepth_submit" : {
        "0" : 0.000000,
        "4" : 100.000000,
        "8" : 0.000000,
        "16" : 0.000000,
        "32" : 0.000000,
        "64" : 0.000000,
        ">=64" : 0.000000
      },
      "iodepth_complete" : {
        "0" : 0.000000,
        "4" : 99.999473,
        "8" : 0.000000,
        "16" : 0.100000,
        "32" : 0.000000,
        "64" : 0.000000,
        ">=64" : 0.000000
      },
      "latency_ns" : {
        "2" : 0.000000,
        "4" : 0.000000,
        "10" : 0.000000,
        "20" : 0.000000,
        "50" : 0.000000,
        "100" : 0.000000,
        "250" : 0.000000,
        "500" : 0.000000,
        "750" : 0.000000,
        "1000" : 0.000000
      },
      "latency_us" : {
        "2" : 0.000000,
        "4" : 0.000000,
        "10" : 0.000000,
        "20" : 0.000000,
        "50" : 0.000000,
        "100" : 0.000000,
        "250" : 0.012988,
        "500" : 0.144579,
        "750" : 0.358909,
        "1000" : 0.636266
      },
      "latency_ms" : {
        "2" : 9.584670,
        "4" : 44.715384,
        "10" : 37.711182,
        "20" : 5.680312,
        "50" : 1.070596,
        "100" : 0.085112,
        "250" : 0.000000,
        "500" : 0.000000,
        "750" : 0.000000,
        "1000" : 0.000000,
        "2000" : 0.000000,
        ">=2000" : 0.000000
      },
      "latency_depth" : 16,
      "latency_target" : 0,
      "latency_percentile" : 100.000000,
      "latency_window" : 0
    }
  ],
  "disk_util" : [
    {
      "name" : "sdb",
      "read_ios" : 1061001,
      "write_ios" : 457642,
      "read_sectors" : 9695736,
      "write_sectors" : 7013072,
      "read_merges" : 54,
      "write_merges" : 101,
      "read_ticks" : 2641371,
      "write_ticks" : 1152331,
      "in_queue" : 3793764,
      "util" : 82.224520
    }
  ]
}
