{
  "fio version" : "fio-3.36",
  "timestamp" : 1752969847,
  "timestamp_ms" : 1752969847050,
  "time" : "Sun Jul 20 00:04:07 2025",
  "global options" : {
    "ioengine" : "libaio",
    "direct" : "1",
    "directory" : "/mnt/test",
    "buffer_compress_percentage" : "70",
    "buffer_pattern" : "0xdeadbeef"
  },
  "jobs" : [
    {
      "jobname" : "database_mysql_innodb_test",
      "groupid" : 0,
      "job_start" : 1752969786655,
      "error" : 0,
      "eta" : 0,
      "elapsed" : 61,
      "job options" : {
        "rw" : "randrw",
        "rwmixread" : "70",
        "size" : "1G",
        "numjobs" : "24",
        "runtime" : "60",
        "iodepth" : "16",
        "bssplit" : "16k"
      },
      "read" : {
        "io_bytes" : 3613573120,
        "io_kbytes" : 3528880,
        "bw_bytes" : 59861066,
        "bw" : 58458,
        "iops" : 3653.629527,
        "runtime" : 60366,
        "total_ios" : 220555,
        "short_ios" : 0,
        "drop_ios" : 0,
        "slat_ns" : {
          "min" : 3921,
          "max" : 2567276968,
          "mean" : 5492705.432740,
          "stddev" : 42041211.302331,
          "N" : 220555
        },
        "clat_ns" : {
          "min" : 1125,
          "max" : 12919722132,
          "mean" : 57377876.684346,
          "stddev" : 368942061.658660,
          "N" : 220555,
          "percentile" : {
            "1.000000" : 325632,
            "5.000000" : 354304,
            "10.000000" : 374784,
            "20.000000" : 395264,
            "30.000000" : 411648,
            "40.000000" : 423936,
            "50.000000" : 440320,
            "60.000000" : 452608,
            "70.000000" : 473088,
            "80.000000" : 497664,
            "90.000000" : 536576,
            "95.000000" : 4489216,
            "99.000000" : 1686110208,
            "99.500000" : 2088763392,
            "99.900000" : 5133828096,
            "99.950000" : 6073352192,
            "99.990000" : 9193914368
          }
        },
        "lat_ns" : {
          "min" : 32302,
          "max" : 13123342516,
          "mean" : 62870582.117086,
          "stddev" : 401504507.323807,
          "N" : 220555
        },
        "bw_min" : 727752,
        "bw_max" : 2529130,
        "bw_agg" : 100.000000,
        "bw_mean" : 1236796.457990,
        "bw_dev" : 8748.087017,
        "bw_samples" : 2116,
        "iops_min" : 45483,
        "iops_max" : 158068,
        "iops_mean" : 77299.129788,
        "iops_stddev" : 546.751603,
        "iops_samples" : 2116
      },
      "write" : {
        "io_bytes" : 1550499840,
        "io_kbytes" : 1514160,
        "bw_bytes" : 25684985,
        "bw" : 25082,
        "iops" : 1567.687109,
        "runtime" : 60366,
        "total_ios" : 94635,
        "short_ios" : 0,
        "drop_ios" : 0,
        "slat_ns" : {
          "min" : 5985,
          "max" : 18027414,
          "mean" : 16517.254409,
          "stddev" : 170912.386308,
          "N" : 94635
        },
        "clat_ns" : {
          "min" : 1276,
          "max" : 11557478910,
          "mean" : 58687625.100386,
          "stddev" : 380253752.868126,
          "N" : 94635,
          "percentile" : {
            "1.000000" : 325632,
            "5.000000" : 354304,
            "10.000000" : 374784,
            "20.000000" : 395264,
            "30.000000" : 411648,
            "40.000000" : 423936,
            "50.000000" : 440320,
            "60.000000" : 456704,
            "70.000000" : 473088,
            "80.000000" : 497664,
            "90.000000" : 544768,
            "95.000000" : 4489216,
            "99.000000" : 1719664640,
            "99.500000" : 2139095040,
            "99.900000" : 5133828096,
            "99.950000" : 6274678784,
            "99.990000" : 10267656192
          }
        },
        "lat_ns" : {
          "min" : 9978,
          "max" : 11557551296,
          "mean" : 58704142.354795,
          "stddev" : 380267225.875310,
          "N" : 94635
        },
        "bw_min" : 307656,
        "bw_max" : 1093483,
        "bw_agg" : 100.000000,
        "bw_mean" : 529692.273132,
        "bw_dev" : 4298.873825,
        "bw_samples" : 1645,
        "iops_min" : 19225,
        "iops_max" : 68338,
        "iops_mean" : 33104.955247,
        "iops_stddev" : 268.671032,
        "iops_samples" : 1645
      },
      "trim" : {
        "io_bytes" : 0,
        "io_kbytes" : 0,
        "bw_bytes" : 0,
        "bw" : 0,
        "iops" : 0.000000,
        "runtime" : 0,
        "total_ios" : 0,
        "short_ios" : 0,
        "drop_ios" : 0,
        "slat_ns" : {
          "min" : 0,
          "max" : 0,
          "mean" : 0.000000,
          "stddev" : 0.000000,
          "N" : 0
        },
        "clat_ns" : {
          "min" : 0,
          "max" : 0,
          "mean" : 0.000000,
          "stddev" : 0.000000,
          "N" : 0
        },
        "lat_ns" : {
          "min" : 0,
          "max" : 0,
          "mean" : 0.000000,
          "stddev" : 0.000000,
          "N" : 0
        },
        "bw_min" : 0,
        "bw_max" : 0,
        "bw_agg" : 0.000000,
        "bw_mean" : 0.000000,
        "bw_dev" : 0.000000,
        "bw_samples" : 0,
        "iops_min" : 0,
        "iops_max" : 0,
        "iops_mean" : 0.000000,
        "iops_stddev" : 0.000000,
        "iops_samples" : 0
      },
      "sync" : {
        "total_ios" : 0,
        "lat_ns" : {
          "min" : 0,
          "max" : 0,
          "mean" : 0.000000,
          "stddev" : 0.000000,
          "N" : 0
        }
      },
      "job_runtime" : 1214126,
      "usr_cpu" : 0.057490,
      "sys_cpu" : 0.807247,
      "ctx" : 8360,
      "majf" : 0,
      "minf" : 356,
      "iodepth_level" : {
        "1" : 0.100000,
        "2" : 0.100000,
        "4" : 0.100000,
        "8" : 0.100000,
        "16" : 99.885783,
        "32" : 0.000000,
        ">=64" : 0.000000
      },
      "iodepth_submit" : {
        "0" : 0.000000,
        "4" : 100.000000,
        "8" : 0.000000,
        "16" : 0.000000,
        "32" : 0.000000,
        "64" : 0.000000,
        ">=64" : 0.000000
      },
      "iodepth_complete" : {
        "0" : 0.000000,
        "4" : 99.992377,
        "8" : 0.000000,
        "16" : 0.100000,
        "32" : 0.000000,
        "64" : 0.000000,
        ">=64" : 0.000000
      },
      "latency_ns" : {
        "2" : 0.000000,
        "4" : 0.000000,
        "10" : 0.000000,
        "20" : 0.000000,
        "50" : 0.000000,
        "100" : 0.000000,
        "250" : 0.000000,
        "500" : 0.000000,
        "750" : 0.000000,
        "1000" : 0.000000
      },
      "latency_us" : {
        "2" : 0.010000,
        "4" : 0.000000,
        "10" : 0.000000,
        "20" : 0.010000,
        "50" : 0.010000,
        "100" : 0.010000,
        "250" : 0.012373,
        "500" : 81.218630,
        "750" : 12.595260,
        "1000" : 0.205908
      },
      "latency_ms" : {
        "2" : 0.295060,
        "4" : 0.512389,
        "10" : 1.158666,
        "20" : 0.527618,
        "50" : 0.023795,
        "100" : 0.011739,
        "250" : 0.014594,
        "500" : 0.032679,
        "750" : 0.096767,
        "1000" : 0.420064,
        "2000" : 2.278626,
        ">=2000" : 0.584092
      },
      "latency_depth" : 16,
      "latency_target" : 0,
      "latency_percentile" : 100.000000,
      "latency_window" : 0
    }
  ]
}
