{
  "fio version" : "fio-3.36",
  "timestamp" : 1752275956,
  "timestamp_ms" : 1752275956704,
  "time" : "Fri Jul 11 23:19:16 2025",
  "global options" : {
    "ioengine" : "libaio",
    "direct" : "0",
    "directory" : "/mnt/test",
    "buffer_compress_percentage" : "70",
    "buffer_pattern" : "0xdeadbeef"
  },
  "jobs" : [
    {
      "jobname" : "database_mysql_innodb_test",
      "groupid" : 0,
      "job_start" : 1752275896572,
      "error" : 0,
      "eta" : 0,
      "elapsed" : 61,
      "job options" : {
        "rw" : "randrw",
        "rwmixread" : "70",
        "size" : "1G",
        "numjobs" : "24",
        "runtime" : "60",
        "iodepth" : "16",
        "bssplit" : "16k"
      },
      "read" : {
        "io_bytes" : 265175040,
        "io_kbytes" : 258960,
        "bw_bytes" : 4412597,
        "bw" : 4309,
        "iops" : 269.323571,
        "runtime" : 60095,
        "total_ios" : 16185,
        "short_ios" : 0,
        "drop_ios" : 0,
        "slat_ns" : {
          "min" : 3046939,
          "max" : 2019606421,
          "mean" : 88982635.207476,
          "stddev" : 121160668.665931,
          "N" : 16185
        },
        "clat_ns" : {
          "min" : 8795,
          "max" : 8275641672,
          "mean" : 917644688.775224,
          "stddev" : 583948661.117372,
          "N" : 16185,
          "percentile" : {
            "1.000000" : 210763776,
            "5.000000" : 329252864,
            "10.000000" : 408944640,
            "20.000000" : 526385152,
            "30.000000" : 616562688,
            "40.000000" : 717225984,
            "50.000000" : 809500672,
            "60.000000" : 910163968,
            "70.000000" : 1044381696,
            "80.000000" : 1199570944,
            "90.000000" : 1451229184,
            "95.000000" : 1769996288,
            "99.000000" : 3372220416,
            "99.500000" : 4177526784,
            "99.900000" : 6140461056,
            "99.950000" : 6744440832,
            "99.990000" : 8153726976
          }
        },
        "lat_ns" : {
          "min" : 36598322,
          "max" : 8282582656,
          "mean" : 1006627323.982700,
          "stddev" : 622797773.791177,
          "N" : 16185
        },
        "bw_min" : 800,
        "bw_max" : 12832,
        "bw_agg" : 100.000000,
        "bw_mean" : 4482.096540,
        "bw_dev" : 107.190373,
        "bw_samples" : 2660,
        "iops_min" : 50,
        "iops_max" : 802,
        "iops_mean" : 280.131034,
        "iops_stddev" : 6.699398,
        "iops_samples" : 2660
      },
      "write" : {
        "io_bytes" : 117358592,
        "io_kbytes" : 114608,
        "bw_bytes" : 1952884,
        "bw" : 1907,
        "iops" : 119.194609,
        "runtime" : 60095,
        "total_ios" : 7163,
        "short_ios" : 0,
        "drop_ios" : 0,
        "slat_ns" : {
          "min" : 5967,
          "max" : 416812,
          "mean" : 54230.093676,
          "stddev" : 18693.142502,
          "N" : 7163
        },
        "clat_ns" : {
          "min" : 50427203,
          "max" : 7937933810,
          "mean" : 917975500.789613,
          "stddev" : 602335503.488636,
          "N" : 7163,
          "percentile" : {
            "1.000000" : 206569472,
            "5.000000" : 333447168,
            "10.000000" : 408944640,
            "20.000000" : 534773760,
            "30.000000" : 624951296,
            "40.000000" : 708837376,
            "50.000000" : 792723456,
            "60.000000" : 893386752,
            "70.000000" : 1027604480,
            "80.000000" : 1199570944,
            "90.000000" : 1451229184,
            "95.000000" : 1786773504,
            "99.000000" : 3707764736,
            "99.500000" : 4462739456,
            "99.900000" : 6610223104,
            "99.950000" : 7616856064,
            "99.990000" : 7952400384
          }
        },
        "lat_ns" : {
          "min" : 50456677,
          "max" : 7937963495,
          "mean" : 918029730.883289,
          "stddev" : 602335693.880407,
          "N" : 7163
        },
        "bw_min" : 768,
        "bw_max" : 6688,
        "bw_agg" : 100.000000,
        "bw_mean" : 2230.686340,
        "bw_dev" : 57.452604,
        "bw_samples" : 2344,
        "iops_min" : 48,
        "iops_max" : 418,
        "iops_mean" : 139.417896,
        "iops_stddev" : 3.590788,
        "iops_samples" : 2344
      },
      "trim" : {
        "io_bytes" : 0,
        "io_kbytes" : 0,
        "bw_bytes" : 0,
        "bw" : 0,
        "iops" : 0.000000,
        "runtime" : 0,
        "total_ios" : 0,
        "short_ios" : 0,
        "drop_ios" : 0,
        "slat_ns" : {
          "min" : 0,
          "max" : 0,
          "mean" : 0.000000,
          "stddev" : 0.000000,
          "N" : 0
        },
        "clat_ns" : {
          "min" : 0,
          "max" : 0,
          "mean" : 0.000000,
          "stddev" : 0.000000,
          "N" : 0
        },
        "lat_ns" : {
          "min" : 0,
          "max" : 0,
          "mean" : 0.000000,
          "stddev" : 0.000000,
          "N" : 0
        },
        "bw_min" : 0,
        "bw_max" : 0,
        "bw_agg" : 0.000000,
        "bw_mean" : 0.000000,
        "bw_dev" : 0.000000,
        "bw_samples" : 0,
        "iops_min" : 0,
        "iops_max" : 0,
        "iops_mean" : 0.000000,
        "iops_stddev" : 0.000000,
        "iops_samples" : 0
      },
      "sync" : {
        "total_ios" : 0,
        "lat_ns" : {
          "min" : 0,
          "max" : 0,
          "mean" : 0.000000,
          "stddev" : 0.000000,
          "N" : 0
        }
      },
      "job_runtime" : 1441019,
      "usr_cpu" : 0.028868,
      "sys_cpu" : 0.161136,
      "ctx" : 16265,
      "majf" : 0,
      "minf" : 324,
      "iodepth_level" : {
        "1" : 0.102793,
        "2" : 0.205585,
        "4" : 0.411170,
        "8" : 0.822340,
        "16" : 98.458112,
        "32" : 0.000000,
        ">=64" : 0.000000
      },
      "iodepth_submit" : {
        "0" : 0.000000,
        "4" : 100.000000,
        "8" : 0.000000,
        "16" : 0.000000,
        "32" : 0.000000,
        "64" : 0.000000,
        ">=64" : 0.000000
      },
      "iodepth_complete" : {
        "0" : 0.000000,
        "4" : 99.895707,
        "8" : 0.000000,
        "16" : 0.104293,
        "32" : 0.000000,
        "64" : 0.000000,
        ">=64" : 0.000000
      },
      "latency_ns" : {
        "2" : 0.000000,
        "4" : 0.000000,
        "10" : 0.000000,
        "20" : 0.000000,
        "50" : 0.000000,
        "100" : 0.000000,
        "250" : 0.000000,
        "500" : 0.000000,
        "750" : 0.000000,
        "1000" : 0.000000
      },
      "latency_us" : {
        "2" : 0.000000,
        "4" : 0.000000,
        "10" : 0.010000,
        "20" : 0.089943,
        "50" : 0.010000,
        "100" : 0.000000,
        "250" : 0.000000,
        "500" : 0.000000,
        "750" : 0.000000,
        "1000" : 0.000000
      },
      "latency_ms" : {
        "2" : 0.000000,
        "4" : 0.000000,
        "10" : 0.000000,
        "20" : 0.000000,
        "50" : 0.010000,
        "100" : 0.154189,
        "250" : 1.529039,
        "500" : 15.431729,
        "750" : 27.047285,
        "1000" : 23.149734,
        "2000" : 29.158814,
        ">=2000" : 3.417852
      },
      "latency_depth" : 16,
      "latency_target" : 0,
      "latency_percentile" : 100.000000,
      "latency_window" : 0
    }
  ]
}
