{
  "fio version" : "fio-3.36",
  "timestamp" : 1751112942,
  "timestamp_ms" : 1751112942092,
  "time" : "Sat Jun 28 12:15:42 2025",
  "global options" : {
    "ioengine" : "libaio",
    "direct" : "0",
    "directory" : "/mnt/test",
    "buffer_compress_percentage" : "70",
    "buffer_pattern" : "0xdeadbeef"
  },
  "jobs" : [
    {
      "jobname" : "multimedia_test",
      "groupid" : 0,
      "job_start" : 1751112826578,
      "error" : 0,
      "eta" : 0,
      "elapsed" : 116,
      "job options" : {
        "rw" : "read",
        "size" : "4G",
        "numjobs" : "4",
        "runtime" : "120",
        "iodepth" : "64",
        "bssplit" : "128k"
      },
      "read" : {
        "io_bytes" : 17179869184,
        "io_kbytes" : 16777216,
        "bw_bytes" : 148770505,
        "bw" : 145283,
        "iops" : 1135.028880,
        "runtime" : 115479,
        "total_ios" : 131072,
        "short_ios" : 0,
        "drop_ios" : 0,
        "slat_ns" : {
          "min" : 10737,
          "max" : 666398347,
          "mean" : 3517271.251205,
          "stddev" : 34489081.137472,
          "N" : 131072
        },
        "clat_ns" : {
          "min" : 5084,
          "max" : 709776714,
          "mean" : 221176625.340195,
          "stddev" : 166886498.047904,
          "N" : 131072,
          "percentile" : {
            "1.000000" : 3129344,
            "5.000000" : 45875200,
            "10.000000" : 46923776,
            "20.000000" : 50069504,
            "30.000000" : 52166656,
            "40.000000" : 92798976,
            "50.000000" : 105381888,
            "60.000000" : 354418688,
            "70.000000" : 387973120,
            "80.000000" : 392167424,
            "90.000000" : 404750336,
            "95.000000" : 417333248,
            "99.000000" : 505413632,
            "99.500000" : 522190848,
            "99.900000" : 608174080,
            "99.950000" : 666894336,
            "99.990000" : 666894336
          }
        },
        "lat_ns" : {
          "min" : 44997,
          "max" : 929650454,
          "mean" : 224693896.591400,
          "stddev" : 165910494.489443,
          "N" : 131072
        },
        "bw_min" : 63200,
        "bw_max" : 262537,
        "bw_agg" : 100.000000,
        "bw_mean" : 145394.716529,
        "bw_dev" : 8054.436930,
        "bw_samples" : 917,
        "iops_min" : 493,
        "iops_max" : 2051,
        "iops_mean" : 1135.021126,
        "iops_stddev" : 62.911230,
        "iops_samples" : 917
      },
      "write" : {
        "io_bytes" : 0,
        "io_kbytes" : 0,
        "bw_bytes" : 0,
        "bw" : 0,
        "iops" : 0.000000,
        "runtime" : 0,
        "total_ios" : 0,
        "short_ios" : 0,
        "drop_ios" : 0,
        "slat_ns" : {
          "min" : 0,
          "max" : 0,
          "mean" : 0.000000,
          "stddev" : 0.000000,
          "N" : 0
        },
        "clat_ns" : {
          "min" : 0,
          "max" : 0,
          "mean" : 0.000000,
          "stddev" : 0.000000,
          "N" : 0
        },
        "lat_ns" : {
          "min" : 0,
          "max" : 0,
          "mean" : 0.000000,
          "stddev" : 0.000000,
          "N" : 0
        },
        "bw_min" : 0,
        "bw_max" : 0,
        "bw_agg" : 0.000000,
        "bw_mean" : 0.000000,
        "bw_dev" : 0.000000,
        "bw_samples" : 0,
        "iops_min" : 0,
        "iops_max" : 0,
        "iops_mean" : 0.000000,
        "iops_stddev" : 0.000000,
        "iops_samples" : 0
      },
      "trim" : {
        "io_bytes" : 0,
        "io_kbytes" : 0,
        "bw_bytes" : 0,
        "bw" : 0,
        "iops" : 0.000000,
        "runtime" : 0,
        "total_ios" : 0,
        "short_ios" : 0,
        "drop_ios" : 0,
        "slat_ns" : {
          "min" : 0,
          "max" : 0,
          "mean" : 0.000000,
          "stddev" : 0.000000,
          "N" : 0
        },
        "clat_ns" : {
          "min" : 0,
          "max" : 0,
          "mean" : 0.000000,
          "stddev" : 0.000000,
          "N" : 0
        },
        "lat_ns" : {
          "min" : 0,
          "max" : 0,
          "mean" : 0.000000,
          "stddev" : 0.000000,
          "N" : 0
        },
        "bw_min" : 0,
        "bw_max" : 0,
        "bw_agg" : 0.000000,
        "bw_mean" : 0.000000,
        "bw_dev" : 0.000000,
        "bw_samples" : 0,
        "iops_min" : 0,
        "iops_max" : 0,
        "iops_mean" : 0.000000,
        "iops_stddev" : 0.000000,
        "iops_samples" : 0
      },
      "sync" : {
        "total_ios" : 0,
        "lat_ns" : {
          "min" : 0,
          "max" : 0,
          "mean" : 0.000000,
          "stddev" : 0.000000,
          "N" : 0
        }
      },
      "job_runtime" : 461373,
      "usr_cpu" : 0.070008,
      "sys_cpu" : 2.450078,
      "ctx" : 2387,
      "majf" : 0,
      "minf" : 8245,
      "iodepth_level" : {
        "1" : 0.100000,
        "2" : 0.100000,
        "4" : 0.100000,
        "8" : 0.100000,
        "16" : 0.100000,
        "32" : 0.100000,
        ">=64" : 99.807739
      },
      "iodepth_submit" : {
        "0" : 0.000000,
        "4" : 100.000000,
        "8" : 0.000000,
        "16" : 0.000000,
        "32" : 0.000000,
        "64" : 0.000000,
        ">=64" : 0.000000
      },
      "iodepth_complete" : {
        "0" : 0.000000,
        "4" : 99.996942,
        "8" : 0.000000,
        "16" : 0.000000,
        "32" : 0.000000,
        "64" : 0.100000,
        ">=64" : 0.000000
      },
      "latency_ns" : {
        "2" : 0.000000,
        "4" : 0.000000,
        "10" : 0.000000,
        "20" : 0.000000,
        "50" : 0.000000,
        "100" : 0.000000,
        "250" : 0.000000,
        "500" : 0.000000,
        "750" : 0.000000,
        "1000" : 0.000000
      },
      "latency_us" : {
        "2" : 0.000000,
        "4" : 0.000000,
        "10" : 0.010000,
        "20" : 0.000000,
        "50" : 0.010000,
        "100" : 0.010000,
        "250" : 0.010000,
        "500" : 0.010681,
        "750" : 0.010681,
        "1000" : 0.041962
      },
      "latency_ms" : {
        "2" : 0.572205,
        "4" : 1.055908,
        "10" : 0.010000,
        "20" : 0.060272,
        "50" : 18.174744,
        "100" : 27.888489,
        "250" : 3.256226,
        "500" : 47.801971,
        "750" : 1.104736,
        "1000" : 0.000000,
        "2000" : 0.000000,
        ">=2000" : 0.000000
      },
      "latency_depth" : 64,
      "latency_target" : 0,
      "latency_percentile" : 100.000000,
      "latency_window" : 0
    }
  ]
}
