{
  "fio version" : "fio-3.36",
  "timestamp" : 1753132182,
  "timestamp_ms" : 1753132182577,
  "time" : "Mon Jul 21 21:09:42 2025",
  "global options" : {
    "ioengine" : "libaio",
    "direct" : "1",
    "directory" : "/mnt/test",
    "buffer_compress_percentage" : "70",
    "buffer_pattern" : "0xdeadbeef"
  },
  "jobs" : [
    {
      "jobname" : "multimedia_test",
      "groupid" : 0,
      "job_start" : 1753132146836,
      "error" : 0,
      "eta" : 0,
      "elapsed" : 36,
      "job options" : {
        "rw" : "read",
        "size" : "16G",
        "numjobs" : "4",
        "runtime" : "120",
        "iodepth" : "64",
        "bssplit" : "128k"
      },
      "read" : {
        "io_bytes" : 68719476736,
        "io_kbytes" : 67108864,
        "bw_bytes" : 1924969235,
        "bw" : 1879852,
        "iops" : 14686.349758,
        "runtime" : 35699,
        "total_ios" : 524288,
        "short_ios" : 0,
        "drop_ios" : 0,
        "slat_ns" : {
          "min" : 16766,
          "max" : 2744121,
          "mean" : 267965.262897,
          "stddev" : 54457.963694,
          "N" : 524288
        },
        "clat_ns" : {
          "min" : 1383,
          "max" : 21191711,
          "mean" : 17055423.255283,
          "stddev" : 1424228.174148,
          "N" : 524288,
          "percentile" : {
            "1.000000" : 14614528,
            "5.000000" : 15794176,
            "10.000000" : 16056320,
            "20.000000" : 16449536,
            "30.000000" : 16580608,
            "40.000000" : 16908288,
            "50.000000" : 17170432,
            "60.000000" : 17432576,
            "70.000000" : 17694720,
            "80.000000" : 17956864,
            "90.000000" : 18219008,
            "95.000000" : 18743296,
            "99.000000" : 19267584,
            "99.500000" : 19529728,
            "99.900000" : 20054016,
            "99.950000" : 20316160,
            "99.990000" : 20840448
          }
        },
        "lat_ns" : {
          "min" : 22225,
          "max" : 23423733,
          "mean" : 17323388.518181,
          "stddev" : 1443330.032499,
          "N" : 524288
        },
        "bw_min" : 1800448,
        "bw_max" : 1965791,
        "bw_agg" : 99.953945,
        "bw_mean" : 1878987.143038,
        "bw_dev" : 6864.014573,
        "bw_samples" : 281,
        "iops_min" : 14066,
        "iops_max" : 15357,
        "iops_mean" : 14679.576602,
        "iops_stddev" : 53.613073,
        "iops_samples" : 281
      },
      "write" : {
        "io_bytes" : 0,
        "io_kbytes" : 0,
        "bw_bytes" : 0,
        "bw" : 0,
        "iops" : 0.000000,
        "runtime" : 0,
        "total_ios" : 0,
        "short_ios" : 0,
        "drop_ios" : 0,
        "slat_ns" : {
          "min" : 0,
          "max" : 0,
          "mean" : 0.000000,
          "stddev" : 0.000000,
          "N" : 0
        },
        "clat_ns" : {
          "min" : 0,
          "max" : 0,
          "mean" : 0.000000,
          "stddev" : 0.000000,
          "N" : 0
        },
        "lat_ns" : {
          "min" : 0,
          "max" : 0,
          "mean" : 0.000000,
          "stddev" : 0.000000,
          "N" : 0
        },
        "bw_min" : 0,
        "bw_max" : 0,
        "bw_agg" : 0.000000,
        "bw_mean" : 0.000000,
        "bw_dev" : 0.000000,
        "bw_samples" : 0,
        "iops_min" : 0,
        "iops_max" : 0,
        "iops_mean" : 0.000000,
        "iops_stddev" : 0.000000,
        "iops_samples" : 0
      },
      "trim" : {
        "io_bytes" : 0,
        "io_kbytes" : 0,
        "bw_bytes" : 0,
        "bw" : 0,
        "iops" : 0.000000,
        "runtime" : 0,
        "total_ios" : 0,
        "short_ios" : 0,
        "drop_ios" : 0,
        "slat_ns" : {
          "min" : 0,
          "max" : 0,
          "mean" : 0.000000,
          "stddev" : 0.000000,
          "N" : 0
        },
        "clat_ns" : {
          "min" : 0,
          "max" : 0,
          "mean" : 0.000000,
          "stddev" : 0.000000,
          "N" : 0
        },
        "lat_ns" : {
          "min" : 0,
          "max" : 0,
          "mean" : 0.000000,
          "stddev" : 0.000000,
          "N" : 0
        },
        "bw_min" : 0,
        "bw_max" : 0,
        "bw_agg" : 0.000000,
        "bw_mean" : 0.000000,
        "bw_dev" : 0.000000,
        "bw_samples" : 0,
        "iops_min" : 0,
        "iops_max" : 0,
        "iops_mean" : 0.000000,
        "iops_stddev" : 0.000000,
        "iops_samples" : 0
      },
      "sync" : {
        "total_ios" : 0,
        "lat_ns" : {
          "min" : 0,
          "max" : 0,
          "mean" : 0.000000,
          "stddev" : 0.000000,
          "N" : 0
        }
      },
      "job_runtime" : 141975,
      "usr_cpu" : 0.986089,
      "sys_cpu" : 9.742560,
      "ctx" : 521234,
      "majf" : 0,
      "minf" : 8244,
      "iodepth_level" : {
        "1" : 0.100000,
        "2" : 0.100000,
        "4" : 0.100000,
        "8" : 0.100000,
        "16" : 0.100000,
        "32" : 0.100000,
        ">=64" : 99.951935
      },
      "iodepth_submit" : {
        "0" : 0.000000,
        "4" : 100.000000,
        "8" : 0.000000,
        "16" : 0.000000,
        "32" : 0.000000,
        "64" : 0.000000,
        ">=64" : 0.000000
      },
      "iodepth_complete" : {
        "0" : 0.000000,
        "4" : 99.999237,
        "8" : 0.000000,
        "16" : 0.000000,
        "32" : 0.000000,
        "64" : 0.100000,
        ">=64" : 0.000000
      },
      "latency_ns" : {
        "2" : 0.000000,
        "4" : 0.000000,
        "10" : 0.000000,
        "20" : 0.000000,
        "50" : 0.000000,
        "100" : 0.000000,
        "250" : 0.000000,
        "500" : 0.000000,
        "750" : 0.000000,
        "1000" : 0.000000
      },
      "latency_us" : {
        "2" : 0.010000,
        "4" : 0.000000,
        "10" : 0.000000,
        "20" : 0.000000,
        "50" : 0.010000,
        "100" : 0.010000,
        "250" : 0.010000,
        "500" : 0.010000,
        "750" : 0.010000,
        "1000" : 0.010000
      },
      "latency_ms" : {
        "2" : 0.283051,
        "4" : 0.160789,
        "10" : 0.158691,
        "20" : 99.271393,
        "50" : 0.115204,
        "100" : 0.000000,
        "250" : 0.000000,
        "500" : 0.000000,
        "750" : 0.000000,
        "1000" : 0.000000,
        "2000" : 0.000000,
        ">=2000" : 0.000000
      },
      "latency_depth" : 64,
      "latency_target" : 0,
      "latency_percentile" : 100.000000,
      "latency_window" : 0
    }
  ]
}
