{
  "fio version" : "fio-3.36",
  "timestamp" : 1750979348,
  "timestamp_ms" : 1750979348622,
  "time" : "Thu Jun 26 23:09:08 2025",
  "global options" : {
    "ioengine" : "libaio",
    "direct" : "1",
    "directory" : "/mnt/test",
    "buffer_compress_percentage" : "70",
    "buffer_pattern" : "0xdeadbeef"
  },
  "jobs" : [
    {
      "jobname" : "database_mysql_innodb_test",
      "groupid" : 0,
      "job_start" : 1750979288307,
      "error" : 0,
      "eta" : 0,
      "elapsed" : 61,
      "job options" : {
        "rw" : "randrw",
        "rwmixread" : "70",
        "size" : "1G",
        "numjobs" : "8",
        "runtime" : "60",
        "iodepth" : "16",
        "bssplit" : "16k"
      },
      "read" : {
        "io_bytes" : 332840960,
        "io_kbytes" : 325040,
        "bw_bytes" : 5521215,
        "bw" : 5391,
        "iops" : 336.988256,
        "runtime" : 60284,
        "total_ios" : 20315,
        "short_ios" : 0,
        "drop_ios" : 0,
        "slat_ns" : {
          "min" : 4189,
          "max" : 196856301,
          "mean" : 19963214.809451,
          "stddev" : 11764263.638790,
          "N" : 20315
        },
        "clat_ns" : {
          "min" : 13572709,
          "max" : 1832679669,
          "mean" : 280257521.447551,
          "stddev" : 127045340.631118,
          "N" : 20315,
          "percentile" : {
            "1.000000" : 72876032,
            "5.000000" : 119013376,
            "10.000000" : 145752064,
            "20.000000" : 183500800,
            "30.000000" : 210763776,
            "40.000000" : 235929600,
            "50.000000" : 261095424,
            "60.000000" : 287309824,
            "70.000000" : 316669952,
            "80.000000" : 358612992,
            "90.000000" : 434110464,
            "95.000000" : 509607936,
            "99.000000" : 708837376,
            "99.500000" : 801112064,
            "99.900000" : 1082130432,
            "99.950000" : 1182793728,
            "99.990000" : 1400897536
          }
        },
        "lat_ns" : {
          "min" : 14126140,
          "max" : 1844266144,
          "mean" : 300220736.257002,
          "stddev" : 127873055.991601,
          "N" : 20315
        },
        "bw_min" : 2464,
        "bw_max" : 7840,
        "bw_agg" : 100.000000,
        "bw_mean" : 5392.266667,
        "bw_dev" : 114.628397,
        "bw_samples" : 960,
        "iops_min" : 154,
        "iops_max" : 490,
        "iops_mean" : 337.016667,
        "iops_stddev" : 7.164275,
        "iops_samples" : 960
      },
      "write" : {
        "io_bytes" : 145588224,
        "io_kbytes" : 142176,
        "bw_bytes" : 2415039,
        "bw" : 2358,
        "iops" : 147.402296,
        "runtime" : 60284,
        "total_ios" : 8886,
        "short_ios" : 0,
        "drop_ios" : 0,
        "slat_ns" : {
          "min" : 5210,
          "max" : 73789303,
          "mean" : 6674432.628067,
          "stddev" : 11145284.928842,
          "N" : 8886
        },
        "clat_ns" : {
          "min" : 153548,
          "max" : 5407337512,
          "mean" : 173929797.225298,
          "stddev" : 287787806.430551,
          "N" : 8886,
          "percentile" : {
            "1.000000" : 35389440,
            "5.000000" : 62652416,
            "10.000000" : 77070336,
            "20.000000" : 100139008,
            "30.000000" : 117964800,
            "40.000000" : 133693440,
            "50.000000" : 149946368,
            "60.000000" : 164626432,
            "70.000000" : 181403648,
            "80.000000" : 202375168,
            "90.000000" : 233832448,
            "95.000000" : 261095424,
            "99.000000" : 354418688,
            "99.500000" : 2566914048,
            "99.900000" : 4529848320,
            "99.950000" : 4999610368,
            "99.990000" : 5402263552
          }
        },
        "lat_ns" : {
          "min" : 180358,
          "max" : 5465307797,
          "mean" : 180604229.853365,
          "stddev" : 289792002.333076,
          "N" : 8886
        },
        "bw_min" : 512,
        "bw_max" : 4832,
        "bw_agg" : 100.000000,
        "bw_mean" : 2362.666667,
        "bw_dev" : 109.173898,
        "bw_samples" : 960,
        "iops_min" : 32,
        "iops_max" : 302,
        "iops_mean" : 147.666667,
        "iops_stddev" : 6.823369,
        "iops_samples" : 960
      },
      "trim" : {
        "io_bytes" : 0,
        "io_kbytes" : 0,
        "bw_bytes" : 0,
        "bw" : 0,
        "iops" : 0.000000,
        "runtime" : 0,
        "total_ios" : 0,
        "short_ios" : 0,
        "drop_ios" : 0,
        "slat_ns" : {
          "min" : 0,
          "max" : 0,
          "mean" : 0.000000,
          "stddev" : 0.000000,
          "N" : 0
        },
        "clat_ns" : {
          "min" : 0,
          "max" : 0,
          "mean" : 0.000000,
          "stddev" : 0.000000,
          "N" : 0
        },
        "lat_ns" : {
          "min" : 0,
          "max" : 0,
          "mean" : 0.000000,
          "stddev" : 0.000000,
          "N" : 0
        },
        "bw_min" : 0,
        "bw_max" : 0,
        "bw_agg" : 0.000000,
        "bw_mean" : 0.000000,
        "bw_dev" : 0.000000,
        "bw_samples" : 0,
        "iops_min" : 0,
        "iops_max" : 0,
        "iops_mean" : 0.000000,
        "iops_stddev" : 0.000000,
        "iops_samples" : 0
      },
      "sync" : {
        "total_ios" : 0,
        "lat_ns" : {
          "min" : 0,
          "max" : 0,
          "mean" : 0.000000,
          "stddev" : 0.000000,
          "N" : 0
        }
      },
      "job_runtime" : 481728,
      "usr_cpu" : 0.167730,
      "sys_cpu" : 0.601377,
      "ctx" : 24029,
      "majf" : 0,
      "minf" : 103,
      "iodepth_level" : {
        "1" : 0.100000,
        "2" : 0.100000,
        "4" : 0.109585,
        "8" : 0.219171,
        "16" : 99.589055,
        "32" : 0.000000,
        ">=64" : 0.000000
      },
      "iodepth_submit" : {
        "0" : 0.000000,
        "4" : 100.000000,
        "8" : 0.000000,
        "16" : 0.000000,
        "32" : 0.000000,
        "64" : 0.000000,
        ">=64" : 0.000000
      },
      "iodepth_complete" : {
        "0" : 0.000000,
        "4" : 99.972498,
        "8" : 0.000000,
        "16" : 0.100000,
        "32" : 0.000000,
        "64" : 0.000000,
        ">=64" : 0.000000
      },
      "latency_ns" : {
        "2" : 0.000000,
        "4" : 0.000000,
        "10" : 0.000000,
        "20" : 0.000000,
        "50" : 0.000000,
        "100" : 0.000000,
        "250" : 0.000000,
        "500" : 0.000000,
        "750" : 0.000000,
        "1000" : 0.000000
      },
      "latency_us" : {
        "2" : 0.000000,
        "4" : 0.000000,
        "10" : 0.000000,
        "20" : 0.000000,
        "50" : 0.000000,
        "100" : 0.000000,
        "250" : 0.010000,
        "500" : 0.010000,
        "750" : 0.010000,
        "1000" : 0.010000
      },
      "latency_ms" : {
        "2" : 0.010000,
        "4" : 0.000000,
        "10" : 0.013698,
        "20" : 0.058217,
        "50" : 0.897230,
        "100" : 7.040855,
        "250" : 52.217390,
        "500" : 35.693983,
        "750" : 3.345776,
        "1000" : 0.428068,
        "2000" : 0.106161,
        ">=2000" : 0.174652
      },
      "latency_depth" : 16,
      "latency_target" : 0,
      "latency_percentile" : 100.000000,
      "latency_window" : 0
    }
  ]
}
