{
  "fio version" : "fio-3.36",
  "timestamp" : 1752990554,
  "timestamp_ms" : 1752990554269,
  "time" : "Sun Jul 20 05:49:14 2025",
  "global options" : {
    "ioengine" : "libaio",
    "direct" : "0",
    "directory" : "/mnt/test"
  },
  "jobs" : [
    {
      "jobname" : "database_mysql_innodb_test",
      "groupid" : 0,
      "job_start" : 1752990494059,
      "error" : 0,
      "eta" : 0,
      "elapsed" : 61,
      "job options" : {
        "rw" : "randrw",
        "rwmixread" : "70",
        "size" : "1G",
        "numjobs" : "24",
        "runtime" : "60",
        "iodepth" : "16",
        "bssplit" : "16k"
      },
      "read" : {
        "io_bytes" : 7479803904,
        "io_kbytes" : 7304496,
        "bw_bytes" : 124307051,
        "bw" : 121393,
        "iops" : 7587.100312,
        "runtime" : 60172,
        "total_ios" : 456531,
        "short_ios" : 0,
        "drop_ios" : 0,
        "slat_ns" : {
          "min" : 7451,
          "max" : 932885251,
          "mean" : 2363259.605468,
          "stddev" : 16290361.219016,
          "N" : 456531
        },
        "clat_ns" : {
          "min" : 5180,
          "max" : 3091945240,
          "mean" : 32544101.833043,
          "stddev" : 133934178.586963,
          "N" : 456531,
          "percentile" : {
            "1.000000" : 4620288,
            "5.000000" : 7634944,
            "10.000000" : 9895936,
            "20.000000" : 12386304,
            "30.000000" : 14221312,
            "40.000000" : 15794176,
            "50.000000" : 17170432,
            "60.000000" : 18743296,
            "70.000000" : 20316160,
            "80.000000" : 22413312,
            "90.000000" : 25821184,
            "95.000000" : 30539776,
            "99.000000" : 817889280,
            "99.500000" : 1149239296,
            "99.900000" : 1753219072,
            "99.950000" : 2021654528,
            "99.990000" : 2432696320
          }
        },
        "lat_ns" : {
          "min" : 175694,
          "max" : 3278912615,
          "mean" : 34907361.438511,
          "stddev" : 145984424.287813,
          "N" : 456531
        },
        "bw_min" : 46080,
        "bw_max" : 274016,
        "bw_agg" : 100.000000,
        "bw_mean" : 121742.350405,
        "bw_dev" : 2078.965080,
        "bw_samples" : 2839,
        "iops_min" : 2880,
        "iops_max" : 17126,
        "iops_mean" : 7608.746677,
        "iops_stddev" : 129.930026,
        "iops_samples" : 2839
      },
      "write" : {
        "io_bytes" : 3203497984,
        "io_kbytes" : 3128416,
        "bw_bytes" : 53239014,
        "bw" : 51991,
        "iops" : 3249.451572,
        "runtime" : 60172,
        "total_ios" : 195526,
        "short_ios" : 0,
        "drop_ios" : 0,
        "slat_ns" : {
          "min" : 241017,
          "max" : 22717034,
          "mean" : 1831881.065331,
          "stddev" : 443249.695043,
          "N" : 195526
        },
        "clat_ns" : {
          "min" : 8918,
          "max" : 3082609300,
          "mean" : 34582342.308251,
          "stddev" : 134655523.837147,
          "N" : 195526,
          "percentile" : {
            "1.000000" : 6520832,
            "5.000000" : 9895936,
            "10.000000" : 11862016,
            "20.000000" : 14352384,
            "30.000000" : 16056320,
            "40.000000" : 17694720,
            "50.000000" : 19005440,
            "60.000000" : 20316160,
            "70.000000" : 21889024,
            "80.000000" : 23724032,
            "90.000000" : 27394048,
            "95.000000" : 32374784,
            "99.000000" : 843055104,
            "99.500000" : 1149239296,
            "99.900000" : 1753219072,
            "99.950000" : 1954545664,
            "99.990000" : 2399141888
          }
        },
        "lat_ns" : {
          "min" : 1318885,
          "max" : 3084424933,
          "mean" : 36414223.373582,
          "stddev" : 134674127.266470,
          "N" : 195526
        },
        "bw_min" : 20192,
        "bw_max" : 116000,
        "bw_agg" : 100.000000,
        "bw_mean" : 52779.072254,
        "bw_dev" : 881.397579,
        "bw_samples" : 2677,
        "iops_min" : 1262,
        "iops_max" : 7250,
        "iops_mean" : 3298.588568,
        "iops_stddev" : 55.082933,
        "iops_samples" : 2677
      },
      "trim" : {
        "io_bytes" : 0,
        "io_kbytes" : 0,
        "bw_bytes" : 0,
        "bw" : 0,
        "iops" : 0.000000,
        "runtime" : 0,
        "total_ios" : 0,
        "short_ios" : 0,
        "drop_ios" : 0,
        "slat_ns" : {
          "min" : 0,
          "max" : 0,
          "mean" : 0.000000,
          "stddev" : 0.000000,
          "N" : 0
        },
        "clat_ns" : {
          "min" : 0,
          "max" : 0,
          "mean" : 0.000000,
          "stddev" : 0.000000,
          "N" : 0
        },
        "lat_ns" : {
          "min" : 0,
          "max" : 0,
          "mean" : 0.000000,
          "stddev" : 0.000000,
          "N" : 0
        },
        "bw_min" : 0,
        "bw_max" : 0,
        "bw_agg" : 0.000000,
        "bw_mean" : 0.000000,
        "bw_dev" : 0.000000,
        "bw_samples" : 0,
        "iops_min" : 0,
        "iops_max" : 0,
        "iops_mean" : 0.000000,
        "iops_stddev" : 0.000000,
        "iops_samples" : 0
      },
      "sync" : {
        "total_ios" : 0,
        "lat_ns" : {
          "min" : 0,
          "max" : 0,
          "mean" : 0.000000,
          "stddev" : 0.000000,
          "N" : 0
        }
      },
      "job_runtime" : 1441404,
      "usr_cpu" : 0.350700,
      "sys_cpu" : 1.621683,
      "ctx" : 429769,
      "majf" : 0,
      "minf" : 344,
      "iodepth_level" : {
        "1" : 0.100000,
        "2" : 0.100000,
        "4" : 0.100000,
        "8" : 0.100000,
        "16" : 99.944790,
        "32" : 0.000000,
        ">=64" : 0.000000
      },
      "iodepth_submit" : {
        "0" : 0.000000,
        "4" : 100.000000,
        "8" : 0.000000,
        "16" : 0.000000,
        "32" : 0.000000,
        "64" : 0.000000,
        ">=64" : 0.000000
      },
      "iodepth_complete" : {
        "0" : 0.000000,
        "4" : 99.996317,
        "8" : 0.000000,
        "16" : 0.100000,
        "32" : 0.000000,
        "64" : 0.000000,
        ">=64" : 0.000000
      },
      "latency_ns" : {
        "2" : 0.000000,
        "4" : 0.000000,
        "10" : 0.000000,
        "20" : 0.000000,
        "50" : 0.000000,
        "100" : 0.000000,
        "250" : 0.000000,
        "500" : 0.000000,
        "750" : 0.000000,
        "1000" : 0.000000
      },
      "latency_us" : {
        "2" : 0.000000,
        "4" : 0.000000,
        "10" : 0.010000,
        "20" : 0.010000,
        "50" : 0.010000,
        "100" : 0.000000,
        "250" : 0.010000,
        "500" : 0.202743,
        "750" : 0.010000,
        "1000" : 0.000000
      },
      "latency_ms" : {
        "2" : 0.078061,
        "4" : 0.375581,
        "10" : 8.062485,
        "20" : 56.030071,
        "50" : 33.620987,
        "100" : 0.149680,
        "250" : 0.015489,
        "500" : 0.086189,
        "750" : 0.255192,
        "1000" : 0.392910,
        "2000" : 0.668346,
        ">=2000" : 0.048922
      },
      "latency_depth" : 16,
      "latency_target" : 0,
      "latency_percentile" : 100.000000,
      "latency_window" : 0
    }
  ]
}
