{
  "fio version" : "fio-3.36",
  "timestamp" : 1747404047,
  "timestamp_ms" : 1747404047456,
  "time" : "Fri May 16 14:00:47 2025",
  "global options" : {
    "ioengine" : "libaio",
    "direct" : "1",
    "directory" : "/mnt/test"
  },
  "jobs" : [
    {
      "jobname" : "webserver_test",
      "groupid" : 0,
      "job_start" : 1747403935557,
      "error" : 0,
      "eta" : 0,
      "elapsed" : 113,
      "job options" : {
        "rw" : "randread",
        "size" : "2G",
        "numjobs" : "16",
        "runtime" : "120",
        "iodepth" : "32",
        "bssplit" : "4k/90:8k/10"
      },
      "read" : {
        "io_bytes" : 34359738368,
        "io_kbytes" : 33554432,
        "bw_bytes" : 307145371,
        "bw" : 299946,
        "iops" : 70416.508742,
        "runtime" : 111868,
        "total_ios" : 7877354,
        "short_ios" : 0,
        "drop_ios" : 0,
        "slat_ns" : {
          "min" : 2875,
          "max" : 4213135,
          "mean" : 224417.217314,
          "stddev" : 70417.673805,
          "N" : 7877354
        },
        "clat_ns" : {
          "min" : 1036,
          "max" : 26705897,
          "mean" : 7035677.903423,
          "stddev" : 636338.000458,
          "N" : 7877354,
          "percentile" : {
            "1.000000" : 5406720,
            "5.000000" : 6127616,
            "10.000000" : 6389760,
            "20.000000" : 6651904,
            "30.000000" : 6848512,
            "40.000000" : 6914048,
            "50.000000" : 7045120,
            "60.000000" : 7176192,
            "70.000000" : 7307264,
            "80.000000" : 7438336,
            "90.000000" : 7634944,
            "95.000000" : 7831552,
            "99.000000" : 8224768,
            "99.500000" : 8454144,
            "99.900000" : 13041664,
            "99.950000" : 16318464,
            "99.990000" : 20840448
          }
        },
        "lat_ns" : {
          "min" : 5359,
          "max" : 30919032,
          "mean" : 7260095.120738,
          "stddev" : 653314.875405,
          "N" : 7877354
        },
        "bw_min" : 156324,
        "bw_max" : 349016,
        "bw_agg" : 100.000000,
        "bw_mean" : 300070.331839,
        "bw_dev" : 1015.165488,
        "bw_samples" : 3568,
        "iops_min" : 35570,
        "iops_max" : 83756,
        "iops_mean" : 70440.349776,
        "iops_stddev" : 246.134737,
        "iops_samples" : 3568
      },
      "write" : {
        "io_bytes" : 0,
        "io_kbytes" : 0,
        "bw_bytes" : 0,
        "bw" : 0,
        "iops" : 0.000000,
        "runtime" : 0,
        "total_ios" : 0,
        "short_ios" : 0,
        "drop_ios" : 0,
        "slat_ns" : {
          "min" : 0,
          "max" : 0,
          "mean" : 0.000000,
          "stddev" : 0.000000,
          "N" : 0
        },
        "clat_ns" : {
          "min" : 0,
          "max" : 0,
          "mean" : 0.000000,
          "stddev" : 0.000000,
          "N" : 0
        },
        "lat_ns" : {
          "min" : 0,
          "max" : 0,
          "mean" : 0.000000,
          "stddev" : 0.000000,
          "N" : 0
        },
        "bw_min" : 0,
        "bw_max" : 0,
        "bw_agg" : 0.000000,
        "bw_mean" : 0.000000,
        "bw_dev" : 0.000000,
        "bw_samples" : 0,
        "iops_min" : 0,
        "iops_max" : 0,
        "iops_mean" : 0.000000,
        "iops_stddev" : 0.000000,
        "iops_samples" : 0
      },
      "trim" : {
        "io_bytes" : 0,
        "io_kbytes" : 0,
        "bw_bytes" : 0,
        "bw" : 0,
        "iops" : 0.000000,
        "runtime" : 0,
        "total_ios" : 0,
        "short_ios" : 0,
        "drop_ios" : 0,
        "slat_ns" : {
          "min" : 0,
          "max" : 0,
          "mean" : 0.000000,
          "stddev" : 0.000000,
          "N" : 0
        },
        "clat_ns" : {
          "min" : 0,
          "max" : 0,
          "mean" : 0.000000,
          "stddev" : 0.000000,
          "N" : 0
        },
        "lat_ns" : {
          "min" : 0,
          "max" : 0,
          "mean" : 0.000000,
          "stddev" : 0.000000,
          "N" : 0
        },
        "bw_min" : 0,
        "bw_max" : 0,
        "bw_agg" : 0.000000,
        "bw_mean" : 0.000000,
        "bw_dev" : 0.000000,
        "bw_samples" : 0,
        "iops_min" : 0,
        "iops_max" : 0,
        "iops_mean" : 0.000000,
        "iops_stddev" : 0.000000,
        "iops_samples" : 0
      },
      "sync" : {
        "total_ios" : 0,
        "lat_ns" : {
          "min" : 0,
          "max" : 0,
          "mean" : 0.000000,
          "stddev" : 0.000000,
          "N" : 0
        }
      },
      "job_runtime" : 1787791,
      "usr_cpu" : 1.278170,
      "sys_cpu" : 7.503729,
      "ctx" : 7554196,
      "majf" : 0,
      "minf" : 1191,
      "iodepth_level" : {
        "1" : 0.100000,
        "2" : 0.100000,
        "4" : 0.100000,
        "8" : 0.100000,
        "16" : 0.100000,
        "32" : 99.993703,
        ">=64" : 0.000000
      },
      "iodepth_submit" : {
        "0" : 0.000000,
        "4" : 100.000000,
        "8" : 0.000000,
        "16" : 0.000000,
        "32" : 0.000000,
        "64" : 0.000000,
        ">=64" : 0.000000
      },
      "iodepth_complete" : {
        "0" : 0.000000,
        "4" : 99.999797,
        "8" : 0.000000,
        "16" : 0.000000,
        "32" : 0.100000,
        "64" : 0.000000,
        ">=64" : 0.000000
      },
      "latency_ns" : {
        "2" : 0.000000,
        "4" : 0.000000,
        "10" : 0.000000,
        "20" : 0.000000,
        "50" : 0.000000,
        "100" : 0.000000,
        "250" : 0.000000,
        "500" : 0.000000,
        "750" : 0.000000,
        "1000" : 0.000000
      },
      "latency_us" : {
        "2" : 0.010000,
        "4" : 0.010000,
        "10" : 0.010000,
        "20" : 0.010000,
        "50" : 0.000000,
        "100" : 0.010000,
        "250" : 0.010000,
        "500" : 0.010000,
        "750" : 0.010000,
        "1000" : 0.010000
      },
      "latency_ms" : {
        "2" : 0.010000,
        "4" : 0.073768,
        "10" : 99.730823,
        "20" : 0.176849,
        "50" : 0.015056,
        "100" : 0.000000,
        "250" : 0.000000,
        "500" : 0.000000,
        "750" : 0.000000,
        "1000" : 0.000000,
        "2000" : 0.000000,
        ">=2000" : 0.000000
      },
      "latency_depth" : 32,
      "latency_target" : 0,
      "latency_percentile" : 100.000000,
      "latency_window" : 0
    }
  ]
}
