{
  "fio version" : "fio-3.36",
  "timestamp" : 1748171660,
  "timestamp_ms" : 1748171660638,
  "time" : "Sun May 25 11:14:20 2025",
  "global options" : {
    "ioengine" : "libaio",
    "direct" : "1",
    "directory" : "/mnt/test"
  },
  "jobs" : [
    {
      "jobname" : "archive_test",
      "groupid" : 0,
      "job_start" : 1748171611477,
      "error" : 0,
      "eta" : 0,
      "elapsed" : 50,
      "job options" : {
        "rw" : "write",
        "size" : "10G",
        "numjobs" : "2",
        "runtime" : "180",
        "iodepth" : "128",
        "bssplit" : "64k/70:128k/30"
      },
      "read" : {
        "io_bytes" : 0,
        "io_kbytes" : 0,
        "bw_bytes" : 0,
        "bw" : 0,
        "iops" : 0.000000,
        "runtime" : 0,
        "total_ios" : 0,
        "short_ios" : 0,
        "drop_ios" : 0,
        "slat_ns" : {
          "min" : 0,
          "max" : 0,
          "mean" : 0.000000,
          "stddev" : 0.000000,
          "N" : 0
        },
        "clat_ns" : {
          "min" : 0,
          "max" : 0,
          "mean" : 0.000000,
          "stddev" : 0.000000,
          "N" : 0
        },
        "lat_ns" : {
          "min" : 0,
          "max" : 0,
          "mean" : 0.000000,
          "stddev" : 0.000000,
          "N" : 0
        },
        "bw_min" : 0,
        "bw_max" : 0,
        "bw_agg" : 0.000000,
        "bw_mean" : 0.000000,
        "bw_dev" : 0.000000,
        "bw_samples" : 0,
        "iops_min" : 0,
        "iops_max" : 0,
        "iops_mean" : 0.000000,
        "iops_stddev" : 0.000000,
        "iops_samples" : 0
      },
      "write" : {
        "io_bytes" : 21474836480,
        "io_kbytes" : 20971520,
        "bw_bytes" : 437102309,
        "bw" : 426857,
        "iops" : 5128.923265,
        "runtime" : 49130,
        "total_ios" : 251984,
        "short_ios" : 0,
        "drop_ios" : 0,
        "slat_ns" : {
          "min" : 6963,
          "max" : 26199742,
          "mean" : 381758.112186,
          "stddev" : 283164.138266,
          "N" : 251984
        },
        "clat_ns" : {
          "min" : 2287,
          "max" : 181274176,
          "mean" : 49506968.409964,
          "stddev" : 32087237.389557,
          "N" : 251984,
          "percentile" : {
            "1.000000" : 2899968,
            "5.000000" : 3424256,
            "10.000000" : 16187392,
            "20.000000" : 20840448,
            "30.000000" : 24248320,
            "40.000000" : 38535168,
            "50.000000" : 56885248,
            "60.000000" : 59506688,
            "70.000000" : 61603840,
            "80.000000" : 63700992,
            "90.000000" : 81264640,
            "95.000000" : 111673344,
            "99.000000" : 158334976,
            "99.500000" : 164626432,
            "99.900000" : 175112192,
            "99.950000" : 179306496,
            "99.990000" : 181403648
          }
        },
        "lat_ns" : {
          "min" : 307896,
          "max" : 182728189,
          "mean" : 49888726.522148,
          "stddev" : 32335311.030836,
          "N" : 251984
        },
        "bw_min" : 123776,
        "bw_max" : 4308608,
        "bw_agg" : 99.995379,
        "bw_mean" : 426838.204082,
        "bw_dev" : 227360.958576,
        "bw_samples" : 196,
        "iops_min" : 1474,
        "iops_max" : 51726,
        "iops_mean" : 5128.795918,
        "iops_stddev" : 2729.156187,
        "iops_samples" : 196
      },
      "trim" : {
        "io_bytes" : 0,
        "io_kbytes" : 0,
        "bw_bytes" : 0,
        "bw" : 0,
        "iops" : 0.000000,
        "runtime" : 0,
        "total_ios" : 0,
        "short_ios" : 0,
        "drop_ios" : 0,
        "slat_ns" : {
          "min" : 0,
          "max" : 0,
          "mean" : 0.000000,
          "stddev" : 0.000000,
          "N" : 0
        },
        "clat_ns" : {
          "min" : 0,
          "max" : 0,
          "mean" : 0.000000,
          "stddev" : 0.000000,
          "N" : 0
        },
        "lat_ns" : {
          "min" : 0,
          "max" : 0,
          "mean" : 0.000000,
          "stddev" : 0.000000,
          "N" : 0
        },
        "bw_min" : 0,
        "bw_max" : 0,
        "bw_agg" : 0.000000,
        "bw_mean" : 0.000000,
        "bw_dev" : 0.000000,
        "bw_samples" : 0,
        "iops_min" : 0,
        "iops_max" : 0,
        "iops_mean" : 0.000000,
        "iops_stddev" : 0.000000,
        "iops_samples" : 0
      },
      "sync" : {
        "total_ios" : 0,
        "lat_ns" : {
          "min" : 0,
          "max" : 0,
          "mean" : 0.000000,
          "stddev" : 0.000000,
          "N" : 0
        }
      },
      "job_runtime" : 98221,
      "usr_cpu" : 3.436129,
      "sys_cpu" : 19.441871,
      "ctx" : 228701,
      "majf" : 0,
      "minf" : 24,
      "iodepth_level" : {
        "1" : 0.100000,
        "2" : 0.100000,
        "4" : 0.100000,
        "8" : 0.100000,
        "16" : 0.100000,
        "32" : 0.100000,
        ">=64" : 99.949997
      },
      "iodepth_submit" : {
        "0" : 0.000000,
        "4" : 100.000000,
        "8" : 0.000000,
        "16" : 0.000000,
        "32" : 0.000000,
        "64" : 0.000000,
        ">=64" : 0.000000
      },
      "iodepth_complete" : {
        "0" : 0.000000,
        "4" : 99.999206,
        "8" : 0.000000,
        "16" : 0.000000,
        "32" : 0.000000,
        "64" : 0.000000,
        ">=64" : 0.100000
      },
      "latency_ns" : {
        "2" : 0.000000,
        "4" : 0.000000,
        "10" : 0.000000,
        "20" : 0.000000,
        "50" : 0.000000,
        "100" : 0.000000,
        "250" : 0.000000,
        "500" : 0.000000,
        "750" : 0.000000,
        "1000" : 0.000000
      },
      "latency_us" : {
        "2" : 0.000000,
        "4" : 0.010000,
        "10" : 0.000000,
        "20" : 0.000000,
        "50" : 0.000000,
        "100" : 0.000000,
        "250" : 0.000000,
        "500" : 0.010000,
        "750" : 0.010000,
        "1000" : 0.010000
      },
      "latency_ms" : {
        "2" : 0.010000,
        "4" : 7.275462,
        "10" : 2.586672,
        "20" : 7.105610,
        "50" : 27.628738,
        "100" : 48.701108,
        "250" : 6.697647,
        "500" : 0.000000,
        "750" : 0.000000,
        "1000" : 0.000000,
        "2000" : 0.000000,
        ">=2000" : 0.000000
      },
      "latency_depth" : 128,
      "latency_target" : 0,
      "latency_percentile" : 100.000000,
      "latency_window" : 0
    }
  ]
}
