{
  "fio version" : "fio-3.36",
  "timestamp" : 1753055718,
  "timestamp_ms" : 1753055718395,
  "time" : "Sun Jul 20 23:55:18 2025",
  "global options" : {
    "ioengine" : "libaio",
    "direct" : "1",
    "directory" : "/mnt/test",
    "buffer_compress_percentage" : "70",
    "buffer_pattern" : "0xdeadbeef"
  },
  "jobs" : [
    {
      "jobname" : "database_mysql_innodb_test",
      "groupid" : 0,
      "job_start" : 1753055672719,
      "error" : 0,
      "eta" : 0,
      "elapsed" : 46,
      "job options" : {
        "rw" : "randrw",
        "rwmixread" : "70",
        "size" : "1G",
        "numjobs" : "24",
        "runtime" : "60",
        "iodepth" : "16",
        "bssplit" : "16k"
      },
      "read" : {
        "io_bytes" : 18040209408,
        "io_kbytes" : 17617392,
        "bw_bytes" : 395297881,
        "bw" : 386033,
        "iops" : 24127.067949,
        "runtime" : 45637,
        "total_ios" : 1101087,
        "short_ios" : 0,
        "drop_ios" : 0,
        "slat_ns" : {
          "min" : 6581,
          "max" : 54996998,
          "mean" : 530311.383898,
          "stddev" : 588945.339103,
          "N" : 1101087
        },
        "clat_ns" : {
          "min" : 2202,
          "max" : 104106355,
          "mean" : 10132541.123404,
          "stddev" : 4448525.299577,
          "N" : 1101087,
          "percentile" : {
            "1.000000" : 2211840,
            "5.000000" : 4292608,
            "10.000000" : 5472256,
            "20.000000" : 6914048,
            "30.000000" : 7897088,
            "40.000000" : 8847360,
            "50.000000" : 9633792,
            "60.000000" : 10551296,
            "70.000000" : 11468800,
            "80.000000" : 12648448,
            "90.000000" : 14745600,
            "95.000000" : 17694720,
            "99.000000" : 25821184,
            "99.500000" : 28966912,
            "99.900000" : 35913728,
            "99.950000" : 39583744,
            "99.990000" : 74973184
          }
        },
        "lat_ns" : {
          "min" : 15737,
          "max" : 105126199,
          "mean" : 10662852.507301,
          "stddev" : 4618554.284762,
          "N" : 1101087
        },
        "bw_min" : 150528,
        "bw_max" : 541784,
        "bw_agg" : 99.998423,
        "bw_mean" : 386027.375458,
        "bw_dev" : 3725.363044,
        "bw_samples" : 2177,
        "iops_min" : 9408,
        "iops_max" : 33860,
        "iops_mean" : 24126.383394,
        "iops_stddev" : 232.839861,
        "iops_samples" : 2177
      },
      "write" : {
        "io_bytes" : 7729594368,
        "io_kbytes" : 7548432,
        "bw_bytes" : 169371220,
        "bw" : 165401,
        "iops" : 10337.598878,
        "runtime" : 45637,
        "total_ios" : 471777,
        "short_ios" : 0,
        "drop_ios" : 0,
        "slat_ns" : {
          "min" : 44127,
          "max" : 49956310,
          "mean" : 1049687.865426,
          "stddev" : 448258.777373,
          "N" : 471777
        },
        "clat_ns" : {
          "min" : 3393,
          "max" : 104779749,
          "mean" : 11105259.265176,
          "stddev" : 4529117.788551,
          "N" : 471777,
          "percentile" : {
            "1.000000" : 3162112,
            "5.000000" : 5406720,
            "10.000000" : 6520832,
            "20.000000" : 7897088,
            "30.000000" : 8847360,
            "40.000000" : 9764864,
            "50.000000" : 10551296,
            "60.000000" : 11337728,
            "70.000000" : 12255232,
            "80.000000" : 13434880,
            "90.000000" : 15663104,
            "95.000000" : 19005440,
            "99.000000" : 27656192,
            "99.500000" : 30801920,
            "99.900000" : 38010880,
            "99.950000" : 41680896,
            "99.990000" : 78118912
          }
        },
        "lat_ns" : {
          "min" : 188399,
          "max" : 106408310,
          "mean" : 12154947.130602,
          "stddev" : 4781442.584588,
          "N" : 471777
        },
        "bw_min" : 65056,
        "bw_max" : 227304,
        "bw_agg" : 99.987556,
        "bw_mean" : 165381.437973,
        "bw_dev" : 1552.005134,
        "bw_samples" : 2177,
        "iops_min" : 4066,
        "iops_max" : 14206,
        "iops_mean" : 10335.985348,
        "iops_stddev" : 96.997853,
        "iops_samples" : 2177
      },
      "trim" : {
        "io_bytes" : 0,
        "io_kbytes" : 0,
        "bw_bytes" : 0,
        "bw" : 0,
        "iops" : 0.000000,
        "runtime" : 0,
        "total_ios" : 0,
        "short_ios" : 0,
        "drop_ios" : 0,
        "slat_ns" : {
          "min" : 0,
          "max" : 0,
          "mean" : 0.000000,
          "stddev" : 0.000000,
          "N" : 0
        },
        "clat_ns" : {
          "min" : 0,
          "max" : 0,
          "mean" : 0.000000,
          "stddev" : 0.000000,
          "N" : 0
        },
        "lat_ns" : {
          "min" : 0,
          "max" : 0,
          "mean" : 0.000000,
          "stddev" : 0.000000,
          "N" : 0
        },
        "bw_min" : 0,
        "bw_max" : 0,
        "bw_agg" : 0.000000,
        "bw_mean" : 0.000000,
        "bw_dev" : 0.000000,
        "bw_samples" : 0,
        "iops_min" : 0,
        "iops_max" : 0,
        "iops_mean" : 0.000000,
        "iops_stddev" : 0.000000,
        "iops_samples" : 0
      },
      "sync" : {
        "total_ios" : 0,
        "lat_ns" : {
          "min" : 0,
          "max" : 0,
          "mean" : 0.000000,
          "stddev" : 0.000000,
          "N" : 0
        }
      },
      "job_runtime" : 1093007,
      "usr_cpu" : 1.317283,
      "sys_cpu" : 6.696755,
      "ctx" : 1033189,
      "majf" : 0,
      "minf" : 310,
      "iodepth_level" : {
        "1" : 0.100000,
        "2" : 0.100000,
        "4" : 0.100000,
        "8" : 0.100000,
        "16" : 99.977112,
        "32" : 0.000000,
        ">=64" : 0.000000
      },
      "iodepth_submit" : {
        "0" : 0.000000,
        "4" : 100.000000,
        "8" : 0.000000,
        "16" : 0.000000,
        "32" : 0.000000,
        "64" : 0.000000,
        ">=64" : 0.000000
      },
      "iodepth_complete" : {
        "0" : 0.000000,
        "4" : 99.998474,
        "8" : 0.000000,
        "16" : 0.100000,
        "32" : 0.000000,
        "64" : 0.000000,
        ">=64" : 0.000000
      },
      "latency_ns" : {
        "2" : 0.000000,
        "4" : 0.000000,
        "10" : 0.000000,
        "20" : 0.000000,
        "50" : 0.000000,
        "100" : 0.000000,
        "250" : 0.000000,
        "500" : 0.000000,
        "750" : 0.000000,
        "1000" : 0.000000
      },
      "latency_us" : {
        "2" : 0.000000,
        "4" : 0.010000,
        "10" : 0.010000,
        "20" : 0.010000,
        "50" : 0.010000,
        "100" : 0.010000,
        "250" : 0.010000,
        "500" : 0.166066,
        "750" : 0.060972,
        "1000" : 0.132624
      },
      "latency_ms" : {
        "2" : 0.336202,
        "4" : 2.718671,
        "10" : 47.305870,
        "20" : 45.781326,
        "50" : 3.452301,
        "100" : 0.032234,
        "250" : 0.010000,
        "500" : 0.000000,
        "750" : 0.000000,
        "1000" : 0.000000,
        "2000" : 0.000000,
        ">=2000" : 0.000000
      },
      "latency_depth" : 16,
      "latency_target" : 0,
      "latency_percentile" : 100.000000,
      "latency_window" : 0
    }
  ]
}
