{
  "fio version" : "fio-3.36",
  "timestamp" : 1750976743,
  "timestamp_ms" : 1750976743464,
  "time" : "Thu Jun 26 22:25:43 2025",
  "global options" : {
    "ioengine" : "libaio",
    "direct" : "1",
    "directory" : "/mnt/test"
  },
  "jobs" : [
    {
      "jobname" : "archive_test",
      "groupid" : 0,
      "job_start" : 1750976719132,
      "error" : 0,
      "eta" : 0,
      "elapsed" : 25,
      "job options" : {
        "rw" : "write",
        "size" : "10G",
        "numjobs" : "2",
        "runtime" : "180",
        "iodepth" : "128",
        "bssplit" : "64k/70:128k/30"
      },
      "read" : {
        "io_bytes" : 0,
        "io_kbytes" : 0,
        "bw_bytes" : 0,
        "bw" : 0,
        "iops" : 0.000000,
        "runtime" : 0,
        "total_ios" : 0,
        "short_ios" : 0,
        "drop_ios" : 0,
        "slat_ns" : {
          "min" : 0,
          "max" : 0,
          "mean" : 0.000000,
          "stddev" : 0.000000,
          "N" : 0
        },
        "clat_ns" : {
          "min" : 0,
          "max" : 0,
          "mean" : 0.000000,
          "stddev" : 0.000000,
          "N" : 0
        },
        "lat_ns" : {
          "min" : 0,
          "max" : 0,
          "mean" : 0.000000,
          "stddev" : 0.000000,
          "N" : 0
        },
        "bw_min" : 0,
        "bw_max" : 0,
        "bw_agg" : 0.000000,
        "bw_mean" : 0.000000,
        "bw_dev" : 0.000000,
        "bw_samples" : 0,
        "iops_min" : 0,
        "iops_max" : 0,
        "iops_mean" : 0.000000,
        "iops_stddev" : 0.000000,
        "iops_samples" : 0
      },
      "write" : {
        "io_bytes" : 21474836480,
        "io_kbytes" : 20971520,
        "bw_bytes" : 883920003,
        "bw" : 863203,
        "iops" : 10371.846059,
        "runtime" : 24295,
        "total_ios" : 251984,
        "short_ios" : 0,
        "drop_ios" : 0,
        "slat_ns" : {
          "min" : 4673,
          "max" : 208651231,
          "mean" : 79669.228189,
          "stddev" : 516925.771600,
          "N" : 251984
        },
        "clat_ns" : {
          "min" : 3114049,
          "max" : 1953908280,
          "mean" : 24561469.486396,
          "stddev" : 62725833.321327,
          "N" : 251984,
          "percentile" : {
            "1.000000" : 4554752,
            "5.000000" : 5996544,
            "10.000000" : 7241728,
            "20.000000" : 9240576,
            "30.000000" : 11599872,
            "40.000000" : 17432576,
            "50.000000" : 22151168,
            "60.000000" : 25296896,
            "70.000000" : 27918336,
            "80.000000" : 30801920,
            "90.000000" : 35389440,
            "95.000000" : 39583744,
            "99.000000" : 51642368,
            "99.500000" : 202375168,
            "99.900000" : 1249902592,
            "99.950000" : 1820327936,
            "99.990000" : 1887436800
          }
        },
        "lat_ns" : {
          "min" : 3252706,
          "max" : 1954027767,
          "mean" : 24641138.714585,
          "stddev" : 62729772.391596,
          "N" : 251984
        },
        "bw_min" : 6642,
        "bw_max" : 1070208,
        "bw_agg" : 99.958164,
        "bw_mean" : 862842.291667,
        "bw_dev" : 165992.254144,
        "bw_samples" : 96,
        "iops_min" : 84,
        "iops_max" : 12894,
        "iops_mean" : 10368.520833,
        "iops_stddev" : 1995.924742,
        "iops_samples" : 96
      },
      "trim" : {
        "io_bytes" : 0,
        "io_kbytes" : 0,
        "bw_bytes" : 0,
        "bw" : 0,
        "iops" : 0.000000,
        "runtime" : 0,
        "total_ios" : 0,
        "short_ios" : 0,
        "drop_ios" : 0,
        "slat_ns" : {
          "min" : 0,
          "max" : 0,
          "mean" : 0.000000,
          "stddev" : 0.000000,
          "N" : 0
        },
        "clat_ns" : {
          "min" : 0,
          "max" : 0,
          "mean" : 0.000000,
          "stddev" : 0.000000,
          "N" : 0
        },
        "lat_ns" : {
          "min" : 0,
          "max" : 0,
          "mean" : 0.000000,
          "stddev" : 0.000000,
          "N" : 0
        },
        "bw_min" : 0,
        "bw_max" : 0,
        "bw_agg" : 0.000000,
        "bw_mean" : 0.000000,
        "bw_dev" : 0.000000,
        "bw_samples" : 0,
        "iops_min" : 0,
        "iops_max" : 0,
        "iops_mean" : 0.000000,
        "iops_stddev" : 0.000000,
        "iops_samples" : 0
      },
      "sync" : {
        "total_ios" : 0,
        "lat_ns" : {
          "min" : 0,
          "max" : 0,
          "mean" : 0.000000,
          "stddev" : 0.000000,
          "N" : 0
        }
      },
      "job_runtime" : 48515,
      "usr_cpu" : 6.369164,
      "sys_cpu" : 23.013501,
      "ctx" : 58337,
      "majf" : 0,
      "minf" : 27,
      "iodepth_level" : {
        "1" : 0.100000,
        "2" : 0.100000,
        "4" : 0.100000,
        "8" : 0.100000,
        "16" : 0.100000,
        "32" : 0.100000,
        ">=64" : 99.949997
      },
      "iodepth_submit" : {
        "0" : 0.000000,
        "4" : 100.000000,
        "8" : 0.000000,
        "16" : 0.000000,
        "32" : 0.000000,
        "64" : 0.000000,
        ">=64" : 0.000000
      },
      "iodepth_complete" : {
        "0" : 0.000000,
        "4" : 99.999206,
        "8" : 0.000000,
        "16" : 0.000000,
        "32" : 0.000000,
        "64" : 0.000000,
        ">=64" : 0.100000
      },
      "latency_ns" : {
        "2" : 0.000000,
        "4" : 0.000000,
        "10" : 0.000000,
        "20" : 0.000000,
        "50" : 0.000000,
        "100" : 0.000000,
        "250" : 0.000000,
        "500" : 0.000000,
        "750" : 0.000000,
        "1000" : 0.000000
      },
      "latency_us" : {
        "2" : 0.000000,
        "4" : 0.000000,
        "10" : 0.000000,
        "20" : 0.000000,
        "50" : 0.000000,
        "100" : 0.000000,
        "250" : 0.000000,
        "500" : 0.000000,
        "750" : 0.000000,
        "1000" : 0.000000
      },
      "latency_ms" : {
        "2" : 0.000000,
        "4" : 0.266287,
        "10" : 23.272509,
        "20" : 20.914423,
        "50" : 54.384009,
        "100" : 0.568290,
        "250" : 0.145644,
        "500" : 0.256365,
        "750" : 0.047622,
        "1000" : 0.018255,
        "2000" : 0.126595,
        ">=2000" : 0.000000
      },
      "latency_depth" : 128,
      "latency_target" : 0,
      "latency_percentile" : 100.000000,
      "latency_window" : 0
    }
  ],
  "disk_util" : [
    {
      "name" : "nvme0n1",
      "read_ios" : 5,
      "write_ios" : 250221,
      "read_sectors" : 26,
      "write_sectors" : 41646265,
      "read_merges" : 0,
      "write_merges" : 2,
      "read_ticks" : 26,
      "write_ticks" : 5701220,
      "in_queue" : 5701310,
      "util" : 78.361969
    }
  ]
}
