{
  "fio version" : "fio-3.36",
  "timestamp" : 1752807827,
  "timestamp_ms" : 1752807827357,
  "time" : "Fri Jul 18 03:03:47 2025",
  "global options" : {
    "ioengine" : "libaio",
    "direct" : "1",
    "directory" : "/mnt/test",
    "buffer_compress_percentage" : "70",
    "buffer_pattern" : "0xdeadbeef"
  },
  "jobs" : [
    {
      "jobname" : "database_test",
      "groupid" : 0,
      "job_start" : 1752807767007,
      "error" : 0,
      "eta" : 0,
      "elapsed" : 61,
      "job options" : {
        "rw" : "randrw",
        "rwmixread" : "70",
        "size" : "1G",
        "numjobs" : "24",
        "runtime" : "60",
        "iodepth" : "16",
        "bssplit" : "4k/80:8k/20"
      },
      "read" : {
        "io_bytes" : 93011968,
        "io_kbytes" : 90832,
        "bw_bytes" : 1542410,
        "bw" : 1506,
        "iops" : 314.445384,
        "runtime" : 60303,
        "total_ios" : 18962,
        "short_ios" : 0,
        "drop_ios" : 0,
        "slat_ns" : {
          "min" : 3444,
          "max" : 350181025,
          "mean" : 59274693.183736,
          "stddev" : 39450791.835916,
          "N" : 18962
        },
        "clat_ns" : {
          "min" : 11869702,
          "max" : 2338661521,
          "mean" : 804094971.498207,
          "stddev" : 220167114.910327,
          "N" : 18962,
          "percentile" : {
            "1.000000" : 312475648,
            "5.000000" : 459276288,
            "10.000000" : 534773760,
            "20.000000" : 624951296,
            "30.000000" : 692060160,
            "40.000000" : 742391808,
            "50.000000" : 792723456,
            "60.000000" : 851443712,
            "70.000000" : 910163968,
            "80.000000" : 977272832,
            "90.000000" : 1082130432,
            "95.000000" : 1166016512,
            "99.000000" : 1400897536,
            "99.500000" : 1501560832,
            "99.900000" : 1686110208,
            "99.950000" : 1786773504,
            "99.990000" : 2139095040
          }
        },
        "lat_ns" : {
          "min" : 11919820,
          "max" : 2463821966,
          "mean" : 863369664.681943,
          "stddev" : 226448800.264144,
          "N" : 18962
        },
        "bw_min" : 272,
        "bw_max" : 3416,
        "bw_agg" : 99.849975,
        "bw_mean" : 1504.997778,
        "bw_dev" : 25.343859,
        "bw_samples" : 2854,
        "iops_min" : 66,
        "iops_max" : 674,
        "iops_mean" : 314.036284,
        "iops_stddev" : 4.977032,
        "iops_samples" : 2854
      },
      "write" : {
        "io_bytes" : 40783872,
        "io_kbytes" : 39828,
        "bw_bytes" : 676315,
        "bw" : 660,
        "iops" : 138.218662,
        "runtime" : 60303,
        "total_ios" : 8335,
        "short_ios" : 0,
        "drop_ios" : 0,
        "slat_ns" : {
          "min" : 4896,
          "max" : 302447180,
          "mean" : 37928889.928014,
          "stddev" : 41682326.699418,
          "N" : 8335
        },
        "clat_ns" : {
          "min" : 11152215,
          "max" : 3679748978,
          "mean" : 758241380.952130,
          "stddev" : 314655159.996099,
          "N" : 8335,
          "percentile" : {
            "1.000000" : 238026752,
            "5.000000" : 379584512,
            "10.000000" : 450887680,
            "20.000000" : 541065216,
            "30.000000" : 599785472,
            "40.000000" : 658505728,
            "50.000000" : 708837376,
            "60.000000" : 759169024,
            "70.000000" : 826277888,
            "80.000000" : 910163968,
            "90.000000" : 1082130432,
            "95.000000" : 1400897536,
            "99.000000" : 1920991232,
            "99.500000" : 2071986176,
            "99.900000" : 2499805184,
            "99.950000" : 3204448256,
            "99.990000" : 3674210304
          }
        },
        "lat_ns" : {
          "min" : 11170711,
          "max" : 3768464044,
          "mean" : 796170270.880144,
          "stddev" : 333414387.874620,
          "N" : 8335
        },
        "bw_min" : 192,
        "bw_max" : 1976,
        "bw_agg" : 100.000000,
        "bw_mean" : 703.376680,
        "bw_dev" : 16.523794,
        "bw_samples" : 2688,
        "iops_min" : 48,
        "iops_max" : 392,
        "iops_mean" : 147.167318,
        "iops_stddev" : 3.252663,
        "iops_samples" : 2688
      },
      "trim" : {
        "io_bytes" : 0,
        "io_kbytes" : 0,
        "bw_bytes" : 0,
        "bw" : 0,
        "iops" : 0.000000,
        "runtime" : 0,
        "total_ios" : 0,
        "short_ios" : 0,
        "drop_ios" : 0,
        "slat_ns" : {
          "min" : 0,
          "max" : 0,
          "mean" : 0.000000,
          "stddev" : 0.000000,
          "N" : 0
        },
        "clat_ns" : {
          "min" : 0,
          "max" : 0,
          "mean" : 0.000000,
          "stddev" : 0.000000,
          "N" : 0
        },
        "lat_ns" : {
          "min" : 0,
          "max" : 0,
          "mean" : 0.000000,
          "stddev" : 0.000000,
          "N" : 0
        },
        "bw_min" : 0,
        "bw_max" : 0,
        "bw_agg" : 0.000000,
        "bw_mean" : 0.000000,
        "bw_dev" : 0.000000,
        "bw_samples" : 0,
        "iops_min" : 0,
        "iops_max" : 0,
        "iops_mean" : 0.000000,
        "iops_stddev" : 0.000000,
        "iops_samples" : 0
      },
      "sync" : {
        "total_ios" : 0,
        "lat_ns" : {
          "min" : 0,
          "max" : 0,
          "mean" : 0.000000,
          "stddev" : 0.000000,
          "N" : 0
        }
      },
      "job_runtime" : 1444224,
      "usr_cpu" : 0.039260,
      "sys_cpu" : 0.151846,
      "ctx" : 24257,
      "majf" : 0,
      "minf" : 247,
      "iodepth_level" : {
        "1" : 0.100000,
        "2" : 0.175843,
        "4" : 0.351687,
        "8" : 0.703374,
        "16" : 98.681174,
        "32" : 0.000000,
        ">=64" : 0.000000
      },
      "iodepth_submit" : {
        "0" : 0.000000,
        "4" : 100.000000,
        "8" : 0.000000,
        "16" : 0.000000,
        "32" : 0.000000,
        "64" : 0.000000,
        ">=64" : 0.000000
      },
      "iodepth_complete" : {
        "0" : 0.000000,
        "4" : 99.910983,
        "8" : 0.000000,
        "16" : 0.100000,
        "32" : 0.000000,
        "64" : 0.000000,
        ">=64" : 0.000000
      },
      "latency_ns" : {
        "2" : 0.000000,
        "4" : 0.000000,
        "10" : 0.000000,
        "20" : 0.000000,
        "50" : 0.000000,
        "100" : 0.000000,
        "250" : 0.000000,
        "500" : 0.000000,
        "750" : 0.000000,
        "1000" : 0.000000
      },
      "latency_us" : {
        "2" : 0.000000,
        "4" : 0.000000,
        "10" : 0.000000,
        "20" : 0.000000,
        "50" : 0.000000,
        "100" : 0.000000,
        "250" : 0.000000,
        "500" : 0.000000,
        "750" : 0.000000,
        "1000" : 0.000000
      },
      "latency_ms" : {
        "2" : 0.000000,
        "4" : 0.000000,
        "10" : 0.000000,
        "20" : 0.010990,
        "50" : 0.010990,
        "100" : 0.043961,
        "250" : 0.575155,
        "500" : 8.887424,
        "750" : 36.927135,
        "1000" : 37.337436,
        "2000" : 15.979778,
        ">=2000" : 0.227131
      },
      "latency_depth" : 16,
      "latency_target" : 0,
      "latency_percentile" : 100.000000,
      "latency_window" : 0
    }
  ]
}
