{
  "fio version" : "fio-3.36",
  "timestamp" : 1750596285,
  "timestamp_ms" : 1750596285789,
  "time" : "Sun Jun 22 12:44:45 2025",
  "global options" : {
    "ioengine" : "libaio",
    "direct" : "1",
    "directory" : "/mnt/test"
  },
  "jobs" : [
    {
      "jobname" : "database_test",
      "groupid" : 0,
      "job_start" : 1750596225758,
      "error" : 0,
      "eta" : 0,
      "elapsed" : 61,
      "job options" : {
        "rw" : "randrw",
        "rwmixread" : "70",
        "size" : "1M",
        "numjobs" : "8",
        "runtime" : "60",
        "iodepth" : "16",
        "bssplit" : "4k/80:8k/20"
      },
      "read" : {
        "io_bytes" : 346564493312,
        "io_kbytes" : 338441888,
        "bw_bytes" : 5775978622,
        "bw" : 5640604,
        "iops" : 1245601.056649,
        "runtime" : 60001,
        "total_ios" : 74737309,
        "short_ios" : 0,
        "drop_ios" : 0,
        "slat_ns" : {
          "min" : 1520,
          "max" : 19046861,
          "mean" : 2529.966542,
          "stddev" : 13621.994045,
          "N" : 74737309
        },
        "clat_ns" : {
          "min" : 1124,
          "max" : 32055950,
          "mean" : 67789.236845,
          "stddev" : 83291.228638,
          "N" : 74737309,
          "percentile" : {
            "1.000000" : 50432,
            "5.000000" : 54528,
            "10.000000" : 56576,
            "20.000000" : 59648,
            "30.000000" : 62208,
            "40.000000" : 63744,
            "50.000000" : 66048,
            "60.000000" : 68096,
            "70.000000" : 70144,
            "80.000000" : 72192,
            "90.000000" : 76288,
            "95.000000" : 80384,
            "99.000000" : 92672,
            "99.500000" : 107008,
            "99.900000" : 259072,
            "99.950000" : 415744,
            "99.990000" : 3719168
          }
        },
        "lat_ns" : {
          "min" : 3355,
          "max" : 32058218,
          "mean" : 70319.203387,
          "stddev" : 84472.588843,
          "N" : 74737309
        },
        "bw_min" : 5336231,
        "bw_max" : 6181616,
        "bw_agg" : 100.000000,
        "bw_mean" : 5642086.386555,
        "bw_dev" : 15544.080373,
        "bw_samples" : 952,
        "iops_min" : 1178283,
        "iops_max" : 1364711,
        "iops_mean" : 1245928.050420,
        "iops_stddev" : 3421.564082,
        "iops_samples" : 952
      },
      "write" : {
        "io_bytes" : 148507197440,
        "io_kbytes" : 145026560,
        "bw_bytes" : 2475078706,
        "bw" : 2417069,
        "iops" : 533729.804503,
        "runtime" : 60001,
        "total_ios" : 32024322,
        "short_ios" : 0,
        "drop_ios" : 0,
        "slat_ns" : {
          "min" : 3862,
          "max" : 31958292,
          "mean" : 5957.766267,
          "stddev" : 29403.526928,
          "N" : 32024322
        },
        "clat_ns" : {
          "min" : 1235,
          "max" : 32042491,
          "mean" : 68322.579732,
          "stddev" : 84889.970951,
          "N" : 32024322,
          "percentile" : {
            "1.000000" : 50944,
            "5.000000" : 55040,
            "10.000000" : 57088,
            "20.000000" : 60160,
            "30.000000" : 62720,
            "40.000000" : 64256,
            "50.000000" : 66048,
            "60.000000" : 68096,
            "70.000000" : 70144,
            "80.000000" : 73216,
            "90.000000" : 77312,
            "95.000000" : 80384,
            "99.000000" : 92672,
            "99.500000" : 107008,
            "99.900000" : 259072,
            "99.950000" : 411648,
            "99.990000" : 3653632
          }
        },
        "lat_ns" : {
          "min" : 6383,
          "max" : 32060214,
          "mean" : 74280.345999,
          "stddev" : 90078.772373,
          "N" : 32024322
        },
        "bw_min" : 2291872,
        "bw_max" : 2653258,
        "bw_agg" : 100.000000,
        "bw_mean" : 2417668.369748,
        "bw_dev" : 6723.703051,
        "bw_samples" : 952,
        "iops_min" : 506332,
        "iops_max" : 585836,
        "iops_mean" : 533863.739496,
        "iops_stddev" : 1481.029167,
        "iops_samples" : 952
      },
      "trim" : {
        "io_bytes" : 0,
        "io_kbytes" : 0,
        "bw_bytes" : 0,
        "bw" : 0,
        "iops" : 0.000000,
        "runtime" : 0,
        "total_ios" : 0,
        "short_ios" : 0,
        "drop_ios" : 0,
        "slat_ns" : {
          "min" : 0,
          "max" : 0,
          "mean" : 0.000000,
          "stddev" : 0.000000,
          "N" : 0
        },
        "clat_ns" : {
          "min" : 0,
          "max" : 0,
          "mean" : 0.000000,
          "stddev" : 0.000000,
          "N" : 0
        },
        "lat_ns" : {
          "min" : 0,
          "max" : 0,
          "mean" : 0.000000,
          "stddev" : 0.000000,
          "N" : 0
        },
        "bw_min" : 0,
        "bw_max" : 0,
        "bw_agg" : 0.000000,
        "bw_mean" : 0.000000,
        "bw_dev" : 0.000000,
        "bw_samples" : 0,
        "iops_min" : 0,
        "iops_max" : 0,
        "iops_mean" : 0.000000,
        "iops_stddev" : 0.000000,
        "iops_samples" : 0
      },
      "sync" : {
        "total_ios" : 0,
        "lat_ns" : {
          "min" : 0,
          "max" : 0,
          "mean" : 0.000000,
          "stddev" : 0.000000,
          "N" : 0
        }
      },
      "job_runtime" : 480000,
      "usr_cpu" : 18.682292,
      "sys_cpu" : 79.036250,
      "ctx" : 156853,
      "majf" : 0,
      "minf" : 125,
      "iodepth_level" : {
        "1" : 0.100000,
        "2" : 0.100000,
        "4" : 0.100000,
        "8" : 0.100000,
        "16" : 99.999888,
        "32" : 0.000000,
        ">=64" : 0.000000
      },
      "iodepth_submit" : {
        "0" : 0.000000,
        "4" : 100.000000,
        "8" : 0.000000,
        "16" : 0.000000,
        "32" : 0.000000,
        "64" : 0.000000,
        ">=64" : 0.000000
      },
      "iodepth_complete" : {
        "0" : 0.000000,
        "4" : 99.999993,
        "8" : 0.000000,
        "16" : 0.100000,
        "32" : 0.000000,
        "64" : 0.000000,
        ">=64" : 0.000000
      },
      "latency_ns" : {
        "2" : 0.000000,
        "4" : 0.000000,
        "10" : 0.000000,
        "20" : 0.000000,
        "50" : 0.000000,
        "100" : 0.000000,
        "250" : 0.000000,
        "500" : 0.000000,
        "750" : 0.000000,
        "1000" : 0.000000
      },
      "latency_us" : {
        "2" : 0.010000,
        "4" : 0.000000,
        "10" : 0.010000,
        "20" : 0.010000,
        "50" : 0.667549,
        "100" : 98.699226,
        "250" : 0.526096,
        "500" : 0.065850,
        "750" : 0.012086,
        "1000" : 0.010000
      },
      "latency_ms" : {
        "2" : 0.010000,
        "4" : 0.010000,
        "10" : 0.010000,
        "20" : 0.010000,
        "50" : 0.010000,
        "100" : 0.000000,
        "250" : 0.000000,
        "500" : 0.000000,
        "750" : 0.000000,
        "1000" : 0.000000,
        "2000" : 0.000000,
        ">=2000" : 0.000000
      },
      "latency_depth" : 16,
      "latency_target" : 0,
      "latency_percentile" : 100.000000,
      "latency_window" : 0
    }
  ]
}
