{
  "fio version" : "fio-3.36",
  "timestamp" : 1747943961,
  "timestamp_ms" : 1747943961615,
  "time" : "Thu May 22 19:59:21 2025",
  "global options" : {
    "ioengine" : "libaio",
    "direct" : "1",
    "directory" : "/mnt/test"
  },
  "jobs" : [
    {
      "jobname" : "seq_read_article_test",
      "groupid" : 0,
      "job_start" : 1747943781590,
      "error" : 0,
      "eta" : 0,
      "elapsed" : 181,
      "job options" : {
        "rw" : "read",
        "size" : "50G",
        "numjobs" : "1",
        "runtime" : "180"
      },
      "read" : {
        "io_bytes" : 65822265344,
        "io_kbytes" : 64279556,
        "bw_bytes" : 365675188,
        "bw" : 357104,
        "iops" : 89276.169154,
        "runtime" : 180002,
        "total_ios" : 16069889,
        "short_ios" : 0,
        "drop_ios" : 0,
        "slat_ns" : {
          "min" : 3370,
          "max" : 214228345,
          "mean" : 9805.602962,
          "stddev" : 254431.715670,
          "N" : 16069889
        },
        "clat_ns" : {
          "min" : 1014,
          "max" : 46804,
          "mean" : 1194.770417,
          "stddev" : 392.162183,
          "N" : 16069889,
          "percentile" : {
            "1.000000" : 1048,
            "5.000000" : 1064,
            "10.000000" : 1064,
            "20.000000" : 1080,
            "30.000000" : 1080,
            "40.000000" : 1096,
            "50.000000" : 1112,
            "60.000000" : 1128,
            "70.000000" : 1160,
            "80.000000" : 1192,
            "90.000000" : 1288,
            "95.000000" : 1624,
            "99.000000" : 2512,
            "99.500000" : 2640,
            "99.900000" : 5984,
            "99.950000" : 7072,
            "99.990000" : 13632
          }
        },
        "lat_ns" : {
          "min" : 4413,
          "max" : 214238220,
          "mean" : 11000.373379,
          "stddev" : 254517.718049,
          "N" : 16069889
        },
        "bw_min" : 760,
        "bw_max" : 502765,
        "bw_agg" : 100.000000,
        "bw_mean" : 357204.626741,
        "bw_dev" : 55036.081813,
        "bw_samples" : 359,
        "iops_min" : 190,
        "iops_max" : 125691,
        "iops_mean" : 89301.144847,
        "iops_stddev" : 13759.001086,
        "iops_samples" : 359
      },
      "write" : {
        "io_bytes" : 0,
        "io_kbytes" : 0,
        "bw_bytes" : 0,
        "bw" : 0,
        "iops" : 0.000000,
        "runtime" : 0,
        "total_ios" : 0,
        "short_ios" : 0,
        "drop_ios" : 0,
        "slat_ns" : {
          "min" : 0,
          "max" : 0,
          "mean" : 0.000000,
          "stddev" : 0.000000,
          "N" : 0
        },
        "clat_ns" : {
          "min" : 0,
          "max" : 0,
          "mean" : 0.000000,
          "stddev" : 0.000000,
          "N" : 0
        },
        "lat_ns" : {
          "min" : 0,
          "max" : 0,
          "mean" : 0.000000,
          "stddev" : 0.000000,
          "N" : 0
        },
        "bw_min" : 0,
        "bw_max" : 0,
        "bw_agg" : 0.000000,
        "bw_mean" : 0.000000,
        "bw_dev" : 0.000000,
        "bw_samples" : 0,
        "iops_min" : 0,
        "iops_max" : 0,
        "iops_mean" : 0.000000,
        "iops_stddev" : 0.000000,
        "iops_samples" : 0
      },
      "trim" : {
        "io_bytes" : 0,
        "io_kbytes" : 0,
        "bw_bytes" : 0,
        "bw" : 0,
        "iops" : 0.000000,
        "runtime" : 0,
        "total_ios" : 0,
        "short_ios" : 0,
        "drop_ios" : 0,
        "slat_ns" : {
          "min" : 0,
          "max" : 0,
          "mean" : 0.000000,
          "stddev" : 0.000000,
          "N" : 0
        },
        "clat_ns" : {
          "min" : 0,
          "max" : 0,
          "mean" : 0.000000,
          "stddev" : 0.000000,
          "N" : 0
        },
        "lat_ns" : {
          "min" : 0,
          "max" : 0,
          "mean" : 0.000000,
          "stddev" : 0.000000,
          "N" : 0
        },
        "bw_min" : 0,
        "bw_max" : 0,
        "bw_agg" : 0.000000,
        "bw_mean" : 0.000000,
        "bw_dev" : 0.000000,
        "bw_samples" : 0,
        "iops_min" : 0,
        "iops_max" : 0,
        "iops_mean" : 0.000000,
        "iops_stddev" : 0.000000,
        "iops_samples" : 0
      },
      "sync" : {
        "total_ios" : 0,
        "lat_ns" : {
          "min" : 0,
          "max" : 0,
          "mean" : 0.000000,
          "stddev" : 0.000000,
          "N" : 0
        }
      },
      "job_runtime" : 180001,
      "usr_cpu" : 12.987706,
      "sys_cpu" : 40.586441,
      "ctx" : 20940,
      "majf" : 0,
      "minf" : 12,
      "iodepth_level" : {
        "1" : 100.000000,
        "2" : 0.000000,
        "4" : 0.000000,
        "8" : 0.000000,
        "16" : 0.000000,
        "32" : 0.000000,
        ">=64" : 0.000000
      },
      "iodepth_submit" : {
        "0" : 0.000000,
        "4" : 100.000000,
        "8" : 0.000000,
        "16" : 0.000000,
        "32" : 0.000000,
        "64" : 0.000000,
        ">=64" : 0.000000
      },
      "iodepth_complete" : {
        "0" : 0.000000,
        "4" : 100.000000,
        "8" : 0.000000,
        "16" : 0.000000,
        "32" : 0.000000,
        "64" : 0.000000,
        ">=64" : 0.000000
      },
      "latency_ns" : {
        "2" : 0.000000,
        "4" : 0.000000,
        "10" : 0.000000,
        "20" : 0.000000,
        "50" : 0.000000,
        "100" : 0.000000,
        "250" : 0.000000,
        "500" : 0.000000,
        "750" : 0.000000,
        "1000" : 0.000000
      },
      "latency_us" : {
        "2" : 97.232010,
        "4" : 2.536402,
        "10" : 0.210680,
        "20" : 0.017754,
        "50" : 0.010000,
        "100" : 0.000000,
        "250" : 0.000000,
        "500" : 0.000000,
        "750" : 0.000000,
        "1000" : 0.000000
      },
      "latency_ms" : {
        "2" : 0.000000,
        "4" : 0.000000,
        "10" : 0.000000,
        "20" : 0.000000,
        "50" : 0.000000,
        "100" : 0.000000,
        "250" : 0.000000,
        "500" : 0.000000,
        "750" : 0.000000,
        "1000" : 0.000000,
        "2000" : 0.000000,
        ">=2000" : 0.000000
      },
      "latency_depth" : 1,
      "latency_target" : 0,
      "latency_percentile" : 100.000000,
      "latency_window" : 0
    }
  ]
}
