{
  "fio version" : "fio-3.36",
  "timestamp" : 1752791189,
  "timestamp_ms" : 1752791189211,
  "time" : "Thu Jul 17 22:26:29 2025",
  "global options" : {
    "ioengine" : "libaio",
    "direct" : "0",
    "directory" : "/mnt/test",
    "buffer_compress_percentage" : "70",
    "buffer_pattern" : "0xdeadbeef"
  },
  "jobs" : [
    {
      "jobname" : "webserver_test",
      "groupid" : 0,
      "job_start" : 1752791069098,
      "error" : 0,
      "eta" : 0,
      "elapsed" : 121,
      "job options" : {
        "rw" : "randread",
        "size" : "2G",
        "numjobs" : "16",
        "runtime" : "120",
        "iodepth" : "32",
        "bssplit" : "4k/90:8k/10"
      },
      "read" : {
        "io_bytes" : 127868928,
        "io_kbytes" : 124872,
        "bw_bytes" : 1064855,
        "bw" : 1039,
        "iops" : 236.956721,
        "runtime" : 120081,
        "total_ios" : 28454,
        "short_ios" : 0,
        "drop_ios" : 0,
        "slat_ns" : {
          "min" : 3532600,
          "max" : 1113153330,
          "mean" : 67469649.380895,
          "stddev" : 77355872.937428,
          "N" : 28454
        },
        "clat_ns" : {
          "min" : 11117,
          "max" : 6808141929,
          "mean" : 2072249811.879490,
          "stddev" : 723236672.543189,
          "N" : 28454,
          "percentile" : {
            "1.000000" : 960495616,
            "5.000000" : 1283457024,
            "10.000000" : 1400897536,
            "20.000000" : 1568669696,
            "30.000000" : 1686110208,
            "40.000000" : 1786773504,
            "50.000000" : 1904214016,
            "60.000000" : 2038431744,
            "70.000000" : 2197815296,
            "80.000000" : 2466250752,
            "90.000000" : 2969567232,
            "95.000000" : 3539992576,
            "99.000000" : 4731174912,
            "99.500000" : 5066719232,
            "99.900000" : 5670699008,
            "99.950000" : 5872025600,
            "99.990000" : 6476005376
          }
        },
        "lat_ns" : {
          "min" : 12436016,
          "max" : 6846670648,
          "mean" : 2139719461.260386,
          "stddev" : 741729294.006569,
          "N" : 28454
        },
        "bw_min" : 184,
        "bw_max" : 2440,
        "bw_agg" : 100.000000,
        "bw_mean" : 1045.786308,
        "bw_dev" : 25.675351,
        "bw_samples" : 3725,
        "iops_min" : 46,
        "iops_max" : 540,
        "iops_mean" : 238.220579,
        "iops_stddev" : 5.676032,
        "iops_samples" : 3725
      },
      "write" : {
        "io_bytes" : 0,
        "io_kbytes" : 0,
        "bw_bytes" : 0,
        "bw" : 0,
        "iops" : 0.000000,
        "runtime" : 0,
        "total_ios" : 0,
        "short_ios" : 0,
        "drop_ios" : 0,
        "slat_ns" : {
          "min" : 0,
          "max" : 0,
          "mean" : 0.000000,
          "stddev" : 0.000000,
          "N" : 0
        },
        "clat_ns" : {
          "min" : 0,
          "max" : 0,
          "mean" : 0.000000,
          "stddev" : 0.000000,
          "N" : 0
        },
        "lat_ns" : {
          "min" : 0,
          "max" : 0,
          "mean" : 0.000000,
          "stddev" : 0.000000,
          "N" : 0
        },
        "bw_min" : 0,
        "bw_max" : 0,
        "bw_agg" : 0.000000,
        "bw_mean" : 0.000000,
        "bw_dev" : 0.000000,
        "bw_samples" : 0,
        "iops_min" : 0,
        "iops_max" : 0,
        "iops_mean" : 0.000000,
        "iops_stddev" : 0.000000,
        "iops_samples" : 0
      },
      "trim" : {
        "io_bytes" : 0,
        "io_kbytes" : 0,
        "bw_bytes" : 0,
        "bw" : 0,
        "iops" : 0.000000,
        "runtime" : 0,
        "total_ios" : 0,
        "short_ios" : 0,
        "drop_ios" : 0,
        "slat_ns" : {
          "min" : 0,
          "max" : 0,
          "mean" : 0.000000,
          "stddev" : 0.000000,
          "N" : 0
        },
        "clat_ns" : {
          "min" : 0,
          "max" : 0,
          "mean" : 0.000000,
          "stddev" : 0.000000,
          "N" : 0
        },
        "lat_ns" : {
          "min" : 0,
          "max" : 0,
          "mean" : 0.000000,
          "stddev" : 0.000000,
          "N" : 0
        },
        "bw_min" : 0,
        "bw_max" : 0,
        "bw_agg" : 0.000000,
        "bw_mean" : 0.000000,
        "bw_dev" : 0.000000,
        "bw_samples" : 0,
        "iops_min" : 0,
        "iops_max" : 0,
        "iops_mean" : 0.000000,
        "iops_stddev" : 0.000000,
        "iops_samples" : 0
      },
      "sync" : {
        "total_ios" : 0,
        "lat_ns" : {
          "min" : 0,
          "max" : 0,
          "mean" : 0.000000,
          "stddev" : 0.000000,
          "N" : 0
        }
      },
      "job_runtime" : 1920579,
      "usr_cpu" : 0.049464,
      "sys_cpu" : 0.209052,
      "ctx" : 28512,
      "majf" : 0,
      "minf" : 1201,
      "iodepth_level" : {
        "1" : 0.100000,
        "2" : 0.112462,
        "4" : 0.224924,
        "8" : 0.449849,
        "16" : 0.899698,
        "32" : 98.256836,
        ">=64" : 0.000000
      },
      "iodepth_submit" : {
        "0" : 0.000000,
        "4" : 100.000000,
        "8" : 0.000000,
        "16" : 0.000000,
        "32" : 0.000000,
        "64" : 0.000000,
        ">=64" : 0.000000
      },
      "iodepth_complete" : {
        "0" : 0.000000,
        "4" : 99.942804,
        "8" : 0.000000,
        "16" : 0.000000,
        "32" : 0.100000,
        "64" : 0.000000,
        ">=64" : 0.000000
      },
      "latency_ns" : {
        "2" : 0.000000,
        "4" : 0.000000,
        "10" : 0.000000,
        "20" : 0.000000,
        "50" : 0.000000,
        "100" : 0.000000,
        "250" : 0.000000,
        "500" : 0.000000,
        "750" : 0.000000,
        "1000" : 0.000000
      },
      "latency_us" : {
        "2" : 0.000000,
        "4" : 0.000000,
        "10" : 0.000000,
        "20" : 0.052717,
        "50" : 0.010000,
        "100" : 0.000000,
        "250" : 0.000000,
        "500" : 0.000000,
        "750" : 0.000000,
        "1000" : 0.000000
      },
      "latency_ms" : {
        "2" : 0.000000,
        "4" : 0.000000,
        "10" : 0.000000,
        "20" : 0.010000,
        "50" : 0.021087,
        "100" : 0.021087,
        "250" : 0.130034,
        "500" : 0.221410,
        "750" : 0.217896,
        "1000" : 0.460392,
        "2000" : 55.647712,
        ">=2000" : 43.217122
      },
      "latency_depth" : 32,
      "latency_target" : 0,
      "latency_percentile" : 100.000000,
      "latency_window" : 0
    }
  ]
}
