{
  "fio version" : "fio-3.36",
  "timestamp" : 1750541605,
  "timestamp_ms" : 1750541605860,
  "time" : "Sat Jun 21 21:33:25 2025",
  "global options" : {
    "ioengine" : "libaio",
    "direct" : "1",
    "directory" : "/mnt/test"
  },
  "jobs" : [
    {
      "jobname" : "database_test",
      "groupid" : 0,
      "job_start" : 1750541605656,
      "error" : 0,
      "eta" : 2147483647,
      "elapsed" : 1,
      "job options" : {
        "rw" : "randrw",
        "rwmixread" : "70",
        "size" : "1M",
        "numjobs" : "8",
        "runtime" : "60",
        "iodepth" : "16",
        "bssplit" : "4k/80:8k/20"
      },
      "read" : {
        "io_bytes" : 5935104,
        "io_kbytes" : 5796,
        "bw_bytes" : 36189658,
        "bw" : 35341,
        "iops" : 7841.463415,
        "runtime" : 164,
        "total_ios" : 1286,
        "short_ios" : 0,
        "drop_ios" : 0,
        "slat_ns" : {
          "min" : 2029,
          "max" : 48018066,
          "mean" : 605946.748056,
          "stddev" : 3324791.444253,
          "N" : 1286
        },
        "clat_ns" : {
          "min" : 215355,
          "max" : 105161453,
          "mean" : 9513726.419129,
          "stddev" : 19979744.041847,
          "N" : 1286,
          "percentile" : {
            "1.000000" : 1564672,
            "5.000000" : 2113536,
            "10.000000" : 2441216,
            "20.000000" : 2998272,
            "30.000000" : 3325952,
            "40.000000" : 3620864,
            "50.000000" : 3981312,
            "60.000000" : 4423680,
            "70.000000" : 5079040,
            "80.000000" : 6324224,
            "90.000000" : 11075584,
            "95.000000" : 53739520,
            "99.000000" : 102236160,
            "99.500000" : 104333312,
            "99.900000" : 105381888,
            "99.950000" : 105381888,
            "99.990000" : 105381888
          }
        },
        "lat_ns" : {
          "min" : 254597,
          "max" : 105212319,
          "mean" : 10119673.167185,
          "stddev" : 20719219.693423,
          "N" : 1286
        },
        "bw_min" : 0,
        "bw_max" : 0,
        "bw_agg" : 0.000000,
        "bw_mean" : 0.000000,
        "bw_dev" : 0.000000,
        "bw_samples" : 0,
        "iops_min" : 0,
        "iops_max" : 0,
        "iops_mean" : 0.000000,
        "iops_stddev" : 0.000000,
        "iops_samples" : 0
      },
      "write" : {
        "io_bytes" : 2453504,
        "io_kbytes" : 2396,
        "bw_bytes" : 14960390,
        "bw" : 14609,
        "iops" : 3219.512195,
        "runtime" : 164,
        "total_ios" : 528,
        "short_ios" : 0,
        "drop_ios" : 0,
        "slat_ns" : {
          "min" : 3780,
          "max" : 15455189,
          "mean" : 323235.011364,
          "stddev" : 1592203.160391,
          "N" : 528
        },
        "clat_ns" : {
          "min" : 1118377,
          "max" : 101903588,
          "mean" : 10742783.696970,
          "stddev" : 21929907.209271,
          "N" : 528,
          "percentile" : {
            "1.000000" : 1695744,
            "5.000000" : 1908736,
            "10.000000" : 2146304,
            "20.000000" : 2506752,
            "30.000000" : 2867200,
            "40.000000" : 3129344,
            "50.000000" : 3555328,
            "60.000000" : 3915776,
            "70.000000" : 4554752,
            "80.000000" : 8290304,
            "90.000000" : 18219008,
            "95.000000" : 82313216,
            "99.000000" : 95944704,
            "99.500000" : 95944704,
            "99.900000" : 102236160,
            "99.950000" : 102236160,
            "99.990000" : 102236160
          }
        },
        "lat_ns" : {
          "min" : 1130173,
          "max" : 101907854,
          "mean" : 11066018.708333,
          "stddev" : 21979268.226649,
          "N" : 528
        },
        "bw_min" : 0,
        "bw_max" : 0,
        "bw_agg" : 0.000000,
        "bw_mean" : 0.000000,
        "bw_dev" : 0.000000,
        "bw_samples" : 0,
        "iops_min" : 0,
        "iops_max" : 0,
        "iops_mean" : 0.000000,
        "iops_stddev" : 0.000000,
        "iops_samples" : 0
      },
      "trim" : {
        "io_bytes" : 0,
        "io_kbytes" : 0,
        "bw_bytes" : 0,
        "bw" : 0,
        "iops" : 0.000000,
        "runtime" : 0,
        "total_ios" : 0,
        "short_ios" : 0,
        "drop_ios" : 0,
        "slat_ns" : {
          "min" : 0,
          "max" : 0,
          "mean" : 0.000000,
          "stddev" : 0.000000,
          "N" : 0
        },
        "clat_ns" : {
          "min" : 0,
          "max" : 0,
          "mean" : 0.000000,
          "stddev" : 0.000000,
          "N" : 0
        },
        "lat_ns" : {
          "min" : 0,
          "max" : 0,
          "mean" : 0.000000,
          "stddev" : 0.000000,
          "N" : 0
        },
        "bw_min" : 0,
        "bw_max" : 0,
        "bw_agg" : 0.000000,
        "bw_mean" : 0.000000,
        "bw_dev" : 0.000000,
        "bw_samples" : 0,
        "iops_min" : 0,
        "iops_max" : 0,
        "iops_mean" : 0.000000,
        "iops_stddev" : 0.000000,
        "iops_samples" : 0
      },
      "sync" : {
        "total_ios" : 0,
        "lat_ns" : {
          "min" : 0,
          "max" : 0,
          "mean" : 0.000000,
          "stddev" : 0.000000,
          "N" : 0
        }
      },
      "job_runtime" : 1291,
      "usr_cpu" : 0.387297,
      "sys_cpu" : 3.020914,
      "ctx" : 1445,
      "majf" : 0,
      "minf" : 97,
      "iodepth_level" : {
        "1" : 0.441014,
        "2" : 0.882029,
        "4" : 1.764057,
        "8" : 3.528115,
        "16" : 93.384785,
        "32" : 0.000000,
        ">=64" : 0.000000
      },
      "iodepth_submit" : {
        "0" : 0.000000,
        "4" : 100.000000,
        "8" : 0.000000,
        "16" : 0.000000,
        "32" : 0.000000,
        "64" : 0.000000,
        ">=64" : 0.000000
      },
      "iodepth_complete" : {
        "0" : 0.000000,
        "4" : 99.529965,
        "8" : 0.000000,
        "16" : 0.470035,
        "32" : 0.000000,
        "64" : 0.000000,
        ">=64" : 0.000000
      },
      "latency_ns" : {
        "2" : 0.000000,
        "4" : 0.000000,
        "10" : 0.000000,
        "20" : 0.000000,
        "50" : 0.000000,
        "100" : 0.000000,
        "250" : 0.000000,
        "500" : 0.000000,
        "750" : 0.000000,
        "1000" : 0.000000
      },
      "latency_us" : {
        "2" : 0.000000,
        "4" : 0.000000,
        "10" : 0.000000,
        "20" : 0.000000,
        "50" : 0.000000,
        "100" : 0.000000,
        "250" : 0.055127,
        "500" : 0.055127,
        "750" : 0.000000,
        "1000" : 0.000000
      },
      "latency_ms" : {
        "2" : 4.465270,
        "4" : 49.173098,
        "10" : 33.682470,
        "20" : 4.851158,
        "50" : 2.149945,
        "100" : 4.079383,
        "250" : 1.488423,
        "500" : 0.000000,
        "750" : 0.000000,
        "1000" : 0.000000,
        "2000" : 0.000000,
        ">=2000" : 0.000000
      },
      "latency_depth" : 16,
      "latency_target" : 0,
      "latency_percentile" : 100.000000,
      "latency_window" : 0
    }
  ]
}
