{
  "fio version" : "fio-3.36",
  "timestamp" : 1750543612,
  "timestamp_ms" : 1750543612400,
  "time" : "Sat Jun 21 22:06:52 2025",
  "global options" : {
    "ioengine" : "libaio",
    "direct" : "1",
    "directory" : "/mnt/test"
  },
  "jobs" : [
    {
      "jobname" : "database_test",
      "groupid" : 0,
      "job_start" : 1750543612125,
      "error" : 0,
      "eta" : 2147483647,
      "elapsed" : 1,
      "job options" : {
        "rw" : "randrw",
        "rwmixread" : "70",
        "size" : "1M",
        "numjobs" : "8",
        "runtime" : "60",
        "iodepth" : "16",
        "bssplit" : "4k/80:8k/20"
      },
      "read" : {
        "io_bytes" : 5935104,
        "io_kbytes" : 5796,
        "bw_bytes" : 25917484,
        "bw" : 25310,
        "iops" : 5615.720524,
        "runtime" : 229,
        "total_ios" : 1286,
        "short_ios" : 0,
        "drop_ios" : 0,
        "slat_ns" : {
          "min" : 3472,
          "max" : 51165588,
          "mean" : 1056627.418351,
          "stddev" : 3398124.084631,
          "N" : 1286
        },
        "clat_ns" : {
          "min" : 793484,
          "max" : 143061724,
          "mean" : 13919994.690513,
          "stddev" : 13781144.426752,
          "N" : 1286,
          "percentile" : {
            "1.000000" : 1433600,
            "5.000000" : 1990656,
            "10.000000" : 2605056,
            "20.000000" : 3686400,
            "30.000000" : 5341184,
            "40.000000" : 8454144,
            "50.000000" : 10682368,
            "60.000000" : 12910592,
            "70.000000" : 15663104,
            "80.000000" : 20054016,
            "90.000000" : 26345472,
            "95.000000" : 45875200,
            "99.000000" : 63700992,
            "99.500000" : 64749568,
            "99.900000" : 120061952,
            "99.950000" : 143654912,
            "99.990000" : 143654912
          }
        },
        "lat_ns" : {
          "min" : 832022,
          "max" : 145982765,
          "mean" : 14976622.108865,
          "stddev" : 14553285.848078,
          "N" : 1286
        },
        "bw_min" : 0,
        "bw_max" : 0,
        "bw_agg" : 0.000000,
        "bw_mean" : 0.000000,
        "bw_dev" : 0.000000,
        "bw_samples" : 0,
        "iops_min" : 0,
        "iops_max" : 0,
        "iops_mean" : 0.000000,
        "iops_stddev" : 0.000000,
        "iops_samples" : 0
      },
      "write" : {
        "io_bytes" : 2453504,
        "io_kbytes" : 2396,
        "bw_bytes" : 10713991,
        "bw" : 10462,
        "iops" : 2305.676856,
        "runtime" : 229,
        "total_ios" : 528,
        "short_ios" : 0,
        "drop_ios" : 0,
        "slat_ns" : {
          "min" : 4623,
          "max" : 9966502,
          "mean" : 224187.649621,
          "stddev" : 870395.208166,
          "N" : 528
        },
        "clat_ns" : {
          "min" : 857802,
          "max" : 112528980,
          "mean" : 13401253.945076,
          "stddev" : 13841683.519395,
          "N" : 528,
          "percentile" : {
            "1.000000" : 1908736,
            "5.000000" : 2375680,
            "10.000000" : 2899968,
            "20.000000" : 4358144,
            "30.000000" : 7045120,
            "40.000000" : 9371648,
            "50.000000" : 10944512,
            "60.000000" : 12124160,
            "70.000000" : 13434880,
            "80.000000" : 16449536,
            "90.000000" : 22937600,
            "95.000000" : 51642368,
            "99.000000" : 64749568,
            "99.500000" : 71827456,
            "99.900000" : 112721920,
            "99.950000" : 112721920,
            "99.990000" : 112721920
          }
        },
        "lat_ns" : {
          "min" : 911395,
          "max" : 112719731,
          "mean" : 13625441.594697,
          "stddev" : 13862104.326974,
          "N" : 528
        },
        "bw_min" : 0,
        "bw_max" : 0,
        "bw_agg" : 0.000000,
        "bw_mean" : 0.000000,
        "bw_dev" : 0.000000,
        "bw_samples" : 0,
        "iops_min" : 0,
        "iops_max" : 0,
        "iops_mean" : 0.000000,
        "iops_stddev" : 0.000000,
        "iops_samples" : 0
      },
      "trim" : {
        "io_bytes" : 0,
        "io_kbytes" : 0,
        "bw_bytes" : 0,
        "bw" : 0,
        "iops" : 0.000000,
        "runtime" : 0,
        "total_ios" : 0,
        "short_ios" : 0,
        "drop_ios" : 0,
        "slat_ns" : {
          "min" : 0,
          "max" : 0,
          "mean" : 0.000000,
          "stddev" : 0.000000,
          "N" : 0
        },
        "clat_ns" : {
          "min" : 0,
          "max" : 0,
          "mean" : 0.000000,
          "stddev" : 0.000000,
          "N" : 0
        },
        "lat_ns" : {
          "min" : 0,
          "max" : 0,
          "mean" : 0.000000,
          "stddev" : 0.000000,
          "N" : 0
        },
        "bw_min" : 0,
        "bw_max" : 0,
        "bw_agg" : 0.000000,
        "bw_mean" : 0.000000,
        "bw_dev" : 0.000000,
        "bw_samples" : 0,
        "iops_min" : 0,
        "iops_max" : 0,
        "iops_mean" : 0.000000,
        "iops_stddev" : 0.000000,
        "iops_samples" : 0
      },
      "sync" : {
        "total_ios" : 0,
        "lat_ns" : {
          "min" : 0,
          "max" : 0,
          "mean" : 0.000000,
          "stddev" : 0.000000,
          "N" : 0
        }
      },
      "job_runtime" : 1773,
      "usr_cpu" : 0.846024,
      "sys_cpu" : 6.880993,
      "ctx" : 1128,
      "majf" : 0,
      "minf" : 89,
      "iodepth_level" : {
        "1" : 0.441014,
        "2" : 0.882029,
        "4" : 1.764057,
        "8" : 3.528115,
        "16" : 93.384785,
        "32" : 0.000000,
        ">=64" : 0.000000
      },
      "iodepth_submit" : {
        "0" : 0.000000,
        "4" : 100.000000,
        "8" : 0.000000,
        "16" : 0.000000,
        "32" : 0.000000,
        "64" : 0.000000,
        ">=64" : 0.000000
      },
      "iodepth_complete" : {
        "0" : 0.000000,
        "4" : 99.529965,
        "8" : 0.000000,
        "16" : 0.470035,
        "32" : 0.000000,
        "64" : 0.000000,
        ">=64" : 0.000000
      },
      "latency_ns" : {
        "2" : 0.000000,
        "4" : 0.000000,
        "10" : 0.000000,
        "20" : 0.000000,
        "50" : 0.000000,
        "100" : 0.000000,
        "250" : 0.000000,
        "500" : 0.000000,
        "750" : 0.000000,
        "1000" : 0.000000
      },
      "latency_us" : {
        "2" : 0.000000,
        "4" : 0.000000,
        "10" : 0.000000,
        "20" : 0.000000,
        "50" : 0.000000,
        "100" : 0.000000,
        "250" : 0.000000,
        "500" : 0.000000,
        "750" : 0.000000,
        "1000" : 0.220507
      },
      "latency_ms" : {
        "2" : 3.914002,
        "4" : 17.364939,
        "10" : 24.641676,
        "20" : 36.108049,
        "50" : 13.120176,
        "100" : 4.410143,
        "250" : 0.220507,
        "500" : 0.000000,
        "750" : 0.000000,
        "1000" : 0.000000,
        "2000" : 0.000000,
        ">=2000" : 0.000000
      },
      "latency_depth" : 16,
      "latency_target" : 0,
      "latency_percentile" : 100.000000,
      "latency_window" : 0
    }
  ]
}
