{
  "fio version" : "fio-3.36",
  "timestamp" : 1753321343,
  "timestamp_ms" : 1753321343068,
  "time" : "Thu Jul 24 01:42:23 2025",
  "global options" : {
    "ioengine" : "libaio",
    "direct" : "1",
    "directory" : "/mnt/test",
    "buffer_compress_percentage" : "70",
    "buffer_pattern" : "0xdeadbeef"
  },
  "jobs" : [
    {
      "jobname" : "database_mysql_innodb_test",
      "groupid" : 0,
      "job_start" : 1753321282695,
      "error" : 0,
      "eta" : 0,
      "elapsed" : 61,
      "job options" : {
        "rw" : "randrw",
        "rwmixread" : "70",
        "size" : "1G",
        "numjobs" : "24",
        "runtime" : "60",
        "iodepth" : "16",
        "bssplit" : "16k"
      },
      "read" : {
        "io_bytes" : 293076992,
        "io_kbytes" : 286208,
        "bw_bytes" : 4857415,
        "bw" : 4743,
        "iops" : 296.473084,
        "runtime" : 60336,
        "total_ios" : 17888,
        "short_ios" : 0,
        "drop_ios" : 0,
        "slat_ns" : {
          "min" : 14958,
          "max" : 435877738,
          "mean" : 62440193.193705,
          "stddev" : 40468927.801266,
          "N" : 17888
        },
        "clat_ns" : {
          "min" : 27831264,
          "max" : 1942348829,
          "mean" : 858357719.871422,
          "stddev" : 233061913.406743,
          "N" : 17888,
          "percentile" : {
            "1.000000" : 341835776,
            "5.000000" : 492830720,
            "10.000000" : 574619648,
            "20.000000" : 666894336,
            "30.000000" : 734003200,
            "40.000000" : 792723456,
            "50.000000" : 851443712,
            "60.000000" : 910163968,
            "70.000000" : 968884224,
            "80.000000" : 1044381696,
            "90.000000" : 1149239296,
            "95.000000" : 1249902592,
            "99.000000" : 1484783616,
            "99.500000" : 1568669696,
            "99.900000" : 1753219072,
            "99.950000" : 1803550720,
            "99.990000" : 1937768448
          }
        },
        "lat_ns" : {
          "min" : 27934378,
          "max" : 2104750072,
          "mean" : 920797913.065128,
          "stddev" : 238980748.830418,
          "N" : 17888
        },
        "bw_min" : 1024,
        "bw_max" : 10048,
        "bw_agg" : 100.000000,
        "bw_mean" : 4756.041626,
        "bw_dev" : 74.364713,
        "bw_samples" : 2847,
        "iops_min" : 64,
        "iops_max" : 628,
        "iops_mean" : 297.252602,
        "iops_stddev" : 4.647795,
        "iops_samples" : 2847
      },
      "write" : {
        "io_bytes" : 128876544,
        "io_kbytes" : 125856,
        "bw_bytes" : 2135980,
        "bw" : 2085,
        "iops" : 130.369928,
        "runtime" : 60336,
        "total_ios" : 7866,
        "short_ios" : 0,
        "drop_ios" : 0,
        "slat_ns" : {
          "min" : 25500,
          "max" : 356236898,
          "mean" : 41074868.647343,
          "stddev" : 44600491.824789,
          "N" : 7866
        },
        "clat_ns" : {
          "min" : 1683266,
          "max" : 4045214640,
          "mean" : 788348596.858505,
          "stddev" : 332961953.729389,
          "N" : 7866,
          "percentile" : {
            "1.000000" : 248512512,
            "5.000000" : 396361728,
            "10.000000" : 459276288,
            "20.000000" : 549453824,
            "30.000000" : 616562688,
            "40.000000" : 675282944,
            "50.000000" : 734003200,
            "60.000000" : 792723456,
            "70.000000" : 868220928,
            "80.000000" : 960495616,
            "90.000000" : 1132462080,
            "95.000000" : 1468006400,
            "99.000000" : 1988100096,
            "99.500000" : 2164260864,
            "99.900000" : 2566914048,
            "99.950000" : 3036676096,
            "99.990000" : 4043309056
          }
        },
        "lat_ns" : {
          "min" : 1771848,
          "max" : 4117333621,
          "mean" : 829423465.505848,
          "stddev" : 353305703.061901,
          "N" : 7866
        },
        "bw_min" : 768,
        "bw_max" : 6432,
        "bw_agg" : 100.000000,
        "bw_mean" : 2249.830072,
        "bw_dev" : 52.250475,
        "bw_samples" : 2645,
        "iops_min" : 48,
        "iops_max" : 402,
        "iops_mean" : 140.614380,
        "iops_stddev" : 3.265655,
        "iops_samples" : 2645
      },
      "trim" : {
        "io_bytes" : 0,
        "io_kbytes" : 0,
        "bw_bytes" : 0,
        "bw" : 0,
        "iops" : 0.000000,
        "runtime" : 0,
        "total_ios" : 0,
        "short_ios" : 0,
        "drop_ios" : 0,
        "slat_ns" : {
          "min" : 0,
          "max" : 0,
          "mean" : 0.000000,
          "stddev" : 0.000000,
          "N" : 0
        },
        "clat_ns" : {
          "min" : 0,
          "max" : 0,
          "mean" : 0.000000,
          "stddev" : 0.000000,
          "N" : 0
        },
        "lat_ns" : {
          "min" : 0,
          "max" : 0,
          "mean" : 0.000000,
          "stddev" : 0.000000,
          "N" : 0
        },
        "bw_min" : 0,
        "bw_max" : 0,
        "bw_agg" : 0.000000,
        "bw_mean" : 0.000000,
        "bw_dev" : 0.000000,
        "bw_samples" : 0,
        "iops_min" : 0,
        "iops_max" : 0,
        "iops_mean" : 0.000000,
        "iops_stddev" : 0.000000,
        "iops_samples" : 0
      },
      "sync" : {
        "total_ios" : 0,
        "lat_ns" : {
          "min" : 0,
          "max" : 0,
          "mean" : 0.000000,
          "stddev" : 0.000000,
          "N" : 0
        }
      },
      "job_runtime" : 1444864,
      "usr_cpu" : 0.038966,
      "sys_cpu" : 0.155032,
      "ctx" : 22846,
      "majf" : 0,
      "minf" : 268,
      "iodepth_level" : {
        "1" : 0.100000,
        "2" : 0.186379,
        "4" : 0.372758,
        "8" : 0.745515,
        "16" : 98.602159,
        "32" : 0.000000,
        ">=64" : 0.000000
      },
      "iodepth_submit" : {
        "0" : 0.000000,
        "4" : 100.000000,
        "8" : 0.000000,
        "16" : 0.000000,
        "32" : 0.000000,
        "64" : 0.000000,
        ">=64" : 0.000000
      },
      "iodepth_complete" : {
        "0" : 0.000000,
        "4" : 99.905579,
        "8" : 0.000000,
        "16" : 0.100000,
        "32" : 0.000000,
        "64" : 0.000000,
        ">=64" : 0.000000
      },
      "latency_ns" : {
        "2" : 0.000000,
        "4" : 0.000000,
        "10" : 0.000000,
        "20" : 0.000000,
        "50" : 0.000000,
        "100" : 0.000000,
        "250" : 0.000000,
        "500" : 0.000000,
        "750" : 0.000000,
        "1000" : 0.000000
      },
      "latency_us" : {
        "2" : 0.000000,
        "4" : 0.000000,
        "10" : 0.000000,
        "20" : 0.000000,
        "50" : 0.000000,
        "100" : 0.000000,
        "250" : 0.000000,
        "500" : 0.000000,
        "750" : 0.000000,
        "1000" : 0.000000
      },
      "latency_ms" : {
        "2" : 0.010000,
        "4" : 0.000000,
        "10" : 0.000000,
        "20" : 0.010000,
        "50" : 0.023297,
        "100" : 0.062126,
        "250" : 0.438767,
        "500" : 7.571639,
        "750" : 30.469053,
        "1000" : 38.638658,
        "2000" : 22.485827,
        ">=2000" : 0.295100
      },
      "latency_depth" : 16,
      "latency_target" : 0,
      "latency_percentile" : 100.000000,
      "latency_window" : 0
    }
  ]
}
