{
  "fio version" : "fio-3.36",
  "timestamp" : 1748726014,
  "timestamp_ms" : 1748726014405,
  "time" : "Sat May 31 21:13:34 2025",
  "global options" : {
    "ioengine" : "libaio",
    "direct" : "1",
    "directory" : "/mnt/test",
    "buffer_compress_percentage" : "70",
    "buffer_pattern" : "0xdeadbeef"
  },
  "jobs" : [
    {
      "jobname" : "archive_test",
      "groupid" : 0,
      "job_start" : 1748725945380,
      "error" : 0,
      "eta" : 0,
      "elapsed" : 70,
      "job options" : {
        "rw" : "write",
        "size" : "10G",
        "numjobs" : "2",
        "runtime" : "180",
        "iodepth" : "128",
        "bssplit" : "64k/70:128k/30"
      },
      "read" : {
        "io_bytes" : 0,
        "io_kbytes" : 0,
        "bw_bytes" : 0,
        "bw" : 0,
        "iops" : 0.000000,
        "runtime" : 0,
        "total_ios" : 0,
        "short_ios" : 0,
        "drop_ios" : 0,
        "slat_ns" : {
          "min" : 0,
          "max" : 0,
          "mean" : 0.000000,
          "stddev" : 0.000000,
          "N" : 0
        },
        "clat_ns" : {
          "min" : 0,
          "max" : 0,
          "mean" : 0.000000,
          "stddev" : 0.000000,
          "N" : 0
        },
        "lat_ns" : {
          "min" : 0,
          "max" : 0,
          "mean" : 0.000000,
          "stddev" : 0.000000,
          "N" : 0
        },
        "bw_min" : 0,
        "bw_max" : 0,
        "bw_agg" : 0.000000,
        "bw_mean" : 0.000000,
        "bw_dev" : 0.000000,
        "bw_samples" : 0,
        "iops_min" : 0,
        "iops_max" : 0,
        "iops_mean" : 0.000000,
        "iops_stddev" : 0.000000,
        "iops_samples" : 0
      },
      "write" : {
        "io_bytes" : 21474836480,
        "io_kbytes" : 20971520,
        "bw_bytes" : 311252068,
        "bw" : 303957,
        "iops" : 3652.206682,
        "runtime" : 68995,
        "total_ios" : 251984,
        "short_ios" : 0,
        "drop_ios" : 0,
        "slat_ns" : {
          "min" : 14146,
          "max" : 340345,
          "mean" : 61927.472502,
          "stddev" : 20607.518429,
          "N" : 251984
        },
        "clat_ns" : {
          "min" : 335553,
          "max" : 536606610,
          "mean" : 69777333.906231,
          "stddev" : 42774161.440587,
          "N" : 251984,
          "percentile" : {
            "1.000000" : 477184,
            "5.000000" : 888832,
            "10.000000" : 9895936,
            "20.000000" : 34340864,
            "30.000000" : 52166656,
            "40.000000" : 63700992,
            "50.000000" : 72876032,
            "60.000000" : 80216064,
            "70.000000" : 88604672,
            "80.000000" : 96993280,
            "90.000000" : 111673344,
            "95.000000" : 129499136,
            "99.000000" : 177209344,
            "99.500000" : 229638144,
            "99.900000" : 446693376,
            "99.950000" : 480247808,
            "99.990000" : 513802240
          }
        },
        "lat_ns" : {
          "min" : 404596,
          "max" : 536665447,
          "mean" : 69839261.378735,
          "stddev" : 42773237.841180,
          "N" : 251984
        },
        "bw_min" : 65664,
        "bw_max" : 368128,
        "bw_agg" : 99.945026,
        "bw_mean" : 303790.715328,
        "bw_dev" : 16019.374440,
        "bw_samples" : 274,
        "iops_min" : 802,
        "iops_max" : 4462,
        "iops_mean" : 3650.394161,
        "iops_stddev" : 191.071084,
        "iops_samples" : 274
      },
      "trim" : {
        "io_bytes" : 0,
        "io_kbytes" : 0,
        "bw_bytes" : 0,
        "bw" : 0,
        "iops" : 0.000000,
        "runtime" : 0,
        "total_ios" : 0,
        "short_ios" : 0,
        "drop_ios" : 0,
        "slat_ns" : {
          "min" : 0,
          "max" : 0,
          "mean" : 0.000000,
          "stddev" : 0.000000,
          "N" : 0
        },
        "clat_ns" : {
          "min" : 0,
          "max" : 0,
          "mean" : 0.000000,
          "stddev" : 0.000000,
          "N" : 0
        },
        "lat_ns" : {
          "min" : 0,
          "max" : 0,
          "mean" : 0.000000,
          "stddev" : 0.000000,
          "N" : 0
        },
        "bw_min" : 0,
        "bw_max" : 0,
        "bw_agg" : 0.000000,
        "bw_mean" : 0.000000,
        "bw_dev" : 0.000000,
        "bw_samples" : 0,
        "iops_min" : 0,
        "iops_max" : 0,
        "iops_mean" : 0.000000,
        "iops_stddev" : 0.000000,
        "iops_samples" : 0
      },
      "sync" : {
        "total_ios" : 0,
        "lat_ns" : {
          "min" : 0,
          "max" : 0,
          "mean" : 0.000000,
          "stddev" : 0.000000,
          "N" : 0
        }
      },
      "job_runtime" : 137577,
      "usr_cpu" : 8.570473,
      "sys_cpu" : 11.748330,
      "ctx" : 149024,
      "majf" : 0,
      "minf" : 24,
      "iodepth_level" : {
        "1" : 0.100000,
        "2" : 0.100000,
        "4" : 0.100000,
        "8" : 0.100000,
        "16" : 0.100000,
        "32" : 0.100000,
        ">=64" : 99.949997
      },
      "iodepth_submit" : {
        "0" : 0.000000,
        "4" : 100.000000,
        "8" : 0.000000,
        "16" : 0.000000,
        "32" : 0.000000,
        "64" : 0.000000,
        ">=64" : 0.000000
      },
      "iodepth_complete" : {
        "0" : 0.000000,
        "4" : 99.999206,
        "8" : 0.000000,
        "16" : 0.000000,
        "32" : 0.000000,
        "64" : 0.000000,
        ">=64" : 0.100000
      },
      "latency_ns" : {
        "2" : 0.000000,
        "4" : 0.000000,
        "10" : 0.000000,
        "20" : 0.000000,
        "50" : 0.000000,
        "100" : 0.000000,
        "250" : 0.000000,
        "500" : 0.000000,
        "750" : 0.000000,
        "1000" : 0.000000
      },
      "latency_us" : {
        "2" : 0.000000,
        "4" : 0.000000,
        "10" : 0.000000,
        "20" : 0.000000,
        "50" : 0.000000,
        "100" : 0.000000,
        "250" : 0.000000,
        "500" : 1.700505,
        "750" : 2.633897,
        "1000" : 0.974268
      },
      "latency_ms" : {
        "2" : 1.276668,
        "4" : 0.886961,
        "10" : 2.564845,
        "20" : 4.190742,
        "50" : 14.081846,
        "100" : 54.543146,
        "250" : 16.717728,
        "500" : 0.407566,
        "750" : 0.021827,
        "1000" : 0.000000,
        "2000" : 0.000000,
        ">=2000" : 0.000000
      },
      "latency_depth" : 128,
      "latency_target" : 0,
      "latency_percentile" : 100.000000,
      "latency_window" : 0
    }
  ]
}
