{
  "fio version" : "fio-3.36",
  "timestamp" : 1753355713,
  "timestamp_ms" : 1753355713797,
  "time" : "Thu Jul 24 11:15:13 2025",
  "global options" : {
    "ioengine" : "libaio",
    "direct" : "1",
    "directory" : "/mnt/test",
    "buffer_compress_percentage" : "70",
    "buffer_pattern" : "0xdeadbeef"
  },
  "jobs" : [
    {
      "jobname" : "archive_test",
      "groupid" : 0,
      "job_start" : 1753355533229,
      "error" : 0,
      "eta" : 0,
      "elapsed" : 181,
      "job options" : {
        "rw" : "write",
        "size" : "10G",
        "numjobs" : "9",
        "runtime" : "180",
        "iodepth" : "128",
        "bssplit" : "64k/70:128k/30"
      },
      "read" : {
        "io_bytes" : 0,
        "io_kbytes" : 0,
        "bw_bytes" : 0,
        "bw" : 0,
        "iops" : 0.000000,
        "runtime" : 0,
        "total_ios" : 0,
        "short_ios" : 0,
        "drop_ios" : 0,
        "slat_ns" : {
          "min" : 0,
          "max" : 0,
          "mean" : 0.000000,
          "stddev" : 0.000000,
          "N" : 0
        },
        "clat_ns" : {
          "min" : 0,
          "max" : 0,
          "mean" : 0.000000,
          "stddev" : 0.000000,
          "N" : 0
        },
        "lat_ns" : {
          "min" : 0,
          "max" : 0,
          "mean" : 0.000000,
          "stddev" : 0.000000,
          "N" : 0
        },
        "bw_min" : 0,
        "bw_max" : 0,
        "bw_agg" : 0.000000,
        "bw_mean" : 0.000000,
        "bw_dev" : 0.000000,
        "bw_samples" : 0,
        "iops_min" : 0,
        "iops_max" : 0,
        "iops_mean" : 0.000000,
        "iops_stddev" : 0.000000,
        "iops_samples" : 0
      },
      "write" : {
        "io_bytes" : 23169990656,
        "io_kbytes" : 22626944,
        "bw_bytes" : 128345689,
        "bw" : 125337,
        "iops" : 1505.561464,
        "runtime" : 180528,
        "total_ios" : 271796,
        "short_ios" : 0,
        "drop_ios" : 0,
        "slat_ns" : {
          "min" : 8933,
          "max" : 444106937,
          "mean" : 5046370.330167,
          "stddev" : 19719964.143653,
          "N" : 271796
        },
        "clat_ns" : {
          "min" : 74245377,
          "max" : 1833717908,
          "mean" : 759318240.044014,
          "stddev" : 159566008.098420,
          "N" : 271796,
          "percentile" : {
            "1.000000" : 446693376,
            "5.000000" : 526385152,
            "10.000000" : 566231040,
            "20.000000" : 624951296,
            "30.000000" : 675282944,
            "40.000000" : 708837376,
            "50.000000" : 750780416,
            "60.000000" : 784334848,
            "70.000000" : 826277888,
            "80.000000" : 876609536,
            "90.000000" : 952107008,
            "95.000000" : 1044381696,
            "99.000000" : 1249902592,
            "99.500000" : 1300234240,
            "99.900000" : 1468006400,
            "99.950000" : 1535115264,
            "99.990000" : 1669332992
          }
        },
        "lat_ns" : {
          "min" : 74347777,
          "max" : 1901841346,
          "mean" : 764364610.374181,
          "stddev" : 160192959.731806,
          "N" : 271796
        },
        "bw_min" : 22026,
        "bw_max" : 215808,
        "bw_agg" : 99.991553,
        "bw_mean" : 125327.676064,
        "bw_dev" : 3824.429086,
        "bw_samples" : 3237,
        "iops_min" : 262,
        "iops_max" : 2538,
        "iops_mean" : 1505.098490,
        "iops_stddev" : 45.685906,
        "iops_samples" : 3237
      },
      "trim" : {
        "io_bytes" : 0,
        "io_kbytes" : 0,
        "bw_bytes" : 0,
        "bw" : 0,
        "iops" : 0.000000,
        "runtime" : 0,
        "total_ios" : 0,
        "short_ios" : 0,
        "drop_ios" : 0,
        "slat_ns" : {
          "min" : 0,
          "max" : 0,
          "mean" : 0.000000,
          "stddev" : 0.000000,
          "N" : 0
        },
        "clat_ns" : {
          "min" : 0,
          "max" : 0,
          "mean" : 0.000000,
          "stddev" : 0.000000,
          "N" : 0
        },
        "lat_ns" : {
          "min" : 0,
          "max" : 0,
          "mean" : 0.000000,
          "stddev" : 0.000000,
          "N" : 0
        },
        "bw_min" : 0,
        "bw_max" : 0,
        "bw_agg" : 0.000000,
        "bw_mean" : 0.000000,
        "bw_dev" : 0.000000,
        "bw_samples" : 0,
        "iops_min" : 0,
        "iops_max" : 0,
        "iops_mean" : 0.000000,
        "iops_stddev" : 0.000000,
        "iops_samples" : 0
      },
      "sync" : {
        "total_ios" : 0,
        "lat_ns" : {
          "min" : 0,
          "max" : 0,
          "mean" : 0.000000,
          "stddev" : 0.000000,
          "N" : 0
        }
      },
      "job_runtime" : 1623754,
      "usr_cpu" : 0.948727,
      "sys_cpu" : 1.248034,
      "ctx" : 45684,
      "majf" : 0,
      "minf" : 89,
      "iodepth_level" : {
        "1" : 0.100000,
        "2" : 0.100000,
        "4" : 0.100000,
        "8" : 0.100000,
        "16" : 0.100000,
        "32" : 0.105962,
        ">=64" : 99.791388
      },
      "iodepth_submit" : {
        "0" : 0.000000,
        "4" : 100.000000,
        "8" : 0.000000,
        "16" : 0.000000,
        "32" : 0.000000,
        "64" : 0.000000,
        ">=64" : 0.000000
      },
      "iodepth_complete" : {
        "0" : 0.000000,
        "4" : 99.996675,
        "8" : 0.000000,
        "16" : 0.000000,
        "32" : 0.000000,
        "64" : 0.000000,
        ">=64" : 0.100000
      },
      "latency_ns" : {
        "2" : 0.000000,
        "4" : 0.000000,
        "10" : 0.000000,
        "20" : 0.000000,
        "50" : 0.000000,
        "100" : 0.000000,
        "250" : 0.000000,
        "500" : 0.000000,
        "750" : 0.000000,
        "1000" : 0.000000
      },
      "latency_us" : {
        "2" : 0.000000,
        "4" : 0.000000,
        "10" : 0.000000,
        "20" : 0.000000,
        "50" : 0.000000,
        "100" : 0.000000,
        "250" : 0.000000,
        "500" : 0.000000,
        "750" : 0.000000,
        "1000" : 0.000000
      },
      "latency_ms" : {
        "2" : 0.000000,
        "4" : 0.000000,
        "10" : 0.000000,
        "20" : 0.000000,
        "50" : 0.000000,
        "100" : 0.010000,
        "250" : 0.010302,
        "500" : 3.101223,
        "750" : 47.563246,
        "1000" : 42.470088,
        "2000" : 6.853302,
        ">=2000" : 0.000000
      },
      "latency_depth" : 128,
      "latency_target" : 0,
      "latency_percentile" : 100.000000,
      "latency_window" : 0
    }
  ]
}
