{
  "fio version" : "fio-3.36",
  "timestamp" : 1749393463,
  "timestamp_ms" : 1749393463581,
  "time" : "Sun Jun  8 14:37:43 2025",
  "global options" : {
    "ioengine" : "io_uring",
    "direct" : "1",
    "directory" : "/mnt/test"
  },
  "jobs" : [
    {
      "jobname" : "multimedia_test",
      "groupid" : 0,
      "job_start" : 1749393454817,
      "error" : 0,
      "eta" : 0,
      "elapsed" : 9,
      "job options" : {
        "rw" : "read",
        "size" : "4G",
        "numjobs" : "4",
        "runtime" : "120",
        "iodepth" : "64",
        "bssplit" : "128k"
      },
      "read" : {
        "io_bytes" : 17179869184,
        "io_kbytes" : 16777216,
        "bw_bytes" : 1963638036,
        "bw" : 1917615,
        "iops" : 14981.369299,
        "runtime" : 8749,
        "total_ios" : 131072,
        "short_ios" : 0,
        "drop_ios" : 0,
        "slat_ns" : {
          "min" : 10330,
          "max" : 921435,
          "mean" : 53234.141937,
          "stddev" : 18568.633880,
          "N" : 131072
        },
        "clat_ns" : {
          "min" : 2556450,
          "max" : 58287414,
          "mean" : 17015832.431923,
          "stddev" : 2164907.482539,
          "N" : 131072,
          "percentile" : {
            "1.000000" : 15532032,
            "5.000000" : 15925248,
            "10.000000" : 16056320,
            "20.000000" : 16318464,
            "30.000000" : 16449536,
            "40.000000" : 16449536,
            "50.000000" : 16580608,
            "60.000000" : 16711680,
            "70.000000" : 16908288,
            "80.000000" : 17170432,
            "90.000000" : 17432576,
            "95.000000" : 21626880,
            "99.000000" : 22675456,
            "99.500000" : 23986176,
            "99.900000" : 51118080,
            "99.950000" : 54263808,
            "99.990000" : 57409536
          }
        },
        "lat_ns" : {
          "min" : 2590772,
          "max" : 58297744,
          "mean" : 17069066.573860,
          "stddev" : 2164684.857335,
          "N" : 131072
        },
        "bw_min" : 1521664,
        "bw_max" : 2009344,
        "bw_agg" : 100.000000,
        "bw_mean" : 1919397.647059,
        "bw_dev" : 30055.510716,
        "bw_samples" : 68,
        "iops_min" : 11888,
        "iops_max" : 15698,
        "iops_mean" : 14995.294118,
        "iops_stddev" : 234.808677,
        "iops_samples" : 68
      },
      "write" : {
        "io_bytes" : 0,
        "io_kbytes" : 0,
        "bw_bytes" : 0,
        "bw" : 0,
        "iops" : 0.000000,
        "runtime" : 0,
        "total_ios" : 0,
        "short_ios" : 0,
        "drop_ios" : 0,
        "slat_ns" : {
          "min" : 0,
          "max" : 0,
          "mean" : 0.000000,
          "stddev" : 0.000000,
          "N" : 0
        },
        "clat_ns" : {
          "min" : 0,
          "max" : 0,
          "mean" : 0.000000,
          "stddev" : 0.000000,
          "N" : 0
        },
        "lat_ns" : {
          "min" : 0,
          "max" : 0,
          "mean" : 0.000000,
          "stddev" : 0.000000,
          "N" : 0
        },
        "bw_min" : 0,
        "bw_max" : 0,
        "bw_agg" : 0.000000,
        "bw_mean" : 0.000000,
        "bw_dev" : 0.000000,
        "bw_samples" : 0,
        "iops_min" : 0,
        "iops_max" : 0,
        "iops_mean" : 0.000000,
        "iops_stddev" : 0.000000,
        "iops_samples" : 0
      },
      "trim" : {
        "io_bytes" : 0,
        "io_kbytes" : 0,
        "bw_bytes" : 0,
        "bw" : 0,
        "iops" : 0.000000,
        "runtime" : 0,
        "total_ios" : 0,
        "short_ios" : 0,
        "drop_ios" : 0,
        "slat_ns" : {
          "min" : 0,
          "max" : 0,
          "mean" : 0.000000,
          "stddev" : 0.000000,
          "N" : 0
        },
        "clat_ns" : {
          "min" : 0,
          "max" : 0,
          "mean" : 0.000000,
          "stddev" : 0.000000,
          "N" : 0
        },
        "lat_ns" : {
          "min" : 0,
          "max" : 0,
          "mean" : 0.000000,
          "stddev" : 0.000000,
          "N" : 0
        },
        "bw_min" : 0,
        "bw_max" : 0,
        "bw_agg" : 0.000000,
        "bw_mean" : 0.000000,
        "bw_dev" : 0.000000,
        "bw_samples" : 0,
        "iops_min" : 0,
        "iops_max" : 0,
        "iops_mean" : 0.000000,
        "iops_stddev" : 0.000000,
        "iops_samples" : 0
      },
      "sync" : {
        "total_ios" : 0,
        "lat_ns" : {
          "min" : 0,
          "max" : 0,
          "mean" : 0.000000,
          "stddev" : 0.000000,
          "N" : 0
        }
      },
      "job_runtime" : 34967,
      "usr_cpu" : 2.410845,
      "sys_cpu" : 22.684245,
      "ctx" : 26754,
      "majf" : 0,
      "minf" : 8228,
      "iodepth_level" : {
        "1" : 0.100000,
        "2" : 0.100000,
        "4" : 0.100000,
        "8" : 0.100000,
        "16" : 0.100000,
        "32" : 0.100000,
        ">=64" : 99.807739
      },
      "iodepth_submit" : {
        "0" : 0.000000,
        "4" : 100.000000,
        "8" : 0.000000,
        "16" : 0.000000,
        "32" : 0.000000,
        "64" : 0.000000,
        ">=64" : 0.000000
      },
      "iodepth_complete" : {
        "0" : 0.000000,
        "4" : 99.996942,
        "8" : 0.000000,
        "16" : 0.000000,
        "32" : 0.000000,
        "64" : 0.100000,
        ">=64" : 0.000000
      },
      "latency_ns" : {
        "2" : 0.000000,
        "4" : 0.000000,
        "10" : 0.000000,
        "20" : 0.000000,
        "50" : 0.000000,
        "100" : 0.000000,
        "250" : 0.000000,
        "500" : 0.000000,
        "750" : 0.000000,
        "1000" : 0.000000
      },
      "latency_us" : {
        "2" : 0.000000,
        "4" : 0.000000,
        "10" : 0.000000,
        "20" : 0.000000,
        "50" : 0.000000,
        "100" : 0.000000,
        "250" : 0.000000,
        "500" : 0.000000,
        "750" : 0.000000,
        "1000" : 0.000000
      },
      "latency_ms" : {
        "2" : 0.000000,
        "4" : 0.010000,
        "10" : 0.264740,
        "20" : 93.041229,
        "50" : 6.575775,
        "100" : 0.115967,
        "250" : 0.000000,
        "500" : 0.000000,
        "750" : 0.000000,
        "1000" : 0.000000,
        "2000" : 0.000000,
        ">=2000" : 0.000000
      },
      "latency_depth" : 64,
      "latency_target" : 0,
      "latency_percentile" : 100.000000,
      "latency_window" : 0
    }
  ],
  "disk_util" : [
    {
      "name" : "nvme0n1",
      "read_ios" : 129021,
      "write_ios" : 4,
      "read_sectors" : 33029632,
      "write_sectors" : 74,
      "read_merges" : 0,
      "write_merges" : 4,
      "read_ticks" : 2182862,
      "write_ticks" : 15,
      "in_queue" : 2182877,
      "util" : 53.550092
    }
  ]
}
