{
  "fio version" : "fio-3.36",
  "timestamp" : 1752945409,
  "timestamp_ms" : 1752945409563,
  "time" : "Sat Jul 19 17:16:49 2025",
  "global options" : {
    "ioengine" : "libaio",
    "direct" : "1",
    "directory" : "/mnt/test",
    "buffer_compress_percentage" : "70",
    "buffer_pattern" : "0xdeadbeef"
  },
  "jobs" : [
    {
      "jobname" : "database_test",
      "groupid" : 0,
      "job_start" : 1752945349363,
      "error" : 0,
      "eta" : 0,
      "elapsed" : 61,
      "job options" : {
        "rw" : "randrw",
        "rwmixread" : "70",
        "size" : "3G",
        "numjobs" : "24",
        "runtime" : "60",
        "iodepth" : "16",
        "bssplit" : "4k/80:8k/20"
      },
      "read" : {
        "io_bytes" : 2367127552,
        "io_kbytes" : 2311648,
        "bw_bytes" : 39348508,
        "bw" : 38426,
        "iops" : 8464.327272,
        "runtime" : 60158,
        "total_ios" : 509197,
        "short_ios" : 0,
        "drop_ios" : 0,
        "slat_ns" : {
          "min" : 1649,
          "max" : 20302157836,
          "mean" : 1893486.931879,
          "stddev" : 47852565.299321,
          "N" : 509197
        },
        "clat_ns" : {
          "min" : 889,
          "max" : 27698753448,
          "mean" : 28852989.387620,
          "stddev" : 403840923.945216,
          "N" : 509197,
          "percentile" : {
            "1.000000" : 91648,
            "5.000000" : 100864,
            "10.000000" : 105984,
            "20.000000" : 111104,
            "30.000000" : 116224,
            "40.000000" : 120320,
            "50.000000" : 123392,
            "60.000000" : 127488,
            "70.000000" : 132096,
            "80.000000" : 138240,
            "90.000000" : 148480,
            "95.000000" : 199680,
            "99.000000" : 6848512,
            "99.500000" : 2566914048,
            "99.900000" : 4462739456,
            "99.950000" : 5536481280,
            "99.990000" : 17112760320
          }
        },
        "lat_ns" : {
          "min" : 2943,
          "max" : 27809414989,
          "mean" : 30746476.319499,
          "stddev" : 423114567.441290,
          "N" : 509197
        },
        "bw_min" : 428,
        "bw_max" : 556438,
        "bw_agg" : 100.000000,
        "bw_mean" : 338836.373926,
        "bw_dev" : 8036.187089,
        "bw_samples" : 2091,
        "iops_min" : 95,
        "iops_max" : 123532,
        "iops_mean" : 74513.826945,
        "iops_stddev" : 1778.722680,
        "iops_samples" : 2091
      },
      "write" : {
        "io_bytes" : 1010888704,
        "io_kbytes" : 987196,
        "bw_bytes" : 16803894,
        "bw" : 16410,
        "iops" : 3612.038299,
        "runtime" : 60158,
        "total_ios" : 217293,
        "short_ios" : 0,
        "drop_ios" : 0,
        "slat_ns" : {
          "min" : 3928,
          "max" : 20276587576,
          "mean" : 2039021.074848,
          "stddev" : 89732629.201299,
          "N" : 217293
        },
        "clat_ns" : {
          "min" : 12152,
          "max" : 27284444499,
          "mean" : 29597616.976511,
          "stddev" : 416989410.799102,
          "N" : 217293,
          "percentile" : {
            "1.000000" : 92672,
            "5.000000" : 100864,
            "10.000000" : 105984,
            "20.000000" : 112128,
            "30.000000" : 117248,
            "40.000000" : 120320,
            "50.000000" : 124416,
            "60.000000" : 128512,
            "70.000000" : 132096,
            "80.000000" : 138240,
            "90.000000" : 150528,
            "95.000000" : 203776,
            "99.000000" : 7307264,
            "99.500000" : 2600468480,
            "99.900000" : 4529848320,
            "99.950000" : 5603590144,
            "99.990000" : 17112760320
          }
        },
        "lat_ns" : {
          "min" : 32680,
          "max" : 27498416395,
          "mean" : 31636638.051359,
          "stddev" : 441871357.540259,
          "N" : 217293
        },
        "bw_min" : 233,
        "bw_max" : 242598,
        "bw_agg" : 100.000000,
        "bw_mean" : 145223.695337,
        "bw_dev" : 4306.240153,
        "bw_samples" : 1327,
        "iops_min" : 54,
        "iops_max" : 53808,
        "iops_mean" : 31903.127610,
        "iops_stddev" : 954.513624,
        "iops_samples" : 1327
      },
      "trim" : {
        "io_bytes" : 0,
        "io_kbytes" : 0,
        "bw_bytes" : 0,
        "bw" : 0,
        "iops" : 0.000000,
        "runtime" : 0,
        "total_ios" : 0,
        "short_ios" : 0,
        "drop_ios" : 0,
        "slat_ns" : {
          "min" : 0,
          "max" : 0,
          "mean" : 0.000000,
          "stddev" : 0.000000,
          "N" : 0
        },
        "clat_ns" : {
          "min" : 0,
          "max" : 0,
          "mean" : 0.000000,
          "stddev" : 0.000000,
          "N" : 0
        },
        "lat_ns" : {
          "min" : 0,
          "max" : 0,
          "mean" : 0.000000,
          "stddev" : 0.000000,
          "N" : 0
        },
        "bw_min" : 0,
        "bw_max" : 0,
        "bw_agg" : 0.000000,
        "bw_mean" : 0.000000,
        "bw_dev" : 0.000000,
        "bw_samples" : 0,
        "iops_min" : 0,
        "iops_max" : 0,
        "iops_mean" : 0.000000,
        "iops_stddev" : 0.000000,
        "iops_samples" : 0
      },
      "sync" : {
        "total_ios" : 0,
        "lat_ns" : {
          "min" : 0,
          "max" : 0,
          "mean" : 0.000000,
          "stddev" : 0.000000,
          "N" : 0
        }
      },
      "job_runtime" : 1408264,
      "usr_cpu" : 0.068098,
      "sys_cpu" : 0.506297,
      "ctx" : 11096,
      "majf" : 0,
      "minf" : 390,
      "iodepth_level" : {
        "1" : 0.100000,
        "2" : 0.100000,
        "4" : 0.100000,
        "8" : 0.100000,
        "16" : 99.950447,
        "32" : 0.000000,
        ">=64" : 0.000000
      },
      "iodepth_submit" : {
        "0" : 0.000000,
        "4" : 100.000000,
        "8" : 0.000000,
        "16" : 0.000000,
        "32" : 0.000000,
        "64" : 0.000000,
        ">=64" : 0.000000
      },
      "iodepth_complete" : {
        "0" : 0.000000,
        "4" : 99.996695,
        "8" : 0.000000,
        "16" : 0.100000,
        "32" : 0.000000,
        "64" : 0.000000,
        ">=64" : 0.000000
      },
      "latency_ns" : {
        "2" : 0.000000,
        "4" : 0.000000,
        "10" : 0.000000,
        "20" : 0.000000,
        "50" : 0.000000,
        "100" : 0.000000,
        "250" : 0.000000,
        "500" : 0.000000,
        "750" : 0.000000,
        "1000" : 0.010000
      },
      "latency_us" : {
        "2" : 0.000000,
        "4" : 0.010000,
        "10" : 0.000000,
        "20" : 0.010000,
        "50" : 0.010000,
        "100" : 4.444796,
        "250" : 91.773183,
        "500" : 1.373040,
        "750" : 0.260293,
        "1000" : 0.122782
      },
      "latency_ms" : {
        "2" : 0.390921,
        "4" : 0.397665,
        "10" : 0.332696,
        "20" : 0.026704,
        "50" : 0.010000,
        "100" : 0.010000,
        "250" : 0.010000,
        "500" : 0.010000,
        "750" : 0.010000,
        "1000" : 0.010000,
        "2000" : 0.056849,
        ">=2000" : 0.787485
      },
      "latency_depth" : 16,
      "latency_target" : 0,
      "latency_percentile" : 100.000000,
      "latency_window" : 0
    }
  ]
}
