{
  "fio version" : "fio-3.36",
  "timestamp" : 1752332330,
  "timestamp_ms" : 1752332330270,
  "time" : "Sat Jul 12 14:58:50 2025",
  "global options" : {
    "ioengine" : "libaio",
    "direct" : "0",
    "directory" : "/mnt/test",
    "buffer_compress_percentage" : "70",
    "buffer_pattern" : "0xdeadbeef"
  },
  "jobs" : [
    {
      "jobname" : "database_mysql_innodb_test",
      "groupid" : 0,
      "job_start" : 1752332291038,
      "error" : 0,
      "eta" : 0,
      "elapsed" : 40,
      "job options" : {
        "rw" : "randrw",
        "rwmixread" : "70",
        "size" : "1G",
        "numjobs" : "24",
        "runtime" : "60",
        "iodepth" : "16",
        "bssplit" : "16k"
      },
      "read" : {
        "io_bytes" : 18040209408,
        "io_kbytes" : 17617392,
        "bw_bytes" : 460291618,
        "bw" : 449503,
        "iops" : 28093.970862,
        "runtime" : 39193,
        "total_ios" : 1101087,
        "short_ios" : 0,
        "drop_ios" : 0,
        "slat_ns" : {
          "min" : 30786,
          "max" : 119185808,
          "mean" : 474852.633686,
          "stddev" : 635160.433568,
          "N" : 1101087
        },
        "clat_ns" : {
          "min" : 1133,
          "max" : 161744378,
          "mean" : 8630280.283845,
          "stddev" : 4587214.951972,
          "N" : 1101087,
          "percentile" : {
            "1.000000" : 477184,
            "5.000000" : 3293184,
            "10.000000" : 4554752,
            "20.000000" : 5865472,
            "30.000000" : 6717440,
            "40.000000" : 7438336,
            "50.000000" : 8093696,
            "60.000000" : 8847360,
            "70.000000" : 9502720,
            "80.000000" : 10551296,
            "90.000000" : 12648448,
            "95.000000" : 16187392,
            "99.000000" : 24772608,
            "99.500000" : 28180480,
            "99.900000" : 35389440,
            "99.950000" : 47448064,
            "99.990000" : 112721920
          }
        },
        "lat_ns" : {
          "min" : 36634,
          "max" : 164244362,
          "mean" : 9105132.917531,
          "stddev" : 4780040.707076,
          "N" : 1101087
        },
        "bw_min" : 151136,
        "bw_max" : 1343514,
        "bw_agg" : 100.000000,
        "bw_mean" : 454105.095507,
        "bw_dev" : 7291.126019,
        "bw_samples" : 1847,
        "iops_min" : 9446,
        "iops_max" : 83966,
        "iops_mean" : 28381.420175,
        "iops_stddev" : 455.679330,
        "iops_samples" : 1847
      },
      "write" : {
        "io_bytes" : 7729594368,
        "io_kbytes" : 7548432,
        "bw_bytes" : 197218747,
        "bw" : 192596,
        "iops" : 12037.277065,
        "runtime" : 39193,
        "total_ios" : 471777,
        "short_ios" : 0,
        "drop_ios" : 0,
        "slat_ns" : {
          "min" : 6820,
          "max" : 80567260,
          "mean" : 842555.093339,
          "stddev" : 582923.773275,
          "N" : 471777
        },
        "clat_ns" : {
          "min" : 1640,
          "max" : 161591410,
          "mean" : 9383148.951717,
          "stddev" : 4796595.589318,
          "N" : 471777,
          "percentile" : {
            "1.000000" : 473088,
            "5.000000" : 4014080,
            "10.000000" : 5341184,
            "20.000000" : 6586368,
            "30.000000" : 7438336,
            "40.000000" : 8093696,
            "50.000000" : 8716288,
            "60.000000" : 9502720,
            "70.000000" : 10158080,
            "80.000000" : 11206656,
            "90.000000" : 13434880,
            "95.000000" : 17694720,
            "99.000000" : 26607616,
            "99.500000" : 30015488,
            "99.900000" : 37486592,
            "99.950000" : 56360960,
            "99.990000" : 121110528
          }
        },
        "lat_ns" : {
          "min" : 153115,
          "max" : 163370212,
          "mean" : 10225704.045055,
          "stddev" : 5108470.563429,
          "N" : 471777
        },
        "bw_min" : 69376,
        "bw_max" : 580735,
        "bw_agg" : 100.000000,
        "bw_mean" : 194555.160149,
        "bw_dev" : 3117.518485,
        "bw_samples" : 1847,
        "iops_min" : 4336,
        "iops_max" : 36291,
        "iops_mean" : 12159.513665,
        "iops_stddev" : 194.820489,
        "iops_samples" : 1847
      },
      "trim" : {
        "io_bytes" : 0,
        "io_kbytes" : 0,
        "bw_bytes" : 0,
        "bw" : 0,
        "iops" : 0.000000,
        "runtime" : 0,
        "total_ios" : 0,
        "short_ios" : 0,
        "drop_ios" : 0,
        "slat_ns" : {
          "min" : 0,
          "max" : 0,
          "mean" : 0.000000,
          "stddev" : 0.000000,
          "N" : 0
        },
        "clat_ns" : {
          "min" : 0,
          "max" : 0,
          "mean" : 0.000000,
          "stddev" : 0.000000,
          "N" : 0
        },
        "lat_ns" : {
          "min" : 0,
          "max" : 0,
          "mean" : 0.000000,
          "stddev" : 0.000000,
          "N" : 0
        },
        "bw_min" : 0,
        "bw_max" : 0,
        "bw_agg" : 0.000000,
        "bw_mean" : 0.000000,
        "bw_dev" : 0.000000,
        "bw_samples" : 0,
        "iops_min" : 0,
        "iops_max" : 0,
        "iops_mean" : 0.000000,
        "iops_stddev" : 0.000000,
        "iops_samples" : 0
      },
      "sync" : {
        "total_ios" : 0,
        "lat_ns" : {
          "min" : 0,
          "max" : 0,
          "mean" : 0.000000,
          "stddev" : 0.000000,
          "N" : 0
        }
      },
      "job_runtime" : 928815,
      "usr_cpu" : 0.845594,
      "sys_cpu" : 10.401102,
      "ctx" : 1027853,
      "majf" : 0,
      "minf" : 320,
      "iodepth_level" : {
        "1" : 0.100000,
        "2" : 0.100000,
        "4" : 0.100000,
        "8" : 0.100000,
        "16" : 99.977112,
        "32" : 0.000000,
        ">=64" : 0.000000
      },
      "iodepth_submit" : {
        "0" : 0.000000,
        "4" : 100.000000,
        "8" : 0.000000,
        "16" : 0.000000,
        "32" : 0.000000,
        "64" : 0.000000,
        ">=64" : 0.000000
      },
      "iodepth_complete" : {
        "0" : 0.000000,
        "4" : 99.998474,
        "8" : 0.000000,
        "16" : 0.100000,
        "32" : 0.000000,
        "64" : 0.000000,
        ">=64" : 0.000000
      },
      "latency_ns" : {
        "2" : 0.000000,
        "4" : 0.000000,
        "10" : 0.000000,
        "20" : 0.000000,
        "50" : 0.000000,
        "100" : 0.000000,
        "250" : 0.000000,
        "500" : 0.000000,
        "750" : 0.000000,
        "1000" : 0.000000
      },
      "latency_us" : {
        "2" : 0.010000,
        "4" : 0.010000,
        "10" : 0.000000,
        "20" : 0.000000,
        "50" : 0.010000,
        "100" : 0.010000,
        "250" : 0.010000,
        "500" : 1.305262,
        "750" : 0.491079,
        "1000" : 0.063006
      },
      "latency_ms" : {
        "2" : 0.741132,
        "4" : 4.170799,
        "10" : 65.760867,
        "20" : 24.659602,
        "50" : 2.755165,
        "100" : 0.029691,
        "250" : 0.019519,
        "500" : 0.000000,
        "750" : 0.000000,
        "1000" : 0.000000,
        "2000" : 0.000000,
        ">=2000" : 0.000000
      },
      "latency_depth" : 16,
      "latency_target" : 0,
      "latency_percentile" : 100.000000,
      "latency_window" : 0
    }
  ]
}
