{
  "fio version" : "fio-3.36",
  "timestamp" : 1749361170,
  "timestamp_ms" : 1749361170455,
  "time" : "Sun Jun  8 05:39:30 2025",
  "global options" : {
    "ioengine" : "io_uring",
    "direct" : "1",
    "directory" : "/mnt/test"
  },
  "jobs" : [
    {
      "jobname" : "database_test",
      "groupid" : 0,
      "job_start" : 1749361145877,
      "error" : 0,
      "eta" : 0,
      "elapsed" : 25,
      "job options" : {
        "rw" : "randrw",
        "rwmixread" : "70",
        "size" : "1G",
        "numjobs" : "8",
        "runtime" : "60",
        "iodepth" : "16",
        "bssplit" : "4k/80:8k/20"
      },
      "read" : {
        "io_bytes" : 6011162624,
        "io_kbytes" : 5870276,
        "bw_bytes" : 244774111,
        "bw" : 239037,
        "iops" : 52751.893477,
        "runtime" : 24558,
        "total_ios" : 1295481,
        "short_ios" : 0,
        "drop_ios" : 0,
        "slat_ns" : {
          "min" : 326,
          "max" : 91251718,
          "mean" : 1412.441634,
          "stddev" : 97731.342471,
          "N" : 1295481
        },
        "clat_ns" : {
          "min" : 112,
          "max" : 126395529,
          "mean" : 86925.543942,
          "stddev" : 562474.964693,
          "N" : 1295481,
          "percentile" : {
            "1.000000" : 6240,
            "5.000000" : 7584,
            "10.000000" : 9152,
            "20.000000" : 10816,
            "30.000000" : 11584,
            "40.000000" : 12480,
            "50.000000" : 13376,
            "60.000000" : 14400,
            "70.000000" : 16064,
            "80.000000" : 24704,
            "90.000000" : 346112,
            "95.000000" : 444416,
            "99.000000" : 1056768,
            "99.500000" : 1286144,
            "99.900000" : 1613824,
            "99.950000" : 2244608,
            "99.990000" : 17170432
          }
        },
        "lat_ns" : {
          "min" : 3774,
          "max" : 126395992,
          "mean" : 88337.985576,
          "stddev" : 570989.890670,
          "N" : 1295481
        },
        "bw_min" : 61832,
        "bw_max" : 370784,
        "bw_agg" : 100.000000,
        "bw_mean" : 241845.833333,
        "bw_dev" : 10173.577454,
        "bw_samples" : 384,
        "iops_min" : 13718,
        "iops_max" : 80794,
        "iops_mean" : 53343.958333,
        "iops_stddev" : 2245.602386,
        "iops_samples" : 384
      },
      "write" : {
        "io_bytes" : 2578771968,
        "io_kbytes" : 2518332,
        "bw_bytes" : 105007409,
        "bw" : 102546,
        "iops" : 22621.508266,
        "runtime" : 24558,
        "total_ios" : 555539,
        "short_ios" : 0,
        "drop_ios" : 0,
        "slat_ns" : {
          "min" : 307,
          "max" : 10980865,
          "mean" : 1302.436913,
          "stddev" : 18302.786350,
          "N" : 555539
        },
        "clat_ns" : {
          "min" : 21078,
          "max" : 185554718,
          "mean" : 5406066.480955,
          "stddev" : 3547667.432209,
          "N" : 555539,
          "percentile" : {
            "1.000000" : 3129344,
            "5.000000" : 3555328,
            "10.000000" : 3784704,
            "20.000000" : 4079616,
            "30.000000" : 4292608,
            "40.000000" : 4423680,
            "50.000000" : 4620288,
            "60.000000" : 4882432,
            "70.000000" : 5275648,
            "80.000000" : 6062080,
            "90.000000" : 7241728,
            "95.000000" : 9633792,
            "99.000000" : 18219008,
            "99.500000" : 19791872,
            "99.900000" : 21626880,
            "99.950000" : 23199744,
            "99.990000" : 152043520
          }
        },
        "lat_ns" : {
          "min" : 132843,
          "max" : 185555663,
          "mean" : 5407368.917867,
          "stddev" : 3547905.341741,
          "N" : 555539
        },
        "bw_min" : 26600,
        "bw_max" : 156456,
        "bw_agg" : 100.000000,
        "bw_mean" : 103734.500000,
        "bw_dev" : 4326.325800,
        "bw_samples" : 384,
        "iops_min" : 5920,
        "iops_max" : 34160,
        "iops_mean" : 22870.791667,
        "iops_stddev" : 953.511131,
        "iops_samples" : 384
      },
      "trim" : {
        "io_bytes" : 0,
        "io_kbytes" : 0,
        "bw_bytes" : 0,
        "bw" : 0,
        "iops" : 0.000000,
        "runtime" : 0,
        "total_ios" : 0,
        "short_ios" : 0,
        "drop_ios" : 0,
        "slat_ns" : {
          "min" : 0,
          "max" : 0,
          "mean" : 0.000000,
          "stddev" : 0.000000,
          "N" : 0
        },
        "clat_ns" : {
          "min" : 0,
          "max" : 0,
          "mean" : 0.000000,
          "stddev" : 0.000000,
          "N" : 0
        },
        "lat_ns" : {
          "min" : 0,
          "max" : 0,
          "mean" : 0.000000,
          "stddev" : 0.000000,
          "N" : 0
        },
        "bw_min" : 0,
        "bw_max" : 0,
        "bw_agg" : 0.000000,
        "bw_mean" : 0.000000,
        "bw_dev" : 0.000000,
        "bw_samples" : 0,
        "iops_min" : 0,
        "iops_max" : 0,
        "iops_mean" : 0.000000,
        "iops_stddev" : 0.000000,
        "iops_samples" : 0
      },
      "sync" : {
        "total_ios" : 0,
        "lat_ns" : {
          "min" : 0,
          "max" : 0,
          "mean" : 0.000000,
          "stddev" : 0.000000,
          "N" : 0
        }
      },
      "job_runtime" : 194999,
      "usr_cpu" : 1.596931,
      "sys_cpu" : 2.723091,
      "ctx" : 2015742,
      "majf" : 0,
      "minf" : 115,
      "iodepth_level" : {
        "1" : 0.100000,
        "2" : 0.100000,
        "4" : 0.100000,
        "8" : 0.100000,
        "16" : 99.993517,
        "32" : 0.000000,
        ">=64" : 0.000000
      },
      "iodepth_submit" : {
        "0" : 0.000000,
        "4" : 100.000000,
        "8" : 0.000000,
        "16" : 0.000000,
        "32" : 0.000000,
        "64" : 0.000000,
        ">=64" : 0.000000
      },
      "iodepth_complete" : {
        "0" : 0.000000,
        "4" : 99.999568,
        "8" : 0.000000,
        "16" : 0.100000,
        "32" : 0.000000,
        "64" : 0.000000,
        ">=64" : 0.000000
      },
      "latency_ns" : {
        "2" : 0.000000,
        "4" : 0.000000,
        "10" : 0.000000,
        "20" : 0.000000,
        "50" : 0.000000,
        "100" : 0.000000,
        "250" : 0.010000,
        "500" : 0.010000,
        "750" : 0.172445,
        "1000" : 0.035710
      },
      "latency_us" : {
        "2" : 0.016693,
        "4" : 0.014424,
        "10" : 8.552366,
        "20" : 45.678761,
        "50" : 3.790343,
        "100" : 1.403550,
        "250" : 0.877840,
        "500" : 6.994468,
        "750" : 1.366220,
        "1000" : 0.364610
      },
      "latency_ms" : {
        "2" : 0.764497,
        "4" : 5.015937,
        "10" : 23.587698,
        "20" : 1.209495,
        "50" : 0.135277,
        "100" : 0.010000,
        "250" : 0.010000,
        "500" : 0.000000,
        "750" : 0.000000,
        "1000" : 0.000000,
        "2000" : 0.000000,
        ">=2000" : 0.000000
      },
      "latency_depth" : 16,
      "latency_target" : 0,
      "latency_percentile" : 100.000000,
      "latency_window" : 0
    }
  ]
}
