{
  "fio version" : "fio-3.36",
  "timestamp" : 1752257933,
  "timestamp_ms" : 1752257933926,
  "time" : "Fri Jul 11 18:18:53 2025",
  "global options" : {
    "ioengine" : "libaio",
    "direct" : "0",
    "directory" : "/mnt/test"
  },
  "jobs" : [
    {
      "jobname" : "archive_test",
      "groupid" : 0,
      "job_start" : 1752257753879,
      "error" : 0,
      "eta" : 0,
      "elapsed" : 181,
      "job options" : {
        "rw" : "write",
        "size" : "10G",
        "numjobs" : "3",
        "runtime" : "180",
        "iodepth" : "128",
        "bssplit" : "64k/70:128k/30"
      },
      "read" : {
        "io_bytes" : 0,
        "io_kbytes" : 0,
        "bw_bytes" : 0,
        "bw" : 0,
        "iops" : 0.000000,
        "runtime" : 0,
        "total_ios" : 0,
        "short_ios" : 0,
        "drop_ios" : 0,
        "slat_ns" : {
          "min" : 0,
          "max" : 0,
          "mean" : 0.000000,
          "stddev" : 0.000000,
          "N" : 0
        },
        "clat_ns" : {
          "min" : 0,
          "max" : 0,
          "mean" : 0.000000,
          "stddev" : 0.000000,
          "N" : 0
        },
        "lat_ns" : {
          "min" : 0,
          "max" : 0,
          "mean" : 0.000000,
          "stddev" : 0.000000,
          "N" : 0
        },
        "bw_min" : 0,
        "bw_max" : 0,
        "bw_agg" : 0.000000,
        "bw_mean" : 0.000000,
        "bw_dev" : 0.000000,
        "bw_samples" : 0,
        "iops_min" : 0,
        "iops_max" : 0,
        "iops_mean" : 0.000000,
        "iops_stddev" : 0.000000,
        "iops_samples" : 0
      },
      "write" : {
        "io_bytes" : 29115809792,
        "io_kbytes" : 28433408,
        "bw_bytes" : 161752701,
        "bw" : 157961,
        "iops" : 1898.617793,
        "runtime" : 180002,
        "total_ios" : 341755,
        "short_ios" : 0,
        "drop_ios" : 0,
        "slat_ns" : {
          "min" : 7088,
          "max" : 10363028,
          "mean" : 1566724.182657,
          "stddev" : 481147.197509,
          "N" : 341755
        },
        "clat_ns" : {
          "min" : 15862,
          "max" : 272530191,
          "mean" : 200676866.057287,
          "stddev" : 60413741.595056,
          "N" : 341755,
          "percentile" : {
            "1.000000" : 3260416,
            "5.000000" : 6848512,
            "10.000000" : 145752064,
            "20.000000" : 208666624,
            "30.000000" : 212860928,
            "40.000000" : 217055232,
            "50.000000" : 219152384,
            "60.000000" : 221249536,
            "70.000000" : 223346688,
            "80.000000" : 225443840,
            "90.000000" : 231735296,
            "95.000000" : 235929600,
            "99.000000" : 252706816,
            "99.500000" : 256901120,
            "99.900000" : 270532608,
            "99.950000" : 270532608,
            "99.990000" : 270532608
          }
        },
        "lat_ns" : {
          "min" : 1786938,
          "max" : 274617728,
          "mean" : 202243590.239945,
          "stddev" : 60885437.247241,
          "N" : 341755
        },
        "bw_min" : 117504,
        "bw_max" : 4337280,
        "bw_agg" : 99.964155,
        "bw_mean" : 157905.649025,
        "bw_dev" : 74276.723921,
        "bw_samples" : 1077,
        "iops_min" : 1414,
        "iops_max" : 52270,
        "iops_mean" : 1897.961003,
        "iops_stddev" : 895.406737,
        "iops_samples" : 1077
      },
      "trim" : {
        "io_bytes" : 0,
        "io_kbytes" : 0,
        "bw_bytes" : 0,
        "bw" : 0,
        "iops" : 0.000000,
        "runtime" : 0,
        "total_ios" : 0,
        "short_ios" : 0,
        "drop_ios" : 0,
        "slat_ns" : {
          "min" : 0,
          "max" : 0,
          "mean" : 0.000000,
          "stddev" : 0.000000,
          "N" : 0
        },
        "clat_ns" : {
          "min" : 0,
          "max" : 0,
          "mean" : 0.000000,
          "stddev" : 0.000000,
          "N" : 0
        },
        "lat_ns" : {
          "min" : 0,
          "max" : 0,
          "mean" : 0.000000,
          "stddev" : 0.000000,
          "N" : 0
        },
        "bw_min" : 0,
        "bw_max" : 0,
        "bw_agg" : 0.000000,
        "bw_mean" : 0.000000,
        "bw_dev" : 0.000000,
        "bw_samples" : 0,
        "iops_min" : 0,
        "iops_max" : 0,
        "iops_mean" : 0.000000,
        "iops_stddev" : 0.000000,
        "iops_samples" : 0
      },
      "sync" : {
        "total_ios" : 0,
        "lat_ns" : {
          "min" : 0,
          "max" : 0,
          "mean" : 0.000000,
          "stddev" : 0.000000,
          "N" : 0
        }
      },
      "job_runtime" : 540002,
      "usr_cpu" : 1.292958,
      "sys_cpu" : 7.476454,
      "ctx" : 322677,
      "majf" : 0,
      "minf" : 37,
      "iodepth_level" : {
        "1" : 0.100000,
        "2" : 0.100000,
        "4" : 0.100000,
        "8" : 0.100000,
        "16" : 0.100000,
        "32" : 0.100000,
        ">=64" : 99.944697
      },
      "iodepth_submit" : {
        "0" : 0.000000,
        "4" : 100.000000,
        "8" : 0.000000,
        "16" : 0.000000,
        "32" : 0.000000,
        "64" : 0.000000,
        ">=64" : 0.000000
      },
      "iodepth_complete" : {
        "0" : 0.000000,
        "4" : 99.999121,
        "8" : 0.000000,
        "16" : 0.000000,
        "32" : 0.000000,
        "64" : 0.000000,
        ">=64" : 0.100000
      },
      "latency_ns" : {
        "2" : 0.000000,
        "4" : 0.000000,
        "10" : 0.000000,
        "20" : 0.000000,
        "50" : 0.000000,
        "100" : 0.000000,
        "250" : 0.000000,
        "500" : 0.000000,
        "750" : 0.000000,
        "1000" : 0.000000
      },
      "latency_us" : {
        "2" : 0.000000,
        "4" : 0.000000,
        "10" : 0.000000,
        "20" : 0.010000,
        "50" : 0.000000,
        "100" : 0.000000,
        "250" : 0.000000,
        "500" : 0.000000,
        "750" : 0.000000,
        "1000" : 0.000000
      },
      "latency_ms" : {
        "2" : 0.010000,
        "4" : 3.795994,
        "10" : 2.628784,
        "20" : 0.812863,
        "50" : 0.761072,
        "100" : 1.073576,
        "250" : 89.643458,
        "500" : 1.282498,
        "750" : 0.000000,
        "1000" : 0.000000,
        "2000" : 0.000000,
        ">=2000" : 0.000000
      },
      "latency_depth" : 128,
      "latency_target" : 0,
      "latency_percentile" : 100.000000,
      "latency_window" : 0
    }
  ]
}
