{
  "fio version" : "fio-3.36",
  "timestamp" : 1748726497,
  "timestamp_ms" : 1748726497367,
  "time" : "Sat May 31 21:21:37 2025",
  "global options" : {
    "ioengine" : "libaio",
    "direct" : "1",
    "directory" : "/mnt/test",
    "buffer_compress_percentage" : "70",
    "buffer_pattern" : "0xdeadbeef"
  },
  "jobs" : [
    {
      "jobname" : "webserver_test",
      "groupid" : 0,
      "job_start" : 1748726376560,
      "error" : 0,
      "eta" : 0,
      "elapsed" : 121,
      "job options" : {
        "rw" : "randread",
        "size" : "2G",
        "numjobs" : "16",
        "runtime" : "120",
        "iodepth" : "32",
        "bssplit" : "4k/90:8k/10"
      },
      "read" : {
        "io_bytes" : 864342016,
        "io_kbytes" : 844084,
        "bw_bytes" : 7157282,
        "bw" : 6989,
        "iops" : 1590.374615,
        "runtime" : 120764,
        "total_ios" : 192060,
        "short_ios" : 0,
        "drop_ios" : 0,
        "slat_ns" : {
          "min" : 9925,
          "max" : 2036814877,
          "mean" : 1096044.985786,
          "stddev" : 15949674.944119,
          "N" : 192060
        },
        "clat_ns" : {
          "min" : 2829345,
          "max" : 4357959121,
          "mean" : 320236761.638493,
          "stddev" : 293173093.248509,
          "N" : 192060,
          "percentile" : {
            "1.000000" : 14876672,
            "5.000000" : 34865152,
            "10.000000" : 54788096,
            "20.000000" : 91750400,
            "30.000000" : 129499136,
            "40.000000" : 173015040,
            "50.000000" : 223346688,
            "60.000000" : 291504128,
            "70.000000" : 379584512,
            "80.000000" : 517996544,
            "90.000000" : 734003200,
            "95.000000" : 926941184,
            "99.000000" : 1283457024,
            "99.500000" : 1417674752,
            "99.900000" : 1820327936,
            "99.950000" : 2105540608,
            "99.990000" : 3539992576
          }
        },
        "lat_ns" : {
          "min" : 2883970,
          "max" : 4357988456,
          "mean" : 321332806.624279,
          "stddev" : 294521505.061716,
          "N" : 192060
        },
        "bw_min" : 824,
        "bw_max" : 15400,
        "bw_agg" : 100.000000,
        "bw_mean" : 7045.347890,
        "bw_dev" : 148.845475,
        "bw_samples" : 3821,
        "iops_min" : 188,
        "iops_max" : 3526,
        "iops_mean" : 1603.062180,
        "iops_stddev" : 33.755819,
        "iops_samples" : 3821
      },
      "write" : {
        "io_bytes" : 0,
        "io_kbytes" : 0,
        "bw_bytes" : 0,
        "bw" : 0,
        "iops" : 0.000000,
        "runtime" : 0,
        "total_ios" : 0,
        "short_ios" : 0,
        "drop_ios" : 0,
        "slat_ns" : {
          "min" : 0,
          "max" : 0,
          "mean" : 0.000000,
          "stddev" : 0.000000,
          "N" : 0
        },
        "clat_ns" : {
          "min" : 0,
          "max" : 0,
          "mean" : 0.000000,
          "stddev" : 0.000000,
          "N" : 0
        },
        "lat_ns" : {
          "min" : 0,
          "max" : 0,
          "mean" : 0.000000,
          "stddev" : 0.000000,
          "N" : 0
        },
        "bw_min" : 0,
        "bw_max" : 0,
        "bw_agg" : 0.000000,
        "bw_mean" : 0.000000,
        "bw_dev" : 0.000000,
        "bw_samples" : 0,
        "iops_min" : 0,
        "iops_max" : 0,
        "iops_mean" : 0.000000,
        "iops_stddev" : 0.000000,
        "iops_samples" : 0
      },
      "trim" : {
        "io_bytes" : 0,
        "io_kbytes" : 0,
        "bw_bytes" : 0,
        "bw" : 0,
        "iops" : 0.000000,
        "runtime" : 0,
        "total_ios" : 0,
        "short_ios" : 0,
        "drop_ios" : 0,
        "slat_ns" : {
          "min" : 0,
          "max" : 0,
          "mean" : 0.000000,
          "stddev" : 0.000000,
          "N" : 0
        },
        "clat_ns" : {
          "min" : 0,
          "max" : 0,
          "mean" : 0.000000,
          "stddev" : 0.000000,
          "N" : 0
        },
        "lat_ns" : {
          "min" : 0,
          "max" : 0,
          "mean" : 0.000000,
          "stddev" : 0.000000,
          "N" : 0
        },
        "bw_min" : 0,
        "bw_max" : 0,
        "bw_agg" : 0.000000,
        "bw_mean" : 0.000000,
        "bw_dev" : 0.000000,
        "bw_samples" : 0,
        "iops_min" : 0,
        "iops_max" : 0,
        "iops_mean" : 0.000000,
        "iops_stddev" : 0.000000,
        "iops_samples" : 0
      },
      "sync" : {
        "total_ios" : 0,
        "lat_ns" : {
          "min" : 0,
          "max" : 0,
          "mean" : 0.000000,
          "stddev" : 0.000000,
          "N" : 0
        }
      },
      "job_runtime" : 1928933,
      "usr_cpu" : 0.152001,
      "sys_cpu" : 0.468653,
      "ctx" : 177406,
      "majf" : 0,
      "minf" : 1217,
      "iodepth_level" : {
        "1" : 0.100000,
        "2" : 0.100000,
        "4" : 0.100000,
        "8" : 0.100000,
        "16" : 0.133292,
        "32" : 99.741747,
        ">=64" : 0.000000
      },
      "iodepth_submit" : {
        "0" : 0.000000,
        "4" : 100.000000,
        "8" : 0.000000,
        "16" : 0.000000,
        "32" : 0.000000,
        "64" : 0.000000,
        ">=64" : 0.000000
      },
      "iodepth_complete" : {
        "0" : 0.000000,
        "4" : 99.991648,
        "8" : 0.000000,
        "16" : 0.000000,
        "32" : 0.100000,
        "64" : 0.000000,
        ">=64" : 0.000000
      },
      "latency_ns" : {
        "2" : 0.000000,
        "4" : 0.000000,
        "10" : 0.000000,
        "20" : 0.000000,
        "50" : 0.000000,
        "100" : 0.000000,
        "250" : 0.000000,
        "500" : 0.000000,
        "750" : 0.000000,
        "1000" : 0.000000
      },
      "latency_us" : {
        "2" : 0.000000,
        "4" : 0.000000,
        "10" : 0.000000,
        "20" : 0.000000,
        "50" : 0.000000,
        "100" : 0.000000,
        "250" : 0.000000,
        "500" : 0.000000,
        "750" : 0.000000,
        "1000" : 0.000000
      },
      "latency_ms" : {
        "2" : 0.000000,
        "4" : 0.010000,
        "10" : 0.383734,
        "20" : 1.468291,
        "50" : 6.878059,
        "100" : 13.595751,
        "250" : 31.918671,
        "500" : 24.715193,
        "750" : 11.680725,
        "1000" : 5.511819,
        "2000" : 3.777465,
        ">=2000" : 0.063522
      },
      "latency_depth" : 32,
      "latency_target" : 0,
      "latency_percentile" : 100.000000,
      "latency_window" : 0
    }
  ]
}
