{
  "fio version" : "fio-3.36",
  "timestamp" : 1751186715,
  "timestamp_ms" : 1751186715444,
  "time" : "Sun Jun 29 08:45:15 2025",
  "global options" : {
    "ioengine" : "libaio",
    "direct" : "0",
    "directory" : "/mnt/test"
  },
  "jobs" : [
    {
      "jobname" : "database_test",
      "groupid" : 0,
      "job_start" : 1751186710406,
      "error" : 0,
      "eta" : 0,
      "elapsed" : 6,
      "job options" : {
        "rw" : "randrw",
        "rwmixread" : "70",
        "size" : "1M",
        "numjobs" : "8",
        "runtime" : "5",
        "iodepth" : "16",
        "bssplit" : "4k/80:8k/20"
      },
      "read" : {
        "io_bytes" : 27341455360,
        "io_kbytes" : 26700640,
        "bw_bytes" : 5466104630,
        "bw" : 5337992,
        "iops" : 1178718.912435,
        "runtime" : 5002,
        "total_ios" : 5895952,
        "short_ios" : 0,
        "drop_ios" : 0,
        "slat_ns" : {
          "min" : 1452,
          "max" : 148468159,
          "mean" : 3147.174421,
          "stddev" : 247021.386562,
          "N" : 5895952
        },
        "clat_ns" : {
          "min" : 847,
          "max" : 306696920,
          "mean" : 71540.975606,
          "stddev" : 1087608.866901,
          "N" : 5895952,
          "percentile" : {
            "1.000000" : 41216,
            "5.000000" : 45312,
            "10.000000" : 47872,
            "20.000000" : 50944,
            "30.000000" : 53504,
            "40.000000" : 55552,
            "50.000000" : 57600,
            "60.000000" : 59648,
            "70.000000" : 61696,
            "80.000000" : 64768,
            "90.000000" : 69120,
            "95.000000" : 74240,
            "99.000000" : 96768,
            "99.500000" : 116224,
            "99.900000" : 790528,
            "99.950000" : 2072576,
            "99.990000" : 30277632
          }
        },
        "lat_ns" : {
          "min" : 2669,
          "max" : 312348658,
          "mean" : 74688.150028,
          "stddev" : 1139469.990583,
          "N" : 5895952
        },
        "bw_min" : 3446126,
        "bw_max" : 6578412,
        "bw_agg" : 98.878309,
        "bw_mean" : 5278117.666667,
        "bw_dev" : 150795.533269,
        "bw_samples" : 72,
        "iops_min" : 760647,
        "iops_max" : 1452507,
        "iops_mean" : 1165535.222222,
        "iops_stddev" : 33325.307747,
        "iops_samples" : 72
      },
      "write" : {
        "io_bytes" : 11723120640,
        "io_kbytes" : 11448360,
        "bw_bytes" : 2343686653,
        "bw" : 2288756,
        "iops" : 505257.896841,
        "runtime" : 5002,
        "total_ios" : 2527300,
        "short_ios" : 0,
        "drop_ios" : 0,
        "slat_ns" : {
          "min" : 3483,
          "max" : 148281592,
          "mean" : 5786.217054,
          "stddev" : 169303.997546,
          "N" : 2527300
        },
        "clat_ns" : {
          "min" : 1046,
          "max" : 306699230,
          "mean" : 71911.430473,
          "stddev" : 1063689.651434,
          "N" : 2527300,
          "percentile" : {
            "1.000000" : 41728,
            "5.000000" : 45824,
            "10.000000" : 48384,
            "20.000000" : 51456,
            "30.000000" : 54016,
            "40.000000" : 56064,
            "50.000000" : 58112,
            "60.000000" : 60160,
            "70.000000" : 62208,
            "80.000000" : 65280,
            "90.000000" : 69120,
            "95.000000" : 74240,
            "99.000000" : 97792,
            "99.500000" : 117248,
            "99.900000" : 790528,
            "99.950000" : 2244608,
            "99.990000" : 30015488
          }
        },
        "lat_ns" : {
          "min" : 6392,
          "max" : 306714403,
          "mean" : 77697.647527,
          "stddev" : 1091380.999579,
          "N" : 2527300
        },
        "bw_min" : 1478076,
        "bw_max" : 2824643,
        "bw_agg" : 98.921183,
        "bw_mean" : 2264065.333333,
        "bw_dev" : 64771.847963,
        "bw_samples" : 72,
        "iops_min" : 326360,
        "iops_max" : 623540,
        "iops_mean" : 499821.000000,
        "iops_stddev" : 14298.416190,
        "iops_samples" : 72
      },
      "trim" : {
        "io_bytes" : 0,
        "io_kbytes" : 0,
        "bw_bytes" : 0,
        "bw" : 0,
        "iops" : 0.000000,
        "runtime" : 0,
        "total_ios" : 0,
        "short_ios" : 0,
        "drop_ios" : 0,
        "slat_ns" : {
          "min" : 0,
          "max" : 0,
          "mean" : 0.000000,
          "stddev" : 0.000000,
          "N" : 0
        },
        "clat_ns" : {
          "min" : 0,
          "max" : 0,
          "mean" : 0.000000,
          "stddev" : 0.000000,
          "N" : 0
        },
        "lat_ns" : {
          "min" : 0,
          "max" : 0,
          "mean" : 0.000000,
          "stddev" : 0.000000,
          "N" : 0
        },
        "bw_min" : 0,
        "bw_max" : 0,
        "bw_agg" : 0.000000,
        "bw_mean" : 0.000000,
        "bw_dev" : 0.000000,
        "bw_samples" : 0,
        "iops_min" : 0,
        "iops_max" : 0,
        "iops_mean" : 0.000000,
        "iops_stddev" : 0.000000,
        "iops_samples" : 0
      },
      "sync" : {
        "total_ios" : 0,
        "lat_ns" : {
          "min" : 0,
          "max" : 0,
          "mean" : 0.000000,
          "stddev" : 0.000000,
          "N" : 0
        }
      },
      "job_runtime" : 40002,
      "usr_cpu" : 16.001700,
      "sys_cpu" : 65.826709,
      "ctx" : 7286,
      "majf" : 0,
      "minf" : 117,
      "iodepth_level" : {
        "1" : 0.100000,
        "2" : 0.100000,
        "4" : 0.100000,
        "8" : 0.100000,
        "16" : 99.998575,
        "32" : 0.000000,
        ">=64" : 0.000000
      },
      "iodepth_submit" : {
        "0" : 0.000000,
        "4" : 100.000000,
        "8" : 0.000000,
        "16" : 0.000000,
        "32" : 0.000000,
        "64" : 0.000000,
        ">=64" : 0.000000
      },
      "iodepth_complete" : {
        "0" : 0.000000,
        "4" : 99.999905,
        "8" : 0.000000,
        "16" : 0.100000,
        "32" : 0.000000,
        "64" : 0.000000,
        ">=64" : 0.000000
      },
      "latency_ns" : {
        "2" : 0.000000,
        "4" : 0.000000,
        "10" : 0.000000,
        "20" : 0.000000,
        "50" : 0.000000,
        "100" : 0.000000,
        "250" : 0.000000,
        "500" : 0.000000,
        "750" : 0.000000,
        "1000" : 0.010000
      },
      "latency_us" : {
        "2" : 0.010000,
        "4" : 0.010000,
        "10" : 0.010000,
        "20" : 0.010000,
        "50" : 15.676641,
        "100" : 83.467335,
        "250" : 0.613599,
        "500" : 0.097979,
        "750" : 0.040175,
        "1000" : 0.019470
      },
      "latency_ms" : {
        "2" : 0.032529,
        "4" : 0.019969,
        "10" : 0.015968,
        "20" : 0.010000,
        "50" : 0.010000,
        "100" : 0.010000,
        "250" : 0.010000,
        "500" : 0.010000,
        "750" : 0.000000,
        "1000" : 0.000000,
        "2000" : 0.000000,
        ">=2000" : 0.000000
      },
      "latency_depth" : 16,
      "latency_target" : 0,
      "latency_percentile" : 100.000000,
      "latency_window" : 0
    }
  ]
}
