{
  "fio version" : "fio-3.36",
  "timestamp" : 1752316175,
  "timestamp_ms" : 1752316175085,
  "time" : "Sat Jul 12 10:29:35 2025",
  "global options" : {
    "ioengine" : "libaio",
    "direct" : "1",
    "directory" : "/mnt/test",
    "buffer_compress_percentage" : "70",
    "buffer_pattern" : "0xdeadbeef"
  },
  "jobs" : [
    {
      "jobname" : "archive_test",
      "groupid" : 0,
      "job_start" : 1752316110360,
      "error" : 0,
      "eta" : 0,
      "elapsed" : 65,
      "job options" : {
        "rw" : "write",
        "size" : "10G",
        "numjobs" : "3",
        "runtime" : "180",
        "iodepth" : "128",
        "bssplit" : "64k/70:128k/30"
      },
      "read" : {
        "io_bytes" : 0,
        "io_kbytes" : 0,
        "bw_bytes" : 0,
        "bw" : 0,
        "iops" : 0.000000,
        "runtime" : 0,
        "total_ios" : 0,
        "short_ios" : 0,
        "drop_ios" : 0,
        "slat_ns" : {
          "min" : 0,
          "max" : 0,
          "mean" : 0.000000,
          "stddev" : 0.000000,
          "N" : 0
        },
        "clat_ns" : {
          "min" : 0,
          "max" : 0,
          "mean" : 0.000000,
          "stddev" : 0.000000,
          "N" : 0
        },
        "lat_ns" : {
          "min" : 0,
          "max" : 0,
          "mean" : 0.000000,
          "stddev" : 0.000000,
          "N" : 0
        },
        "bw_min" : 0,
        "bw_max" : 0,
        "bw_agg" : 0.000000,
        "bw_mean" : 0.000000,
        "bw_dev" : 0.000000,
        "bw_samples" : 0,
        "iops_min" : 0,
        "iops_max" : 0,
        "iops_mean" : 0.000000,
        "iops_stddev" : 0.000000,
        "iops_samples" : 0
      },
      "write" : {
        "io_bytes" : 32212254720,
        "io_kbytes" : 31457280,
        "bw_bytes" : 497894102,
        "bw" : 486224,
        "iops" : 5842.852064,
        "runtime" : 64697,
        "total_ios" : 378015,
        "short_ios" : 0,
        "drop_ios" : 0,
        "slat_ns" : {
          "min" : 12106,
          "max" : 449648380,
          "mean" : 114960.308842,
          "stddev" : 1524762.849616,
          "N" : 378015
        },
        "clat_ns" : {
          "min" : 2862614,
          "max" : 2033982459,
          "mean" : 65284969.928567,
          "stddev" : 141367749.464776,
          "N" : 378015,
          "percentile" : {
            "1.000000" : 5537792,
            "5.000000" : 8716288,
            "10.000000" : 12517376,
            "20.000000" : 19791872,
            "30.000000" : 25559040,
            "40.000000" : 30539776,
            "50.000000" : 36438016,
            "60.000000" : 44302336,
            "70.000000" : 55312384,
            "80.000000" : 80216064,
            "90.000000" : 117964800,
            "95.000000" : 154140672,
            "99.000000" : 859832320,
            "99.500000" : 1044381696,
            "99.900000" : 1904214016,
            "99.950000" : 2004877312,
            "99.990000" : 2021654528
          }
        },
        "lat_ns" : {
          "min" : 2879265,
          "max" : 2034083170,
          "mean" : 65399930.237409,
          "stddev" : 141403430.219706,
          "N" : 378015
        },
        "bw_min" : 3072,
        "bw_max" : 1222272,
        "bw_agg" : 100.000000,
        "bw_mean" : 487882.914729,
        "bw_dev" : 126575.667185,
        "bw_samples" : 385,
        "iops_min" : 38,
        "iops_max" : 14654,
        "iops_mean" : 5862.867733,
        "iops_stddev" : 1521.374604,
        "iops_samples" : 385
      },
      "trim" : {
        "io_bytes" : 0,
        "io_kbytes" : 0,
        "bw_bytes" : 0,
        "bw" : 0,
        "iops" : 0.000000,
        "runtime" : 0,
        "total_ios" : 0,
        "short_ios" : 0,
        "drop_ios" : 0,
        "slat_ns" : {
          "min" : 0,
          "max" : 0,
          "mean" : 0.000000,
          "stddev" : 0.000000,
          "N" : 0
        },
        "clat_ns" : {
          "min" : 0,
          "max" : 0,
          "mean" : 0.000000,
          "stddev" : 0.000000,
          "N" : 0
        },
        "lat_ns" : {
          "min" : 0,
          "max" : 0,
          "mean" : 0.000000,
          "stddev" : 0.000000,
          "N" : 0
        },
        "bw_min" : 0,
        "bw_max" : 0,
        "bw_agg" : 0.000000,
        "bw_mean" : 0.000000,
        "bw_dev" : 0.000000,
        "bw_samples" : 0,
        "iops_min" : 0,
        "iops_max" : 0,
        "iops_mean" : 0.000000,
        "iops_stddev" : 0.000000,
        "iops_samples" : 0
      },
      "sync" : {
        "total_ios" : 0,
        "lat_ns" : {
          "min" : 0,
          "max" : 0,
          "mean" : 0.000000,
          "stddev" : 0.000000,
          "N" : 0
        }
      },
      "job_runtime" : 193281,
      "usr_cpu" : 9.437555,
      "sys_cpu" : 17.255705,
      "ctx" : 111018,
      "majf" : 0,
      "minf" : 36,
      "iodepth_level" : {
        "1" : 0.100000,
        "2" : 0.100000,
        "4" : 0.100000,
        "8" : 0.100000,
        "16" : 0.100000,
        "32" : 0.100000,
        ">=64" : 99.950002
      },
      "iodepth_submit" : {
        "0" : 0.000000,
        "4" : 100.000000,
        "8" : 0.000000,
        "16" : 0.000000,
        "32" : 0.000000,
        "64" : 0.000000,
        ">=64" : 0.000000
      },
      "iodepth_complete" : {
        "0" : 0.000000,
        "4" : 99.999206,
        "8" : 0.000000,
        "16" : 0.000000,
        "32" : 0.000000,
        "64" : 0.000000,
        ">=64" : 0.100000
      },
      "latency_ns" : {
        "2" : 0.000000,
        "4" : 0.000000,
        "10" : 0.000000,
        "20" : 0.000000,
        "50" : 0.000000,
        "100" : 0.000000,
        "250" : 0.000000,
        "500" : 0.000000,
        "750" : 0.000000,
        "1000" : 0.000000
      },
      "latency_us" : {
        "2" : 0.000000,
        "4" : 0.000000,
        "10" : 0.000000,
        "20" : 0.000000,
        "50" : 0.000000,
        "100" : 0.000000,
        "250" : 0.000000,
        "500" : 0.000000,
        "750" : 0.000000,
        "1000" : 0.000000
      },
      "latency_ms" : {
        "2" : 0.000000,
        "4" : 0.066664,
        "10" : 6.659524,
        "20" : 13.620359,
        "50" : 45.249527,
        "100" : 20.122746,
        "250" : 12.605849,
        "500" : 0.369827,
        "750" : 0.155285,
        "1000" : 0.601299,
        "2000" : 0.497335,
        ">=2000" : 0.051585
      },
      "latency_depth" : 128,
      "latency_target" : 0,
      "latency_percentile" : 100.000000,
      "latency_window" : 0
    }
  ]
}
