{
  "fio version" : "fio-3.36",
  "timestamp" : 1751142598,
  "timestamp_ms" : 1751142598606,
  "time" : "Sat Jun 28 20:29:58 2025",
  "global options" : {
    "ioengine" : "libaio",
    "direct" : "0",
    "directory" : "/mnt/test",
    "buffer_compress_percentage" : "70",
    "buffer_pattern" : "0xdeadbeef"
  },
  "jobs" : [
    {
      "jobname" : "database_mysql_innodb_test",
      "groupid" : 0,
      "job_start" : 1751142587351,
      "error" : 0,
      "eta" : 0,
      "elapsed" : 12,
      "job options" : {
        "rw" : "randrw",
        "rwmixread" : "70",
        "size" : "1G",
        "numjobs" : "8",
        "runtime" : "60",
        "iodepth" : "16",
        "bssplit" : "16k"
      },
      "read" : {
        "io_bytes" : 6009602048,
        "io_kbytes" : 5868752,
        "bw_bytes" : 535233527,
        "bw" : 522688,
        "iops" : 32668.061988,
        "runtime" : 11228,
        "total_ios" : 366797,
        "short_ios" : 0,
        "drop_ios" : 0,
        "slat_ns" : {
          "min" : 84483,
          "max" : 127833999,
          "mean" : 232943.473409,
          "stddev" : 1087851.287494,
          "N" : 366797
        },
        "clat_ns" : {
          "min" : 1353,
          "max" : 441040506,
          "mean" : 2538934.484456,
          "stddev" : 8326456.715045,
          "N" : 366797,
          "percentile" : {
            "1.000000" : 905216,
            "5.000000" : 1073152,
            "10.000000" : 1171456,
            "20.000000" : 1286144,
            "30.000000" : 1368064,
            "40.000000" : 1433600,
            "50.000000" : 1515520,
            "60.000000" : 1597440,
            "70.000000" : 1695744,
            "80.000000" : 1925120,
            "90.000000" : 4014080,
            "95.000000" : 6455296,
            "99.000000" : 12386304,
            "99.500000" : 16908288,
            "99.900000" : 133693440,
            "99.950000" : 154140672,
            "99.990000" : 371195904
          }
        },
        "lat_ns" : {
          "min" : 94321,
          "max" : 451862080,
          "mean" : 2771877.957865,
          "stddev" : 8981615.260128,
          "N" : 366797
        },
        "bw_min" : 9568,
        "bw_max" : 937632,
        "bw_agg" : 100.000000,
        "bw_mean" : 524674.318182,
        "bw_dev" : 31823.475425,
        "bw_samples" : 176,
        "iops_min" : 598,
        "iops_max" : 58602,
        "iops_mean" : 32792.136364,
        "iops_stddev" : 1988.966356,
        "iops_samples" : 176
      },
      "write" : {
        "io_bytes" : 2580332544,
        "io_kbytes" : 2519856,
        "bw_bytes" : 229812303,
        "bw" : 224426,
        "iops" : 14026.629854,
        "runtime" : 11228,
        "total_ios" : 157491,
        "short_ios" : 0,
        "drop_ios" : 0,
        "slat_ns" : {
          "min" : 4442,
          "max" : 227055,
          "mean" : 10963.198907,
          "stddev" : 9263.102811,
          "N" : 157491
        },
        "clat_ns" : {
          "min" : 985,
          "max" : 441023684,
          "mean" : 2544524.248294,
          "stddev" : 8163326.231753,
          "N" : 157491,
          "percentile" : {
            "1.000000" : 905216,
            "5.000000" : 1073152,
            "10.000000" : 1171456,
            "20.000000" : 1269760,
            "30.000000" : 1368064,
            "40.000000" : 1433600,
            "50.000000" : 1515520,
            "60.000000" : 1597440,
            "70.000000" : 1695744,
            "80.000000" : 1925120,
            "90.000000" : 3948544,
            "95.000000" : 6389760,
            "99.000000" : 12386304,
            "99.500000" : 17170432,
            "99.900000" : 135266304,
            "99.950000" : 154140672,
            "99.990000" : 350224384
          }
        },
        "lat_ns" : {
          "min" : 6219,
          "max" : 441032122,
          "mean" : 2555487.447200,
          "stddev" : 8165731.612170,
          "N" : 157491
        },
        "bw_min" : 4512,
        "bw_max" : 399648,
        "bw_agg" : 100.000000,
        "bw_mean" : 225235.590909,
        "bw_dev" : 13621.971529,
        "bw_samples" : 176,
        "iops_min" : 282,
        "iops_max" : 24978,
        "iops_mean" : 14077.181818,
        "iops_stddev" : 851.368281,
        "iops_samples" : 176
      },
      "trim" : {
        "io_bytes" : 0,
        "io_kbytes" : 0,
        "bw_bytes" : 0,
        "bw" : 0,
        "iops" : 0.000000,
        "runtime" : 0,
        "total_ios" : 0,
        "short_ios" : 0,
        "drop_ios" : 0,
        "slat_ns" : {
          "min" : 0,
          "max" : 0,
          "mean" : 0.000000,
          "stddev" : 0.000000,
          "N" : 0
        },
        "clat_ns" : {
          "min" : 0,
          "max" : 0,
          "mean" : 0.000000,
          "stddev" : 0.000000,
          "N" : 0
        },
        "lat_ns" : {
          "min" : 0,
          "max" : 0,
          "mean" : 0.000000,
          "stddev" : 0.000000,
          "N" : 0
        },
        "bw_min" : 0,
        "bw_max" : 0,
        "bw_agg" : 0.000000,
        "bw_mean" : 0.000000,
        "bw_dev" : 0.000000,
        "bw_samples" : 0,
        "iops_min" : 0,
        "iops_max" : 0,
        "iops_mean" : 0.000000,
        "iops_stddev" : 0.000000,
        "iops_samples" : 0
      },
      "sync" : {
        "total_ios" : 0,
        "lat_ns" : {
          "min" : 0,
          "max" : 0,
          "mean" : 0.000000,
          "stddev" : 0.000000,
          "N" : 0
        }
      },
      "job_runtime" : 88783,
      "usr_cpu" : 1.957582,
      "sys_cpu" : 9.180812,
      "ctx" : 367040,
      "majf" : 0,
      "minf" : 123,
      "iodepth_level" : {
        "1" : 0.100000,
        "2" : 0.100000,
        "4" : 0.100000,
        "8" : 0.100000,
        "16" : 99.977112,
        "32" : 0.000000,
        ">=64" : 0.000000
      },
      "iodepth_submit" : {
        "0" : 0.000000,
        "4" : 100.000000,
        "8" : 0.000000,
        "16" : 0.000000,
        "32" : 0.000000,
        "64" : 0.000000,
        ">=64" : 0.000000
      },
      "iodepth_complete" : {
        "0" : 0.000000,
        "4" : 99.998474,
        "8" : 0.000000,
        "16" : 0.100000,
        "32" : 0.000000,
        "64" : 0.000000,
        ">=64" : 0.000000
      },
      "latency_ns" : {
        "2" : 0.000000,
        "4" : 0.000000,
        "10" : 0.000000,
        "20" : 0.000000,
        "50" : 0.000000,
        "100" : 0.000000,
        "250" : 0.000000,
        "500" : 0.000000,
        "750" : 0.000000,
        "1000" : 0.010000
      },
      "latency_us" : {
        "2" : 0.010000,
        "4" : 0.000000,
        "10" : 0.010000,
        "20" : 0.010000,
        "50" : 0.010000,
        "100" : 0.010000,
        "250" : 0.010000,
        "500" : 0.010000,
        "750" : 0.153923,
        "1000" : 2.487373
      },
      "latency_ms" : {
        "2" : 78.346443,
        "4" : 9.045601,
        "10" : 7.491684,
        "20" : 2.126884,
        "50" : 0.065231,
        "100" : 0.065613,
        "250" : 0.182343,
        "500" : 0.021935,
        "750" : 0.000000,
        "1000" : 0.000000,
        "2000" : 0.000000,
        ">=2000" : 0.000000
      },
      "latency_depth" : 16,
      "latency_target" : 0,
      "latency_percentile" : 100.000000,
      "latency_window" : 0
    }
  ]
}
