{
  "fio version" : "fio-3.36",
  "timestamp" : 1753039379,
  "timestamp_ms" : 1753039379090,
  "time" : "Sun Jul 20 19:22:59 2025",
  "global options" : {
    "ioengine" : "libaio",
    "direct" : "1",
    "directory" : "/mnt/test"
  },
  "jobs" : [
    {
      "jobname" : "database_mysql_innodb_test",
      "groupid" : 0,
      "job_start" : 1753039318660,
      "error" : 0,
      "eta" : 0,
      "elapsed" : 61,
      "job options" : {
        "rw" : "randrw",
        "rwmixread" : "70",
        "size" : "1G",
        "numjobs" : "24",
        "runtime" : "60",
        "iodepth" : "16",
        "bssplit" : "16k"
      },
      "read" : {
        "io_bytes" : 8759083008,
        "io_kbytes" : 8553792,
        "bw_bytes" : 145044345,
        "bw" : 141644,
        "iops" : 8852.804319,
        "runtime" : 60389,
        "total_ios" : 534612,
        "short_ios" : 0,
        "drop_ios" : 0,
        "slat_ns" : {
          "min" : 4100,
          "max" : 2292056881,
          "mean" : 2096647.842499,
          "stddev" : 31191110.746633,
          "N" : 534612
        },
        "clat_ns" : {
          "min" : 4005,
          "max" : 10850704233,
          "mean" : 27717194.133832,
          "stddev" : 242217410.153893,
          "N" : 534612,
          "percentile" : {
            "1.000000" : 211968,
            "5.000000" : 544768,
            "10.000000" : 3981312,
            "20.000000" : 7831552,
            "30.000000" : 10158080,
            "40.000000" : 11862016,
            "50.000000" : 13303808,
            "60.000000" : 14745600,
            "70.000000" : 16187392,
            "80.000000" : 17956864,
            "90.000000" : 20054016,
            "95.000000" : 22151168,
            "99.000000" : 29229056,
            "99.500000" : 742391808,
            "99.900000" : 4110417920,
            "99.950000" : 5402263552,
            "99.990000" : 7818182656
          }
        },
        "lat_ns" : {
          "min" : 35366,
          "max" : 11991337666,
          "mean" : 29813841.976330,
          "stddev" : 263212229.752598,
          "N" : 534612
        },
        "bw_min" : 68248,
        "bw_max" : 1582396,
        "bw_agg" : 100.000000,
        "bw_mean" : 146453.615613,
        "bw_dev" : 7471.242328,
        "bw_samples" : 2400,
        "iops_min" : 4263,
        "iops_max" : 98897,
        "iops_mean" : 9153.165272,
        "iops_stddev" : 466.945132,
        "iops_samples" : 2400
      },
      "write" : {
        "io_bytes" : 3750002688,
        "io_kbytes" : 3662112,
        "bw_bytes" : 62097446,
        "bw" : 60642,
        "iops" : 3790.127341,
        "runtime" : 60389,
        "total_ios" : 228882,
        "short_ios" : 0,
        "drop_ios" : 0,
        "slat_ns" : {
          "min" : 5889,
          "max" : 19231716,
          "mean" : 1334627.588679,
          "stddev" : 494957.641072,
          "N" : 228882
        },
        "clat_ns" : {
          "min" : 7713,
          "max" : 10930038791,
          "mean" : 29141598.279694,
          "stddev" : 244530546.043684,
          "N" : 228882,
          "percentile" : {
            "1.000000" : 211968,
            "5.000000" : 544768,
            "10.000000" : 4751360,
            "20.000000" : 9240576,
            "30.000000" : 11599872,
            "40.000000" : 13303808,
            "50.000000" : 14745600,
            "60.000000" : 16056320,
            "70.000000" : 17432576,
            "80.000000" : 19005440,
            "90.000000" : 21364736,
            "95.000000" : 23461888,
            "99.000000" : 30539776,
            "99.500000" : 750780416,
            "99.900000" : 4143972352,
            "99.950000" : 5133828096,
            "99.990000" : 8086618112
          }
        },
        "lat_ns" : {
          "min" : 106368,
          "max" : 10931704285,
          "mean" : 30476225.868373,
          "stddev" : 244559306.984596,
          "N" : 228882
        },
        "bw_min" : 30301,
        "bw_max" : 680352,
        "bw_agg" : 100.000000,
        "bw_mean" : 64364.809782,
        "bw_dev" : 3455.951561,
        "bw_samples" : 2032,
        "iops_min" : 1886,
        "iops_max" : 42518,
        "iops_mean" : 4022.527921,
        "iops_stddev" : 215.984519,
        "iops_samples" : 2032
      },
      "trim" : {
        "io_bytes" : 0,
        "io_kbytes" : 0,
        "bw_bytes" : 0,
        "bw" : 0,
        "iops" : 0.000000,
        "runtime" : 0,
        "total_ios" : 0,
        "short_ios" : 0,
        "drop_ios" : 0,
        "slat_ns" : {
          "min" : 0,
          "max" : 0,
          "mean" : 0.000000,
          "stddev" : 0.000000,
          "N" : 0
        },
        "clat_ns" : {
          "min" : 0,
          "max" : 0,
          "mean" : 0.000000,
          "stddev" : 0.000000,
          "N" : 0
        },
        "lat_ns" : {
          "min" : 0,
          "max" : 0,
          "mean" : 0.000000,
          "stddev" : 0.000000,
          "N" : 0
        },
        "bw_min" : 0,
        "bw_max" : 0,
        "bw_agg" : 0.000000,
        "bw_mean" : 0.000000,
        "bw_dev" : 0.000000,
        "bw_samples" : 0,
        "iops_min" : 0,
        "iops_max" : 0,
        "iops_mean" : 0.000000,
        "iops_stddev" : 0.000000,
        "iops_samples" : 0
      },
      "sync" : {
        "total_ios" : 0,
        "lat_ns" : {
          "min" : 0,
          "max" : 0,
          "mean" : 0.000000,
          "stddev" : 0.000000,
          "N" : 0
        }
      },
      "job_runtime" : 1432634,
      "usr_cpu" : 0.452523,
      "sys_cpu" : 3.192651,
      "ctx" : 463258,
      "majf" : 0,
      "minf" : 368,
      "iodepth_level" : {
        "1" : 0.100000,
        "2" : 0.100000,
        "4" : 0.100000,
        "8" : 0.100000,
        "16" : 99.952848,
        "32" : 0.000000,
        ">=64" : 0.000000
      },
      "iodepth_submit" : {
        "0" : 0.000000,
        "4" : 100.000000,
        "8" : 0.000000,
        "16" : 0.000000,
        "32" : 0.000000,
        "64" : 0.000000,
        ">=64" : 0.000000
      },
      "iodepth_complete" : {
        "0" : 0.000000,
        "4" : 99.996855,
        "8" : 0.000000,
        "16" : 0.100000,
        "32" : 0.000000,
        "64" : 0.000000,
        ">=64" : 0.000000
      },
      "latency_ns" : {
        "2" : 0.000000,
        "4" : 0.000000,
        "10" : 0.000000,
        "20" : 0.000000,
        "50" : 0.000000,
        "100" : 0.000000,
        "250" : 0.000000,
        "500" : 0.000000,
        "750" : 0.000000,
        "1000" : 0.000000
      },
      "latency_us" : {
        "2" : 0.000000,
        "4" : 0.000000,
        "10" : 0.010000,
        "20" : 0.010000,
        "50" : 0.010000,
        "100" : 0.010000,
        "250" : 4.329176,
        "500" : 0.584157,
        "750" : 0.708715,
        "1000" : 0.559402
      },
      "latency_ms" : {
        "2" : 1.170540,
        "4" : 2.403293,
        "10" : 17.385991,
        "20" : 60.832567,
        "50" : 11.467543,
        "100" : 0.010000,
        "250" : 0.010000,
        "500" : 0.018599,
        "750" : 0.026981,
        "1000" : 0.029863,
        "2000" : 0.148266,
        ">=2000" : 0.321679
      },
      "latency_depth" : 16,
      "latency_target" : 0,
      "latency_percentile" : 100.000000,
      "latency_window" : 0
    }
  ]
}
