{
  "fio version" : "fio-3.36",
  "timestamp" : 1751226549,
  "timestamp_ms" : 1751226549212,
  "time" : "Sun Jun 29 19:49:09 2025",
  "global options" : {
    "ioengine" : "libaio",
    "direct" : "1",
    "directory" : "/mnt/test"
  },
  "jobs" : [
    {
      "jobname" : "multimedia_test",
      "groupid" : 0,
      "job_start" : 1751226544176,
      "error" : 0,
      "eta" : 0,
      "elapsed" : 6,
      "job options" : {
        "rw" : "read",
        "size" : "4M",
        "numjobs" : "4",
        "runtime" : "5",
        "iodepth" : "64",
        "bssplit" : "128k"
      },
      "read" : {
        "io_bytes" : 66969927680,
        "io_kbytes" : 65400320,
        "bw_bytes" : 13391307274,
        "bw" : 13077448,
        "iops" : 102167.566487,
        "runtime" : 5001,
        "total_ios" : 510940,
        "short_ios" : 0,
        "drop_ios" : 0,
        "slat_ns" : {
          "min" : 6676,
          "max" : 22389748,
          "mean" : 38269.282859,
          "stddev" : 184553.274152,
          "N" : 510940
        },
        "clat_ns" : {
          "min" : 2128,
          "max" : 272261689,
          "mean" : 2465927.271106,
          "stddev" : 6448601.784785,
          "N" : 510940,
          "percentile" : {
            "1.000000" : 552960,
            "5.000000" : 585728,
            "10.000000" : 749568,
            "20.000000" : 2039808,
            "30.000000" : 2088960,
            "40.000000" : 2113536,
            "50.000000" : 2146304,
            "60.000000" : 2146304,
            "70.000000" : 2179072,
            "80.000000" : 2244608,
            "90.000000" : 2277376,
            "95.000000" : 2310144,
            "99.000000" : 3293184,
            "99.500000" : 49545216,
            "99.900000" : 77070336,
            "99.950000" : 123207680,
            "99.990000" : 233832448
          }
        },
        "lat_ns" : {
          "min" : 546263,
          "max" : 282652210,
          "mean" : 2504196.553965,
          "stddev" : 6545566.602521,
          "N" : 510940
        },
        "bw_min" : 3952468,
        "bw_max" : 22780928,
        "bw_agg" : 100.000000,
        "bw_mean" : 14463378.000000,
        "bw_dev" : 1613626.484733,
        "bw_samples" : 36,
        "iops_min" : 30878,
        "iops_max" : 177976,
        "iops_mean" : 112994.888889,
        "iops_stddev" : 12606.455548,
        "iops_samples" : 36
      },
      "write" : {
        "io_bytes" : 0,
        "io_kbytes" : 0,
        "bw_bytes" : 0,
        "bw" : 0,
        "iops" : 0.000000,
        "runtime" : 0,
        "total_ios" : 0,
        "short_ios" : 0,
        "drop_ios" : 0,
        "slat_ns" : {
          "min" : 0,
          "max" : 0,
          "mean" : 0.000000,
          "stddev" : 0.000000,
          "N" : 0
        },
        "clat_ns" : {
          "min" : 0,
          "max" : 0,
          "mean" : 0.000000,
          "stddev" : 0.000000,
          "N" : 0
        },
        "lat_ns" : {
          "min" : 0,
          "max" : 0,
          "mean" : 0.000000,
          "stddev" : 0.000000,
          "N" : 0
        },
        "bw_min" : 0,
        "bw_max" : 0,
        "bw_agg" : 0.000000,
        "bw_mean" : 0.000000,
        "bw_dev" : 0.000000,
        "bw_samples" : 0,
        "iops_min" : 0,
        "iops_max" : 0,
        "iops_mean" : 0.000000,
        "iops_stddev" : 0.000000,
        "iops_samples" : 0
      },
      "trim" : {
        "io_bytes" : 0,
        "io_kbytes" : 0,
        "bw_bytes" : 0,
        "bw" : 0,
        "iops" : 0.000000,
        "runtime" : 0,
        "total_ios" : 0,
        "short_ios" : 0,
        "drop_ios" : 0,
        "slat_ns" : {
          "min" : 0,
          "max" : 0,
          "mean" : 0.000000,
          "stddev" : 0.000000,
          "N" : 0
        },
        "clat_ns" : {
          "min" : 0,
          "max" : 0,
          "mean" : 0.000000,
          "stddev" : 0.000000,
          "N" : 0
        },
        "lat_ns" : {
          "min" : 0,
          "max" : 0,
          "mean" : 0.000000,
          "stddev" : 0.000000,
          "N" : 0
        },
        "bw_min" : 0,
        "bw_max" : 0,
        "bw_agg" : 0.000000,
        "bw_mean" : 0.000000,
        "bw_dev" : 0.000000,
        "bw_samples" : 0,
        "iops_min" : 0,
        "iops_max" : 0,
        "iops_mean" : 0.000000,
        "iops_stddev" : 0.000000,
        "iops_samples" : 0
      },
      "sync" : {
        "total_ios" : 0,
        "lat_ns" : {
          "min" : 0,
          "max" : 0,
          "mean" : 0.000000,
          "stddev" : 0.000000,
          "N" : 0
        }
      },
      "job_runtime" : 20000,
      "usr_cpu" : 1.955000,
      "sys_cpu" : 77.800000,
      "ctx" : 2548,
      "majf" : 0,
      "minf" : 8243,
      "iodepth_level" : {
        "1" : 0.100000,
        "2" : 0.100000,
        "4" : 0.100000,
        "8" : 0.100000,
        "16" : 0.100000,
        "32" : 0.100000,
        ">=64" : 99.950679
      },
      "iodepth_submit" : {
        "0" : 0.000000,
        "4" : 100.000000,
        "8" : 0.000000,
        "16" : 0.000000,
        "32" : 0.000000,
        "64" : 0.000000,
        ">=64" : 0.000000
      },
      "iodepth_complete" : {
        "0" : 0.000000,
        "4" : 99.999217,
        "8" : 0.000000,
        "16" : 0.000000,
        "32" : 0.000000,
        "64" : 0.100000,
        ">=64" : 0.000000
      },
      "latency_ns" : {
        "2" : 0.000000,
        "4" : 0.000000,
        "10" : 0.000000,
        "20" : 0.000000,
        "50" : 0.000000,
        "100" : 0.000000,
        "250" : 0.000000,
        "500" : 0.000000,
        "750" : 0.000000,
        "1000" : 0.000000
      },
      "latency_us" : {
        "2" : 0.000000,
        "4" : 0.010000,
        "10" : 0.000000,
        "20" : 0.000000,
        "50" : 0.000000,
        "100" : 0.000000,
        "250" : 0.000000,
        "500" : 0.000000,
        "750" : 10.002936,
        "1000" : 0.180647
      },
      "latency_ms" : {
        "2" : 3.475555,
        "4" : 85.369906,
        "10" : 0.115278,
        "20" : 0.040514,
        "50" : 0.326849,
        "100" : 0.431949,
        "250" : 0.047755,
        "500" : 0.010000,
        "750" : 0.000000,
        "1000" : 0.000000,
        "2000" : 0.000000,
        ">=2000" : 0.000000
      },
      "latency_depth" : 64,
      "latency_target" : 0,
      "latency_percentile" : 100.000000,
      "latency_window" : 0
    }
  ]
}
