{
  "fio version" : "fio-3.36",
  "timestamp" : 1752793583,
  "timestamp_ms" : 1752793583810,
  "time" : "Thu Jul 17 23:06:23 2025",
  "global options" : {
    "ioengine" : "libaio",
    "direct" : "0",
    "directory" : "/mnt/test",
    "buffer_compress_percentage" : "70",
    "buffer_pattern" : "0xdeadbeef"
  },
  "jobs" : [
    {
      "jobname" : "database_test",
      "groupid" : 0,
      "job_start" : 1752793523643,
      "error" : 0,
      "eta" : 0,
      "elapsed" : 61,
      "job options" : {
        "rw" : "randrw",
        "rwmixread" : "70",
        "size" : "1G",
        "numjobs" : "24",
        "runtime" : "60",
        "iodepth" : "16",
        "bssplit" : "4k/80:8k/20"
      },
      "read" : {
        "io_bytes" : 80736256,
        "io_kbytes" : 78844,
        "bw_bytes" : 1342873,
        "bw" : 1311,
        "iops" : 273.443997,
        "runtime" : 60122,
        "total_ios" : 16440,
        "short_ios" : 0,
        "drop_ios" : 0,
        "slat_ns" : {
          "min" : 2943333,
          "max" : 1217292091,
          "mean" : 87615462.591363,
          "stddev" : 103201059.709052,
          "N" : 16440
        },
        "clat_ns" : {
          "min" : 9877,
          "max" : 3820876960,
          "mean" : 907466013.762226,
          "stddev" : 415629675.084652,
          "N" : 16440,
          "percentile" : {
            "1.000000" : 214958080,
            "5.000000" : 354418688,
            "10.000000" : 446693376,
            "20.000000" : 566231040,
            "30.000000" : 658505728,
            "40.000000" : 759169024,
            "50.000000" : 843055104,
            "60.000000" : 952107008,
            "70.000000" : 1061158912,
            "80.000000" : 1199570944,
            "90.000000" : 1434451968,
            "95.000000" : 1669332992,
            "99.000000" : 2231369728,
            "99.500000" : 2466250752,
            "99.900000" : 3271557120,
            "99.950000" : 3372220416,
            "99.990000" : 3741319168
          }
        },
        "lat_ns" : {
          "min" : 19217827,
          "max" : 4039982440,
          "mean" : 995081476.353589,
          "stddev" : 435349442.446440,
          "N" : 16440
        },
        "bw_min" : 208,
        "bw_max" : 3688,
        "bw_agg" : 100.000000,
        "bw_mean" : 1340.369753,
        "bw_dev" : 31.411329,
        "bw_samples" : 2754,
        "iops_min" : 48,
        "iops_max" : 752,
        "iops_mean" : 279.528175,
        "iops_stddev" : 6.371006,
        "iops_samples" : 2754
      },
      "write" : {
        "io_bytes" : 35303424,
        "io_kbytes" : 34476,
        "bw_bytes" : 587196,
        "bw" : 573,
        "iops" : 119.972722,
        "runtime" : 60122,
        "total_ios" : 7213,
        "short_ios" : 0,
        "drop_ios" : 0,
        "slat_ns" : {
          "min" : 3991,
          "max" : 359701,
          "mean" : 48442.122834,
          "stddev" : 21848.273730,
          "N" : 7213
        },
        "clat_ns" : {
          "min" : 59853423,
          "max" : 3906773221,
          "mean" : 903595269.511022,
          "stddev" : 411558943.958032,
          "N" : 7213,
          "percentile" : {
            "1.000000" : 229638144,
            "5.000000" : 362807296,
            "10.000000" : 455081984,
            "20.000000" : 566231040,
            "30.000000" : 658505728,
            "40.000000" : 750780416,
            "50.000000" : 843055104,
            "60.000000" : 943718400,
            "70.000000" : 1052770304,
            "80.000000" : 1199570944,
            "90.000000" : 1417674752,
            "95.000000" : 1635778560,
            "99.000000" : 2231369728,
            "99.500000" : 2499805184,
            "99.900000" : 3338665984,
            "99.950000" : 3506438144,
            "99.990000" : 3909091328
          }
        },
        "lat_ns" : {
          "min" : 59902473,
          "max" : 3906819754,
          "mean" : 903643711.633856,
          "stddev" : 411558865.623103,
          "N" : 7213
        },
        "bw_min" : 192,
        "bw_max" : 1984,
        "bw_agg" : 100.000000,
        "bw_mean" : 658.045885,
        "bw_dev" : 17.200583,
        "bw_samples" : 2447,
        "iops_min" : 48,
        "iops_max" : 404,
        "iops_mean" : 137.724181,
        "iops_stddev" : 3.419011,
        "iops_samples" : 2447
      },
      "trim" : {
        "io_bytes" : 0,
        "io_kbytes" : 0,
        "bw_bytes" : 0,
        "bw" : 0,
        "iops" : 0.000000,
        "runtime" : 0,
        "total_ios" : 0,
        "short_ios" : 0,
        "drop_ios" : 0,
        "slat_ns" : {
          "min" : 0,
          "max" : 0,
          "mean" : 0.000000,
          "stddev" : 0.000000,
          "N" : 0
        },
        "clat_ns" : {
          "min" : 0,
          "max" : 0,
          "mean" : 0.000000,
          "stddev" : 0.000000,
          "N" : 0
        },
        "lat_ns" : {
          "min" : 0,
          "max" : 0,
          "mean" : 0.000000,
          "stddev" : 0.000000,
          "N" : 0
        },
        "bw_min" : 0,
        "bw_max" : 0,
        "bw_agg" : 0.000000,
        "bw_mean" : 0.000000,
        "bw_dev" : 0.000000,
        "bw_samples" : 0,
        "iops_min" : 0,
        "iops_max" : 0,
        "iops_mean" : 0.000000,
        "iops_stddev" : 0.000000,
        "iops_samples" : 0
      },
      "sync" : {
        "total_ios" : 0,
        "lat_ns" : {
          "min" : 0,
          "max" : 0,
          "mean" : 0.000000,
          "stddev" : 0.000000,
          "N" : 0
        }
      },
      "job_runtime" : 1441224,
      "usr_cpu" : 0.036289,
      "sys_cpu" : 0.162362,
      "ctx" : 16524,
      "majf" : 0,
      "minf" : 308,
      "iodepth_level" : {
        "1" : 0.101467,
        "2" : 0.202934,
        "4" : 0.405868,
        "8" : 0.811736,
        "16" : 98.477994,
        "32" : 0.000000,
        ">=64" : 0.000000
      },
      "iodepth_submit" : {
        "0" : 0.000000,
        "4" : 100.000000,
        "8" : 0.000000,
        "16" : 0.000000,
        "32" : 0.000000,
        "64" : 0.000000,
        ">=64" : 0.000000
      },
      "iodepth_complete" : {
        "0" : 0.000000,
        "4" : 99.897071,
        "8" : 0.000000,
        "16" : 0.102929,
        "32" : 0.000000,
        "64" : 0.000000,
        ">=64" : 0.000000
      },
      "latency_ns" : {
        "2" : 0.000000,
        "4" : 0.000000,
        "10" : 0.000000,
        "20" : 0.000000,
        "50" : 0.000000,
        "100" : 0.000000,
        "250" : 0.000000,
        "500" : 0.000000,
        "750" : 0.000000,
        "1000" : 0.000000
      },
      "latency_us" : {
        "2" : 0.000000,
        "4" : 0.000000,
        "10" : 0.010000,
        "20" : 0.093011,
        "50" : 0.000000,
        "100" : 0.000000,
        "250" : 0.000000,
        "500" : 0.000000,
        "750" : 0.000000,
        "1000" : 0.000000
      },
      "latency_ms" : {
        "2" : 0.000000,
        "4" : 0.000000,
        "10" : 0.000000,
        "20" : 0.010000,
        "50" : 0.010000,
        "100" : 0.109923,
        "250" : 1.331755,
        "500" : 12.357840,
        "750" : 25.721896,
        "1000" : 25.781085,
        "2000" : 32.778083,
        ">=2000" : 1.805268
      },
      "latency_depth" : 16,
      "latency_target" : 0,
      "latency_percentile" : 100.000000,
      "latency_window" : 0
    }
  ]
}
