{
  "fio version" : "fio-3.36",
  "timestamp" : 1749400993,
  "timestamp_ms" : 1749400993219,
  "time" : "Sun Jun  8 16:43:13 2025",
  "global options" : {
    "ioengine" : "io_uring",
    "direct" : "1",
    "directory" : "/mnt/test"
  },
  "jobs" : [
    {
      "jobname" : "multimedia_test",
      "groupid" : 0,
      "job_start" : 1749400953509,
      "error" : 0,
      "eta" : 0,
      "elapsed" : 40,
      "job options" : {
        "rw" : "read",
        "size" : "4G",
        "numjobs" : "4",
        "runtime" : "120",
        "iodepth" : "64",
        "bssplit" : "128k"
      },
      "read" : {
        "io_bytes" : 17179869184,
        "io_kbytes" : 16777216,
        "bw_bytes" : 432862233,
        "bw" : 422717,
        "iops" : 3302.476757,
        "runtime" : 39689,
        "total_ios" : 131072,
        "short_ios" : 0,
        "drop_ios" : 0,
        "slat_ns" : {
          "min" : 286,
          "max" : 1086196,
          "mean" : 2191.376167,
          "stddev" : 11620.916942,
          "N" : 131072
        },
        "clat_ns" : {
          "min" : 34550,
          "max" : 3370243399,
          "mean" : 40474060.615952,
          "stddev" : 157806838.836640,
          "N" : 131072,
          "percentile" : {
            "1.000000" : 152576,
            "5.000000" : 391168,
            "10.000000" : 509952,
            "20.000000" : 790528,
            "30.000000" : 1003520,
            "40.000000" : 1122304,
            "50.000000" : 1335296,
            "60.000000" : 1794048,
            "70.000000" : 32636928,
            "80.000000" : 52166656,
            "90.000000" : 54788096,
            "95.000000" : 127401984,
            "99.000000" : 801112064,
            "99.500000" : 1149239296,
            "99.900000" : 2122317824,
            "99.950000" : 2197815296,
            "99.990000" : 3372220416
          }
        },
        "lat_ns" : {
          "min" : 36809,
          "max" : 3370251422,
          "mean" : 40476251.992119,
          "stddev" : 157807253.111959,
          "N" : 131072
        },
        "bw_min" : 12544,
        "bw_max" : 12113483,
        "bw_agg" : 100.000000,
        "bw_mean" : 1157247.884066,
        "bw_dev" : 624390.860360,
        "bw_samples" : 143,
        "iops_min" : 98,
        "iops_max" : 94636,
        "iops_mean" : 9040.855899,
        "iops_stddev" : 4878.025355,
        "iops_samples" : 143
      },
      "write" : {
        "io_bytes" : 0,
        "io_kbytes" : 0,
        "bw_bytes" : 0,
        "bw" : 0,
        "iops" : 0.000000,
        "runtime" : 0,
        "total_ios" : 0,
        "short_ios" : 0,
        "drop_ios" : 0,
        "slat_ns" : {
          "min" : 0,
          "max" : 0,
          "mean" : 0.000000,
          "stddev" : 0.000000,
          "N" : 0
        },
        "clat_ns" : {
          "min" : 0,
          "max" : 0,
          "mean" : 0.000000,
          "stddev" : 0.000000,
          "N" : 0
        },
        "lat_ns" : {
          "min" : 0,
          "max" : 0,
          "mean" : 0.000000,
          "stddev" : 0.000000,
          "N" : 0
        },
        "bw_min" : 0,
        "bw_max" : 0,
        "bw_agg" : 0.000000,
        "bw_mean" : 0.000000,
        "bw_dev" : 0.000000,
        "bw_samples" : 0,
        "iops_min" : 0,
        "iops_max" : 0,
        "iops_mean" : 0.000000,
        "iops_stddev" : 0.000000,
        "iops_samples" : 0
      },
      "trim" : {
        "io_bytes" : 0,
        "io_kbytes" : 0,
        "bw_bytes" : 0,
        "bw" : 0,
        "iops" : 0.000000,
        "runtime" : 0,
        "total_ios" : 0,
        "short_ios" : 0,
        "drop_ios" : 0,
        "slat_ns" : {
          "min" : 0,
          "max" : 0,
          "mean" : 0.000000,
          "stddev" : 0.000000,
          "N" : 0
        },
        "clat_ns" : {
          "min" : 0,
          "max" : 0,
          "mean" : 0.000000,
          "stddev" : 0.000000,
          "N" : 0
        },
        "lat_ns" : {
          "min" : 0,
          "max" : 0,
          "mean" : 0.000000,
          "stddev" : 0.000000,
          "N" : 0
        },
        "bw_min" : 0,
        "bw_max" : 0,
        "bw_agg" : 0.000000,
        "bw_mean" : 0.000000,
        "bw_dev" : 0.000000,
        "bw_samples" : 0,
        "iops_min" : 0,
        "iops_max" : 0,
        "iops_mean" : 0.000000,
        "iops_stddev" : 0.000000,
        "iops_samples" : 0
      },
      "sync" : {
        "total_ios" : 0,
        "lat_ns" : {
          "min" : 0,
          "max" : 0,
          "mean" : 0.000000,
          "stddev" : 0.000000,
          "N" : 0
        }
      },
      "job_runtime" : 82950,
      "usr_cpu" : 0.499096,
      "sys_cpu" : 0.864376,
      "ctx" : 54668,
      "majf" : 0,
      "minf" : 43,
      "iodepth_level" : {
        "1" : 0.100000,
        "2" : 0.100000,
        "4" : 0.100000,
        "8" : 0.100000,
        "16" : 0.100000,
        "32" : 0.100000,
        ">=64" : 99.807739
      },
      "iodepth_submit" : {
        "0" : 0.000000,
        "4" : 100.000000,
        "8" : 0.000000,
        "16" : 0.000000,
        "32" : 0.000000,
        "64" : 0.000000,
        ">=64" : 0.000000
      },
      "iodepth_complete" : {
        "0" : 0.000000,
        "4" : 99.996942,
        "8" : 0.000000,
        "16" : 0.000000,
        "32" : 0.000000,
        "64" : 0.100000,
        ">=64" : 0.000000
      },
      "latency_ns" : {
        "2" : 0.000000,
        "4" : 0.000000,
        "10" : 0.000000,
        "20" : 0.000000,
        "50" : 0.000000,
        "100" : 0.000000,
        "250" : 0.000000,
        "500" : 0.000000,
        "750" : 0.000000,
        "1000" : 0.000000
      },
      "latency_us" : {
        "2" : 0.000000,
        "4" : 0.000000,
        "10" : 0.000000,
        "20" : 0.000000,
        "50" : 0.014496,
        "100" : 0.266266,
        "250" : 2.413940,
        "500" : 6.439972,
        "750" : 9.716797,
        "1000" : 10.836792
      },
      "latency_ms" : {
        "2" : 32.082367,
        "4" : 2.371979,
        "10" : 1.617432,
        "20" : 0.879669,
        "50" : 9.571075,
        "100" : 18.099213,
        "250" : 2.731323,
        "500" : 1.341248,
        "750" : 0.515747,
        "1000" : 0.408936,
        "2000" : 0.513458,
        ">=2000" : 0.179291
      },
      "latency_depth" : 64,
      "latency_target" : 0,
      "latency_percentile" : 100.000000,
      "latency_window" : 0
    }
  ]
}
