{
  "fio version" : "fio-3.36",
  "timestamp" : 1753047321,
  "timestamp_ms" : 1753047321058,
  "time" : "Sun Jul 20 21:35:21 2025",
  "global options" : {
    "ioengine" : "libaio",
    "direct" : "0",
    "directory" : "/mnt/test",
    "buffer_compress_percentage" : "70",
    "buffer_pattern" : "0xdeadbeef"
  },
  "jobs" : [
    {
      "jobname" : "database_mysql_innodb_test",
      "groupid" : 0,
      "job_start" : 1753047276428,
      "error" : 0,
      "eta" : 0,
      "elapsed" : 45,
      "job options" : {
        "rw" : "randrw",
        "rwmixread" : "70",
        "size" : "1G",
        "numjobs" : "24",
        "runtime" : "60",
        "iodepth" : "16",
        "bssplit" : "16k"
      },
      "read" : {
        "io_bytes" : 18040209408,
        "io_kbytes" : 17617392,
        "bw_bytes" : 404643236,
        "bw" : 395159,
        "iops" : 24697.463159,
        "runtime" : 44583,
        "total_ios" : 1101087,
        "short_ios" : 0,
        "drop_ios" : 0,
        "slat_ns" : {
          "min" : 6928,
          "max" : 90770439,
          "mean" : 519078.798366,
          "stddev" : 628101.717820,
          "N" : 1101087
        },
        "clat_ns" : {
          "min" : 2489,
          "max" : 114165827,
          "mean" : 9903440.780175,
          "stddev" : 4467108.341953,
          "N" : 1101087,
          "percentile" : {
            "1.000000" : 2146304,
            "5.000000" : 4227072,
            "10.000000" : 5472256,
            "20.000000" : 6782976,
            "30.000000" : 7831552,
            "40.000000" : 8716288,
            "50.000000" : 9502720,
            "60.000000" : 10289152,
            "70.000000" : 11075584,
            "80.000000" : 12255232,
            "90.000000" : 14090240,
            "95.000000" : 17170432,
            "99.000000" : 25821184,
            "99.500000" : 28966912,
            "99.900000" : 36438016,
            "99.950000" : 42729472,
            "99.990000" : 93847552
          }
        },
        "lat_ns" : {
          "min" : 16779,
          "max" : 115913296,
          "mean" : 10422519.578541,
          "stddev" : 4637236.721714,
          "N" : 1101087
        },
        "bw_min" : 149088,
        "bw_max" : 548347,
        "bw_agg" : 100.000000,
        "bw_mean" : 395225.420199,
        "bw_dev" : 3781.357206,
        "bw_samples" : 2123,
        "iops_min" : 9318,
        "iops_max" : 34271,
        "iops_mean" : 24701.479316,
        "iops_stddev" : 236.329073,
        "iops_samples" : 2123
      },
      "write" : {
        "io_bytes" : 7729594368,
        "io_kbytes" : 7548432,
        "bw_bytes" : 173375375,
        "bw" : 169311,
        "iops" : 10581.993136,
        "runtime" : 44583,
        "total_ios" : 471777,
        "short_ios" : 0,
        "drop_ios" : 0,
        "slat_ns" : {
          "min" : 16005,
          "max" : 95447301,
          "mean" : 1023726.432425,
          "stddev" : 530919.892969,
          "N" : 471777
        },
        "clat_ns" : {
          "min" : 3936,
          "max" : 113314015,
          "mean" : 10854682.596540,
          "stddev" : 4546905.326483,
          "N" : 471777,
          "percentile" : {
            "1.000000" : 3129344,
            "5.000000" : 5406720,
            "10.000000" : 6520832,
            "20.000000" : 7831552,
            "30.000000" : 8716288,
            "40.000000" : 9633792,
            "50.000000" : 10289152,
            "60.000000" : 11075584,
            "70.000000" : 11862016,
            "80.000000" : 12910592,
            "90.000000" : 15007744,
            "95.000000" : 18481152,
            "99.000000" : 27394048,
            "99.500000" : 31064064,
            "99.900000" : 37486592,
            "99.950000" : 49545216,
            "99.990000" : 104333312
          }
        },
        "lat_ns" : {
          "min" : 172852,
          "max" : 115130337,
          "mean" : 11878409.028965,
          "stddev" : 4792254.243831,
          "N" : 471777
        },
        "bw_min" : 65376,
        "bw_max" : 230649,
        "bw_agg" : 100.000000,
        "bw_mean" : 169312.136108,
        "bw_dev" : 1579.148228,
        "bw_samples" : 2123,
        "iops_min" : 4086,
        "iops_max" : 14415,
        "iops_mean" : 10581.919178,
        "iops_stddev" : 98.693746,
        "iops_samples" : 2123
      },
      "trim" : {
        "io_bytes" : 0,
        "io_kbytes" : 0,
        "bw_bytes" : 0,
        "bw" : 0,
        "iops" : 0.000000,
        "runtime" : 0,
        "total_ios" : 0,
        "short_ios" : 0,
        "drop_ios" : 0,
        "slat_ns" : {
          "min" : 0,
          "max" : 0,
          "mean" : 0.000000,
          "stddev" : 0.000000,
          "N" : 0
        },
        "clat_ns" : {
          "min" : 0,
          "max" : 0,
          "mean" : 0.000000,
          "stddev" : 0.000000,
          "N" : 0
        },
        "lat_ns" : {
          "min" : 0,
          "max" : 0,
          "mean" : 0.000000,
          "stddev" : 0.000000,
          "N" : 0
        },
        "bw_min" : 0,
        "bw_max" : 0,
        "bw_agg" : 0.000000,
        "bw_mean" : 0.000000,
        "bw_dev" : 0.000000,
        "bw_samples" : 0,
        "iops_min" : 0,
        "iops_max" : 0,
        "iops_mean" : 0.000000,
        "iops_stddev" : 0.000000,
        "iops_samples" : 0
      },
      "sync" : {
        "total_ios" : 0,
        "lat_ns" : {
          "min" : 0,
          "max" : 0,
          "mean" : 0.000000,
          "stddev" : 0.000000,
          "N" : 0
        }
      },
      "job_runtime" : 1068036,
      "usr_cpu" : 1.363718,
      "sys_cpu" : 6.657734,
      "ctx" : 1031695,
      "majf" : 0,
      "minf" : 315,
      "iodepth_level" : {
        "1" : 0.100000,
        "2" : 0.100000,
        "4" : 0.100000,
        "8" : 0.100000,
        "16" : 99.977112,
        "32" : 0.000000,
        ">=64" : 0.000000
      },
      "iodepth_submit" : {
        "0" : 0.000000,
        "4" : 100.000000,
        "8" : 0.000000,
        "16" : 0.000000,
        "32" : 0.000000,
        "64" : 0.000000,
        ">=64" : 0.000000
      },
      "iodepth_complete" : {
        "0" : 0.000000,
        "4" : 99.998474,
        "8" : 0.000000,
        "16" : 0.100000,
        "32" : 0.000000,
        "64" : 0.000000,
        ">=64" : 0.000000
      },
      "latency_ns" : {
        "2" : 0.000000,
        "4" : 0.000000,
        "10" : 0.000000,
        "20" : 0.000000,
        "50" : 0.000000,
        "100" : 0.000000,
        "250" : 0.000000,
        "500" : 0.000000,
        "750" : 0.000000,
        "1000" : 0.000000
      },
      "latency_us" : {
        "2" : 0.000000,
        "4" : 0.010000,
        "10" : 0.010000,
        "20" : 0.010000,
        "50" : 0.010000,
        "100" : 0.010000,
        "250" : 0.010000,
        "500" : 0.269636,
        "750" : 0.056712,
        "1000" : 0.037257
      },
      "latency_ms" : {
        "2" : 0.360870,
        "4" : 2.827390,
        "10" : 49.918811,
        "20" : 43.246969,
        "50" : 3.228378,
        "100" : 0.035222,
        "250" : 0.010045,
        "500" : 0.000000,
        "750" : 0.000000,
        "1000" : 0.000000,
        "2000" : 0.000000,
        ">=2000" : 0.000000
      },
      "latency_depth" : 16,
      "latency_target" : 0,
      "latency_percentile" : 100.000000,
      "latency_window" : 0
    }
  ]
}
