{
  "fio version" : "fio-3.36",
  "timestamp" : 1753040941,
  "timestamp_ms" : 1753040941949,
  "time" : "Sun Jul 20 19:49:01 2025",
  "global options" : {
    "ioengine" : "libaio",
    "direct" : "0",
    "directory" : "/mnt/test",
    "buffer_compress_percentage" : "70",
    "buffer_pattern" : "0xdeadbeef"
  },
  "jobs" : [
    {
      "jobname" : "database_test",
      "groupid" : 0,
      "job_start" : 1753040881734,
      "error" : 0,
      "eta" : 0,
      "elapsed" : 61,
      "job options" : {
        "rw" : "randrw",
        "rwmixread" : "70",
        "size" : "3G",
        "numjobs" : "24",
        "runtime" : "60",
        "iodepth" : "16",
        "bssplit" : "4k/80:8k/20"
      },
      "read" : {
        "io_bytes" : 5139824640,
        "io_kbytes" : 5019360,
        "bw_bytes" : 85406102,
        "bw" : 83404,
        "iops" : 17793.024376,
        "runtime" : 60181,
        "total_ios" : 1070802,
        "short_ios" : 0,
        "drop_ios" : 0,
        "slat_ns" : {
          "min" : 2313,
          "max" : 1760203029,
          "mean" : 872309.856043,
          "stddev" : 16264691.476436,
          "N" : 1070802
        },
        "clat_ns" : {
          "min" : 2057,
          "max" : 7186604292,
          "mean" : 13897523.975813,
          "stddev" : 182637877.012711,
          "N" : 1070802,
          "percentile" : {
            "1.000000" : 700416,
            "5.000000" : 1171456,
            "10.000000" : 1466368,
            "20.000000" : 1908736,
            "30.000000" : 2211840,
            "40.000000" : 2605056,
            "50.000000" : 2998272,
            "60.000000" : 3457024,
            "70.000000" : 4079616,
            "80.000000" : 4947968,
            "90.000000" : 6193152,
            "95.000000" : 8159232,
            "99.000000" : 24772608,
            "99.500000" : 36438016,
            "99.900000" : 3405774848,
            "99.950000" : 4143972352,
            "99.990000" : 5469372416
          }
        },
        "lat_ns" : {
          "min" : 20868,
          "max" : 7453278303,
          "mean" : 14769833.831856,
          "stddev" : 194581039.348557,
          "N" : 1070802
        },
        "bw_min" : 10504,
        "bw_max" : 237308,
        "bw_agg" : 100.000000,
        "bw_mean" : 83859.850337,
        "bw_dev" : 3282.069342,
        "bw_samples" : 2498,
        "iops_min" : 2222,
        "iops_max" : 50872,
        "iops_mean" : 17884.962227,
        "iops_stddev" : 711.243767,
        "iops_samples" : 2498
      },
      "write" : {
        "io_bytes" : 2194829312,
        "io_kbytes" : 2143388,
        "bw_bytes" : 36470469,
        "bw" : 35615,
        "iops" : 7598.926572,
        "runtime" : 60181,
        "total_ios" : 457311,
        "short_ios" : 0,
        "drop_ios" : 0,
        "slat_ns" : {
          "min" : 13265,
          "max" : 2102586014,
          "mean" : 1086156.923691,
          "stddev" : 15876064.998986,
          "N" : 457311
        },
        "clat_ns" : {
          "min" : 2995,
          "max" : 7065764052,
          "mean" : 14731178.391760,
          "stddev" : 186673711.569616,
          "N" : 457311,
          "percentile" : {
            "1.000000" : 872448,
            "5.000000" : 1384448,
            "10.000000" : 1679360,
            "20.000000" : 2088960,
            "30.000000" : 2473984,
            "40.000000" : 2834432,
            "50.000000" : 3325952,
            "60.000000" : 3817472,
            "70.000000" : 4489216,
            "80.000000" : 5341184,
            "90.000000" : 6651904,
            "95.000000" : 8847360,
            "99.000000" : 27918336,
            "99.500000" : 39059456,
            "99.900000" : 3405774848,
            "99.950000" : 4211081216,
            "99.990000" : 5402263552
          }
        },
        "lat_ns" : {
          "min" : 178371,
          "max" : 7393201037,
          "mean" : 15817335.315451,
          "stddev" : 197646055.125657,
          "N" : 457311
        },
        "bw_min" : 4664,
        "bw_max" : 99768,
        "bw_agg" : 100.000000,
        "bw_mean" : 36232.079044,
        "bw_dev" : 1590.933046,
        "bw_samples" : 1914,
        "iops_min" : 978,
        "iops_max" : 21412,
        "iops_mean" : 7726.582710,
        "iops_stddev" : 344.926787,
        "iops_samples" : 1914
      },
      "trim" : {
        "io_bytes" : 0,
        "io_kbytes" : 0,
        "bw_bytes" : 0,
        "bw" : 0,
        "iops" : 0.000000,
        "runtime" : 0,
        "total_ios" : 0,
        "short_ios" : 0,
        "drop_ios" : 0,
        "slat_ns" : {
          "min" : 0,
          "max" : 0,
          "mean" : 0.000000,
          "stddev" : 0.000000,
          "N" : 0
        },
        "clat_ns" : {
          "min" : 0,
          "max" : 0,
          "mean" : 0.000000,
          "stddev" : 0.000000,
          "N" : 0
        },
        "lat_ns" : {
          "min" : 0,
          "max" : 0,
          "mean" : 0.000000,
          "stddev" : 0.000000,
          "N" : 0
        },
        "bw_min" : 0,
        "bw_max" : 0,
        "bw_agg" : 0.000000,
        "bw_mean" : 0.000000,
        "bw_dev" : 0.000000,
        "bw_samples" : 0,
        "iops_min" : 0,
        "iops_max" : 0,
        "iops_mean" : 0.000000,
        "iops_stddev" : 0.000000,
        "iops_samples" : 0
      },
      "sync" : {
        "total_ios" : 0,
        "lat_ns" : {
          "min" : 0,
          "max" : 0,
          "mean" : 0.000000,
          "stddev" : 0.000000,
          "N" : 0
        }
      },
      "job_runtime" : 1441164,
      "usr_cpu" : 0.768060,
      "sys_cpu" : 4.651101,
      "ctx" : 784311,
      "majf" : 0,
      "minf" : 365,
      "iodepth_level" : {
        "1" : 0.100000,
        "2" : 0.100000,
        "4" : 0.100000,
        "8" : 0.100000,
        "16" : 99.976442,
        "32" : 0.000000,
        ">=64" : 0.000000
      },
      "iodepth_submit" : {
        "0" : 0.000000,
        "4" : 100.000000,
        "8" : 0.000000,
        "16" : 0.000000,
        "32" : 0.000000,
        "64" : 0.000000,
        ">=64" : 0.000000
      },
      "iodepth_complete" : {
        "0" : 0.000000,
        "4" : 99.998429,
        "8" : 0.000000,
        "16" : 0.100000,
        "32" : 0.000000,
        "64" : 0.000000,
        ">=64" : 0.000000
      },
      "latency_ns" : {
        "2" : 0.000000,
        "4" : 0.000000,
        "10" : 0.000000,
        "20" : 0.000000,
        "50" : 0.000000,
        "100" : 0.000000,
        "250" : 0.000000,
        "500" : 0.000000,
        "750" : 0.000000,
        "1000" : 0.000000
      },
      "latency_us" : {
        "2" : 0.000000,
        "4" : 0.010000,
        "10" : 0.010000,
        "20" : 0.010000,
        "50" : 0.010000,
        "100" : 0.010000,
        "250" : 0.065244,
        "500" : 0.382694,
        "750" : 0.555064,
        "1000" : 1.473713
      },
      "latency_ms" : {
        "2" : 18.999315,
        "4" : 45.302278,
        "10" : 29.732356,
        "20" : 2.165939,
        "50" : 0.932065,
        "100" : 0.012499,
        "250" : 0.010000,
        "500" : 0.010000,
        "750" : 0.010000,
        "1000" : 0.010601,
        "2000" : 0.068450,
        ">=2000" : 0.277139
      },
      "latency_depth" : 16,
      "latency_target" : 0,
      "latency_percentile" : 100.000000,
      "latency_window" : 0
    }
  ]
}
