{
  "fio version" : "fio-3.36",
  "timestamp" : 1752825453,
  "timestamp_ms" : 1752825453011,
  "time" : "Fri Jul 18 07:57:33 2025",
  "global options" : {
    "ioengine" : "libaio",
    "direct" : "0",
    "directory" : "/mnt/test",
    "buffer_compress_percentage" : "70",
    "buffer_pattern" : "0xdeadbeef"
  },
  "jobs" : [
    {
      "jobname" : "database_mysql_innodb_test",
      "groupid" : 0,
      "job_start" : 1752825423881,
      "error" : 0,
      "eta" : 0,
      "elapsed" : 30,
      "job options" : {
        "rw" : "randrw",
        "rwmixread" : "70",
        "size" : "1G",
        "numjobs" : "24",
        "runtime" : "60",
        "iodepth" : "16",
        "bssplit" : "16k"
      },
      "read" : {
        "io_bytes" : 18040209408,
        "io_kbytes" : 17617392,
        "bw_bytes" : 620151578,
        "bw" : 605616,
        "iops" : 37851.048470,
        "runtime" : 29090,
        "total_ios" : 1101087,
        "short_ios" : 0,
        "drop_ios" : 0,
        "slat_ns" : {
          "min" : 75156,
          "max" : 333950172,
          "mean" : 592711.388356,
          "stddev" : 2491076.979524,
          "N" : 1101087
        },
        "clat_ns" : {
          "min" : 1258,
          "max" : 506143912,
          "mean" : 6499113.077018,
          "stddev" : 14656449.121705,
          "N" : 1101087,
          "percentile" : {
            "1.000000" : 1466368,
            "5.000000" : 1941504,
            "10.000000" : 2211840,
            "20.000000" : 2703360,
            "30.000000" : 3424256,
            "40.000000" : 4014080,
            "50.000000" : 4489216,
            "60.000000" : 4947968,
            "70.000000" : 5537792,
            "80.000000" : 6455296,
            "90.000000" : 11468800,
            "95.000000" : 15138816,
            "99.000000" : 24248320,
            "99.500000" : 109576192,
            "99.900000" : 175112192,
            "99.950000" : 367001600,
            "99.990000" : 446693376
          }
        },
        "lat_ns" : {
          "min" : 100772,
          "max" : 521859358,
          "mean" : 7091824.465374,
          "stddev" : 15752474.194053,
          "N" : 1101087
        },
        "bw_min" : 12672,
        "bw_max" : 1315072,
        "bw_agg" : 100.000000,
        "bw_mean" : 619652.943868,
        "bw_dev" : 11426.839495,
        "bw_samples" : 1351,
        "iops_min" : 792,
        "iops_max" : 82192,
        "iops_mean" : 38727.654848,
        "iops_stddev" : 714.175041,
        "iops_samples" : 1351
      },
      "write" : {
        "io_bytes" : 7729594368,
        "io_kbytes" : 7548432,
        "bw_bytes" : 265713109,
        "bw" : 259485,
        "iops" : 16217.841183,
        "runtime" : 29090,
        "total_ios" : 471777,
        "short_ios" : 0,
        "drop_ios" : 0,
        "slat_ns" : {
          "min" : 4371,
          "max" : 2083671,
          "mean" : 30054.080434,
          "stddev" : 42845.906507,
          "N" : 471777
        },
        "clat_ns" : {
          "min" : 906,
          "max" : 500127623,
          "mean" : 6491810.489935,
          "stddev" : 14613256.023943,
          "N" : 471777,
          "percentile" : {
            "1.000000" : 1466368,
            "5.000000" : 1925120,
            "10.000000" : 2211840,
            "20.000000" : 2703360,
            "30.000000" : 3424256,
            "40.000000" : 4014080,
            "50.000000" : 4489216,
            "60.000000" : 4947968,
            "70.000000" : 5537792,
            "80.000000" : 6455296,
            "90.000000" : 11599872,
            "95.000000" : 15269888,
            "99.000000" : 24248320,
            "99.500000" : 107479040,
            "99.900000" : 179306496,
            "99.950000" : 371195904,
            "99.990000" : 446693376
          }
        },
        "lat_ns" : {
          "min" : 6551,
          "max" : 500177406,
          "mean" : 6521864.570369,
          "stddev" : 14613670.535991,
          "N" : 471777
        },
        "bw_min" : 5856,
        "bw_max" : 556736,
        "bw_agg" : 100.000000,
        "bw_mean" : 265483.310140,
        "bw_dev" : 4940.883597,
        "bw_samples" : 1351,
        "iops_min" : 366,
        "iops_max" : 34796,
        "iops_mean" : 16592.204617,
        "iops_stddev" : 308.802341,
        "iops_samples" : 1351
      },
      "trim" : {
        "io_bytes" : 0,
        "io_kbytes" : 0,
        "bw_bytes" : 0,
        "bw" : 0,
        "iops" : 0.000000,
        "runtime" : 0,
        "total_ios" : 0,
        "short_ios" : 0,
        "drop_ios" : 0,
        "slat_ns" : {
          "min" : 0,
          "max" : 0,
          "mean" : 0.000000,
          "stddev" : 0.000000,
          "N" : 0
        },
        "clat_ns" : {
          "min" : 0,
          "max" : 0,
          "mean" : 0.000000,
          "stddev" : 0.000000,
          "N" : 0
        },
        "lat_ns" : {
          "min" : 0,
          "max" : 0,
          "mean" : 0.000000,
          "stddev" : 0.000000,
          "N" : 0
        },
        "bw_min" : 0,
        "bw_max" : 0,
        "bw_agg" : 0.000000,
        "bw_mean" : 0.000000,
        "bw_dev" : 0.000000,
        "bw_samples" : 0,
        "iops_min" : 0,
        "iops_max" : 0,
        "iops_mean" : 0.000000,
        "iops_stddev" : 0.000000,
        "iops_samples" : 0
      },
      "sync" : {
        "total_ios" : 0,
        "lat_ns" : {
          "min" : 0,
          "max" : 0,
          "mean" : 0.000000,
          "stddev" : 0.000000,
          "N" : 0
        }
      },
      "job_runtime" : 680962,
      "usr_cpu" : 1.807296,
      "sys_cpu" : 8.723688,
      "ctx" : 1184006,
      "majf" : 0,
      "minf" : 357,
      "iodepth_level" : {
        "1" : 0.100000,
        "2" : 0.100000,
        "4" : 0.100000,
        "8" : 0.100000,
        "16" : 99.977112,
        "32" : 0.000000,
        ">=64" : 0.000000
      },
      "iodepth_submit" : {
        "0" : 0.000000,
        "4" : 100.000000,
        "8" : 0.000000,
        "16" : 0.000000,
        "32" : 0.000000,
        "64" : 0.000000,
        ">=64" : 0.000000
      },
      "iodepth_complete" : {
        "0" : 0.000000,
        "4" : 99.998474,
        "8" : 0.000000,
        "16" : 0.100000,
        "32" : 0.000000,
        "64" : 0.000000,
        ">=64" : 0.000000
      },
      "latency_ns" : {
        "2" : 0.000000,
        "4" : 0.000000,
        "10" : 0.000000,
        "20" : 0.000000,
        "50" : 0.000000,
        "100" : 0.000000,
        "250" : 0.000000,
        "500" : 0.000000,
        "750" : 0.000000,
        "1000" : 0.010000
      },
      "latency_us" : {
        "2" : 0.010000,
        "4" : 0.010000,
        "10" : 0.010000,
        "20" : 0.010000,
        "50" : 0.010000,
        "100" : 0.010000,
        "250" : 0.010000,
        "500" : 0.010000,
        "750" : 0.010000,
        "1000" : 0.060018
      },
      "latency_ms" : {
        "2" : 5.997785,
        "4" : 33.499972,
        "10" : 47.254944,
        "20" : 11.163203,
        "50" : 1.380094,
        "100" : 0.101089,
        "250" : 0.462087,
        "500" : 0.067902,
        "750" : 0.010000,
        "1000" : 0.000000,
        "2000" : 0.000000,
        ">=2000" : 0.000000
      },
      "latency_depth" : 16,
      "latency_target" : 0,
      "latency_percentile" : 100.000000,
      "latency_window" : 0
    }
  ]
}
