{
  "fio version" : "fio-3.36",
  "timestamp" : 1752652052,
  "timestamp_ms" : 1752652052537,
  "time" : "Wed Jul 16 07:47:32 2025",
  "global options" : {
    "ioengine" : "libaio",
    "direct" : "0",
    "directory" : "/mnt/test"
  },
  "jobs" : [
    {
      "jobname" : "database_mysql_innodb_test",
      "groupid" : 0,
      "job_start" : 1752651992287,
      "error" : 0,
      "eta" : 0,
      "elapsed" : 61,
      "job options" : {
        "rw" : "randrw",
        "rwmixread" : "70",
        "size" : "1G",
        "numjobs" : "24",
        "runtime" : "60",
        "iodepth" : "16",
        "bssplit" : "16k"
      },
      "read" : {
        "io_bytes" : 646610944,
        "io_kbytes" : 631456,
        "bw_bytes" : 10738548,
        "bw" : 10486,
        "iops" : 655.428970,
        "runtime" : 60214,
        "total_ios" : 39466,
        "short_ios" : 0,
        "drop_ios" : 0,
        "slat_ns" : {
          "min" : 5773,
          "max" : 2036527129,
          "mean" : 23094356.408453,
          "stddev" : 106645309.992065,
          "N" : 39466
        },
        "clat_ns" : {
          "min" : 10487,
          "max" : 8568560164,
          "mean" : 244163009.921375,
          "stddev" : 744251817.220179,
          "N" : 39466,
          "percentile" : {
            "1.000000" : 95744,
            "5.000000" : 99840,
            "10.000000" : 101888,
            "20.000000" : 104960,
            "30.000000" : 107008,
            "40.000000" : 109056,
            "50.000000" : 111104,
            "60.000000" : 113152,
            "70.000000" : 120320,
            "80.000000" : 444416,
            "90.000000" : 1052770304,
            "95.000000" : 1853882368,
            "99.000000" : 3607101440,
            "99.500000" : 4462739456,
            "99.900000" : 6140461056,
            "99.950000" : 6878658560,
            "99.990000" : 8287944704
          }
        },
        "lat_ns" : {
          "min" : 94103,
          "max" : 8769947955,
          "mean" : 267257366.329828,
          "stddev" : 805885794.837089,
          "N" : 39466
        },
        "bw_min" : 746,
        "bw_max" : 1051739,
        "bw_agg" : 100.000000,
        "bw_mean" : 23614.931262,
        "bw_dev" : 5699.608397,
        "bw_samples" : 1446,
        "iops_min" : 26,
        "iops_max" : 65733,
        "iops_mean" : 1472.814265,
        "iops_stddev" : 356.238968,
        "iops_samples" : 1446
      },
      "write" : {
        "io_bytes" : 279150592,
        "io_kbytes" : 272608,
        "bw_bytes" : 4635974,
        "bw" : 4527,
        "iops" : 282.957452,
        "runtime" : 60214,
        "total_ios" : 17038,
        "short_ios" : 0,
        "drop_ios" : 0,
        "slat_ns" : {
          "min" : 2920,
          "max" : 395423,
          "mean" : 11997.661815,
          "stddev" : 16990.330990,
          "N" : 17038
        },
        "clat_ns" : {
          "min" : 89321,
          "max" : 8298076740,
          "mean" : 237217153.476817,
          "stddev" : 729559728.386360,
          "N" : 17038,
          "percentile" : {
            "1.000000" : 95744,
            "5.000000" : 99840,
            "10.000000" : 101888,
            "20.000000" : 104960,
            "30.000000" : 107008,
            "40.000000" : 109056,
            "50.000000" : 111104,
            "60.000000" : 113152,
            "70.000000" : 119296,
            "80.000000" : 382976,
            "90.000000" : 1019215872,
            "95.000000" : 1820327936,
            "99.000000" : 3506438144,
            "99.500000" : 4462739456,
            "99.900000" : 6006243328,
            "99.950000" : 6476005376,
            "99.990000" : 7952400384
          }
        },
        "lat_ns" : {
          "min" : 93662,
          "max" : 8298131279,
          "mean" : 237229151.138631,
          "stddev" : 729571288.040605,
          "N" : 17038
        },
        "bw_min" : 746,
        "bw_max" : 456723,
        "bw_agg" : 100.000000,
        "bw_mean" : 13473.239285,
        "bw_dev" : 2847.295240,
        "bw_samples" : 1080,
        "iops_min" : 26,
        "iops_max" : 28545,
        "iops_mean" : 839.240285,
        "iops_stddev" : 177.973446,
        "iops_samples" : 1080
      },
      "trim" : {
        "io_bytes" : 0,
        "io_kbytes" : 0,
        "bw_bytes" : 0,
        "bw" : 0,
        "iops" : 0.000000,
        "runtime" : 0,
        "total_ios" : 0,
        "short_ios" : 0,
        "drop_ios" : 0,
        "slat_ns" : {
          "min" : 0,
          "max" : 0,
          "mean" : 0.000000,
          "stddev" : 0.000000,
          "N" : 0
        },
        "clat_ns" : {
          "min" : 0,
          "max" : 0,
          "mean" : 0.000000,
          "stddev" : 0.000000,
          "N" : 0
        },
        "lat_ns" : {
          "min" : 0,
          "max" : 0,
          "mean" : 0.000000,
          "stddev" : 0.000000,
          "N" : 0
        },
        "bw_min" : 0,
        "bw_max" : 0,
        "bw_agg" : 0.000000,
        "bw_mean" : 0.000000,
        "bw_dev" : 0.000000,
        "bw_samples" : 0,
        "iops_min" : 0,
        "iops_max" : 0,
        "iops_mean" : 0.000000,
        "iops_stddev" : 0.000000,
        "iops_samples" : 0
      },
      "sync" : {
        "total_ios" : 0,
        "lat_ns" : {
          "min" : 0,
          "max" : 0,
          "mean" : 0.000000,
          "stddev" : 0.000000,
          "N" : 0
        }
      },
      "job_runtime" : 1442346,
      "usr_cpu" : 0.014213,
      "sys_cpu" : 0.139148,
      "ctx" : 13446,
      "majf" : 0,
      "minf" : 353,
      "iodepth_level" : {
        "1" : 0.100000,
        "2" : 0.100000,
        "4" : 0.169899,
        "8" : 0.339799,
        "16" : 99.362877,
        "32" : 0.000000,
        ">=64" : 0.000000
      },
      "iodepth_submit" : {
        "0" : 0.000000,
        "4" : 100.000000,
        "8" : 0.000000,
        "16" : 0.000000,
        "32" : 0.000000,
        "64" : 0.000000,
        ">=64" : 0.000000
      },
      "iodepth_complete" : {
        "0" : 0.000000,
        "4" : 99.957271,
        "8" : 0.000000,
        "16" : 0.100000,
        "32" : 0.000000,
        "64" : 0.000000,
        ">=64" : 0.000000
      },
      "latency_ns" : {
        "2" : 0.000000,
        "4" : 0.000000,
        "10" : 0.000000,
        "20" : 0.000000,
        "50" : 0.000000,
        "100" : 0.000000,
        "250" : 0.000000,
        "500" : 0.000000,
        "750" : 0.000000,
        "1000" : 0.000000
      },
      "latency_us" : {
        "2" : 0.000000,
        "4" : 0.000000,
        "10" : 0.000000,
        "20" : 0.040705,
        "50" : 0.010000,
        "100" : 4.558969,
        "250" : 74.442517,
        "500" : 1.375124,
        "750" : 5.374841,
        "1000" : 0.000000
      },
      "latency_ms" : {
        "2" : 0.000000,
        "4" : 0.000000,
        "10" : 0.010000,
        "20" : 0.038935,
        "50" : 0.127425,
        "100" : 0.192907,
        "250" : 0.437137,
        "500" : 0.743310,
        "750" : 0.959224,
        "1000" : 1.428217,
        "2000" : 5.893388,
        ">=2000" : 4.380221
      },
      "latency_depth" : 16,
      "latency_target" : 0,
      "latency_percentile" : 100.000000,
      "latency_window" : 0
    }
  ],
  "disk_util" : [
    {
      "name" : "bcache0",
      "read_ios" : 39458,
      "write_ios" : 11720,
      "read_sectors" : 1262656,
      "write_sectors" : 0,
      "read_merges" : 0,
      "write_merges" : 0,
      "read_ticks" : 905241,
      "write_ticks" : 664351,
      "in_queue" : 1569592,
      "util" : 100.000000,
      "aggr_read_ios" : 19823,
      "aggr_write_ios" : 8850,
      "aggr_read_sectors" : 631456,
      "aggr_write_sectors" : 279796,
      "aggr_read_merges" : 0,
      "aggr_write_merge" : 22,
      "aggr_read_ticks" : 455069,
      "aggr_write_ticks" : 53285,
      "aggr_in_queue" : 509709,
      "aggr_util" : 94.655868
    },
    {
      "name" : "sda",
      "read_ios" : 5183,
      "write_ios" : 11858,