{
  "fio version" : "fio-3.36",
  "timestamp" : 1751291012,
  "timestamp_ms" : 1751291012265,
  "time" : "Mon Jun 30 13:43:32 2025",
  "global options" : {
    "ioengine" : "libaio",
    "direct" : "0",
    "directory" : "/mnt/test"
  },
  "jobs" : [
    {
      "jobname" : "database_mysql_innodb_test",
      "groupid" : 0,
      "job_start" : 1751290952115,
      "error" : 0,
      "eta" : 0,
      "elapsed" : 61,
      "job options" : {
        "rw" : "randrw",
        "rwmixread" : "70",
        "size" : "1G",
        "numjobs" : "8",
        "runtime" : "60",
        "iodepth" : "16",
        "bssplit" : "16k"
      },
      "read" : {
        "io_bytes" : 197312512,
        "io_kbytes" : 192688,
        "bw_bytes" : 3282578,
        "bw" : 3205,
        "iops" : 200.352693,
        "runtime" : 60109,
        "total_ios" : 12043,
        "short_ios" : 0,
        "drop_ios" : 0,
        "slat_ns" : {
          "min" : 3199417,
          "max" : 1044938089,
          "mean" : 39835945.063190,
          "stddev" : 48557188.971068,
          "N" : 12043
        },
        "clat_ns" : {
          "min" : 12273,
          "max" : 4028510976,
          "mean" : 413961853.087935,
          "stddev" : 257141611.646161,
          "N" : 12043,
          "percentile" : {
            "1.000000" : 141557760,
            "5.000000" : 187695104,
            "10.000000" : 214958080,
            "20.000000" : 258998272,
            "30.000000" : 291504128,
            "40.000000" : 325058560,
            "50.000000" : 358612992,
            "60.000000" : 396361728,
            "70.000000" : 438304768,
            "80.000000" : 501219328,
            "90.000000" : 624951296,
            "95.000000" : 834666496,
            "99.000000" : 1568669696,
            "99.500000" : 1769996288,
            "99.900000" : 2566914048,
            "99.950000" : 3338665984,
            "99.990000" : 3808428032
          }
        },
        "lat_ns" : {
          "min" : 49514596,
          "max" : 4445354709,
          "mean" : 453797798.151125,
          "stddev" : 274220392.609097,
          "N" : 12043
        },
        "bw_min" : 254,
        "bw_max" : 6430,
        "bw_agg" : 100.000000,
        "bw_mean" : 3219.319787,
        "bw_dev" : 179.409940,
        "bw_samples" : 947,
        "iops_min" : 14,
        "iops_max" : 401,
        "iops_mean" : 199.905906,
        "iops_stddev" : 11.220179,
        "iops_samples" : 947
      },
      "write" : {
        "io_bytes" : 86081536,
        "io_kbytes" : 84064,
        "bw_bytes" : 1432090,
        "bw" : 1398,
        "iops" : 87.407876,
        "runtime" : 60109,
        "total_ios" : 5254,
        "short_ios" : 0,
        "drop_ios" : 0,
        "slat_ns" : {
          "min" : 6461,
          "max" : 201555,
          "mean" : 60908.611344,
          "stddev" : 23080.204879,
          "N" : 5254
        },
        "clat_ns" : {
          "min" : 49519732,
          "max" : 4201624101,
          "mean" : 418804463.517510,
          "stddev" : 252748987.358783,
          "N" : 5254,
          "percentile" : {
            "1.000000" : 147849216,
            "5.000000" : 193986560,
            "10.000000" : 221249536,
            "20.000000" : 263192576,
            "30.000000" : 295698432,
            "40.000000" : 329252864,
            "50.000000" : 362807296,
            "60.000000" : 400556032,
            "70.000000" : 446693376,
            "80.000000" : 509607936,
            "90.000000" : 633339904,
            "95.000000" : 834666496,
            "99.000000" : 1484783616,
            "99.500000" : 1803550720,
            "99.900000" : 2365587456,
            "99.950000" : 3204448256,
            "99.990000" : 4211081216
          }
        },
        "lat_ns" : {
          "min" : 49593984,
          "max" : 4201700254,
          "mean" : 418865372.128854,
          "stddev" : 252748806.233651,
          "N" : 5254
        },
        "bw_min" : 249,
        "bw_max" : 3808,
        "bw_agg" : 100.000000,
        "bw_mean" : 1453.375017,
        "bw_dev" : 96.926489,
        "bw_samples" : 918,
        "iops_min" : 9,
        "iops_max" : 238,
        "iops_mean" : 89.503754,
        "iops_stddev" : 6.066452,
        "iops_samples" : 918
      },
      "trim" : {
        "io_bytes" : 0,
        "io_kbytes" : 0,
        "bw_bytes" : 0,
        "bw" : 0,
        "iops" : 0.000000,
        "runtime" : 0,
        "total_ios" : 0,
        "short_ios" : 0,
        "drop_ios" : 0,
        "slat_ns" : {
          "min" : 0,
          "max" : 0,
          "mean" : 0.000000,
          "stddev" : 0.000000,
          "N" : 0
        },
        "clat_ns" : {
          "min" : 0,
          "max" : 0,
          "mean" : 0.000000,
          "stddev" : 0.000000,
          "N" : 0
        },
        "lat_ns" : {
          "min" : 0,
          "max" : 0,
          "mean" : 0.000000,
          "stddev" : 0.000000,
          "N" : 0
        },
        "bw_min" : 0,
        "bw_max" : 0,
        "bw_agg" : 0.000000,
        "bw_mean" : 0.000000,
        "bw_dev" : 0.000000,
        "bw_samples" : 0,
        "iops_min" : 0,
        "iops_max" : 0,
        "iops_mean" : 0.000000,
        "iops_stddev" : 0.000000,
        "iops_samples" : 0
      },
      "sync" : {
        "total_ios" : 0,
        "lat_ns" : {
          "min" : 0,
          "max" : 0,
          "mean" : 0.000000,
          "stddev" : 0.000000,
          "N" : 0
        }
      },
      "job_runtime" : 480427,
      "usr_cpu" : 0.086173,
      "sys_cpu" : 0.384866,
      "ctx" : 12063,
      "majf" : 0,
      "minf" : 121,
      "iodepth_level" : {
        "1" : 0.100000,
        "2" : 0.100000,
        "4" : 0.185003,
        "8" : 0.370006,
        "16" : 99.306238,
        "32" : 0.000000,
        ">=64" : 0.000000
      },
      "iodepth_submit" : {
        "0" : 0.000000,
        "4" : 100.000000,
        "8" : 0.000000,
        "16" : 0.000000,
        "32" : 0.000000,
        "64" : 0.000000,
        ">=64" : 0.000000
      },
      "iodepth_complete" : {
        "0" : 0.000000,
        "4" : 99.953448,
        "8" : 0.000000,
        "16" : 0.100000,
        "32" : 0.000000,
        "64" : 0.000000,
        ">=64" : 0.000000
      },
      "latency_ns" : {
        "2" : 0.000000,
        "4" : 0.000000,
        "10" : 0.000000,
        "20" : 0.000000,
        "50" : 0.000000,
        "100" : 0.000000,
        "250" : 0.000000,
        "500" : 0.000000,
        "750" : 0.000000,
        "1000" : 0.000000
      },
      "latency_us" : {
        "2" : 0.000000,
        "4" : 0.000000,
        "10" : 0.000000,
        "20" : 0.028907,
        "50" : 0.017344,
        "100" : 0.000000,
        "250" : 0.000000,
        "500" : 0.000000,
        "750" : 0.000000,
        "1000" : 0.000000
      },
      "latency_ms" : {
        "2" : 0.000000,
        "4" : 0.000000,
        "10" : 0.000000,
        "20" : 0.000000,
        "50" : 0.011563,
        "100" : 0.069376,
        "250" : 17.187952,
        "500" : 62.409666,
        "750" : 14.019772,
        "1000" : 3.093022,
        "2000" : 2.884893,
        ">=2000" : 0.277505
      },
      "latency_depth" : 16,
      "latency_target" : 0,
      "latency_percentile" : 100.000000,
      "latency_window" : 0
    }
  ],
  "disk_util" : [
    {
      "name" : "sda",
      "read_ios" : 12034,
      "write_ios" : 3619,
      "read_sectors" : 385064,
      "write_sectors" : 116240,
      "read_merges" : 0,
      "write_merges" : 48,
      "read_ticks" : 476301,
      "write_ticks" : 38514,
      "in_queue" : 517448,
      "util" : 94.899967
    }
  ]
}
