{
  "fio version" : "fio-3.36",
  "timestamp" : 1752790091,
  "timestamp_ms" : 1752790091600,
  "time" : "Thu Jul 17 22:08:11 2025",
  "global options" : {
    "ioengine" : "libaio",
    "direct" : "1",
    "directory" : "/mnt/test",
    "buffer_compress_percentage" : "70",
    "buffer_pattern" : "0xdeadbeef"
  },
  "jobs" : [
    {
      "jobname" : "database_mysql_innodb_test",
      "groupid" : 0,
      "job_start" : 1752790031255,
      "error" : 0,
      "eta" : 0,
      "elapsed" : 61,
      "job options" : {
        "rw" : "randrw",
        "rwmixread" : "70",
        "size" : "1G",
        "numjobs" : "24",
        "runtime" : "60",
        "iodepth" : "16",
        "bssplit" : "16k"
      },
      "read" : {
        "io_bytes" : 289341440,
        "io_kbytes" : 282560,
        "bw_bytes" : 4798445,
        "bw" : 4685,
        "iops" : 292.873845,
        "runtime" : 60299,
        "total_ios" : 17660,
        "short_ios" : 0,
        "drop_ios" : 0,
        "slat_ns" : {
          "min" : 15089,
          "max" : 392444162,
          "mean" : 63279503.830068,
          "stddev" : 40497408.694985,
          "N" : 17660
        },
        "clat_ns" : {
          "min" : 7590618,
          "max" : 2661680713,
          "mean" : 866117323.896093,
          "stddev" : 233081691.157324,
          "N" : 17660,
          "percentile" : {
            "1.000000" : 346030080,
            "5.000000" : 509607936,
            "10.000000" : 583008256,
            "20.000000" : 675282944,
            "30.000000" : 742391808,
            "40.000000" : 801112064,
            "50.000000" : 859832320,
            "60.000000" : 918552576,
            "70.000000" : 977272832,
            "80.000000" : 1044381696,
            "90.000000" : 1149239296,
            "95.000000" : 1249902592,
            "99.000000" : 1484783616,
            "99.500000" : 1602224128,
            "99.900000" : 1920991232,
            "99.950000" : 2088763392,
            "99.990000" : 2499805184
          }
        },
        "lat_ns" : {
          "min" : 7621453,
          "max" : 2738720892,
          "mean" : 929396827.726161,
          "stddev" : 239405371.883553,
          "N" : 17660
        },
        "bw_min" : 1024,
        "bw_max" : 10016,
        "bw_agg" : 100.000000,
        "bw_mean" : 4691.417983,
        "bw_dev" : 73.684964,
        "bw_samples" : 2847,
        "iops_min" : 64,
        "iops_max" : 626,
        "iops_mean" : 293.213624,
        "iops_stddev" : 4.605310,
        "iops_samples" : 2847
      },
      "write" : {
        "io_bytes" : 126844928,
        "io_kbytes" : 123872,
        "bw_bytes" : 2103599,
        "bw" : 2054,
        "iops" : 128.393506,
        "runtime" : 60299,
        "total_ios" : 7742,
        "short_ios" : 0,
        "drop_ios" : 0,
        "slat_ns" : {
          "min" : 22864,
          "max" : 292622898,
          "mean" : 41649651.801860,
          "stddev" : 43845401.221711,
          "N" : 7742
        },
        "clat_ns" : {
          "min" : 1326123,
          "max" : 2889564250,
          "mean" : 808344968.170757,
          "stddev" : 326585071.194802,
          "N" : 7742,
          "percentile" : {
            "1.000000" : 254803968,
            "5.000000" : 421527552,
            "10.000000" : 497025024,
            "20.000000" : 574619648,
            "30.000000" : 641728512,
            "40.000000" : 700448768,
            "50.000000" : 750780416,
            "60.000000" : 809500672,
            "70.000000" : 876609536,
            "80.000000" : 968884224,
            "90.000000" : 1149239296,
            "95.000000" : 1451229184,
            "99.000000" : 2055208960,
            "99.500000" : 2197815296,
            "99.900000" : 2432696320,
            "99.950000" : 2734686208,
            "99.990000" : 2902458368
          }
        },
        "lat_ns" : {
          "min" : 1373817,
          "max" : 2969141297,
          "mean" : 849994619.972617,
          "stddev" : 345839477.178082,
          "N" : 7742
        },
        "bw_min" : 768,
        "bw_max" : 6048,
        "bw_agg" : 100.000000,
        "bw_mean" : 2216.605908,
        "bw_dev" : 49.780702,
        "bw_samples" : 2650,
        "iops_min" : 48,
        "iops_max" : 378,
        "iops_mean" : 138.537869,
        "iops_stddev" : 3.111294,
        "iops_samples" : 2650
      },
      "trim" : {
        "io_bytes" : 0,
        "io_kbytes" : 0,
        "bw_bytes" : 0,
        "bw" : 0,
        "iops" : 0.000000,
        "runtime" : 0,
        "total_ios" : 0,
        "short_ios" : 0,
        "drop_ios" : 0,
        "slat_ns" : {
          "min" : 0,
          "max" : 0,
          "mean" : 0.000000,
          "stddev" : 0.000000,
          "N" : 0
        },
        "clat_ns" : {
          "min" : 0,
          "max" : 0,
          "mean" : 0.000000,
          "stddev" : 0.000000,
          "N" : 0
        },
        "lat_ns" : {
          "min" : 0,
          "max" : 0,
          "mean" : 0.000000,
          "stddev" : 0.000000,
          "N" : 0
        },
        "bw_min" : 0,
        "bw_max" : 0,
        "bw_agg" : 0.000000,
        "bw_mean" : 0.000000,
        "bw_dev" : 0.000000,
        "bw_samples" : 0,
        "iops_min" : 0,
        "iops_max" : 0,
        "iops_mean" : 0.000000,
        "iops_stddev" : 0.000000,
        "iops_samples" : 0
      },
      "sync" : {
        "total_ios" : 0,
        "lat_ns" : {
          "min" : 0,
          "max" : 0,
          "mean" : 0.000000,
          "stddev" : 0.000000,
          "N" : 0
        }
      },
      "job_runtime" : 1444218,
      "usr_cpu" : 0.035798,
      "sys_cpu" : 0.152262,
      "ctx" : 22600,
      "majf" : 0,
      "minf" : 245,
      "iodepth_level" : {
        "1" : 0.100000,
        "2" : 0.188961,
        "4" : 0.377923,
        "8" : 0.755846,
        "16" : 98.582789,
        "32" : 0.000000,
        ">=64" : 0.000000
      },
      "iodepth_submit" : {
        "0" : 0.000000,
        "4" : 100.000000,
        "8" : 0.000000,
        "16" : 0.000000,
        "32" : 0.000000,
        "64" : 0.000000,
        ">=64" : 0.000000
      },
      "iodepth_complete" : {
        "0" : 0.000000,
        "4" : 99.904253,
        "8" : 0.000000,
        "16" : 0.100000,
        "32" : 0.000000,
        "64" : 0.000000,
        ">=64" : 0.000000
      },
      "latency_ns" : {
        "2" : 0.000000,
        "4" : 0.000000,
        "10" : 0.000000,
        "20" : 0.000000,
        "50" : 0.000000,
        "100" : 0.000000,
        "250" : 0.000000,
        "500" : 0.000000,
        "750" : 0.000000,
        "1000" : 0.000000
      },
      "latency_us" : {
        "2" : 0.000000,
        "4" : 0.000000,
        "10" : 0.000000,
        "20" : 0.000000,
        "50" : 0.000000,
        "100" : 0.000000,
        "250" : 0.000000,
        "500" : 0.000000,
        "750" : 0.000000,
        "1000" : 0.000000
      },
      "latency_ms" : {
        "2" : 0.039367,
        "4" : 0.000000,
        "10" : 0.010000,
        "20" : 0.010000,
        "50" : 0.019683,
        "100" : 0.074797,
        "250" : 0.460594,
        "500" : 5.794819,
        "750" : 29.977954,
        "1000" : 40.386584,
        "2000" : 22.793481,
        ">=2000" : 0.440910
      },
      "latency_depth" : 16,
      "latency_target" : 0,
      "latency_percentile" : 100.000000,
      "latency_window" : 0
    }
  ]
}
