{
  "fio version" : "fio-3.36",
  "timestamp" : 1752303344,
  "timestamp_ms" : 1752303344543,
  "time" : "Sat Jul 12 06:55:44 2025",
  "global options" : {
    "ioengine" : "libaio",
    "direct" : "0",
    "directory" : "/mnt/test",
    "buffer_compress_percentage" : "70",
    "buffer_pattern" : "0xdeadbeef"
  },
  "jobs" : [
    {
      "jobname" : "database_test",
      "groupid" : 0,
      "job_start" : 1752303284506,
      "error" : 0,
      "eta" : 0,
      "elapsed" : 61,
      "job options" : {
        "rw" : "randrw",
        "rwmixread" : "70",
        "size" : "1G",
        "numjobs" : "24",
        "runtime" : "60",
        "iodepth" : "16",
        "bssplit" : "4k/80:8k/20"
      },
      "read" : {
        "io_bytes" : 4674514944,
        "io_kbytes" : 4564956,
        "bw_bytes" : 77905985,
        "bw" : 76080,
        "iops" : 16126.362455,
        "runtime" : 60002,
        "total_ios" : 967614,
        "short_ios" : 0,
        "drop_ios" : 0,
        "slat_ns" : {
          "min" : 124383,
          "max" : 61312724,
          "mean" : 1469063.532295,
          "stddev" : 1488715.461400,
          "N" : 967614
        },
        "clat_ns" : {
          "min" : 1417,
          "max" : 351013675,
          "mean" : 15632277.945447,
          "stddev" : 13994705.973043,
          "N" : 967614,
          "percentile" : {
            "1.000000" : 4554752,
            "5.000000" : 5799936,
            "10.000000" : 6520832,
            "20.000000" : 7569408,
            "30.000000" : 8454144,
            "40.000000" : 9633792,
            "50.000000" : 13828096,
            "60.000000" : 17432576,
            "70.000000" : 19791872,
            "80.000000" : 22151168,
            "90.000000" : 25559040,
            "95.000000" : 28442624,
            "99.000000" : 36438016,
            "99.500000" : 43778048,
            "99.900000" : 217055232,
            "99.950000" : 242221056,
            "99.990000" : 295698432
          }
        },
        "lat_ns" : {
          "min" : 836376,
          "max" : 376458777,
          "mean" : 17101341.477742,
          "stddev" : 15196001.829630,
          "N" : 967614
        },
        "bw_min" : 5432,
        "bw_max" : 153339,
        "bw_agg" : 100.000000,
        "bw_mean" : 76162.714286,
        "bw_dev" : 1268.889937,
        "bw_samples" : 2856,
        "iops_min" : 1140,
        "iops_max" : 31939,
        "iops_mean" : 16142.092437,
        "iops_stddev" : 264.736264,
        "iops_samples" : 2856
      },
      "write" : {
        "io_bytes" : 2003603456,
        "io_kbytes" : 1956644,
        "bw_bytes" : 33392277,
        "bw" : 32609,
        "iops" : 6911.602947,
        "runtime" : 60002,
        "total_ios" : 414710,
        "short_ios" : 0,
        "drop_ios" : 0,
        "slat_ns" : {
          "min" : 2286,
          "max" : 31629879,
          "mean" : 23239.389969,
          "stddev" : 300777.040190,
          "N" : 414710
        },
        "clat_ns" : {
          "min" : 1137418,
          "max" : 343449454,
          "mean" : 15613586.444214,
          "stddev" : 14073455.687394,
          "N" : 414710,
          "percentile" : {
            "1.000000" : 4554752,
            "5.000000" : 5799936,
            "10.000000" : 6520832,
            "20.000000" : 7569408,
            "30.000000" : 8454144,
            "40.000000" : 9633792,
            "50.000000" : 13697024,
            "60.000000" : 17432576,
            "70.000000" : 19791872,
            "80.000000" : 22151168,
            "90.000000" : 25559040,
            "95.000000" : 28442624,
            "99.000000" : 36438016,
            "99.500000" : 43253760,
            "99.900000" : 219152384,
            "99.950000" : 246415360,
            "99.990000" : 295698432
          }
        },
        "lat_ns" : {
          "min" : 1144437,
          "max" : 343484449,
          "mean" : 15636825.834183,
          "stddev" : 14083233.796079,
          "N" : 414710
        },
        "bw_min" : 1720,
        "bw_max" : 68958,
        "bw_agg" : 100.000000,
        "bw_mean" : 32648.000000,
        "bw_dev" : 562.553700,
        "bw_samples" : 2856,
        "iops_min" : 362,
        "iops_max" : 14466,
        "iops_mean" : 6918.596639,
        "iops_stddev" : 117.367975,
        "iops_samples" : 2856
      },
      "trim" : {
        "io_bytes" : 0,
        "io_kbytes" : 0,
        "bw_bytes" : 0,
        "bw" : 0,
        "iops" : 0.000000,
        "runtime" : 0,
        "total_ios" : 0,
        "short_ios" : 0,
        "drop_ios" : 0,
        "slat_ns" : {
          "min" : 0,
          "max" : 0,
          "mean" : 0.000000,
          "stddev" : 0.000000,
          "N" : 0
        },
        "clat_ns" : {
          "min" : 0,
          "max" : 0,
          "mean" : 0.000000,
          "stddev" : 0.000000,
          "N" : 0
        },
        "lat_ns" : {
          "min" : 0,
          "max" : 0,
          "mean" : 0.000000,
          "stddev" : 0.000000,
          "N" : 0
        },
        "bw_min" : 0,
        "bw_max" : 0,
        "bw_agg" : 0.000000,
        "bw_mean" : 0.000000,
        "bw_dev" : 0.000000,
        "bw_samples" : 0,
        "iops_min" : 0,
        "iops_max" : 0,
        "iops_mean" : 0.000000,
        "iops_stddev" : 0.000000,
        "iops_samples" : 0
      },
      "sync" : {
        "total_ios" : 0,
        "lat_ns" : {
          "min" : 0,
          "max" : 0,
          "mean" : 0.000000,
          "stddev" : 0.000000,
          "N" : 0
        }
      },
      "job_runtime" : 1440006,
      "usr_cpu" : 0.608400,
      "sys_cpu" : 3.442486,
      "ctx" : 978786,
      "majf" : 0,
      "minf" : 343,
      "iodepth_level" : {
        "1" : 0.100000,
        "2" : 0.100000,
        "4" : 0.100000,
        "8" : 0.100000,
        "16" : 99.973957,
        "32" : 0.000000,
        ">=64" : 0.000000
      },
      "iodepth_submit" : {
        "0" : 0.000000,
        "4" : 100.000000,
        "8" : 0.000000,
        "16" : 0.000000,
        "32" : 0.000000,
        "64" : 0.000000,
        ">=64" : 0.000000
      },
      "iodepth_complete" : {
        "0" : 0.000000,
        "4" : 99.998263,
        "8" : 0.000000,
        "16" : 0.100000,
        "32" : 0.000000,
        "64" : 0.000000,
        ">=64" : 0.000000
      },
      "latency_ns" : {
        "2" : 0.000000,
        "4" : 0.000000,
        "10" : 0.000000,
        "20" : 0.000000,
        "50" : 0.000000,
        "100" : 0.000000,
        "250" : 0.000000,
        "500" : 0.000000,
        "750" : 0.000000,
        "1000" : 0.000000
      },
      "latency_us" : {
        "2" : 0.010000,
        "4" : 0.010000,
        "10" : 0.000000,
        "20" : 0.000000,
        "50" : 0.000000,
        "100" : 0.000000,
        "250" : 0.000000,
        "500" : 0.000000,
        "750" : 0.000000,
        "1000" : 0.010000
      },
      "latency_ms" : {
        "2" : 0.010000,
        "4" : 0.397230,
        "10" : 41.528397,
        "20" : 28.837234,
        "50" : 28.796216,
        "100" : 0.017362,
        "250" : 0.374659,
        "500" : 0.042320,
        "750" : 0.000000,
        "1000" : 0.000000,
        "2000" : 0.000000,
        ">=2000" : 0.000000
      },
      "latency_depth" : 16,
      "latency_target" : 0,
      "latency_percentile" : 100.000000,
      "latency_window" : 0
    }
  ]
}
