{
  "fio version" : "fio-3.36",
  "timestamp" : 1752303641,
  "timestamp_ms" : 1752303641740,
  "time" : "Sat Jul 12 07:00:41 2025",
  "global options" : {
    "ioengine" : "libaio",
    "direct" : "0",
    "directory" : "/mnt/test",
    "buffer_compress_percentage" : "70",
    "buffer_pattern" : "0xdeadbeef"
  },
  "jobs" : [
    {
      "jobname" : "multimedia_test",
      "groupid" : 0,
      "job_start" : 1752303580224,
      "error" : 0,
      "eta" : 0,
      "elapsed" : 63,
      "job options" : {
        "rw" : "read",
        "size" : "8G",
        "numjobs" : "4",
        "runtime" : "120",
        "iodepth" : "64",
        "bssplit" : "128k"
      },
      "read" : {
        "io_bytes" : 34359738368,
        "io_kbytes" : 33554432,
        "bw_bytes" : 558867591,
        "bw" : 545769,
        "iops" : 4263.821343,
        "runtime" : 61481,
        "total_ios" : 262144,
        "short_ios" : 0,
        "drop_ios" : 0,
        "slat_ns" : {
          "min" : 11053,
          "max" : 174246271,
          "mean" : 934044.052666,
          "stddev" : 8998996.110266,
          "N" : 262144
        },
        "clat_ns" : {
          "min" : 1534,
          "max" : 177631485,
          "mean" : 59014937.965168,
          "stddev" : 45375732.822517,
          "N" : 262144,
          "percentile" : {
            "1.000000" : 3424256,
            "5.000000" : 14614528,
            "10.000000" : 14745600,
            "20.000000" : 14745600,
            "30.000000" : 14745600,
            "40.000000" : 14745600,
            "50.000000" : 16580608,
            "60.000000" : 104333312,
            "70.000000" : 104333312,
            "80.000000" : 105381888,
            "90.000000" : 105381888,
            "95.000000" : 105381888,
            "99.000000" : 108527616,
            "99.500000" : 119013376,
            "99.900000" : 149946368,
            "99.950000" : 158334976,
            "99.990000" : 177209344
          }
        },
        "lat_ns" : {
          "min" : 19888,
          "max" : 177684938,
          "mean" : 59948982.017834,
          "stddev" : 45186906.898770,
          "N" : 262144
        },
        "bw_min" : 416512,
        "bw_max" : 655360,
        "bw_agg" : 99.947206,
        "bw_mean" : 545481.442623,
        "bw_dev" : 9931.828032,
        "bw_samples" : 488,
        "iops_min" : 3254,
        "iops_max" : 5120,
        "iops_mean" : 4261.573770,
        "iops_stddev" : 77.592406,
        "iops_samples" : 488
      },
      "write" : {
        "io_bytes" : 0,
        "io_kbytes" : 0,
        "bw_bytes" : 0,
        "bw" : 0,
        "iops" : 0.000000,
        "runtime" : 0,
        "total_ios" : 0,
        "short_ios" : 0,
        "drop_ios" : 0,
        "slat_ns" : {
          "min" : 0,
          "max" : 0,
          "mean" : 0.000000,
          "stddev" : 0.000000,
          "N" : 0
        },
        "clat_ns" : {
          "min" : 0,
          "max" : 0,
          "mean" : 0.000000,
          "stddev" : 0.000000,
          "N" : 0
        },
        "lat_ns" : {
          "min" : 0,
          "max" : 0,
          "mean" : 0.000000,
          "stddev" : 0.000000,
          "N" : 0
        },
        "bw_min" : 0,
        "bw_max" : 0,
        "bw_agg" : 0.000000,
        "bw_mean" : 0.000000,
        "bw_dev" : 0.000000,
        "bw_samples" : 0,
        "iops_min" : 0,
        "iops_max" : 0,
        "iops_mean" : 0.000000,
        "iops_stddev" : 0.000000,
        "iops_samples" : 0
      },
      "trim" : {
        "io_bytes" : 0,
        "io_kbytes" : 0,
        "bw_bytes" : 0,
        "bw" : 0,
        "iops" : 0.000000,
        "runtime" : 0,
        "total_ios" : 0,
        "short_ios" : 0,
        "drop_ios" : 0,
        "slat_ns" : {
          "min" : 0,
          "max" : 0,
          "mean" : 0.000000,
          "stddev" : 0.000000,
          "N" : 0
        },
        "clat_ns" : {
          "min" : 0,
          "max" : 0,
          "mean" : 0.000000,
          "stddev" : 0.000000,
          "N" : 0
        },
        "lat_ns" : {
          "min" : 0,
          "max" : 0,
          "mean" : 0.000000,
          "stddev" : 0.000000,
          "N" : 0
        },
        "bw_min" : 0,
        "bw_max" : 0,
        "bw_agg" : 0.000000,
        "bw_mean" : 0.000000,
        "bw_dev" : 0.000000,
        "bw_samples" : 0,
        "iops_min" : 0,
        "iops_max" : 0,
        "iops_mean" : 0.000000,
        "iops_stddev" : 0.000000,
        "iops_samples" : 0
      },
      "sync" : {
        "total_ios" : 0,
        "lat_ns" : {
          "min" : 0,
          "max" : 0,
          "mean" : 0.000000,
          "stddev" : 0.000000,
          "N" : 0
        }
      },
      "job_runtime" : 245750,
      "usr_cpu" : 0.294608,
      "sys_cpu" : 14.047609,
      "ctx" : 4661,
      "majf" : 0,
      "minf" : 8240,
      "iodepth_level" : {
        "1" : 0.100000,
        "2" : 0.100000,
        "4" : 0.100000,
        "8" : 0.100000,
        "16" : 0.100000,
        "32" : 0.100000,
        ">=64" : 99.903870
      },
      "iodepth_submit" : {
        "0" : 0.000000,
        "4" : 100.000000,
        "8" : 0.000000,
        "16" : 0.000000,
        "32" : 0.000000,
        "64" : 0.000000,
        ">=64" : 0.000000
      },
      "iodepth_complete" : {
        "0" : 0.000000,
        "4" : 99.998473,
        "8" : 0.000000,
        "16" : 0.000000,
        "32" : 0.000000,
        "64" : 0.100000,
        ">=64" : 0.000000
      },
      "latency_ns" : {
        "2" : 0.000000,
        "4" : 0.000000,
        "10" : 0.000000,
        "20" : 0.000000,
        "50" : 0.000000,
        "100" : 0.000000,
        "250" : 0.000000,
        "500" : 0.000000,
        "750" : 0.000000,
        "1000" : 0.000000
      },
      "latency_us" : {
        "2" : 0.010000,
        "4" : 0.010000,
        "10" : 0.010000,
        "20" : 0.000000,
        "50" : 0.010000,
        "100" : 0.010000,
        "250" : 0.010000,
        "500" : 0.010000,
        "750" : 0.010000,
        "1000" : 0.012589
      },
      "latency_ms" : {
        "2" : 0.077057,
        "4" : 1.470184,
        "10" : 0.081635,
        "20" : 48.801422,
        "50" : 0.297928,
        "100" : 0.815964,
        "250" : 48.411560,
        "500" : 0.000000,
        "750" : 0.000000,
        "1000" : 0.000000,
        "2000" : 0.000000,
        ">=2000" : 0.000000
      },
      "latency_depth" : 64,
      "latency_target" : 0,
      "latency_percentile" : 100.000000,
      "latency_window" : 0
    }
  ]
}
