{
  "fio version" : "fio-3.36",
  "timestamp" : 1750985143,
  "timestamp_ms" : 1750985143702,
  "time" : "Fri Jun 27 00:45:43 2025",
  "global options" : {
    "ioengine" : "libaio",
    "direct" : "0",
    "directory" : "/mnt/test"
  },
  "jobs" : [
    {
      "jobname" : "webserver_test",
      "groupid" : 0,
      "job_start" : 1750985023563,
      "error" : 0,
      "eta" : 0,
      "elapsed" : 121,
      "job options" : {
        "rw" : "randread",
        "size" : "2G",
        "numjobs" : "16",
        "runtime" : "120",
        "iodepth" : "32",
        "bssplit" : "4k/90:8k/10"
      },
      "read" : {
        "io_bytes" : 125763584,
        "io_kbytes" : 122816,
        "bw_bytes" : 1047139,
        "bw" : 1022,
        "iops" : 232.868728,
        "runtime" : 120102,
        "total_ios" : 27968,
        "short_ios" : 0,
        "drop_ios" : 0,
        "slat_ns" : {
          "min" : 3235338,
          "max" : 1073912788,
          "mean" : 68650419.741133,
          "stddev" : 84986656.168754,
          "N" : 27968
        },
        "clat_ns" : {
          "min" : 11694,
          "max" : 5869765815,
          "mean" : 2106296536.345859,
          "stddev" : 665836903.665369,
          "N" : 27968,
          "percentile" : {
            "1.000000" : 968884224,
            "5.000000" : 1283457024,
            "10.000000" : 1434451968,
            "20.000000" : 1602224128,
            "30.000000" : 1719664640,
            "40.000000" : 1870659584,
            "50.000000" : 1988100096,
            "60.000000" : 2139095040,
            "70.000000" : 2298478592,
            "80.000000" : 2533359616,
            "90.000000" : 2936012800,
            "95.000000" : 3405774848,
            "99.000000" : 4278190080,
            "99.500000" : 4731174912,
            "99.900000" : 5268045824,
            "99.950000" : 5402263552,
            "99.990000" : 5737807872
          }
        },
        "lat_ns" : {
          "min" : 7288491,
          "max" : 6000899999,
          "mean" : 2174946956.086992,
          "stddev" : 680921236.003949,
          "N" : 27968
        },
        "bw_min" : 160,
        "bw_max" : 2528,
        "bw_agg" : 100.000000,
        "bw_mean" : 1030.755911,
        "bw_dev" : 28.753125,
        "bw_samples" : 3725,
        "iops_min" : 40,
        "iops_max" : 548,
        "iops_mean" : 234.666531,
        "iops_stddev" : 6.371025,
        "iops_samples" : 3725
      },
      "write" : {
        "io_bytes" : 0,
        "io_kbytes" : 0,
        "bw_bytes" : 0,
        "bw" : 0,
        "iops" : 0.000000,
        "runtime" : 0,
        "total_ios" : 0,
        "short_ios" : 0,
        "drop_ios" : 0,
        "slat_ns" : {
          "min" : 0,
          "max" : 0,
          "mean" : 0.000000,
          "stddev" : 0.000000,
          "N" : 0
        },
        "clat_ns" : {
          "min" : 0,
          "max" : 0,
          "mean" : 0.000000,
          "stddev" : 0.000000,
          "N" : 0
        },
        "lat_ns" : {
          "min" : 0,
          "max" : 0,
          "mean" : 0.000000,
          "stddev" : 0.000000,
          "N" : 0
        },
        "bw_min" : 0,
        "bw_max" : 0,
        "bw_agg" : 0.000000,
        "bw_mean" : 0.000000,
        "bw_dev" : 0.000000,
        "bw_samples" : 0,
        "iops_min" : 0,
        "iops_max" : 0,
        "iops_mean" : 0.000000,
        "iops_stddev" : 0.000000,
        "iops_samples" : 0
      },
      "trim" : {
        "io_bytes" : 0,
        "io_kbytes" : 0,
        "bw_bytes" : 0,
        "bw" : 0,
        "iops" : 0.000000,
        "runtime" : 0,
        "total_ios" : 0,
        "short_ios" : 0,
        "drop_ios" : 0,
        "slat_ns" : {
          "min" : 0,
          "max" : 0,
          "mean" : 0.000000,
          "stddev" : 0.000000,
          "N" : 0
        },
        "clat_ns" : {
          "min" : 0,
          "max" : 0,
          "mean" : 0.000000,
          "stddev" : 0.000000,
          "N" : 0
        },
        "lat_ns" : {
          "min" : 0,
          "max" : 0,
          "mean" : 0.000000,
          "stddev" : 0.000000,
          "N" : 0
        },
        "bw_min" : 0,
        "bw_max" : 0,
        "bw_agg" : 0.000000,
        "bw_mean" : 0.000000,
        "bw_dev" : 0.000000,
        "bw_samples" : 0,
        "iops_min" : 0,
        "iops_max" : 0,
        "iops_mean" : 0.000000,
        "iops_stddev" : 0.000000,
        "iops_samples" : 0
      },
      "sync" : {
        "total_ios" : 0,
        "lat_ns" : {
          "min" : 0,
          "max" : 0,
          "mean" : 0.000000,
          "stddev" : 0.000000,
          "N" : 0
        }
      },
      "job_runtime" : 1920701,
      "usr_cpu" : 0.040246,
      "sys_cpu" : 0.155672,
      "ctx" : 28024,
      "majf" : 0,
      "minf" : 1202,
      "iodepth_level" : {
        "1" : 0.100000,
        "2" : 0.114416,
        "4" : 0.228833,
        "8" : 0.457666,
        "16" : 0.915332,
        "32" : 98.226545,
        ">=64" : 0.000000
      },
      "iodepth_submit" : {
        "0" : 0.000000,
        "4" : 100.000000,
        "8" : 0.000000,
        "16" : 0.000000,
        "32" : 0.000000,
        "64" : 0.000000,
        ">=64" : 0.000000
      },
      "iodepth_complete" : {
        "0" : 0.000000,
        "4" : 99.941793,
        "8" : 0.000000,
        "16" : 0.000000,
        "32" : 0.100000,
        "64" : 0.000000,
        ">=64" : 0.000000
      },
      "latency_ns" : {
        "2" : 0.000000,
        "4" : 0.000000,
        "10" : 0.000000,
        "20" : 0.000000,
        "50" : 0.000000,
        "100" : 0.000000,
        "250" : 0.000000,
        "500" : 0.000000,
        "750" : 0.000000,
        "1000" : 0.000000
      },
      "latency_us" : {
        "2" : 0.000000,
        "4" : 0.000000,
        "10" : 0.000000,
        "20" : 0.053633,
        "50" : 0.010000,
        "100" : 0.000000,
        "250" : 0.000000,
        "500" : 0.000000,
        "750" : 0.000000,
        "1000" : 0.000000
      },
      "latency_ms" : {
        "2" : 0.000000,
        "4" : 0.000000,
        "10" : 0.010000,
        "20" : 0.000000,
        "50" : 0.010727,
        "100" : 0.035755,
        "250" : 0.089388,
        "500" : 0.210955,
        "750" : 0.203804,
        "1000" : 0.475543,
        "2000" : 49.460097,
        ">=2000" : 49.452946
      },
      "latency_depth" : 32,
      "latency_target" : 0,
      "latency_percentile" : 100.000000,
      "latency_window" : 0
    }
  ],
  "disk_util" : [
    {
      "name" : "sda",
      "read_ios" : 28036,
      "write_ios" : 178,
      "read_sectors" : 249632,
      "write_sectors" : 39480,
      "read_merges" : 56,
      "write_merges" : 21,
      "read_ticks" : 1996029,
      "write_ticks" : 3611,
      "in_queue" : 2002001,
      "util" : 95.994069
    }
  ]
}
