{
  "fio version" : "fio-3.36",
  "timestamp" : 1753378901,
  "timestamp_ms" : 1753378901861,
  "time" : "Thu Jul 24 17:41:41 2025",
  "global options" : {
    "ioengine" : "libaio",
    "direct" : "0",
    "directory" : "/mnt/test",
    "buffer_compress_percentage" : "70",
    "buffer_pattern" : "0xdeadbeef"
  },
  "jobs" : [
    {
      "jobname" : "webserver_test",
      "groupid" : 0,
      "job_start" : 1753378781714,
      "error" : 0,
      "eta" : 0,
      "elapsed" : 121,
      "job options" : {
        "rw" : "randread",
        "size" : "4G",
        "numjobs" : "16",
        "runtime" : "120",
        "iodepth" : "32",
        "bssplit" : "4k/90:8k/10"
      },
      "read" : {
        "io_bytes" : 114745344,
        "io_kbytes" : 112056,
        "bw_bytes" : 955343,
        "bw" : 932,
        "iops" : 212.257200,
        "runtime" : 120109,
        "total_ios" : 25494,
        "short_ios" : 0,
        "drop_ios" : 0,
        "slat_ns" : {
          "min" : 3980490,
          "max" : 1803812520,
          "mean" : 75314022.986585,
          "stddev" : 97895401.275535,
          "N" : 25494
        },
        "clat_ns" : {
          "min" : 9664,
          "max" : 7041265518,
          "mean" : 2308827708.837334,
          "stddev" : 808351987.596705,
          "N" : 25494,
          "percentile" : {
            "1.000000" : 1027604480,
            "5.000000" : 1400897536,
            "10.000000" : 1518338048,
            "20.000000" : 1702887424,
            "30.000000" : 1853882368,
            "40.000000" : 1988100096,
            "50.000000" : 2139095040,
            "60.000000" : 2298478592,
            "70.000000" : 2499805184,
            "80.000000" : 2801795072,
            "90.000000" : 3338665984,
            "95.000000" : 3942645760,
            "99.000000" : 5133828096,
            "99.500000" : 5402263552,
            "99.900000" : 6274678784,
            "99.950000" : 6677331968,
            "99.990000" : 6945767424
          }
        },
        "lat_ns" : {
          "min" : 6231519,
          "max" : 7155838112,
          "mean" : 2384141731.823919,
          "stddev" : 827480517.126157,
          "N" : 25494
        },
        "bw_min" : 128,
        "bw_max" : 2376,
        "bw_agg" : 100.000000,
        "bw_mean" : 947.492760,
        "bw_dev" : 27.407309,
        "bw_samples" : 3673,
        "iops_min" : 32,
        "iops_max" : 520,
        "iops_mean" : 215.527973,
        "iops_stddev" : 6.073075,
        "iops_samples" : 3673
      },
      "write" : {
        "io_bytes" : 0,
        "io_kbytes" : 0,
        "bw_bytes" : 0,
        "bw" : 0,
        "iops" : 0.000000,
        "runtime" : 0,
        "total_ios" : 0,
        "short_ios" : 0,
        "drop_ios" : 0,
        "slat_ns" : {
          "min" : 0,
          "max" : 0,
          "mean" : 0.000000,
          "stddev" : 0.000000,
          "N" : 0
        },
        "clat_ns" : {
          "min" : 0,
          "max" : 0,
          "mean" : 0.000000,
          "stddev" : 0.000000,
          "N" : 0
        },
        "lat_ns" : {
          "min" : 0,
          "max" : 0,
          "mean" : 0.000000,
          "stddev" : 0.000000,
          "N" : 0
        },
        "bw_min" : 0,
        "bw_max" : 0,
        "bw_agg" : 0.000000,
        "bw_mean" : 0.000000,
        "bw_dev" : 0.000000,
        "bw_samples" : 0,
        "iops_min" : 0,
        "iops_max" : 0,
        "iops_mean" : 0.000000,
        "iops_stddev" : 0.000000,
        "iops_samples" : 0
      },
      "trim" : {
        "io_bytes" : 0,
        "io_kbytes" : 0,
        "bw_bytes" : 0,
        "bw" : 0,
        "iops" : 0.000000,
        "runtime" : 0,
        "total_ios" : 0,
        "short_ios" : 0,
        "drop_ios" : 0,
        "slat_ns" : {
          "min" : 0,
          "max" : 0,
          "mean" : 0.000000,
          "stddev" : 0.000000,
          "N" : 0
        },
        "clat_ns" : {
          "min" : 0,
          "max" : 0,
          "mean" : 0.000000,
          "stddev" : 0.000000,
          "N" : 0
        },
        "lat_ns" : {
          "min" : 0,
          "max" : 0,
          "mean" : 0.000000,
          "stddev" : 0.000000,
          "N" : 0
        },
        "bw_min" : 0,
        "bw_max" : 0,
        "bw_agg" : 0.000000,
        "bw_mean" : 0.000000,
        "bw_dev" : 0.000000,
        "bw_samples" : 0,
        "iops_min" : 0,
        "iops_max" : 0,
        "iops_mean" : 0.000000,
        "iops_stddev" : 0.000000,
        "iops_samples" : 0
      },
      "sync" : {
        "total_ios" : 0,
        "lat_ns" : {
          "min" : 0,
          "max" : 0,
          "mean" : 0.000000,
          "stddev" : 0.000000,
          "N" : 0
        }
      },
      "job_runtime" : 1920756,
      "usr_cpu" : 0.039568,
      "sys_cpu" : 0.186906,
      "ctx" : 25548,
      "majf" : 0,
      "minf" : 1202,
      "iodepth_level" : {
        "1" : 0.100000,
        "2" : 0.125520,
        "4" : 0.251039,
        "8" : 0.502079,
        "16" : 1.004158,
        "32" : 98.054444,
        ">=64" : 0.000000
      },
      "iodepth_submit" : {
        "0" : 0.000000,
        "4" : 100.000000,
        "8" : 0.000000,
        "16" : 0.000000,
        "32" : 0.000000,
        "64" : 0.000000,
        ">=64" : 0.000000
      },
      "iodepth_complete" : {
        "0" : 0.000000,
        "4" : 99.936036,
        "8" : 0.000000,
        "16" : 0.000000,
        "32" : 0.100000,
        "64" : 0.000000,
        ">=64" : 0.000000
      },
      "latency_ns" : {
        "2" : 0.000000,
        "4" : 0.000000,
        "10" : 0.000000,
        "20" : 0.000000,
        "50" : 0.000000,
        "100" : 0.000000,
        "250" : 0.000000,
        "500" : 0.000000,
        "750" : 0.000000,
        "1000" : 0.000000
      },
      "latency_us" : {
        "2" : 0.000000,
        "4" : 0.000000,
        "10" : 0.010000,
        "20" : 0.058837,
        "50" : 0.000000,
        "100" : 0.000000,
        "250" : 0.000000,
        "500" : 0.000000,
        "750" : 0.000000,
        "1000" : 0.000000
      },
      "latency_ms" : {
        "2" : 0.000000,
        "4" : 0.000000,
        "10" : 0.010000,
        "20" : 0.000000,
        "50" : 0.015690,
        "100" : 0.010000,
        "250" : 0.141210,
        "500" : 0.215737,
        "750" : 0.219660,
        "1000" : 0.278497,
        "2000" : 39.887817,
        ">=2000" : 59.162940
      },
      "latency_depth" : 32,
      "latency_target" : 0,
      "latency_percentile" : 100.000000,
      "latency_window" : 0
    }
  ]
}
