{
  "fio version" : "fio-3.36",
  "timestamp" : 1752578544,
  "timestamp_ms" : 1752578544943,
  "time" : "Tue Jul 15 11:22:24 2025",
  "global options" : {
    "ioengine" : "libaio",
    "direct" : "0",
    "directory" : "/mnt/test"
  },
  "jobs" : [
    {
      "jobname" : "database_test",
      "groupid" : 0,
      "job_start" : 1752578484690,
      "error" : 0,
      "eta" : 0,
      "elapsed" : 61,
      "job options" : {
        "rw" : "randrw",
        "rwmixread" : "70",
        "size" : "1G",
        "numjobs" : "24",
        "runtime" : "60",
        "iodepth" : "16",
        "bssplit" : "4k/80:8k/20"
      },
      "read" : {
        "io_bytes" : 192135168,
        "io_kbytes" : 187632,
        "bw_bytes" : 3191508,
        "bw" : 3116,
        "iops" : 650.526561,
        "runtime" : 60202,
        "total_ios" : 39163,
        "short_ios" : 0,
        "drop_ios" : 0,
        "slat_ns" : {
          "min" : 2652,
          "max" : 2589311897,
          "mean" : 29208514.586625,
          "stddev" : 129419229.994954,
          "N" : 39163
        },
        "clat_ns" : {
          "min" : 9844,
          "max" : 8937608495,
          "mean" : 306530923.762224,
          "stddev" : 903908453.746902,
          "N" : 39163,
          "percentile" : {
            "1.000000" : 49408,
            "5.000000" : 52480,
            "10.000000" : 54016,
            "20.000000" : 56064,
            "30.000000" : 57600,
            "40.000000" : 59136,
            "50.000000" : 61184,
            "60.000000" : 65280,
            "70.000000" : 187392,
            "80.000000" : 333824,
            "90.000000" : 1216348160,
            "95.000000" : 2197815296,
            "99.000000" : 4462739456,
            "99.500000" : 5536481280,
            "99.900000" : 7281311744,
            "99.950000" : 7885291520,
            "99.990000" : 8657043456
          }
        },
        "lat_ns" : {
          "min" : 47232,
          "max" : 9331487184,
          "mean" : 335739438.348850,
          "stddev" : 978447313.027301,
          "N" : 39163
        },
        "bw_min" : 170,
        "bw_max" : 293619,
        "bw_agg" : 100.000000,
        "bw_mean" : 5673.994544,
        "bw_dev" : 1474.671220,
        "bw_samples" : 1701,
        "iops_min" : 26,
        "iops_max" : 61343,
        "iops_mean" : 1179.425405,
        "iops_stddev" : 308.103010,
        "iops_samples" : 1701
      },
      "write" : {
        "io_bytes" : 82292736,
        "io_kbytes" : 80364,
        "bw_bytes" : 1366943,
        "bw" : 1334,
        "iops" : 279.376100,
        "runtime" : 60202,
        "total_ios" : 16819,
        "short_ios" : 0,
        "drop_ios" : 0,
        "slat_ns" : {
          "min" : 1121,
          "max" : 12530383,
          "mean" : 11771.380106,
          "stddev" : 164681.348570,
          "N" : 16819
        },
        "clat_ns" : {
          "min" : 45709,
          "max" : 9033350407,
          "mean" : 306811382.768476,
          "stddev" : 917871007.095044,
          "N" : 16819,
          "percentile" : {
            "1.000000" : 49920,
            "5.000000" : 52480,
            "10.000000" : 54016,
            "20.000000" : 56064,
            "30.000000" : 57600,
            "40.000000" : 59136,
            "50.000000" : 60672,
            "60.000000" : 64768,
            "70.000000" : 160768,
            "80.000000" : 329728,
            "90.000000" : 1216348160,
            "95.000000" : 2197815296,
            "99.000000" : 4596957184,
            "99.500000" : 5670699008,
            "99.900000" : 7482638336,
            "99.950000" : 8019509248,
            "99.990000" : 8422162432
          }
        },
        "lat_ns" : {
          "min" : 47628,
          "max" : 9033361145,
          "mean" : 306823154.148582,
          "stddev" : 917883254.629217,
          "N" : 16819
        },
        "bw_min" : 169,
        "bw_max" : 126901,
        "bw_agg" : 100.000000,
        "bw_mean" : 3382.666047,
        "bw_dev" : 745.631376,
        "bw_samples" : 1234,
        "iops_min" : 25,
        "iops_max" : 26537,
        "iops_mean" : 703.488185,
        "iops_stddev" : 155.808428,
        "iops_samples" : 1234
      },
      "trim" : {
        "io_bytes" : 0,
        "io_kbytes" : 0,
        "bw_bytes" : 0,
        "bw" : 0,
        "iops" : 0.000000,
        "runtime" : 0,
        "total_ios" : 0,
        "short_ios" : 0,
        "drop_ios" : 0,
        "slat_ns" : {
          "min" : 0,
          "max" : 0,
          "mean" : 0.000000,
          "stddev" : 0.000000,
          "N" : 0
        },
        "clat_ns" : {
          "min" : 0,
          "max" : 0,
          "mean" : 0.000000,
          "stddev" : 0.000000,
          "N" : 0
        },
        "lat_ns" : {
          "min" : 0,
          "max" : 0,
          "mean" : 0.000000,
          "stddev" : 0.000000,
          "N" : 0
        },
        "bw_min" : 0,
        "bw_max" : 0,
        "bw_agg" : 0.000000,
        "bw_mean" : 0.000000,
        "bw_dev" : 0.000000,
        "bw_samples" : 0,
        "iops_min" : 0,
        "iops_max" : 0,
        "iops_mean" : 0.000000,
        "iops_stddev" : 0.000000,
        "iops_samples" : 0
      },
      "sync" : {
        "total_ios" : 0,
        "lat_ns" : {
          "min" : 0,
          "max" : 0,
          "mean" : 0.000000,
          "stddev" : 0.000000,
          "N" : 0
        }
      },
      "job_runtime" : 1442250,
      "usr_cpu" : 0.016641,
      "sys_cpu" : 0.109898,
      "ctx" : 11589,
      "majf" : 0,
      "minf" : 397,
      "iodepth_level" : {
        "1" : 0.100000,
        "2" : 0.100000,
        "4" : 0.171484,
        "8" : 0.342967,
        "16" : 99.356936,
        "32" : 0.000000,
        ">=64" : 0.000000
      },
      "iodepth_submit" : {
        "0" : 0.000000,
        "4" : 100.000000,
        "8" : 0.000000,
        "16" : 0.000000,
        "32" : 0.000000,
        "64" : 0.000000,
        ">=64" : 0.000000
      },
      "iodepth_complete" : {
        "0" : 0.000000,
        "4" : 99.956870,
        "8" : 0.000000,
        "16" : 0.100000,
        "32" : 0.000000,
        "64" : 0.000000,
        ">=64" : 0.000000
      },
      "latency_ns" : {
        "2" : 0.000000,
        "4" : 0.000000,
        "10" : 0.000000,
        "20" : 0.000000,
        "50" : 0.000000,
        "100" : 0.000000,
        "250" : 0.000000,
        "500" : 0.000000,
        "750" : 0.000000,
        "1000" : 0.000000
      },
      "latency_us" : {
        "2" : 0.000000,
        "4" : 0.000000,
        "10" : 0.010000,
        "20" : 0.039298,
        "50" : 1.264692,
        "100" : 65.903326,
        "250" : 4.374620,
        "500" : 12.153907,
        "750" : 0.057161,
        "1000" : 0.026794
      },
      "latency_ms" : {
        "2" : 0.026794,
        "4" : 0.000000,
        "10" : 0.000000,
        "20" : 0.160766,
        "50" : 0.167911,
        "100" : 0.162552,
        "250" : 0.403701,
        "500" : 0.816334,
        "750" : 1.527277,
        "1000" : 1.504055,
        "2000" : 5.648244,
        ">=2000" : 5.760780
      },
      "latency_depth" : 16,
      "latency_target" : 0,
      "latency_percentile" : 100.000000,
      "latency_window" : 0
    }
  ],
  "disk_util" : [
    {
      "name" : "bcache0",
      "read_ios" : 39157,
      "write_ios" : 11285,
      "read_sectors" : 375216,
      "write_sectors" : 0,
      "read_merges" : 0,
      "write_merges" : 0,
      "read_ticks" : 1139656,
      "write_ticks" : 481971,
      "in_queue" : 1621627,
      "util" : 100.000000,
      "aggr_read_ios" : 19588,
      "aggr_write_ios" : 8910,
      "aggr_read_sectors" : 187632,
      "aggr_write_sectors" : 87792,
      "aggr_read_merges" : 0,
      "aggr_write_merge" : 42,
      "aggr_read_ticks" : 571308,
      "aggr_write_ticks" : 80575,
      "aggr_in_queue" : 656786,
      "aggr_util" : 91.292442
    },
    {
      "name" : "sda",
      "read_ios" : 5790,
      "write_ios" : 11402,
      "read_sectors" : 55608,