{
  "fio version" : "fio-3.36",
  "timestamp" : 1752972081,
  "timestamp_ms" : 1752972081413,
  "time" : "Sun Jul 20 00:41:21 2025",
  "global options" : {
    "ioengine" : "libaio",
    "direct" : "0",
    "directory" : "/mnt/test",
    "buffer_compress_percentage" : "70",
    "buffer_pattern" : "0xdeadbeef"
  },
  "jobs" : [
    {
      "jobname" : "archive_test",
      "groupid" : 0,
      "job_start" : 1752971898527,
      "error" : 0,
      "eta" : 0,
      "elapsed" : 184,
      "job options" : {
        "rw" : "write",
        "size" : "10G",
        "numjobs" : "9",
        "runtime" : "180",
        "iodepth" : "128",
        "bssplit" : "64k/70:128k/30"
      },
      "read" : {
        "io_bytes" : 0,
        "io_kbytes" : 0,
        "bw_bytes" : 0,
        "bw" : 0,
        "iops" : 0.000000,
        "runtime" : 0,
        "total_ios" : 0,
        "short_ios" : 0,
        "drop_ios" : 0,
        "slat_ns" : {
          "min" : 0,
          "max" : 0,
          "mean" : 0.000000,
          "stddev" : 0.000000,
          "N" : 0
        },
        "clat_ns" : {
          "min" : 0,
          "max" : 0,
          "mean" : 0.000000,
          "stddev" : 0.000000,
          "N" : 0
        },
        "lat_ns" : {
          "min" : 0,
          "max" : 0,
          "mean" : 0.000000,
          "stddev" : 0.000000,
          "N" : 0
        },
        "bw_min" : 0,
        "bw_max" : 0,
        "bw_agg" : 0.000000,
        "bw_mean" : 0.000000,
        "bw_dev" : 0.000000,
        "bw_samples" : 0,
        "iops_min" : 0,
        "iops_max" : 0,
        "iops_mean" : 0.000000,
        "iops_stddev" : 0.000000,
        "iops_samples" : 0
      },
      "write" : {
        "io_bytes" : 64902266880,
        "io_kbytes" : 63381120,
        "bw_bytes" : 354957843,
        "bw" : 346638,
        "iops" : 4164.669529,
        "runtime" : 182845,
        "total_ios" : 761489,
        "short_ios" : 0,
        "drop_ios" : 0,
        "slat_ns" : {
          "min" : 5875,
          "max" : 3727541019,
          "mean" : 2123078.261282,
          "stddev" : 75315735.485989,
          "N" : 761489
        },
        "clat_ns" : {
          "min" : 5257,
          "max" : 3777333211,
          "mean" : 274428708.176131,
          "stddev" : 819739689.350446,
          "N" : 761489,
          "percentile" : {
            "1.000000" : 5144576,
            "5.000000" : 5931008,
            "10.000000" : 6127616,
            "20.000000" : 7110656,
            "30.000000" : 8585216,
            "40.000000" : 13828096,
            "50.000000" : 19005440,
            "60.000000" : 25034752,
            "70.000000" : 31326208,
            "80.000000" : 40108032,
            "90.000000" : 89653248,
            "95.000000" : 2902458368,
            "99.000000" : 3204448256,
            "99.500000" : 3305111552,
            "99.900000" : 3707764736,
            "99.950000" : 3774873600,
            "99.990000" : 3774873600
          }
        },
        "lat_ns" : {
          "min" : 4504740,
          "max" : 3777441941,
          "mean" : 276551786.437411,
          "stddev" : 822702703.311233,
          "N" : 761489
        },
        "bw_min" : 51772,
        "bw_max" : 4158848,
        "bw_agg" : 100.000000,
        "bw_mean" : 1483522.281210,
        "bw_dev" : 120109.253277,
        "bw_samples" : 766,
        "iops_min" : 645,
        "iops_max" : 49992,
        "iops_mean" : 17822.653576,
        "iops_stddev" : 1441.913255,
        "iops_samples" : 766
      },
      "trim" : {
        "io_bytes" : 0,
        "io_kbytes" : 0,
        "bw_bytes" : 0,
        "bw" : 0,
        "iops" : 0.000000,
        "runtime" : 0,
        "total_ios" : 0,
        "short_ios" : 0,
        "drop_ios" : 0,
        "slat_ns" : {
          "min" : 0,
          "max" : 0,
          "mean" : 0.000000,
          "stddev" : 0.000000,
          "N" : 0
        },
        "clat_ns" : {
          "min" : 0,
          "max" : 0,
          "mean" : 0.000000,
          "stddev" : 0.000000,
          "N" : 0
        },
        "lat_ns" : {
          "min" : 0,
          "max" : 0,
          "mean" : 0.000000,
          "stddev" : 0.000000,
          "N" : 0
        },
        "bw_min" : 0,
        "bw_max" : 0,
        "bw_agg" : 0.000000,
        "bw_mean" : 0.000000,
        "bw_dev" : 0.000000,
        "bw_samples" : 0,
        "iops_min" : 0,
        "iops_max" : 0,
        "iops_mean" : 0.000000,
        "iops_stddev" : 0.000000,
        "iops_samples" : 0
      },
      "sync" : {
        "total_ios" : 0,
        "lat_ns" : {
          "min" : 0,
          "max" : 0,
          "mean" : 0.000000,
          "stddev" : 0.000000,
          "N" : 0
        }
      },
      "job_runtime" : 1645514,
      "usr_cpu" : 1.076867,
      "sys_cpu" : 1.127125,
      "ctx" : 397515,
      "majf" : 0,
      "minf" : 125,
      "iodepth_level" : {
        "1" : 0.100000,
        "2" : 0.100000,
        "4" : 0.100000,
        "8" : 0.100000,
        "16" : 0.100000,
        "32" : 0.100000,
        ">=64" : 99.925541
      },
      "iodepth_submit" : {
        "0" : 0.000000,
        "4" : 100.000000,
        "8" : 0.000000,
        "16" : 0.000000,
        "32" : 0.000000,
        "64" : 0.000000,
        ">=64" : 0.000000
      },
      "iodepth_complete" : {
        "0" : 0.000000,
        "4" : 99.998816,
        "8" : 0.000000,
        "16" : 0.000000,
        "32" : 0.000000,
        "64" : 0.000000,
        ">=64" : 0.100000
      },
      "latency_ns" : {
        "2" : 0.000000,
        "4" : 0.000000,
        "10" : 0.000000,
        "20" : 0.000000,
        "50" : 0.000000,
        "100" : 0.000000,
        "250" : 0.000000,
        "500" : 0.000000,
        "750" : 0.000000,
        "1000" : 0.000000
      },
      "latency_us" : {
        "2" : 0.000000,
        "4" : 0.000000,
        "10" : 0.010000,
        "20" : 0.010000,
        "50" : 0.010000,
        "100" : 0.000000,
        "250" : 0.000000,
        "500" : 0.000000,
        "750" : 0.000000,
        "1000" : 0.000000
      },
      "latency_ms" : {
        "2" : 0.000000,
        "4" : 0.000000,
        "10" : 32.776442,
        "20" : 18.866458,
        "50" : 34.375414,
        "100" : 4.315361,
        "250" : 0.809204,
        "500" : 0.000000,
        "750" : 0.000000,
        "1000" : 0.000000,
        "2000" : 0.450302,
        ">=2000" : 8.405637
      },
      "latency_depth" : 128,
      "latency_target" : 0,
      "latency_percentile" : 100.000000,
      "latency_window" : 0
    }
  ]
}
