{
  "fio version" : "fio-3.36",
  "timestamp" : 1752958485,
  "timestamp_ms" : 1752958485233,
  "time" : "Sat Jul 19 20:54:45 2025",
  "global options" : {
    "ioengine" : "libaio",
    "direct" : "1",
    "directory" : "/mnt/test",
    "buffer_compress_percentage" : "70",
    "buffer_pattern" : "0xdeadbeef"
  },
  "jobs" : [
    {
      "jobname" : "archive_test",
      "groupid" : 0,
      "job_start" : 1752958303885,
      "error" : 0,
      "eta" : 0,
      "elapsed" : 182,
      "job options" : {
        "rw" : "write",
        "size" : "10G",
        "numjobs" : "9",
        "runtime" : "180",
        "iodepth" : "128",
        "bssplit" : "64k/70:128k/30"
      },
      "read" : {
        "io_bytes" : 0,
        "io_kbytes" : 0,
        "bw_bytes" : 0,
        "bw" : 0,
        "iops" : 0.000000,
        "runtime" : 0,
        "total_ios" : 0,
        "short_ios" : 0,
        "drop_ios" : 0,
        "slat_ns" : {
          "min" : 0,
          "max" : 0,
          "mean" : 0.000000,
          "stddev" : 0.000000,
          "N" : 0
        },
        "clat_ns" : {
          "min" : 0,
          "max" : 0,
          "mean" : 0.000000,
          "stddev" : 0.000000,
          "N" : 0
        },
        "lat_ns" : {
          "min" : 0,
          "max" : 0,
          "mean" : 0.000000,
          "stddev" : 0.000000,
          "N" : 0
        },
        "bw_min" : 0,
        "bw_max" : 0,
        "bw_agg" : 0.000000,
        "bw_mean" : 0.000000,
        "bw_dev" : 0.000000,
        "bw_samples" : 0,
        "iops_min" : 0,
        "iops_max" : 0,
        "iops_mean" : 0.000000,
        "iops_stddev" : 0.000000,
        "iops_samples" : 0
      },
      "write" : {
        "io_bytes" : 73726230528,
        "io_kbytes" : 71998272,
        "bw_bytes" : 406655472,
        "bw" : 397124,
        "iops" : 4772.348441,
        "runtime" : 181299,
        "total_ios" : 865222,
        "short_ios" : 0,
        "drop_ios" : 0,
        "slat_ns" : {
          "min" : 5956,
          "max" : 9212566412,
          "mean" : 1845145.377366,
          "stddev" : 81267532.525472,
          "N" : 865222
        },
        "clat_ns" : {
          "min" : 13164,
          "max" : 9272630932,
          "mean" : 239488381.599016,
          "stddev" : 929420017.401269,
          "N" : 865222,
          "percentile" : {
            "1.000000" : 3915776,
            "5.000000" : 4145152,
            "10.000000" : 4423680,
            "20.000000" : 5144576,
            "30.000000" : 7962624,
            "40.000000" : 11337728,
            "50.000000" : 17170432,
            "60.000000" : 22151168,
            "70.000000" : 29753344,
            "80.000000" : 38535168,
            "90.000000" : 80216064,
            "95.000000" : 1317011456,
            "99.000000" : 4999610368,
            "99.500000" : 7079985152,
            "99.900000" : 9193914368,
            "99.950000" : 9193914368,
            "99.990000" : 9328132096
          }
        },
        "lat_ns" : {
          "min" : 3468172,
          "max" : 9272835648,
          "mean" : 241333526.976383,
          "stddev" : 932977921.506324,
          "N" : 865222
        },
        "bw_min" : 4224,
        "bw_max" : 7084967,
        "bw_agg" : 100.000000,
        "bw_mean" : 1448736.124065,
        "bw_dev" : 151458.100156,
        "bw_samples" : 874,
        "iops_min" : 48,
        "iops_max" : 85239,
        "iops_mean" : 17408.245787,
        "iops_stddev" : 1821.945508,
        "iops_samples" : 874
      },
      "trim" : {
        "io_bytes" : 0,
        "io_kbytes" : 0,
        "bw_bytes" : 0,
        "bw" : 0,
        "iops" : 0.000000,
        "runtime" : 0,
        "total_ios" : 0,
        "short_ios" : 0,
        "drop_ios" : 0,
        "slat_ns" : {
          "min" : 0,
          "max" : 0,
          "mean" : 0.000000,
          "stddev" : 0.000000,
          "N" : 0
        },
        "clat_ns" : {
          "min" : 0,
          "max" : 0,
          "mean" : 0.000000,
          "stddev" : 0.000000,
          "N" : 0
        },
        "lat_ns" : {
          "min" : 0,
          "max" : 0,
          "mean" : 0.000000,
          "stddev" : 0.000000,
          "N" : 0
        },
        "bw_min" : 0,
        "bw_max" : 0,
        "bw_agg" : 0.000000,
        "bw_mean" : 0.000000,
        "bw_dev" : 0.000000,
        "bw_samples" : 0,
        "iops_min" : 0,
        "iops_max" : 0,
        "iops_mean" : 0.000000,
        "iops_stddev" : 0.000000,
        "iops_samples" : 0
      },
      "sync" : {
        "total_ios" : 0,
        "lat_ns" : {
          "min" : 0,
          "max" : 0,
          "mean" : 0.000000,
          "stddev" : 0.000000,
          "N" : 0
        }
      },
      "job_runtime" : 1631617,
      "usr_cpu" : 0.966648,
      "sys_cpu" : 1.206165,
      "ctx" : 290981,
      "majf" : 0,
      "minf" : 125,
      "iodepth_level" : {
        "1" : 0.100000,
        "2" : 0.100000,
        "4" : 0.100000,
        "8" : 0.100000,
        "16" : 0.100000,
        "32" : 0.100000,
        ">=64" : 99.934468
      },
      "iodepth_submit" : {
        "0" : 0.000000,
        "4" : 100.000000,
        "8" : 0.000000,
        "16" : 0.000000,
        "32" : 0.000000,
        "64" : 0.000000,
        ">=64" : 0.000000
      },
      "iodepth_complete" : {
        "0" : 0.000000,
        "4" : 99.998958,
        "8" : 0.000000,
        "16" : 0.000000,
        "32" : 0.000000,
        "64" : 0.000000,
        ">=64" : 0.100000
      },
      "latency_ns" : {
        "2" : 0.000000,
        "4" : 0.000000,
        "10" : 0.000000,
        "20" : 0.000000,
        "50" : 0.000000,
        "100" : 0.000000,
        "250" : 0.000000,
        "500" : 0.000000,
        "750" : 0.000000,
        "1000" : 0.000000
      },
      "latency_us" : {
        "2" : 0.000000,
        "4" : 0.000000,
        "10" : 0.000000,
        "20" : 0.010000,
        "50" : 0.010000,
        "100" : 0.000000,
        "250" : 0.000000,
        "500" : 0.000000,
        "750" : 0.000000,
        "1000" : 0.000000
      },
      "latency_ms" : {
        "2" : 0.000000,
        "4" : 2.316053,
        "10" : 33.199225,
        "20" : 18.497680,
        "50" : 33.406224,
        "100" : 3.057366,
        "250" : 1.327058,
        "500" : 0.067844,
        "750" : 0.010000,
        "1000" : 0.701901,
        "2000" : 2.997497,
        ">=2000" : 4.427650
      },
      "latency_depth" : 128,
      "latency_target" : 0,
      "latency_percentile" : 100.000000,
      "latency_window" : 0
    }
  ]
}
