{
  "fio version" : "fio-3.36",
  "timestamp" : 1750965433,
  "timestamp_ms" : 1750965433832,
  "time" : "Thu Jun 26 19:17:13 2025",
  "global options" : {
    "ioengine" : "libaio",
    "direct" : "1",
    "directory" : "/mnt/test"
  },
  "jobs" : [
    {
      "jobname" : "multimedia_test",
      "groupid" : 0,
      "job_start" : 1750965315074,
      "error" : 0,
      "eta" : 0,
      "elapsed" : 119,
      "job options" : {
        "rw" : "read",
        "size" : "4G",
        "numjobs" : "4",
        "runtime" : "120",
        "iodepth" : "64",
        "bssplit" : "128k"
      },
      "read" : {
        "io_bytes" : 17179869184,
        "io_kbytes" : 16777216,
        "bw_bytes" : 144707921,
        "bw" : 141316,
        "iops" : 1104.033827,
        "runtime" : 118721,
        "total_ios" : 131072,
        "short_ios" : 0,
        "drop_ios" : 0,
        "slat_ns" : {
          "min" : 2552,
          "max" : 3872202,
          "mean" : 25782.954857,
          "stddev" : 23364.115669,
          "N" : 131072
        },
        "clat_ns" : {
          "min" : 10866955,
          "max" : 805060895,
          "mean" : 230731997.614876,
          "stddev" : 80532980.608030,
          "N" : 131072,
          "percentile" : {
            "1.000000" : 60030976,
            "5.000000" : 92798976,
            "10.000000" : 126353408,
            "20.000000" : 162529280,
            "30.000000" : 181403648,
            "40.000000" : 208666624,
            "50.000000" : 231735296,
            "60.000000" : 254803968,
            "70.000000" : 274726912,
            "80.000000" : 299892736,
            "90.000000" : 333447168,
            "95.000000" : 354418688,
            "99.000000" : 400556032,
            "99.500000" : 438304768,
            "99.900000" : 624951296,
            "99.950000" : 700448768,
            "99.990000" : 734003200
          }
        },
        "lat_ns" : {
          "min" : 11109982,
          "max" : 805083817,
          "mean" : 230757780.569732,
          "stddev" : 80533143.726566,
          "N" : 131072
        },
        "bw_min" : 65470,
        "bw_max" : 328946,
        "bw_agg" : 100.000000,
        "bw_mean" : 142335.083554,
        "bw_dev" : 7638.269431,
        "bw_samples" : 939,
        "iops_min" : 510,
        "iops_max" : 2569,
        "iops_mean" : 1111.378736,
        "iops_stddev" : 59.693417,
        "iops_samples" : 939
      },
      "write" : {
        "io_bytes" : 0,
        "io_kbytes" : 0,
        "bw_bytes" : 0,
        "bw" : 0,
        "iops" : 0.000000,
        "runtime" : 0,
        "total_ios" : 0,
        "short_ios" : 0,
        "drop_ios" : 0,
        "slat_ns" : {
          "min" : 0,
          "max" : 0,
          "mean" : 0.000000,
          "stddev" : 0.000000,
          "N" : 0
        },
        "clat_ns" : {
          "min" : 0,
          "max" : 0,
          "mean" : 0.000000,
          "stddev" : 0.000000,
          "N" : 0
        },
        "lat_ns" : {
          "min" : 0,
          "max" : 0,
          "mean" : 0.000000,
          "stddev" : 0.000000,
          "N" : 0
        },
        "bw_min" : 0,
        "bw_max" : 0,
        "bw_agg" : 0.000000,
        "bw_mean" : 0.000000,
        "bw_dev" : 0.000000,
        "bw_samples" : 0,
        "iops_min" : 0,
        "iops_max" : 0,
        "iops_mean" : 0.000000,
        "iops_stddev" : 0.000000,
        "iops_samples" : 0
      },
      "trim" : {
        "io_bytes" : 0,
        "io_kbytes" : 0,
        "bw_bytes" : 0,
        "bw" : 0,
        "iops" : 0.000000,
        "runtime" : 0,
        "total_ios" : 0,
        "short_ios" : 0,
        "drop_ios" : 0,
        "slat_ns" : {
          "min" : 0,
          "max" : 0,
          "mean" : 0.000000,
          "stddev" : 0.000000,
          "N" : 0
        },
        "clat_ns" : {
          "min" : 0,
          "max" : 0,
          "mean" : 0.000000,
          "stddev" : 0.000000,
          "N" : 0
        },
        "lat_ns" : {
          "min" : 0,
          "max" : 0,
          "mean" : 0.000000,
          "stddev" : 0.000000,
          "N" : 0
        },
        "bw_min" : 0,
        "bw_max" : 0,
        "bw_agg" : 0.000000,
        "bw_mean" : 0.000000,
        "bw_dev" : 0.000000,
        "bw_samples" : 0,
        "iops_min" : 0,
        "iops_max" : 0,
        "iops_mean" : 0.000000,
        "iops_stddev" : 0.000000,
        "iops_samples" : 0
      },
      "sync" : {
        "total_ios" : 0,
        "lat_ns" : {
          "min" : 0,
          "max" : 0,
          "mean" : 0.000000,
          "stddev" : 0.000000,
          "N" : 0
        }
      },
      "job_runtime" : 472619,
      "usr_cpu" : 0.179214,
      "sys_cpu" : 0.837249,
      "ctx" : 18795,
      "majf" : 0,
      "minf" : 8245,
      "iodepth_level" : {
        "1" : 0.100000,
        "2" : 0.100000,
        "4" : 0.100000,
        "8" : 0.100000,
        "16" : 0.100000,
        "32" : 0.100000,
        ">=64" : 99.807739
      },
      "iodepth_submit" : {
        "0" : 0.000000,
        "4" : 100.000000,
        "8" : 0.000000,
        "16" : 0.000000,
        "32" : 0.000000,
        "64" : 0.000000,
        ">=64" : 0.000000
      },
      "iodepth_complete" : {
        "0" : 0.000000,
        "4" : 99.996942,
        "8" : 0.000000,
        "16" : 0.000000,
        "32" : 0.000000,
        "64" : 0.100000,
        ">=64" : 0.000000
      },
      "latency_ns" : {
        "2" : 0.000000,
        "4" : 0.000000,
        "10" : 0.000000,
        "20" : 0.000000,
        "50" : 0.000000,
        "100" : 0.000000,
        "250" : 0.000000,
        "500" : 0.000000,
        "750" : 0.000000,
        "1000" : 0.000000
      },
      "latency_us" : {
        "2" : 0.000000,
        "4" : 0.000000,
        "10" : 0.000000,
        "20" : 0.000000,
        "50" : 0.000000,
        "100" : 0.000000,
        "250" : 0.000000,
        "500" : 0.000000,
        "750" : 0.000000,
        "1000" : 0.000000
      },
      "latency_ms" : {
        "2" : 0.000000,
        "4" : 0.000000,
        "10" : 0.000000,
        "20" : 0.014496,
        "50" : 0.060272,
        "100" : 5.278778,
        "250" : 52.593994,
        "500" : 41.890717,
        "750" : 0.154114,
        "1000" : 0.010000,
        "2000" : 0.000000,
        ">=2000" : 0.000000
      },
      "latency_depth" : 64,
      "latency_target" : 0,
      "latency_percentile" : 100.000000,
      "latency_window" : 0
    }
  ],
  "disk_util" : [
    {
      "name" : "sda",
      "read_ios" : 19045,
      "write_ios" : 259,
      "read_sectors" : 33539400,
      "write_sectors" : 181208,
      "read_merges" : 112001,
      "write_merges" : 33,
      "read_ticks" : 4391738,
      "write_ticks" : 94494,
      "in_queue" : 4496411,
      "util" : 97.548470
    }
  ]
}
