{
  "fio version" : "fio-3.36",
  "timestamp" : 1751286792,
  "timestamp_ms" : 1751286792869,
  "time" : "Mon Jun 30 12:33:12 2025",
  "global options" : {
    "ioengine" : "libaio",
    "direct" : "0",
    "directory" : "/mnt/test"
  },
  "jobs" : [
    {
      "jobname" : "database_test",
      "groupid" : 0,
      "job_start" : 1751286732797,
      "error" : 0,
      "eta" : 0,
      "elapsed" : 61,
      "job options" : {
        "rw" : "randrw",
        "rwmixread" : "70",
        "size" : "1G",
        "numjobs" : "8",
        "runtime" : "60",
        "iodepth" : "16",
        "bssplit" : "4k/80:8k/20"
      },
      "read" : {
        "io_bytes" : 74416128,
        "io_kbytes" : 72672,
        "bw_bytes" : 1239525,
        "bw" : 1210,
        "iops" : 251.898861,
        "runtime" : 60036,
        "total_ios" : 15123,
        "short_ios" : 0,
        "drop_ios" : 0,
        "slat_ns" : {
          "min" : 2936660,
          "max" : 349625731,
          "mean" : 31706720.886597,
          "stddev" : 29458071.614011,
          "N" : 15123
        },
        "clat_ns" : {
          "min" : 8966,
          "max" : 992905224,
          "mean" : 329879332.467103,
          "stddev" : 113946288.186514,
          "N" : 15123,
          "percentile" : {
            "1.000000" : 120061952,
            "5.000000" : 166723584,
            "10.000000" : 196083712,
            "20.000000" : 235929600,
            "30.000000" : 263192576,
            "40.000000" : 291504128,
            "50.000000" : 316669952,
            "60.000000" : 346030080,
            "70.000000" : 379584512,
            "80.000000" : 417333248,
            "90.000000" : 480247808,
            "95.000000" : 534773760,
            "99.000000" : 658505728,
            "99.500000" : 717225984,
            "99.900000" : 809500672,
            "99.950000" : 918552576,
            "99.990000" : 960495616
          }
        },
        "lat_ns" : {
          "min" : 18017122,
          "max" : 1017926033,
          "mean" : 361586053.353700,
          "stddev" : 118326581.201899,
          "N" : 15123
        },
        "bw_min" : 376,
        "bw_max" : 2176,
        "bw_agg" : 99.465198,
        "bw_mean" : 1204.235294,
        "bw_dev" : 43.979468,
        "bw_samples" : 952,
        "iops_min" : 80,
        "iops_max" : 444,
        "iops_mean" : 250.655462,
        "iops_stddev" : 8.840786,
        "iops_samples" : 952
      },
      "write" : {
        "io_bytes" : 32153600,
        "io_kbytes" : 31400,
        "bw_bytes" : 535571,
        "bw" : 523,
        "iops" : 109.900726,
        "runtime" : 60036,
        "total_ios" : 6598,
        "short_ios" : 0,
        "drop_ios" : 0,
        "slat_ns" : {
          "min" : 4590,
          "max" : 187981,
          "mean" : 41786.900727,
          "stddev" : 20665.929866,
          "N" : 6598
        },
        "clat_ns" : {
          "min" : 18022495,
          "max" : 984031977,
          "mean" : 332453896.691725,
          "stddev" : 114952114.392992,
          "N" : 6598,
          "percentile" : {
            "1.000000" : 122159104,
            "5.000000" : 168820736,
            "10.000000" : 198180864,
            "20.000000" : 235929600,
            "30.000000" : 263192576,
            "40.000000" : 291504128,
            "50.000000" : 320864256,
            "60.000000" : 350224384,
            "70.000000" : 379584512,
            "80.000000" : 421527552,
            "90.000000" : 484442112,
            "95.000000" : 541065216,
            "99.000000" : 658505728,
            "99.500000" : 742391808,
            "99.900000" : 826277888,
            "99.950000" : 868220928,
            "99.990000" : 985661440
          }
        },
        "lat_ns" : {
          "min" : 18069495,
          "max" : 984099850,
          "mean" : 332495683.592452,
          "stddev" : 114951953.776508,
          "N" : 6598
        },
        "bw_min" : 80,
        "bw_max" : 1352,
        "bw_agg" : 99.422859,
        "bw_mean" : 520.268908,
        "bw_dev" : 29.562246,
        "bw_samples" : 952,
        "iops_min" : 20,
        "iops_max" : 270,
        "iops_mean" : 109.327731,
        "iops_stddev" : 5.969499,
        "iops_samples" : 952
      },
      "trim" : {
        "io_bytes" : 0,
        "io_kbytes" : 0,
        "bw_bytes" : 0,
        "bw" : 0,
        "iops" : 0.000000,
        "runtime" : 0,
        "total_ios" : 0,
        "short_ios" : 0,
        "drop_ios" : 0,
        "slat_ns" : {
          "min" : 0,
          "max" : 0,
          "mean" : 0.000000,
          "stddev" : 0.000000,
          "N" : 0
        },
        "clat_ns" : {
          "min" : 0,
          "max" : 0,
          "mean" : 0.000000,
          "stddev" : 0.000000,
          "N" : 0
        },
        "lat_ns" : {
          "min" : 0,
          "max" : 0,
          "mean" : 0.000000,
          "stddev" : 0.000000,
          "N" : 0
        },
        "bw_min" : 0,
        "bw_max" : 0,
        "bw_agg" : 0.000000,
        "bw_mean" : 0.000000,
        "bw_dev" : 0.000000,
        "bw_samples" : 0,
        "iops_min" : 0,
        "iops_max" : 0,
        "iops_mean" : 0.000000,
        "iops_stddev" : 0.000000,
        "iops_samples" : 0
      },
      "sync" : {
        "total_ios" : 0,
        "lat_ns" : {
          "min" : 0,
          "max" : 0,
          "mean" : 0.000000,
          "stddev" : 0.000000,
          "N" : 0
        }
      },
      "job_runtime" : 480121,
      "usr_cpu" : 0.076647,
      "sys_cpu" : 0.382404,
      "ctx" : 15137,
      "majf" : 0,
      "minf" : 100,
      "iodepth_level" : {
        "1" : 0.100000,
        "2" : 0.100000,
        "4" : 0.147323,
        "8" : 0.294646,
        "16" : 99.447539,
        "32" : 0.000000,
        ">=64" : 0.000000
      },
      "iodepth_submit" : {
        "0" : 0.000000,
        "4" : 100.000000,
        "8" : 0.000000,
        "16" : 0.000000,
        "32" : 0.000000,
        "64" : 0.000000,
        ">=64" : 0.000000
      },
      "iodepth_complete" : {
        "0" : 0.000000,
        "4" : 99.962978,
        "8" : 0.000000,
        "16" : 0.100000,
        "32" : 0.000000,
        "64" : 0.000000,
        ">=64" : 0.000000
      },
      "latency_ns" : {
        "2" : 0.000000,
        "4" : 0.000000,
        "10" : 0.000000,
        "20" : 0.000000,
        "50" : 0.000000,
        "100" : 0.000000,
        "250" : 0.000000,
        "500" : 0.000000,
        "750" : 0.000000,
        "1000" : 0.000000
      },
      "latency_us" : {
        "2" : 0.000000,
        "4" : 0.000000,
        "10" : 0.010000,
        "20" : 0.027623,
        "50" : 0.010000,
        "100" : 0.000000,
        "250" : 0.000000,
        "500" : 0.000000,
        "750" : 0.000000,
        "1000" : 0.000000
      },
      "latency_ms" : {
        "2" : 0.000000,
        "4" : 0.000000,
        "10" : 0.000000,
        "20" : 0.010000,
        "50" : 0.055246,
        "100" : 0.271627,
        "250" : 24.676580,
        "500" : 66.962847,
        "750" : 7.651581,
        "1000" : 0.336080,
        "2000" : 0.000000,
        ">=2000" : 0.000000
      },
      "latency_depth" : 16,
      "latency_target" : 0,
      "latency_percentile" : 100.000000,
      "latency_window" : 0
    }
  ]
}
