{
  "fio version" : "fio-3.36",
  "timestamp" : 1751317531,
  "timestamp_ms" : 1751317531272,
  "time" : "Mon Jun 30 21:05:31 2025",
  "global options" : {
    "ioengine" : "libaio",
    "direct" : "1",
    "directory" : "/mnt/test"
  },
  "jobs" : [
    {
      "jobname" : "archive_test",
      "groupid" : 0,
      "job_start" : 1751317502587,
      "error" : 0,
      "eta" : 0,
      "elapsed" : 29,
      "job options" : {
        "rw" : "write",
        "size" : "10G",
        "numjobs" : "2",
        "runtime" : "180",
        "iodepth" : "128",
        "bssplit" : "64k/70:128k/30"
      },
      "read" : {
        "io_bytes" : 0,
        "io_kbytes" : 0,
        "bw_bytes" : 0,
        "bw" : 0,
        "iops" : 0.000000,
        "runtime" : 0,
        "total_ios" : 0,
        "short_ios" : 0,
        "drop_ios" : 0,
        "slat_ns" : {
          "min" : 0,
          "max" : 0,
          "mean" : 0.000000,
          "stddev" : 0.000000,
          "N" : 0
        },
        "clat_ns" : {
          "min" : 0,
          "max" : 0,
          "mean" : 0.000000,
          "stddev" : 0.000000,
          "N" : 0
        },
        "lat_ns" : {
          "min" : 0,
          "max" : 0,
          "mean" : 0.000000,
          "stddev" : 0.000000,
          "N" : 0
        },
        "bw_min" : 0,
        "bw_max" : 0,
        "bw_agg" : 0.000000,
        "bw_mean" : 0.000000,
        "bw_dev" : 0.000000,
        "bw_samples" : 0,
        "iops_min" : 0,
        "iops_max" : 0,
        "iops_mean" : 0.000000,
        "iops_stddev" : 0.000000,
        "iops_samples" : 0
      },
      "write" : {
        "io_bytes" : 21474836480,
        "io_kbytes" : 20971520,
        "bw_bytes" : 749531830,
        "bw" : 731964,
        "iops" : 8794.946075,
        "runtime" : 28651,
        "total_ios" : 251984,
        "short_ios" : 0,
        "drop_ios" : 0,
        "slat_ns" : {
          "min" : 11894,
          "max" : 437852823,
          "mean" : 102629.272228,
          "stddev" : 1148544.748458,
          "N" : 251984
        },
        "clat_ns" : {
          "min" : 2340227,
          "max" : 877367871,
          "mean" : 28720977.204469,
          "stddev" : 60015327.848546,
          "N" : 251984,
          "percentile" : {
            "1.000000" : 4489216,
            "5.000000" : 6455296,
            "10.000000" : 8454144,
            "20.000000" : 11599872,
            "30.000000" : 14221312,
            "40.000000" : 16908288,
            "50.000000" : 19529728,
            "60.000000" : 22413312,
            "70.000000" : 25821184,
            "80.000000" : 30539776,
            "90.000000" : 47972352,
            "95.000000" : 72876032,
            "99.000000" : 110624768,
            "99.500000" : 455081984,
            "99.900000" : 868220928,
            "99.950000" : 868220928,
            "99.990000" : 876609536
          }
        },
        "lat_ns" : {
          "min" : 2391408,
          "max" : 877438763,
          "mean" : 28823606.476697,
          "stddev" : 60042414.729621,
          "N" : 251984
        },
        "bw_min" : 6522,
        "bw_max" : 1243648,
        "bw_agg" : 100.000000,
        "bw_mean" : 740182.253759,
        "bw_dev" : 207792.004844,
        "bw_samples" : 113,
        "iops_min" : 79,
        "iops_max" : 14822,
        "iops_mean" : 8893.720865,
        "iops_stddev" : 2498.934526,
        "iops_samples" : 113
      },
      "trim" : {
        "io_bytes" : 0,
        "io_kbytes" : 0,
        "bw_bytes" : 0,
        "bw" : 0,
        "iops" : 0.000000,
        "runtime" : 0,
        "total_ios" : 0,
        "short_ios" : 0,
        "drop_ios" : 0,
        "slat_ns" : {
          "min" : 0,
          "max" : 0,
          "mean" : 0.000000,
          "stddev" : 0.000000,
          "N" : 0
        },
        "clat_ns" : {
          "min" : 0,
          "max" : 0,
          "mean" : 0.000000,
          "stddev" : 0.000000,
          "N" : 0
        },
        "lat_ns" : {
          "min" : 0,
          "max" : 0,
          "mean" : 0.000000,
          "stddev" : 0.000000,
          "N" : 0
        },
        "bw_min" : 0,
        "bw_max" : 0,
        "bw_agg" : 0.000000,
        "bw_mean" : 0.000000,
        "bw_dev" : 0.000000,
        "bw_samples" : 0,
        "iops_min" : 0,
        "iops_max" : 0,
        "iops_mean" : 0.000000,
        "iops_stddev" : 0.000000,
        "iops_samples" : 0
      },
      "sync" : {
        "total_ios" : 0,
        "lat_ns" : {
          "min" : 0,
          "max" : 0,
          "mean" : 0.000000,
          "stddev" : 0.000000,
          "N" : 0
        }
      },
      "job_runtime" : 56752,
      "usr_cpu" : 5.310826,
      "sys_cpu" : 37.329081,
      "ctx" : 79083,
      "majf" : 0,
      "minf" : 20,
      "iodepth_level" : {
        "1" : 0.100000,
        "2" : 0.100000,
        "4" : 0.100000,
        "8" : 0.100000,
        "16" : 0.100000,
        "32" : 0.100000,
        ">=64" : 99.949997
      },
      "iodepth_submit" : {
        "0" : 0.000000,
        "4" : 100.000000,
        "8" : 0.000000,
        "16" : 0.000000,
        "32" : 0.000000,
        "64" : 0.000000,
        ">=64" : 0.000000
      },
      "iodepth_complete" : {
        "0" : 0.000000,
        "4" : 99.999206,
        "8" : 0.000000,
        "16" : 0.000000,
        "32" : 0.000000,
        "64" : 0.000000,
        ">=64" : 0.100000
      },
      "latency_ns" : {
        "2" : 0.000000,
        "4" : 0.000000,
        "10" : 0.000000,
        "20" : 0.000000,
        "50" : 0.000000,
        "100" : 0.000000,
        "250" : 0.000000,
        "500" : 0.000000,
        "750" : 0.000000,
        "1000" : 0.000000
      },
      "latency_us" : {
        "2" : 0.000000,
        "4" : 0.000000,
        "10" : 0.000000,
        "20" : 0.000000,
        "50" : 0.000000,
        "100" : 0.000000,
        "250" : 0.000000,
        "500" : 0.000000,
        "750" : 0.000000,
        "1000" : 0.000000
      },
      "latency_ms" : {
        "2" : 0.000000,
        "4" : 0.403200,
        "10" : 14.092561,
        "20" : 36.974570,
        "50" : 39.069147,
        "100" : 8.017969,
        "250" : 0.809178,
        "500" : 0.149613,
        "750" : 0.078576,
        "1000" : 0.405184,
        "2000" : 0.000000,
        ">=2000" : 0.000000
      },
      "latency_depth" : 128,
      "latency_target" : 0,
      "latency_percentile" : 100.000000,
      "latency_window" : 0
    }
  ]
}
