{
  "fio version" : "fio-3.36",
  "timestamp" : 1752958656,
  "timestamp_ms" : 1752958656867,
  "time" : "Sat Jul 19 20:57:36 2025",
  "global options" : {
    "ioengine" : "libaio",
    "direct" : "0",
    "directory" : "/mnt/test",
    "buffer_compress_percentage" : "70",
    "buffer_pattern" : "0xdeadbeef"
  },
  "jobs" : [
    {
      "jobname" : "webserver_test",
      "groupid" : 0,
      "job_start" : 1752958536697,
      "error" : 0,
      "eta" : 0,
      "elapsed" : 121,
      "job options" : {
        "rw" : "randread",
        "size" : "4G",
        "numjobs" : "16",
        "runtime" : "120",
        "iodepth" : "32",
        "bssplit" : "4k/90:8k/10"
      },
      "read" : {
        "io_bytes" : 406847488,
        "io_kbytes" : 397312,
        "bw_bytes" : 3387008,
        "bw" : 3307,
        "iops" : 751.656677,
        "runtime" : 120120,
        "total_ios" : 90289,
        "short_ios" : 0,
        "drop_ios" : 0,
        "slat_ns" : {
          "min" : 2332,
          "max" : 755701937,
          "mean" : 21269243.382572,
          "stddev" : 52231588.505221,
          "N" : 90289
        },
        "clat_ns" : {
          "min" : 10822,
          "max" : 6221819128,
          "mean" : 659506099.975025,
          "stddev" : 1358765677.610750,
          "N" : 90289,
          "percentile" : {
            "1.000000" : 643072,
            "5.000000" : 741376,
            "10.000000" : 823296,
            "20.000000" : 888832,
            "30.000000" : 962560,
            "40.000000" : 1036288,
            "50.000000" : 1171456,
            "60.000000" : 1531904,
            "70.000000" : 4292608,
            "80.000000" : 1035993088,
            "90.000000" : 3338665984,
            "95.000000" : 3741319168,
            "99.000000" : 4529848320,
            "99.500000" : 4798283776,
            "99.900000" : 5335154688,
            "99.950000" : 5603590144,
            "99.990000" : 5939134464
          }
        },
        "lat_ns" : {
          "min" : 628026,
          "max" : 6435328847,
          "mean" : 680775343.357596,
          "stddev" : 1401990298.269853,
          "N" : 90289
        },
        "bw_min" : 192,
        "bw_max" : 629574,
        "bw_agg" : 100.000000,
        "bw_mean" : 3309.393741,
        "bw_dev" : 2681.785368,
        "bw_samples" : 3818,
        "iops_min" : 46,
        "iops_max" : 143003,
        "iops_mean" : 752.101644,
        "iops_stddev" : 608.615821,
        "iops_samples" : 3818
      },
      "write" : {
        "io_bytes" : 0,
        "io_kbytes" : 0,
        "bw_bytes" : 0,
        "bw" : 0,
        "iops" : 0.000000,
        "runtime" : 0,
        "total_ios" : 0,
        "short_ios" : 0,
        "drop_ios" : 0,
        "slat_ns" : {
          "min" : 0,
          "max" : 0,
          "mean" : 0.000000,
          "stddev" : 0.000000,
          "N" : 0
        },
        "clat_ns" : {
          "min" : 0,
          "max" : 0,
          "mean" : 0.000000,
          "stddev" : 0.000000,
          "N" : 0
        },
        "lat_ns" : {
          "min" : 0,
          "max" : 0,
          "mean" : 0.000000,
          "stddev" : 0.000000,
          "N" : 0
        },
        "bw_min" : 0,
        "bw_max" : 0,
        "bw_agg" : 0.000000,
        "bw_mean" : 0.000000,
        "bw_dev" : 0.000000,
        "bw_samples" : 0,
        "iops_min" : 0,
        "iops_max" : 0,
        "iops_mean" : 0.000000,
        "iops_stddev" : 0.000000,
        "iops_samples" : 0
      },
      "trim" : {
        "io_bytes" : 0,
        "io_kbytes" : 0,
        "bw_bytes" : 0,
        "bw" : 0,
        "iops" : 0.000000,
        "runtime" : 0,
        "total_ios" : 0,
        "short_ios" : 0,
        "drop_ios" : 0,
        "slat_ns" : {
          "min" : 0,
          "max" : 0,
          "mean" : 0.000000,
          "stddev" : 0.000000,
          "N" : 0
        },
        "clat_ns" : {
          "min" : 0,
          "max" : 0,
          "mean" : 0.000000,
          "stddev" : 0.000000,
          "N" : 0
        },
        "lat_ns" : {
          "min" : 0,
          "max" : 0,
          "mean" : 0.000000,
          "stddev" : 0.000000,
          "N" : 0
        },
        "bw_min" : 0,
        "bw_max" : 0,
        "bw_agg" : 0.000000,
        "bw_mean" : 0.000000,
        "bw_dev" : 0.000000,
        "bw_samples" : 0,
        "iops_min" : 0,
        "iops_max" : 0,
        "iops_mean" : 0.000000,
        "iops_stddev" : 0.000000,
        "iops_samples" : 0
      },
      "sync" : {
        "total_ios" : 0,
        "lat_ns" : {
          "min" : 0,
          "max" : 0,
          "mean" : 0.000000,
          "stddev" : 0.000000,
          "N" : 0
        }
      },
      "job_runtime" : 1920893,
      "usr_cpu" : 0.028580,
      "sys_cpu" : 0.325005,
      "ctx" : 19237,
      "majf" : 0,
      "minf" : 1183,
      "iodepth_level" : {
        "1" : 0.100000,
        "2" : 0.100000,
        "4" : 0.100000,
        "8" : 0.141767,
        "16" : 0.283534,
        "32" : 99.450653,
        ">=64" : 0.000000
      },
      "iodepth_submit" : {
        "0" : 0.000000,
        "4" : 100.000000,
        "8" : 0.000000,
        "16" : 0.000000,
        "32" : 0.000000,
        "64" : 0.000000,
        ">=64" : 0.000000
      },
      "iodepth_complete" : {
        "0" : 0.000000,
        "4" : 99.982184,
        "8" : 0.000000,
        "16" : 0.000000,
        "32" : 0.100000,
        "64" : 0.000000,
        ">=64" : 0.000000
      },
      "latency_ns" : {
        "2" : 0.000000,
        "4" : 0.000000,
        "10" : 0.000000,
        "20" : 0.000000,
        "50" : 0.000000,
        "100" : 0.000000,
        "250" : 0.000000,
        "500" : 0.000000,
        "750" : 0.000000,
        "1000" : 0.000000
      },
      "latency_us" : {
        "2" : 0.000000,
        "4" : 0.000000,
        "10" : 0.000000,
        "20" : 0.016613,
        "50" : 0.010000,
        "100" : 0.000000,
        "250" : 0.000000,
        "500" : 0.000000,
        "750" : 5.408189,
        "1000" : 29.944955
      },
      "latency_ms" : {
        "2" : 28.214954,
        "4" : 5.203292,
        "10" : 9.291276,
        "20" : 0.848387,
        "50" : 0.208220,
        "100" : 0.017721,
        "250" : 0.050948,
        "500" : 0.109648,
        "750" : 0.152843,
        "1000" : 0.445237,
        "2000" : 2.640410,
        ">=2000" : 17.446201
      },
      "latency_depth" : 32,
      "latency_target" : 0,
      "latency_percentile" : 100.000000,
      "latency_window" : 0
    }
  ]
}
