{
  "fio version" : "fio-3.36",
  "timestamp" : 1752851874,
  "timestamp_ms" : 1752851874399,
  "time" : "Fri Jul 18 15:17:54 2025",
  "global options" : {
    "ioengine" : "libaio",
    "direct" : "1",
    "directory" : "/mnt/test",
    "buffer_compress_percentage" : "70",
    "buffer_pattern" : "0xdeadbeef"
  },
  "jobs" : [
    {
      "jobname" : "database_mysql_innodb_test",
      "groupid" : 0,
      "job_start" : 1752851814229,
      "error" : 0,
      "eta" : 0,
      "elapsed" : 61,
      "job options" : {
        "rw" : "randrw",
        "rwmixread" : "70",
        "size" : "1G",
        "numjobs" : "24",
        "runtime" : "60",
        "iodepth" : "16",
        "bssplit" : "16k"
      },
      "read" : {
        "io_bytes" : 2901966848,
        "io_kbytes" : 2833952,
        "bw_bytes" : 48258337,
        "bw" : 47127,
        "iops" : 2945.455150,
        "runtime" : 60134,
        "total_ios" : 177122,
        "short_ios" : 0,
        "drop_ios" : 0,
        "slat_ns" : {
          "min" : 5217,
          "max" : 2289015266,
          "mean" : 7121587.412315,
          "stddev" : 47050070.799240,
          "N" : 177122
        },
        "clat_ns" : {
          "min" : 1331,
          "max" : 11997322156,
          "mean" : 74182826.661465,
          "stddev" : 403722199.721086,
          "N" : 177122,
          "percentile" : {
            "1.000000" : 132096,
            "5.000000" : 136192,
            "10.000000" : 140288,
            "20.000000" : 144384,
            "30.000000" : 146432,
            "40.000000" : 150528,
            "50.000000" : 154624,
            "60.000000" : 162816,
            "70.000000" : 181248,
            "80.000000" : 199680,
            "90.000000" : 216064,
            "95.000000" : 4816896,
            "99.000000" : 1837105152,
            "99.500000" : 2164260864,
            "99.900000" : 5402263552,
            "99.950000" : 6274678784,
            "99.990000" : 7683964928
          }
        },
        "lat_ns" : {
          "min" : 18614,
          "max" : 12340147672,
          "mean" : 81304414.073780,
          "stddev" : 439374300.509463,
          "N" : 177122
        },
        "bw_min" : 2706832,
        "bw_max" : 3709790,
        "bw_agg" : 100.000000,
        "bw_mean" : 2717964.761329,
        "bw_dev" : 4620.310881,
        "bw_samples" : 2232,
        "iops_min" : 169173,
        "iops_max" : 231858,
        "iops_mean" : 169872.100256,
        "iops_stddev" : 288.754632,
        "iops_samples" : 2232
      },
      "write" : {
        "io_bytes" : 1242267648,
        "io_kbytes" : 1213152,
        "bw_bytes" : 20658323,
        "bw" : 20174,
        "iops" : 1260.884026,
        "runtime" : 60134,
        "total_ios" : 75822,
        "short_ios" : 0,
        "drop_ios" : 0,
        "slat_ns" : {
          "min" : 5076,
          "max" : 28955268,
          "mean" : 17274.963968,
          "stddev" : 235582.779778,
          "N" : 75822
        },
        "clat_ns" : {
          "min" : 1213,
          "max" : 11675907858,
          "mean" : 76636580.021893,
          "stddev" : 421831841.822894,
          "N" : 75822,
          "percentile" : {
            "1.000000" : 132096,
            "5.000000" : 138240,
            "10.000000" : 140288,
            "20.000000" : 144384,
            "30.000000" : 148480,
            "40.000000" : 150528,
            "50.000000" : 154624,
            "60.000000" : 162816,
            "70.000000" : 181248,
            "80.000000" : 201728,
            "90.000000" : 216064,
            "95.000000" : 5341184,
            "99.000000" : 1870659584,
            "99.500000" : 2197815296,
            "99.900000" : 5670699008,
            "99.950000" : 6408896512,
            "99.990000" : 8019509248
          }
        },
        "lat_ns" : {
          "min" : 9241,
          "max" : 11675919644,
          "mean" : 76653854.985862,
          "stddev" : 421844852.449259,
          "N" : 75822
        },
        "bw_min" : 1148807,
        "bw_max" : 1582532,
        "bw_agg" : 100.000000,
        "bw_mean" : 1154658.510961,
        "bw_dev" : 2251.527073,
        "bw_samples" : 1759,
        "iops_min" : 71796,
        "iops_max" : 98903,
        "iops_mean" : 72165.554614,
        "iops_stddev" : 140.695230,
        "iops_samples" : 1759
      },
      "trim" : {
        "io_bytes" : 0,
        "io_kbytes" : 0,
        "bw_bytes" : 0,
        "bw" : 0,
        "iops" : 0.000000,
        "runtime" : 0,
        "total_ios" : 0,
        "short_ios" : 0,
        "drop_ios" : 0,
        "slat_ns" : {
          "min" : 0,
          "max" : 0,
          "mean" : 0.000000,
          "stddev" : 0.000000,
          "N" : 0
        },
        "clat_ns" : {
          "min" : 0,
          "max" : 0,
          "mean" : 0.000000,
          "stddev" : 0.000000,
          "N" : 0
        },
        "lat_ns" : {
          "min" : 0,
          "max" : 0,
          "mean" : 0.000000,
          "stddev" : 0.000000,
          "N" : 0
        },
        "bw_min" : 0,
        "bw_max" : 0,
        "bw_agg" : 0.000000,
        "bw_mean" : 0.000000,
        "bw_dev" : 0.000000,
        "bw_samples" : 0,
        "iops_min" : 0,
        "iops_max" : 0,
        "iops_mean" : 0.000000,
        "iops_stddev" : 0.000000,
        "iops_samples" : 0
      },
      "sync" : {
        "total_ios" : 0,
        "lat_ns" : {
          "min" : 0,
          "max" : 0,
          "mean" : 0.000000,
          "stddev" : 0.000000,
          "N" : 0
        }
      },
      "job_runtime" : 1263571,
      "usr_cpu" : 0.043844,
      "sys_cpu" : 0.275410,
      "ctx" : 7752,
      "majf" : 0,
      "minf" : 322,
      "iodepth_level" : {
        "1" : 0.100000,
        "2" : 0.100000,
        "4" : 0.100000,
        "8" : 0.100000,
        "16" : 99.857676,
        "32" : 0.000000,
        ">=64" : 0.000000
      },
      "iodepth_submit" : {
        "0" : 0.000000,
        "4" : 100.000000,
        "8" : 0.000000,
        "16" : 0.000000,
        "32" : 0.000000,
        "64" : 0.000000,
        ">=64" : 0.000000
      },
      "iodepth_complete" : {
        "0" : 0.000000,
        "4" : 99.990499,
        "8" : 0.000000,
        "16" : 0.100000,
        "32" : 0.000000,
        "64" : 0.000000,
        ">=64" : 0.000000
      },
      "latency_ns" : {
        "2" : 0.000000,
        "4" : 0.000000,
        "10" : 0.000000,
        "20" : 0.000000,
        "50" : 0.000000,
        "100" : 0.000000,
        "250" : 0.000000,
        "500" : 0.000000,
        "750" : 0.000000,
        "1000" : 0.000000
      },
      "latency_us" : {
        "2" : 0.010000,
        "4" : 0.000000,
        "10" : 0.010000,
        "20" : 0.010000,
        "50" : 0.010000,
        "100" : 0.010000,
        "250" : 93.733396,
        "500" : 0.724271,
        "750" : 0.182254,
        "1000" : 0.060883
      },
      "latency_ms" : {
        "2" : 0.058116,
        "4" : 0.114650,
        "10" : 0.420646,
        "20" : 0.111882,
        "50" : 0.045465,
        "100" : 0.010000,
        "250" : 0.024907,
        "500" : 0.036767,
        "750" : 0.124138,
        "1000" : 0.445553,
        "2000" : 3.190430,
        ">=2000" : 0.698574
      },
      "latency_depth" : 16,
      "latency_target" : 0,
      "latency_percentile" : 100.000000,
      "latency_window" : 0
    }
  ]
}
