{
  "fio version" : "fio-3.36",
  "timestamp" : 1753360164,
  "timestamp_ms" : 1753360164678,
  "time" : "Thu Jul 24 12:29:24 2025",
  "global options" : {
    "ioengine" : "libaio",
    "direct" : "0",
    "directory" : "/mnt/test",
    "buffer_compress_percentage" : "70",
    "buffer_pattern" : "0xdeadbeef"
  },
  "jobs" : [
    {
      "jobname" : "webserver_test",
      "groupid" : 0,
      "job_start" : 1753360044513,
      "error" : 0,
      "eta" : 0,
      "elapsed" : 121,
      "job options" : {
        "rw" : "randread",
        "size" : "4G",
        "numjobs" : "16",
        "runtime" : "120",
        "iodepth" : "32",
        "bssplit" : "4k/90:8k/10"
      },
      "read" : {
        "io_bytes" : 116006912,
        "io_kbytes" : 113288,
        "bw_bytes" : 965734,
        "bw" : 943,
        "iops" : 214.571731,
        "runtime" : 120123,
        "total_ios" : 25775,
        "short_ios" : 0,
        "drop_ios" : 0,
        "slat_ns" : {
          "min" : 4441239,
          "max" : 1953253022,
          "mean" : 74501585.518409,
          "stddev" : 98340642.107822,
          "N" : 25775
        },
        "clat_ns" : {
          "min" : 12014,
          "max" : 7281717531,
          "mean" : 2285565946.518370,
          "stddev" : 866528603.689643,
          "N" : 25775,
          "percentile" : {
            "1.000000" : 1002438656,
            "5.000000" : 1350565888,
            "10.000000" : 1468006400,
            "20.000000" : 1652555776,
            "30.000000" : 1786773504,
            "40.000000" : 1937768448,
            "50.000000" : 2071986176,
            "60.000000" : 2231369728,
            "70.000000" : 2432696320,
            "80.000000" : 2768240640,
            "90.000000" : 3472883712,
            "95.000000" : 4110417920,
            "99.000000" : 5335154688,
            "99.500000" : 5603590144,
            "99.900000" : 6140461056,
            "99.950000" : 6408896512,
            "99.990000" : 7147094016
          }
        },
        "lat_ns" : {
          "min" : 48501675,
          "max" : 7316863965,
          "mean" : 2360067532.036780,
          "stddev" : 887543698.578985,
          "N" : 25775
        },
        "bw_min" : 160,
        "bw_max" : 2344,
        "bw_agg" : 100.000000,
        "bw_mean" : 958.490992,
        "bw_dev" : 27.081750,
        "bw_samples" : 3674,
        "iops_min" : 40,
        "iops_max" : 522,
        "iops_mean" : 218.019994,
        "iops_stddev" : 6.011182,
        "iops_samples" : 3674
      },
      "write" : {
        "io_bytes" : 0,
        "io_kbytes" : 0,
        "bw_bytes" : 0,
        "bw" : 0,
        "iops" : 0.000000,
        "runtime" : 0,
        "total_ios" : 0,
        "short_ios" : 0,
        "drop_ios" : 0,
        "slat_ns" : {
          "min" : 0,
          "max" : 0,
          "mean" : 0.000000,
          "stddev" : 0.000000,
          "N" : 0
        },
        "clat_ns" : {
          "min" : 0,
          "max" : 0,
          "mean" : 0.000000,
          "stddev" : 0.000000,
          "N" : 0
        },
        "lat_ns" : {
          "min" : 0,
          "max" : 0,
          "mean" : 0.000000,
          "stddev" : 0.000000,
          "N" : 0
        },
        "bw_min" : 0,
        "bw_max" : 0,
        "bw_agg" : 0.000000,
        "bw_mean" : 0.000000,
        "bw_dev" : 0.000000,
        "bw_samples" : 0,
        "iops_min" : 0,
        "iops_max" : 0,
        "iops_mean" : 0.000000,
        "iops_stddev" : 0.000000,
        "iops_samples" : 0
      },
      "trim" : {
        "io_bytes" : 0,
        "io_kbytes" : 0,
        "bw_bytes" : 0,
        "bw" : 0,
        "iops" : 0.000000,
        "runtime" : 0,
        "total_ios" : 0,
        "short_ios" : 0,
        "drop_ios" : 0,
        "slat_ns" : {
          "min" : 0,
          "max" : 0,
          "mean" : 0.000000,
          "stddev" : 0.000000,
          "N" : 0
        },
        "clat_ns" : {
          "min" : 0,
          "max" : 0,
          "mean" : 0.000000,
          "stddev" : 0.000000,
          "N" : 0
        },
        "lat_ns" : {
          "min" : 0,
          "max" : 0,
          "mean" : 0.000000,
          "stddev" : 0.000000,
          "N" : 0
        },
        "bw_min" : 0,
        "bw_max" : 0,
        "bw_agg" : 0.000000,
        "bw_mean" : 0.000000,
        "bw_dev" : 0.000000,
        "bw_samples" : 0,
        "iops_min" : 0,
        "iops_max" : 0,
        "iops_mean" : 0.000000,
        "iops_stddev" : 0.000000,
        "iops_samples" : 0
      },
      "sync" : {
        "total_ios" : 0,
        "lat_ns" : {
          "min" : 0,
          "max" : 0,
          "mean" : 0.000000,
          "stddev" : 0.000000,
          "N" : 0
        }
      },
      "job_runtime" : 1920960,
      "usr_cpu" : 0.040501,
      "sys_cpu" : 0.183294,
      "ctx" : 25841,
      "majf" : 0,
      "minf" : 1208,
      "iodepth_level" : {
        "1" : 0.100000,
        "2" : 0.124151,
        "4" : 0.248303,
        "8" : 0.496605,
        "16" : 0.993210,
        "32" : 98.075655,
        ">=64" : 0.000000
      },
      "iodepth_submit" : {
        "0" : 0.000000,
        "4" : 100.000000,
        "8" : 0.000000,
        "16" : 0.000000,
        "32" : 0.000000,
        "64" : 0.000000,
        ">=64" : 0.000000
      },
      "iodepth_complete" : {
        "0" : 0.000000,
        "4" : 99.936746,
        "8" : 0.000000,
        "16" : 0.000000,
        "32" : 0.100000,
        "64" : 0.000000,
        ">=64" : 0.000000
      },
      "latency_ns" : {
        "2" : 0.000000,
        "4" : 0.000000,
        "10" : 0.000000,
        "20" : 0.000000,
        "50" : 0.000000,
        "100" : 0.000000,
        "250" : 0.000000,
        "500" : 0.000000,
        "750" : 0.000000,
        "1000" : 0.000000
      },
      "latency_us" : {
        "2" : 0.000000,
        "4" : 0.000000,
        "10" : 0.000000,
        "20" : 0.054316,
        "50" : 0.010000,
        "100" : 0.000000,
        "250" : 0.000000,
        "500" : 0.000000,
        "750" : 0.000000,
        "1000" : 0.000000
      },
      "latency_ms" : {
        "2" : 0.000000,
        "4" : 0.000000,
        "10" : 0.000000,
        "20" : 0.000000,
        "50" : 0.010000,
        "100" : 0.027158,
        "250" : 0.116392,
        "500" : 0.236663,
        "750" : 0.232784,
        "1000" : 0.318138,
        "2000" : 43.996120,
        ">=2000" : 55.006790
      },
      "latency_depth" : 32,
      "latency_target" : 0,
      "latency_percentile" : 100.000000,
      "latency_window" : 0
    }
  ]
}
