{
  "fio version" : "fio-3.36",
  "timestamp" : 1752530824,
  "timestamp_ms" : 1752530824825,
  "time" : "Mon Jul 14 22:07:04 2025",
  "global options" : {
    "ioengine" : "libaio",
    "direct" : "0",
    "directory" : "/mnt/test"
  },
  "jobs" : [
    {
      "jobname" : "database_test",
      "groupid" : 0,
      "job_start" : 1752530764667,
      "error" : 0,
      "eta" : 0,
      "elapsed" : 61,
      "job options" : {
        "rw" : "randrw",
        "rwmixread" : "70",
        "size" : "1G",
        "numjobs" : "24",
        "runtime" : "60",
        "iodepth" : "16",
        "bssplit" : "4k/80:8k/20"
      },
      "read" : {
        "io_bytes" : 81436672,
        "io_kbytes" : 79528,
        "bw_bytes" : 1354749,
        "bw" : 1322,
        "iops" : 275.835108,
        "runtime" : 60112,
        "total_ios" : 16581,
        "short_ios" : 0,
        "drop_ios" : 0,
        "slat_ns" : {
          "min" : 3135731,
          "max" : 1576489500,
          "mean" : 86880626.338339,
          "stddev" : 107856205.689808,
          "N" : 16581
        },
        "clat_ns" : {
          "min" : 9542,
          "max" : 3712184696,
          "mean" : 898883522.907967,
          "stddev" : 424528015.277506,
          "N" : 16581,
          "percentile" : {
            "1.000000" : 212860928,
            "5.000000" : 346030080,
            "10.000000" : 434110464,
            "20.000000" : 549453824,
            "30.000000" : 641728512,
            "40.000000" : 734003200,
            "50.000000" : 826277888,
            "60.000000" : 935329792,
            "70.000000" : 1052770304,
            "80.000000" : 1199570944,
            "90.000000" : 1451229184,
            "95.000000" : 1686110208,
            "99.000000" : 2231369728,
            "99.500000" : 2466250752,
            "99.900000" : 3137339392,
            "99.950000" : 3305111552,
            "99.990000" : 3674210304
          }
        },
        "lat_ns" : {
          "min" : 38690071,
          "max" : 3888308026,
          "mean" : 985764149.246306,
          "stddev" : 445265919.909458,
          "N" : 16581
        },
        "bw_min" : 192,
        "bw_max" : 3792,
        "bw_agg" : 100.000000,
        "bw_mean" : 1359.927942,
        "bw_dev" : 32.345240,
        "bw_samples" : 2743,
        "iops_min" : 47,
        "iops_max" : 768,
        "iops_mean" : 283.459097,
        "iops_stddev" : 6.554641,
        "iops_samples" : 2743
      },
      "write" : {
        "io_bytes" : 35631104,
        "io_kbytes" : 34796,
        "bw_bytes" : 592745,
        "bw" : 578,
        "iops" : 121.140538,
        "runtime" : 60112,
        "total_ios" : 7282,
        "short_ios" : 0,
        "drop_ios" : 0,
        "slat_ns" : {
          "min" : 2818,
          "max" : 311066,
          "mean" : 37575.707773,
          "stddev" : 17535.343962,
          "N" : 7282
        },
        "clat_ns" : {
          "min" : 46331478,
          "max" : 3399770405,
          "mean" : 895953479.119747,
          "stddev" : 416695861.182155,
          "N" : 7282,
          "percentile" : {
            "1.000000" : 225443840,
            "5.000000" : 358612992,
            "10.000000" : 442499072,
            "20.000000" : 549453824,
            "30.000000" : 650117120,
            "40.000000" : 734003200,
            "50.000000" : 826277888,
            "60.000000" : 926941184,
            "70.000000" : 1044381696,
            "80.000000" : 1199570944,
            "90.000000" : 1434451968,
            "95.000000" : 1686110208,
            "99.000000" : 2197815296,
            "99.500000" : 2499805184,
            "99.900000" : 3137339392,
            "99.950000" : 3238002688,
            "99.990000" : 3405774848
          }
        },
        "lat_ns" : {
          "min" : 46397743,
          "max" : 3399827688,
          "mean" : 895991054.827520,
          "stddev" : 416695963.079400,
          "N" : 7282
        },
        "bw_min" : 192,
        "bw_max" : 2096,
        "bw_agg" : 100.000000,
        "bw_mean" : 665.768300,
        "bw_dev" : 17.413962,
        "bw_samples" : 2437,
        "iops_min" : 48,
        "iops_max" : 422,
        "iops_mean" : 139.256074,
        "iops_stddev" : 3.433712,
        "iops_samples" : 2437
      },
      "trim" : {
        "io_bytes" : 0,
        "io_kbytes" : 0,
        "bw_bytes" : 0,
        "bw" : 0,
        "iops" : 0.000000,
        "runtime" : 0,
        "total_ios" : 0,
        "short_ios" : 0,
        "drop_ios" : 0,
        "slat_ns" : {
          "min" : 0,
          "max" : 0,
          "mean" : 0.000000,
          "stddev" : 0.000000,
          "N" : 0
        },
        "clat_ns" : {
          "min" : 0,
          "max" : 0,
          "mean" : 0.000000,
          "stddev" : 0.000000,
          "N" : 0
        },
        "lat_ns" : {
          "min" : 0,
          "max" : 0,
          "mean" : 0.000000,
          "stddev" : 0.000000,
          "N" : 0
        },
        "bw_min" : 0,
        "bw_max" : 0,
        "bw_agg" : 0.000000,
        "bw_mean" : 0.000000,
        "bw_dev" : 0.000000,
        "bw_samples" : 0,
        "iops_min" : 0,
        "iops_max" : 0,
        "iops_mean" : 0.000000,
        "iops_stddev" : 0.000000,
        "iops_samples" : 0
      },
      "sync" : {
        "total_ios" : 0,
        "lat_ns" : {
          "min" : 0,
          "max" : 0,
          "mean" : 0.000000,
          "stddev" : 0.000000,
          "N" : 0
        }
      },
      "job_runtime" : 1441206,
      "usr_cpu" : 0.022828,
      "sys_cpu" : 0.153552,
      "ctx" : 16909,
      "majf" : 0,
      "minf" : 272,
      "iodepth_level" : {
        "1" : 0.100574,
        "2" : 0.201148,
        "4" : 0.402296,
        "8" : 0.804593,
        "16" : 98.491388,
        "32" : 0.000000,
        ">=64" : 0.000000
      },
      "iodepth_submit" : {
        "0" : 0.000000,
        "4" : 100.000000,
        "8" : 0.000000,
        "16" : 0.000000,
        "32" : 0.000000,
        "64" : 0.000000,
        ">=64" : 0.000000
      },
      "iodepth_complete" : {
        "0" : 0.000000,
        "4" : 99.897990,
        "8" : 0.000000,
        "16" : 0.102010,
        "32" : 0.000000,
        "64" : 0.000000,
        ">=64" : 0.000000
      },
      "latency_ns" : {
        "2" : 0.000000,
        "4" : 0.000000,
        "10" : 0.000000,
        "20" : 0.000000,
        "50" : 0.000000,
        "100" : 0.000000,
        "250" : 0.000000,
        "500" : 0.000000,
        "750" : 0.000000,
        "1000" : 0.000000
      },
      "latency_us" : {
        "2" : 0.000000,
        "4" : 0.000000,
        "10" : 0.010000,
        "20" : 0.092193,
        "50" : 0.010000,
        "100" : 0.000000,
        "250" : 0.000000,
        "500" : 0.000000,
        "750" : 0.000000,
        "1000" : 0.000000
      },
      "latency_ms" : {
        "2" : 0.000000,
        "4" : 0.000000,
        "10" : 0.000000,
        "20" : 0.000000,
        "50" : 0.012572,
        "100" : 0.129908,
        "250" : 1.370322,
        "500" : 13.455978,
        "750" : 26.606043,
        "1000" : 24.385031,
        "2000" : 31.919708,
        ">=2000" : 2.019863
      },
      "latency_depth" : 16,
      "latency_target" : 0,
      "latency_percentile" : 100.000000,
      "latency_window" : 0
    }
  ]
}
