{
  "fio version" : "fio-3.36",
  "timestamp" : 1752640918,
  "timestamp_ms" : 1752640918520,
  "time" : "Wed Jul 16 04:41:58 2025",
  "global options" : {
    "ioengine" : "libaio",
    "direct" : "0",
    "directory" : "/mnt/test"
  },
  "jobs" : [
    {
      "jobname" : "database_test",
      "groupid" : 0,
      "job_start" : 1752640867924,
      "error" : 0,
      "eta" : 0,
      "elapsed" : 51,
      "job options" : {
        "rw" : "randrw",
        "rwmixread" : "70",
        "size" : "1G",
        "numjobs" : "24",
        "runtime" : "60",
        "iodepth" : "16",
        "bssplit" : "4k/80:8k/20"
      },
      "read" : {
        "io_bytes" : 18039349248,
        "io_kbytes" : 17616552,
        "bw_bytes" : 356748590,
        "bw" : 348387,
        "iops" : 76885.614840,
        "runtime" : 50566,
        "total_ios" : 3887798,
        "short_ios" : 0,
        "drop_ios" : 0,
        "slat_ns" : {
          "min" : 3340,
          "max" : 242023475,
          "mean" : 274693.605337,
          "stddev" : 2236121.494152,
          "N" : 3887798
        },
        "clat_ns" : {
          "min" : 956,
          "max" : 388211773,
          "mean" : 2977537.232895,
          "stddev" : 7910444.448573,
          "N" : 3887798,
          "percentile" : {
            "1.000000" : 798720,
            "5.000000" : 1089536,
            "10.000000" : 1220608,
            "20.000000" : 1384448,
            "30.000000" : 1499136,
            "40.000000" : 1613824,
            "50.000000" : 1728512,
            "60.000000" : 1859584,
            "70.000000" : 2039808,
            "80.000000" : 2441216,
            "90.000000" : 4882432,
            "95.000000" : 7438336,
            "99.000000" : 18743296,
            "99.500000" : 23199744,
            "99.900000" : 152043520,
            "99.950000" : 156237824,
            "99.990000" : 187695104
          }
        },
        "lat_ns" : {
          "min" : 4948,
          "max" : 389308606,
          "mean" : 3252230.838232,
          "stddev" : 8316680.637540,
          "N" : 3887798
        },
        "bw_min" : 28832,
        "bw_max" : 712256,
        "bw_agg" : 100.000000,
        "bw_mean" : 379707.447379,
        "bw_dev" : 7796.718425,
        "bw_samples" : 2199,
        "iops_min" : 6250,
        "iops_max" : 156788,
        "iops_mean" : 83741.493068,
        "iops_stddev" : 1710.800034,
        "iops_samples" : 2199
      },
      "write" : {
        "io_bytes" : 7730454528,
        "io_kbytes" : 7549272,
        "bw_bytes" : 152878505,
        "bw" : 149295,
        "iops" : 32953.802951,
        "runtime" : 50566,
        "total_ios" : 1666342,
        "short_ios" : 0,
        "drop_ios" : 0,
        "slat_ns" : {
          "min" : 1671,
          "max" : 30594448,
          "mean" : 8796.026933,
          "stddev" : 144472.789591,
          "N" : 1666342
        },
        "clat_ns" : {
          "min" : 833,
          "max" : 389124264,
          "mean" : 2973123.132732,
          "stddev" : 7886854.977324,
          "N" : 1666342,
          "percentile" : {
            "1.000000" : 790528,
            "5.000000" : 1089536,
            "10.000000" : 1220608,
            "20.000000" : 1384448,
            "30.000000" : 1499136,
            "40.000000" : 1613824,
            "50.000000" : 1728512,
            "60.000000" : 1859584,
            "70.000000" : 2039808,
            "80.000000" : 2441216,
            "90.000000" : 4882432,
            "95.000000" : 7438336,
            "99.000000" : 18743296,
            "99.500000" : 23199744,
            "99.900000" : 152043520,
            "99.950000" : 156237824,
            "99.990000" : 187695104
          }
        },
        "lat_ns" : {
          "min" : 2890,
          "max" : 389149149,
          "mean" : 2981919.159665,
          "stddev" : 7889383.063088,
          "N" : 1666342
        },
        "bw_min" : 12192,
        "bw_max" : 309648,
        "bw_agg" : 100.000000,
        "bw_mean" : 162709.849133,
        "bw_dev" : 3348.871398,
        "bw_samples" : 2199,
        "iops_min" : 2648,
        "iops_max" : 68104,
        "iops_mean" : 35890.297293,
        "iops_stddev" : 734.931583,
        "iops_samples" : 2199
      },
      "trim" : {
        "io_bytes" : 0,
        "io_kbytes" : 0,
        "bw_bytes" : 0,
        "bw" : 0,
        "iops" : 0.000000,
        "runtime" : 0,
        "total_ios" : 0,
        "short_ios" : 0,
        "drop_ios" : 0,
        "slat_ns" : {
          "min" : 0,
          "max" : 0,
          "mean" : 0.000000,
          "stddev" : 0.000000,
          "N" : 0
        },
        "clat_ns" : {
          "min" : 0,
          "max" : 0,
          "mean" : 0.000000,
          "stddev" : 0.000000,
          "N" : 0
        },
        "lat_ns" : {
          "min" : 0,
          "max" : 0,
          "mean" : 0.000000,
          "stddev" : 0.000000,
          "N" : 0
        },
        "bw_min" : 0,
        "bw_max" : 0,
        "bw_agg" : 0.000000,
        "bw_mean" : 0.000000,
        "bw_dev" : 0.000000,
        "bw_samples" : 0,
        "iops_min" : 0,
        "iops_max" : 0,
        "iops_mean" : 0.000000,
        "iops_stddev" : 0.000000,
        "iops_samples" : 0
      },
      "sync" : {
        "total_ios" : 0,
        "lat_ns" : {
          "min" : 0,
          "max" : 0,
          "mean" : 0.000000,
          "stddev" : 0.000000,
          "N" : 0
        }
      },
      "job_runtime" : 1122594,
      "usr_cpu" : 1.549447,
      "sys_cpu" : 7.827763,
      "ctx" : 4284608,
      "majf" : 0,
      "minf" : 408,
      "iodepth_level" : {
        "1" : 0.100000,
        "2" : 0.100000,
        "4" : 0.100000,
        "8" : 0.100000,
        "16" : 99.993518,
        "32" : 0.000000,
        ">=64" : 0.000000
      },
      "iodepth_submit" : {
        "0" : 0.000000,
        "4" : 100.000000,
        "8" : 0.000000,
        "16" : 0.000000,
        "32" : 0.000000,
        "64" : 0.000000,
        ">=64" : 0.000000
      },
      "iodepth_complete" : {
        "0" : 0.000000,
        "4" : 99.999568,
        "8" : 0.000000,
        "16" : 0.100000,
        "32" : 0.000000,
        "64" : 0.000000,
        ">=64" : 0.000000
      },
      "latency_ns" : {
        "2" : 0.000000,
        "4" : 0.000000,
        "10" : 0.000000,
        "20" : 0.000000,
        "50" : 0.000000,
        "100" : 0.000000,
        "250" : 0.000000,
        "500" : 0.000000,
        "750" : 0.000000,
        "1000" : 0.010000
      },
      "latency_us" : {
        "2" : 0.010000,
        "4" : 0.010000,
        "10" : 0.010000,
        "20" : 0.010000,
        "50" : 0.010000,
        "100" : 0.300299,
        "250" : 0.152661,
        "500" : 0.042689,
        "750" : 0.324353,
        "1000" : 2.049912
      },
      "latency_ms" : {
        "2" : 65.542280,
        "4" : 17.110480,
        "10" : 11.301696,
        "20" : 2.371348,
        "50" : 0.522943,
        "100" : 0.071910,
        "250" : 0.201435,
        "500" : 0.010000,
        "750" : 0.000000,
        "1000" : 0.000000,
        "2000" : 0.000000,
        ">=2000" : 0.000000
      },
      "latency_depth" : 16,
      "latency_target" : 0,
      "latency_percentile" : 100.000000,
      "latency_window" : 0
    }
  ],
  "disk_util" : [
    {
      "name" : "bcache0",
      "read_ios" : 3885380,
      "write_ios" : 7940,
      "read_sectors" : 35212312,
      "write_sectors" : 0,
      "read_merges" : 0,
      "write_merges" : 0,
      "read_ticks" : 926400,
      "write_ticks" : 75153,
      "in_queue" : 1001553,
      "util" : 99.845422,
      "aggr_read_ios" : 1943904,
      "aggr_write_ios" : 1920479,
      "aggr_read_sectors" : 17616552,
      "aggr_write_sectors" : 26413584,
      "aggr_read_merges" : 0,
      "aggr_write_merge" : 3,
      "aggr_read_ticks" : 304917,
      "aggr_write_ticks" : 66072,
      "aggr_in_queue" : 370992,
      "aggr_util" : 54.342677
    },
    {
      "name" : "nvme0n1",
      "read_ios" : 3857614,