{
  "fio version" : "fio-3.36",
  "timestamp" : 1752516393,
  "timestamp_ms" : 1752516393742,
  "time" : "Mon Jul 14 18:06:33 2025",
  "global options" : {
    "ioengine" : "libaio",
    "direct" : "0",
    "directory" : "/mnt/test"
  },
  "jobs" : [
    {
      "jobname" : "database_mysql_innodb_test",
      "groupid" : 0,
      "job_start" : 1752516333551,
      "error" : 0,
      "eta" : 0,
      "elapsed" : 61,
      "job options" : {
        "rw" : "randrw",
        "rwmixread" : "70",
        "size" : "1G",
        "numjobs" : "24",
        "runtime" : "60",
        "iodepth" : "16",
        "bssplit" : "16k"
      },
      "read" : {
        "io_bytes" : 183730176,
        "io_kbytes" : 179424,
        "bw_bytes" : 3054330,
        "bw" : 2982,
        "iops" : 186.421518,
        "runtime" : 60154,
        "total_ios" : 11214,
        "short_ios" : 0,
        "drop_ios" : 0,
        "slat_ns" : {
          "min" : 3834791,
          "max" : 2647838153,
          "mean" : 128488868.257179,
          "stddev" : 206486483.230560,
          "N" : 11214
        },
        "clat_ns" : {
          "min" : 9545,
          "max" : 14970020228,
          "mean" : 1328330848.275816,
          "stddev" : 1192655978.722873,
          "N" : 11214,
          "percentile" : {
            "1.000000" : 214958080,
            "5.000000" : 371195904,
            "10.000000" : 463470592,
            "20.000000" : 591396864,
            "30.000000" : 708837376,
            "40.000000" : 843055104,
            "50.000000" : 977272832,
            "60.000000" : 1149239296,
            "70.000000" : 1400897536,
            "80.000000" : 1786773504,
            "90.000000" : 2499805184,
            "95.000000" : 3573547008,
            "99.000000" : 5670699008,
            "99.500000" : 7348420608,
            "99.900000" : 12415139840,
            "99.950000" : 13086228480,
            "99.990000" : 13757317120
          }
        },
        "lat_ns" : {
          "min" : 46511996,
          "max" : 16325216791,
          "mean" : 1456819716.532995,
          "stddev" : 1275890077.148436,
          "N" : 11214
        },
        "bw_min" : 763,
        "bw_max" : 10947,
        "bw_agg" : 100.000000,
        "bw_mean" : 3479.208508,
        "bw_dev" : 102.188947,
        "bw_samples" : 2340,
        "iops_min" : 43,
        "iops_max" : 682,
        "iops_mean" : 216.842464,
        "iops_stddev" : 6.378570,
        "iops_samples" : 2340
      },
      "write" : {
        "io_bytes" : 79659008,
        "io_kbytes" : 77792,
        "bw_bytes" : 1324251,
        "bw" : 1293,
        "iops" : 80.825880,
        "runtime" : 60154,
        "total_ios" : 4862,
        "short_ios" : 0,
        "drop_ios" : 0,
        "slat_ns" : {
          "min" : 5044,
          "max" : 5581535,
          "mean" : 58651.273550,
          "stddev" : 82184.986463,
          "N" : 4862
        },
        "clat_ns" : {
          "min" : 58438344,
          "max" : 15815881021,
          "mean" : 1331368383.607363,
          "stddev" : 1169825556.397082,
          "N" : 4862,
          "percentile" : {
            "1.000000" : 250609664,
            "5.000000" : 379584512,
            "10.000000" : 480247808,
            "20.000000" : 599785472,
            "30.000000" : 717225984,
            "40.000000" : 843055104,
            "50.000000" : 985661440,
            "60.000000" : 1149239296,
            "70.000000" : 1417674752,
            "80.000000" : 1786773504,
            "90.000000" : 2533359616,
            "95.000000" : 3506438144,
            "99.000000" : 5670699008,
            "99.500000" : 6476005376,
            "99.900000" : 12952010752,
            "99.950000" : 13220446208,
            "99.990000" : 15770583040
          }
        },
        "lat_ns" : {
          "min" : 58492175,
          "max" : 15815952756,
          "mean" : 1331427034.880913,
          "stddev" : 1169827766.046360,
          "N" : 4862
        },
        "bw_min" : 756,
        "bw_max" : 6016,
        "bw_agg" : 100.000000,
        "bw_mean" : 1860.307071,
        "bw_dev" : 51.518610,
        "bw_samples" : 1890,
        "iops_min" : 36,
        "iops_max" : 376,
        "iops_mean" : 115.683405,
        "iops_stddev" : 3.217416,
        "iops_samples" : 1890
      },
      "trim" : {
        "io_bytes" : 0,
        "io_kbytes" : 0,
        "bw_bytes" : 0,
        "bw" : 0,
        "iops" : 0.000000,
        "runtime" : 0,
        "total_ios" : 0,
        "short_ios" : 0,
        "drop_ios" : 0,
        "slat_ns" : {
          "min" : 0,
          "max" : 0,
          "mean" : 0.000000,
          "stddev" : 0.000000,
          "N" : 0
        },
        "clat_ns" : {
          "min" : 0,
          "max" : 0,
          "mean" : 0.000000,
          "stddev" : 0.000000,
          "N" : 0
        },
        "lat_ns" : {
          "min" : 0,
          "max" : 0,
          "mean" : 0.000000,
          "stddev" : 0.000000,
          "N" : 0
        },
        "bw_min" : 0,
        "bw_max" : 0,
        "bw_agg" : 0.000000,
        "bw_mean" : 0.000000,
        "bw_dev" : 0.000000,
        "bw_samples" : 0,
        "iops_min" : 0,
        "iops_max" : 0,
        "iops_mean" : 0.000000,
        "iops_stddev" : 0.000000,
        "iops_samples" : 0
      },
      "sync" : {
        "total_ios" : 0,
        "lat_ns" : {
          "min" : 0,
          "max" : 0,
          "mean" : 0.000000,
          "stddev" : 0.000000,
          "N" : 0
        }
      },
      "job_runtime" : 1441483,
      "usr_cpu" : 0.025391,
      "sys_cpu" : 0.130837,
      "ctx" : 11483,
      "majf" : 0,
      "minf" : 359,
      "iodepth_level" : {
        "1" : 0.149291,
        "2" : 0.298582,
        "4" : 0.597163,
        "8" : 1.194327,
        "16" : 97.760637,
        "32" : 0.000000,
        ">=64" : 0.000000
      },
      "iodepth_submit" : {
        "0" : 0.000000,
        "4" : 100.000000,
        "8" : 0.000000,
        "16" : 0.000000,
        "32" : 0.000000,
        "64" : 0.000000,
        ">=64" : 0.000000
      },
      "iodepth_complete" : {
        "0" : 0.000000,
        "4" : 99.847522,
        "8" : 0.000000,
        "16" : 0.152478,
        "32" : 0.000000,
        "64" : 0.000000,
        ">=64" : 0.000000
      },
      "latency_ns" : {
        "2" : 0.000000,
        "4" : 0.000000,
        "10" : 0.000000,
        "20" : 0.000000,
        "50" : 0.000000,
        "100" : 0.000000,
        "250" : 0.000000,
        "500" : 0.000000,
        "750" : 0.000000,
        "1000" : 0.000000
      },
      "latency_us" : {
        "2" : 0.000000,
        "4" : 0.000000,
        "10" : 0.010000,
        "20" : 0.143070,
        "50" : 0.000000,
        "100" : 0.000000,
        "250" : 0.000000,
        "500" : 0.000000,
        "750" : 0.000000,
        "1000" : 0.000000
      },
      "latency_ms" : {
        "2" : 0.000000,
        "4" : 0.000000,
        "10" : 0.000000,
        "20" : 0.000000,
        "50" : 0.012441,
        "100" : 0.105748,
        "250" : 1.113461,
        "500" : 10.923115,
        "750" : 20.670565,
        "1000" : 18.151281,
        "2000" : 32.968400,
        ">=2000" : 15.905698
      },
      "latency_depth" : 16,
      "latency_target" : 0,
      "latency_percentile" : 100.000000,
      "latency_window" : 0
    }
  ],
  "disk_util" : [
    {
      "name" : "bcache0",
      "read_ios" : 11194,
      "write_ios" : 4212,
      "read_sectors" : 358208,
      "write_sectors" : 0,
      "read_merges" : 0,
      "write_merges" : 0,
      "read_ticks" : 1434641,
      "write_ticks" : 84529,
      "in_queue" : 1519170,
      "util" : 99.953365,
      "aggr_read_ios" : 5607,
      "aggr_write_ios" : 7893,
      "aggr_read_sectors" : 179428,
      "aggr_write_sectors" : 256928,
      "aggr_read_merges" : 0,
      "aggr_write_merge" : 29,
      "aggr_read_ticks" : 719316,
      "aggr_write_ticks" : 29976,
      "aggr_in_queue" : 752248,