{
  "fio version" : "fio-3.36",
  "timestamp" : 1750634236,
  "timestamp_ms" : 1750634236588,
  "time" : "Sun Jun 22 23:17:16 2025",
  "global options" : {
    "ioengine" : "libaio",
    "direct" : "1",
    "directory" : "/mnt/test"
  },
  "jobs" : [
    {
      "jobname" : "database_mysql_innodb_test",
      "groupid" : 0,
      "job_start" : 1750634231540,
      "error" : 0,
      "eta" : 0,
      "elapsed" : 6,
      "job options" : {
        "rw" : "randrw",
        "rwmixread" : "70",
        "size" : "1M",
        "numjobs" : "8",
        "runtime" : "5",
        "iodepth" : "16",
        "bssplit" : "16k"
      },
      "read" : {
        "io_bytes" : 87367598080,
        "io_kbytes" : 85319920,
        "bw_bytes" : 17466533002,
        "bw" : 17057161,
        "iops" : 1066072.570972,
        "runtime" : 5002,
        "total_ios" : 5332495,
        "short_ios" : 0,
        "drop_ios" : 0,
        "slat_ns" : {
          "min" : 2003,
          "max" : 8292212,
          "mean" : 3216.356965,
          "stddev" : 13591.364580,
          "N" : 5332495
        },
        "clat_ns" : {
          "min" : 1174,
          "max" : 14161327,
          "mean" : 79146.372007,
          "stddev" : 88825.373620,
          "N" : 5332495,
          "percentile" : {
            "1.000000" : 58112,
            "5.000000" : 63232,
            "10.000000" : 66048,
            "20.000000" : 69120,
            "30.000000" : 72192,
            "40.000000" : 74240,
            "50.000000" : 76288,
            "60.000000" : 78336,
            "70.000000" : 81408,
            "80.000000" : 84480,
            "90.000000" : 88576,
            "95.000000" : 92672,
            "99.000000" : 108032,
            "99.500000" : 140288,
            "99.900000" : 354304,
            "99.950000" : 790528,
            "99.990000" : 4751360
          }
        },
        "lat_ns" : {
          "min" : 4149,
          "max" : 14164317,
          "mean" : 82362.728972,
          "stddev" : 90056.218990,
          "N" : 5332495
        },
        "bw_min" : 16280736,
        "bw_max" : 18680768,
        "bw_agg" : 100.000000,
        "bw_mean" : 17130660.622222,
        "bw_dev" : 105373.865821,
        "bw_samples" : 73,
        "iops_min" : 1017548,
        "iops_max" : 1167550,
        "iops_mean" : 1070666.511111,
        "iops_stddev" : 6585.882710,
        "iops_samples" : 73
      },
      "write" : {
        "io_bytes" : 37452562432,
        "io_kbytes" : 36574768,
        "bw_bytes" : 7487517479,
        "bw" : 7312028,
        "iops" : 457001.799280,
        "runtime" : 5002,
        "total_ios" : 2285923,
        "short_ios" : 0,
        "drop_ios" : 0,
        "slat_ns" : {
          "min" : 4190,
          "max" : 13110213,
          "mean" : 6743.617852,
          "stddev" : 28214.967564,
          "N" : 2285923
        },
        "clat_ns" : {
          "min" : 1320,
          "max" : 14156913,
          "mean" : 79640.425241,
          "stddev" : 89575.776709,
          "N" : 2285923,
          "percentile" : {
            "1.000000" : 59136,
            "5.000000" : 63744,
            "10.000000" : 66048,
            "20.000000" : 70144,
            "30.000000" : 72192,
            "40.000000" : 75264,
            "50.000000" : 77312,
            "60.000000" : 79360,
            "70.000000" : 81408,
            "80.000000" : 84480,
            "90.000000" : 88576,
            "95.000000" : 92672,
            "99.000000" : 109056,
            "99.500000" : 140288,
            "99.900000" : 346112,
            "99.950000" : 774144,
            "99.990000" : 4751360
          }
        },
        "lat_ns" : {
          "min" : 7225,
          "max" : 14167394,
          "mean" : 86384.043093,
          "stddev" : 94570.371545,
          "N" : 2285923
        },
        "bw_min" : 6979200,
        "bw_max" : 8019520,
        "bw_agg" : 100.000000,
        "bw_mean" : 7345530.311111,
        "bw_dev" : 45336.418224,
        "bw_samples" : 73,
        "iops_min" : 436200,
        "iops_max" : 501220,
        "iops_mean" : 459095.644444,
        "iops_stddev" : 2833.526139,
        "iops_samples" : 73
      },
      "trim" : {
        "io_bytes" : 0,
        "io_kbytes" : 0,
        "bw_bytes" : 0,
        "bw" : 0,
        "iops" : 0.000000,
        "runtime" : 0,
        "total_ios" : 0,
        "short_ios" : 0,
        "drop_ios" : 0,
        "slat_ns" : {
          "min" : 0,
          "max" : 0,
          "mean" : 0.000000,
          "stddev" : 0.000000,
          "N" : 0
        },
        "clat_ns" : {
          "min" : 0,
          "max" : 0,
          "mean" : 0.000000,
          "stddev" : 0.000000,
          "N" : 0
        },
        "lat_ns" : {
          "min" : 0,
          "max" : 0,
          "mean" : 0.000000,
          "stddev" : 0.000000,
          "N" : 0
        },
        "bw_min" : 0,
        "bw_max" : 0,
        "bw_agg" : 0.000000,
        "bw_mean" : 0.000000,
        "bw_dev" : 0.000000,
        "bw_samples" : 0,
        "iops_min" : 0,
        "iops_max" : 0,
        "iops_mean" : 0.000000,
        "iops_stddev" : 0.000000,
        "iops_samples" : 0
      },
      "sync" : {
        "total_ios" : 0,
        "lat_ns" : {
          "min" : 0,
          "max" : 0,
          "mean" : 0.000000,
          "stddev" : 0.000000,
          "N" : 0
        }
      },
      "job_runtime" : 40002,
      "usr_cpu" : 17.716614,
      "sys_cpu" : 79.363532,
      "ctx" : 10032,
      "majf" : 0,
      "minf" : 119,
      "iodepth_level" : {
        "1" : 0.100000,
        "2" : 0.100000,
        "4" : 0.100000,
        "8" : 0.100000,
        "16" : 99.998425,
        "32" : 0.000000,
        ">=64" : 0.000000
      },
      "iodepth_submit" : {
        "0" : 0.000000,
        "4" : 100.000000,
        "8" : 0.000000,
        "16" : 0.000000,
        "32" : 0.000000,
        "64" : 0.000000,
        ">=64" : 0.000000
      },
      "iodepth_complete" : {
        "0" : 0.000000,
        "4" : 99.999895,
        "8" : 0.000000,
        "16" : 0.100000,
        "32" : 0.000000,
        "64" : 0.000000,
        ">=64" : 0.000000
      },
      "latency_ns" : {
        "2" : 0.000000,
        "4" : 0.000000,
        "10" : 0.000000,
        "20" : 0.000000,
        "50" : 0.000000,
        "100" : 0.000000,
        "250" : 0.000000,
        "500" : 0.000000,
        "750" : 0.000000,
        "1000" : 0.000000
      },
      "latency_us" : {
        "2" : 0.010000,
        "4" : 0.000000,
        "10" : 0.010000,
        "20" : 0.010000,
        "50" : 0.010000,
        "100" : 98.267383,
        "250" : 1.553866,
        "500" : 0.102738,
        "750" : 0.017943,
        "1000" : 0.010000
      },
      "latency_ms" : {
        "2" : 0.013375,
        "4" : 0.013940,
        "10" : 0.016486,
        "20" : 0.010000,
        "50" : 0.000000,
        "100" : 0.000000,
        "250" : 0.000000,
        "500" : 0.000000,
        "750" : 0.000000,
        "1000" : 0.000000,
        "2000" : 0.000000,
        ">=2000" : 0.000000
      },
      "latency_depth" : 16,
      "latency_target" : 0,
      "latency_percentile" : 100.000000,
      "latency_window" : 0
    }
  ]
}
