{
  "fio version" : "fio-3.36",
  "timestamp" : 1752815634,
  "timestamp_ms" : 1752815634654,
  "time" : "Fri Jul 18 05:13:54 2025",
  "global options" : {
    "ioengine" : "libaio",
    "direct" : "1",
    "directory" : "/mnt/test",
    "buffer_compress_percentage" : "70",
    "buffer_pattern" : "0xdeadbeef"
  },
  "jobs" : [
    {
      "jobname" : "archive_test",
      "groupid" : 0,
      "job_start" : 1752815519699,
      "error" : 0,
      "eta" : 0,
      "elapsed" : 116,
      "job options" : {
        "rw" : "write",
        "size" : "10G",
        "numjobs" : "3",
        "runtime" : "180",
        "iodepth" : "128",
        "bssplit" : "64k/70:128k/30"
      },
      "read" : {
        "io_bytes" : 0,
        "io_kbytes" : 0,
        "bw_bytes" : 0,
        "bw" : 0,
        "iops" : 0.000000,
        "runtime" : 0,
        "total_ios" : 0,
        "short_ios" : 0,
        "drop_ios" : 0,
        "slat_ns" : {
          "min" : 0,
          "max" : 0,
          "mean" : 0.000000,
          "stddev" : 0.000000,
          "N" : 0
        },
        "clat_ns" : {
          "min" : 0,
          "max" : 0,
          "mean" : 0.000000,
          "stddev" : 0.000000,
          "N" : 0
        },
        "lat_ns" : {
          "min" : 0,
          "max" : 0,
          "mean" : 0.000000,
          "stddev" : 0.000000,
          "N" : 0
        },
        "bw_min" : 0,
        "bw_max" : 0,
        "bw_agg" : 0.000000,
        "bw_mean" : 0.000000,
        "bw_dev" : 0.000000,
        "bw_samples" : 0,
        "iops_min" : 0,
        "iops_max" : 0,
        "iops_mean" : 0.000000,
        "iops_stddev" : 0.000000,
        "iops_samples" : 0
      },
      "write" : {
        "io_bytes" : 32212254720,
        "io_kbytes" : 31457280,
        "bw_bytes" : 280301555,
        "bw" : 273731,
        "iops" : 3289.375218,
        "runtime" : 114920,
        "total_ios" : 378015,
        "short_ios" : 0,
        "drop_ios" : 0,
        "slat_ns" : {
          "min" : 8505,
          "max" : 31765948,
          "mean" : 71181.049601,
          "stddev" : 136863.130339,
          "N" : 378015
        },
        "clat_ns" : {
          "min" : 7069345,
          "max" : 857631251,
          "mean" : 116554894.597207,
          "stddev" : 103488036.947469,
          "N" : 378015,
          "percentile" : {
            "1.000000" : 64749568,
            "5.000000" : 71827456,
            "10.000000" : 72876032,
            "20.000000" : 76021760,
            "30.000000" : 79167488,
            "40.000000" : 83361792,
            "50.000000" : 86507520,
            "60.000000" : 92798976,
            "70.000000" : 100139008,
            "80.000000" : 109576192,
            "90.000000" : 129499136,
            "95.000000" : 442499072,
            "99.000000" : 549453824,
            "99.500000" : 599785472,
            "99.900000" : 801112064,
            "99.950000" : 809500672,
            "99.990000" : 859832320
          }
        },
        "lat_ns" : {
          "min" : 7087703,
          "max" : 857678455,
          "mean" : 116626075.646808,
          "stddev" : 103488602.347355,
          "N" : 378015
        },
        "bw_min" : 17408,
        "bw_max" : 444672,
        "bw_agg" : 100.000000,
        "bw_mean" : 276555.232623,
        "bw_dev" : 34987.883370,
        "bw_samples" : 680,
        "iops_min" : 218,
        "iops_max" : 5346,
        "iops_mean" : 3323.230361,
        "iops_stddev" : 420.051586,
        "iops_samples" : 680
      },
      "trim" : {
        "io_bytes" : 0,
        "io_kbytes" : 0,
        "bw_bytes" : 0,
        "bw" : 0,
        "iops" : 0.000000,
        "runtime" : 0,
        "total_ios" : 0,
        "short_ios" : 0,
        "drop_ios" : 0,
        "slat_ns" : {
          "min" : 0,
          "max" : 0,
          "mean" : 0.000000,
          "stddev" : 0.000000,
          "N" : 0
        },
        "clat_ns" : {
          "min" : 0,
          "max" : 0,
          "mean" : 0.000000,
          "stddev" : 0.000000,
          "N" : 0
        },
        "lat_ns" : {
          "min" : 0,
          "max" : 0,
          "mean" : 0.000000,
          "stddev" : 0.000000,
          "N" : 0
        },
        "bw_min" : 0,
        "bw_max" : 0,
        "bw_agg" : 0.000000,
        "bw_mean" : 0.000000,
        "bw_dev" : 0.000000,
        "bw_samples" : 0,
        "iops_min" : 0,
        "iops_max" : 0,
        "iops_mean" : 0.000000,
        "iops_stddev" : 0.000000,
        "iops_samples" : 0
      },
      "sync" : {
        "total_ios" : 0,
        "lat_ns" : {
          "min" : 0,
          "max" : 0,
          "mean" : 0.000000,
          "stddev" : 0.000000,
          "N" : 0
        }
      },
      "job_runtime" : 344575,
      "usr_cpu" : 5.781035,
      "sys_cpu" : 7.687151,
      "ctx" : 56495,
      "majf" : 0,
      "minf" : 34,
      "iodepth_level" : {
        "1" : 0.100000,
        "2" : 0.100000,
        "4" : 0.100000,
        "8" : 0.100000,
        "16" : 0.100000,
        "32" : 0.100000,
        ">=64" : 99.950002
      },
      "iodepth_submit" : {
        "0" : 0.000000,
        "4" : 100.000000,
        "8" : 0.000000,
        "16" : 0.000000,
        "32" : 0.000000,
        "64" : 0.000000,
        ">=64" : 0.000000
      },
      "iodepth_complete" : {
        "0" : 0.000000,
        "4" : 99.999206,
        "8" : 0.000000,
        "16" : 0.000000,
        "32" : 0.000000,
        "64" : 0.000000,
        ">=64" : 0.100000
      },
      "latency_ns" : {
        "2" : 0.000000,
        "4" : 0.000000,
        "10" : 0.000000,
        "20" : 0.000000,
        "50" : 0.000000,
        "100" : 0.000000,
        "250" : 0.000000,
        "500" : 0.000000,
        "750" : 0.000000,
        "1000" : 0.000000
      },
      "latency_us" : {
        "2" : 0.000000,
        "4" : 0.000000,
        "10" : 0.000000,
        "20" : 0.000000,
        "50" : 0.000000,
        "100" : 0.000000,
        "250" : 0.000000,
        "500" : 0.000000,
        "750" : 0.000000,
        "1000" : 0.000000
      },
      "latency_ms" : {
        "2" : 0.000000,
        "4" : 0.000000,
        "10" : 0.010000,
        "20" : 0.013227,
        "50" : 0.278031,
        "100" : 69.777125,
        "250" : 23.778686,
        "500" : 3.794029,
        "750" : 2.028226,
        "1000" : 0.321945,
        "2000" : 0.000000,
        ">=2000" : 0.000000
      },
      "latency_depth" : 128,
      "latency_target" : 0,
      "latency_percentile" : 100.000000,
      "latency_window" : 0
    }
  ]
}
