{
  "fio version" : "fio-3.36",
  "timestamp" : 1751206513,
  "timestamp_ms" : 1751206513535,
  "time" : "Sun Jun 29 14:15:13 2025",
  "global options" : {
    "ioengine" : "libaio",
    "direct" : "0",
    "directory" : "/mnt/test"
  },
  "jobs" : [
    {
      "jobname" : "webserver_test",
      "groupid" : 0,
      "job_start" : 1751206508481,
      "error" : 0,
      "eta" : 0,
      "elapsed" : 6,
      "job options" : {
        "rw" : "randread",
        "size" : "2M",
        "numjobs" : "16",
        "runtime" : "5",
        "iodepth" : "32",
        "bssplit" : "4k/90:8k/10"
      },
      "read" : {
        "io_bytes" : 489869312,
        "io_kbytes" : 478388,
        "bw_bytes" : 97661346,
        "bw" : 95372,
        "iops" : 22384.170654,
        "runtime" : 5016,
        "total_ios" : 112279,
        "short_ios" : 0,
        "drop_ios" : 0,
        "slat_ns" : {
          "min" : 650,
          "max" : 2018341670,
          "mean" : 694285.102290,
          "stddev" : 15061304.911631,
          "N" : 112279
        },
        "clat_ns" : {
          "min" : 1322,
          "max" : 4898603420,
          "mean" : 20446341.799963,
          "stddev" : 98203907.844599,
          "N" : 112279,
          "percentile" : {
            "1.000000" : 7307264,
            "5.000000" : 11468800,
            "10.000000" : 16711680,
            "20.000000" : 16711680,
            "30.000000" : 16711680,
            "40.000000" : 16908288,
            "50.000000" : 16908288,
            "60.000000" : 16908288,
            "70.000000" : 16908288,
            "80.000000" : 16908288,
            "90.000000" : 17432576,
            "95.000000" : 17432576,
            "99.000000" : 19529728,
            "99.500000" : 42205184,
            "99.900000" : 784334848,
            "99.950000" : 2038431744,
            "99.990000" : 4731174912
          }
        },
        "lat_ns" : {
          "min" : 44507,
          "max" : 4898655163,
          "mean" : 21140626.902252,
          "stddev" : 100838188.708780,
          "N" : 112279
        },
        "bw_min" : 55000,
        "bw_max" : 108384,
        "bw_agg" : 100.000000,
        "bw_mean" : 96233.688889,
        "bw_dev" : 1147.971947,
        "bw_samples" : 124,
        "iops_min" : 12964,
        "iops_max" : 25208,
        "iops_mean" : 22581.311111,
        "iops_stddev" : 266.989271,
        "iops_samples" : 124
      },
      "write" : {
        "io_bytes" : 0,
        "io_kbytes" : 0,
        "bw_bytes" : 0,
        "bw" : 0,
        "iops" : 0.000000,
        "runtime" : 0,
        "total_ios" : 0,
        "short_ios" : 0,
        "drop_ios" : 0,
        "slat_ns" : {
          "min" : 0,
          "max" : 0,
          "mean" : 0.000000,
          "stddev" : 0.000000,
          "N" : 0
        },
        "clat_ns" : {
          "min" : 0,
          "max" : 0,
          "mean" : 0.000000,
          "stddev" : 0.000000,
          "N" : 0
        },
        "lat_ns" : {
          "min" : 0,
          "max" : 0,
          "mean" : 0.000000,
          "stddev" : 0.000000,
          "N" : 0
        },
        "bw_min" : 0,
        "bw_max" : 0,
        "bw_agg" : 0.000000,
        "bw_mean" : 0.000000,
        "bw_dev" : 0.000000,
        "bw_samples" : 0,
        "iops_min" : 0,
        "iops_max" : 0,
        "iops_mean" : 0.000000,
        "iops_stddev" : 0.000000,
        "iops_samples" : 0
      },
      "trim" : {
        "io_bytes" : 0,
        "io_kbytes" : 0,
        "bw_bytes" : 0,
        "bw" : 0,
        "iops" : 0.000000,
        "runtime" : 0,
        "total_ios" : 0,
        "short_ios" : 0,
        "drop_ios" : 0,
        "slat_ns" : {
          "min" : 0,
          "max" : 0,
          "mean" : 0.000000,
          "stddev" : 0.000000,
          "N" : 0
        },
        "clat_ns" : {
          "min" : 0,
          "max" : 0,
          "mean" : 0.000000,
          "stddev" : 0.000000,
          "N" : 0
        },
        "lat_ns" : {
          "min" : 0,
          "max" : 0,
          "mean" : 0.000000,
          "stddev" : 0.000000,
          "N" : 0
        },
        "bw_min" : 0,
        "bw_max" : 0,
        "bw_agg" : 0.000000,
        "bw_mean" : 0.000000,
        "bw_dev" : 0.000000,
        "bw_samples" : 0,
        "iops_min" : 0,
        "iops_max" : 0,
        "iops_mean" : 0.000000,
        "iops_stddev" : 0.000000,
        "iops_samples" : 0
      },
      "sync" : {
        "total_ios" : 0,
        "lat_ns" : {
          "min" : 0,
          "max" : 0,
          "mean" : 0.000000,
          "stddev" : 0.000000,
          "N" : 0
        }
      },
      "job_runtime" : 80032,
      "usr_cpu" : 0.371102,
      "sys_cpu" : 1.929228,
      "ctx" : 108961,
      "majf" : 0,
      "minf" : 1142,
      "iodepth_level" : {
        "1" : 0.100000,
        "2" : 0.100000,
        "4" : 0.100000,
        "8" : 0.114002,
        "16" : 0.213753,
        "32" : 99.572494,
        ">=64" : 0.000000
      },
      "iodepth_submit" : {
        "0" : 0.000000,
        "4" : 100.000000,
        "8" : 0.000000,
        "16" : 0.000000,
        "32" : 0.000000,
        "64" : 0.000000,
        ">=64" : 0.000000
      },
      "iodepth_complete" : {
        "0" : 0.000000,
        "4" : 99.985691,
        "8" : 0.000000,
        "16" : 0.100000,
        "32" : 0.100000,
        "64" : 0.000000,
        ">=64" : 0.000000
      },
      "latency_ns" : {
        "2" : 0.000000,
        "4" : 0.000000,
        "10" : 0.000000,
        "20" : 0.000000,
        "50" : 0.000000,
        "100" : 0.000000,
        "250" : 0.000000,
        "500" : 0.000000,
        "750" : 0.000000,
        "1000" : 0.000000
      },
      "latency_us" : {
        "2" : 0.010688,
        "4" : 0.010000,
        "10" : 0.000000,
        "20" : 0.000000,
        "50" : 0.016031,
        "100" : 0.010000,
        "250" : 0.010000,
        "500" : 0.010000,
        "750" : 0.024938,
        "1000" : 0.010000
      },
      "latency_ms" : {
        "2" : 0.040969,
        "4" : 0.079267,
        "10" : 3.526928,
        "20" : 95.313460,
        "50" : 0.496086,
        "100" : 0.010000,
        "250" : 0.000000,
        "500" : 0.358927,
        "750" : 0.010000,
        "1000" : 0.017813,
        "2000" : 0.030282,
        ">=2000" : 0.063235
      },
      "latency_depth" : 32,
      "latency_target" : 0,
      "latency_percentile" : 100.000000,
      "latency_window" : 0
    }
  ]
}
