{
  "fio version" : "fio-3.36",
  "timestamp" : 1751207686,
  "timestamp_ms" : 1751207686408,
  "time" : "Sun Jun 29 14:34:46 2025",
  "global options" : {
    "ioengine" : "libaio",
    "direct" : "0",
    "directory" : "/mnt/test"
  },
  "jobs" : [
    {
      "jobname" : "archive_test",
      "groupid" : 0,
      "job_start" : 1751207681290,
      "error" : 0,
      "eta" : 0,
      "elapsed" : 6,
      "job options" : {
        "rw" : "write",
        "size" : "10M",
        "numjobs" : "2",
        "runtime" : "5",
        "iodepth" : "128",
        "bssplit" : "64k/70:128k/30"
      },
      "read" : {
        "io_bytes" : 0,
        "io_kbytes" : 0,
        "bw_bytes" : 0,
        "bw" : 0,
        "iops" : 0.000000,
        "runtime" : 0,
        "total_ios" : 0,
        "short_ios" : 0,
        "drop_ios" : 0,
        "slat_ns" : {
          "min" : 0,
          "max" : 0,
          "mean" : 0.000000,
          "stddev" : 0.000000,
          "N" : 0
        },
        "clat_ns" : {
          "min" : 0,
          "max" : 0,
          "mean" : 0.000000,
          "stddev" : 0.000000,
          "N" : 0
        },
        "lat_ns" : {
          "min" : 0,
          "max" : 0,
          "mean" : 0.000000,
          "stddev" : 0.000000,
          "N" : 0
        },
        "bw_min" : 0,
        "bw_max" : 0,
        "bw_agg" : 0.000000,
        "bw_mean" : 0.000000,
        "bw_dev" : 0.000000,
        "bw_samples" : 0,
        "iops_min" : 0,
        "iops_max" : 0,
        "iops_mean" : 0.000000,
        "iops_stddev" : 0.000000,
        "iops_samples" : 0
      },
      "write" : {
        "io_bytes" : 734134272,
        "io_kbytes" : 716928,
        "bw_bytes" : 144628501,
        "bw" : 141238,
        "iops" : 1702.324665,
        "runtime" : 5076,
        "total_ios" : 8641,
        "short_ios" : 0,
        "drop_ios" : 0,
        "slat_ns" : {
          "min" : 10414,
          "max" : 93780330,
          "mean" : 234748.213864,
          "stddev" : 2421279.979035,
          "N" : 8641
        },
        "clat_ns" : {
          "min" : 22905,
          "max" : 458245664,
          "mean" : 144496604.036570,
          "stddev" : 43596823.337997,
          "N" : 8641,
          "percentile" : {
            "1.000000" : 72876032,
            "5.000000" : 106430464,
            "10.000000" : 112721920,
            "20.000000" : 121110528,
            "30.000000" : 126353408,
            "40.000000" : 130547712,
            "50.000000" : 137363456,
            "60.000000" : 141557760,
            "70.000000" : 147849216,
            "80.000000" : 156237824,
            "90.000000" : 177209344,
            "95.000000" : 244318208,
            "99.000000" : 320864256,
            "99.500000" : 320864256,
            "99.900000" : 438304768,
            "99.950000" : 438304768,
            "99.990000" : 459276288
          }
        },
        "lat_ns" : {
          "min" : 3136925,
          "max" : 458263876,
          "mean" : 144731352.250434,
          "stddev" : 43528762.205224,
          "N" : 8641
        },
        "bw_min" : 80896,
        "bw_max" : 184704,
        "bw_agg" : 98.592617,
        "bw_mean" : 139251.200000,
        "bw_dev" : 18217.031818,
        "bw_samples" : 20,
        "iops_min" : 972,
        "iops_max" : 2228,
        "iops_mean" : 1677.000000,
        "iops_stddev" : 216.502194,
        "iops_samples" : 20
      },
      "trim" : {
        "io_bytes" : 0,
        "io_kbytes" : 0,
        "bw_bytes" : 0,
        "bw" : 0,
        "iops" : 0.000000,
        "runtime" : 0,
        "total_ios" : 0,
        "short_ios" : 0,
        "drop_ios" : 0,
        "slat_ns" : {
          "min" : 0,
          "max" : 0,
          "mean" : 0.000000,
          "stddev" : 0.000000,
          "N" : 0
        },
        "clat_ns" : {
          "min" : 0,
          "max" : 0,
          "mean" : 0.000000,
          "stddev" : 0.000000,
          "N" : 0
        },
        "lat_ns" : {
          "min" : 0,
          "max" : 0,
          "mean" : 0.000000,
          "stddev" : 0.000000,
          "N" : 0
        },
        "bw_min" : 0,
        "bw_max" : 0,
        "bw_agg" : 0.000000,
        "bw_mean" : 0.000000,
        "bw_dev" : 0.000000,
        "bw_samples" : 0,
        "iops_min" : 0,
        "iops_max" : 0,
        "iops_mean" : 0.000000,
        "iops_stddev" : 0.000000,
        "iops_samples" : 0
      },
      "sync" : {
        "total_ios" : 0,
        "lat_ns" : {
          "min" : 0,
          "max" : 0,
          "mean" : 0.000000,
          "stddev" : 0.000000,
          "N" : 0
        }
      },
      "job_runtime" : 10126,
      "usr_cpu" : 0.493778,
      "sys_cpu" : 12.156824,
      "ctx" : 764,
      "majf" : 0,
      "minf" : 25,
      "iodepth_level" : {
        "1" : 0.100000,
        "2" : 0.100000,
        "4" : 0.100000,
        "8" : 0.185164,
        "16" : 0.370328,
        "32" : 0.740655,
        ">=64" : 98.541835
      },
      "iodepth_submit" : {
        "0" : 0.000000,
        "4" : 100.000000,
        "8" : 0.000000,
        "16" : 0.000000,
        "32" : 0.000000,
        "64" : 0.000000,
        ">=64" : 0.000000
      },
      "iodepth_complete" : {
        "0" : 0.000000,
        "4" : 99.976159,
        "8" : 0.000000,
        "16" : 0.000000,
        "32" : 0.000000,
        "64" : 0.000000,
        ">=64" : 0.100000
      },
      "latency_ns" : {
        "2" : 0.000000,
        "4" : 0.000000,
        "10" : 0.000000,
        "20" : 0.000000,
        "50" : 0.000000,
        "100" : 0.000000,
        "250" : 0.000000,
        "500" : 0.000000,
        "750" : 0.000000,
        "1000" : 0.000000
      },
      "latency_us" : {
        "2" : 0.000000,
        "4" : 0.000000,
        "10" : 0.000000,
        "20" : 0.000000,
        "50" : 0.023145,
        "100" : 0.000000,
        "250" : 0.000000,
        "500" : 0.000000,
        "750" : 0.000000,
        "1000" : 0.000000
      },
      "latency_ms" : {
        "2" : 0.000000,
        "4" : 0.034718,
        "10" : 0.115727,
        "20" : 0.196736,
        "50" : 0.000000,
        "100" : 2.627011,
        "250" : 92.084250,
        "500" : 4.918412,
        "750" : 0.000000,
        "1000" : 0.000000,
        "2000" : 0.000000,
        ">=2000" : 0.000000
      },
      "latency_depth" : 128,
      "latency_target" : 0,
      "latency_percentile" : 100.000000,
      "latency_window" : 0
    }
  ]
}
