{
  "fio version" : "fio-3.36",
  "timestamp" : 1751198490,
  "timestamp_ms" : 1751198490237,
  "time" : "Sun Jun 29 12:01:30 2025",
  "global options" : {
    "ioengine" : "libaio",
    "direct" : "0",
    "directory" : "/mnt/test"
  },
  "jobs" : [
    {
      "jobname" : "database_test",
      "groupid" : 0,
      "job_start" : 1751198485192,
      "error" : 0,
      "eta" : 0,
      "elapsed" : 6,
      "job options" : {
        "rw" : "randrw",
        "rwmixread" : "70",
        "size" : "1M",
        "numjobs" : "8",
        "runtime" : "5",
        "iodepth" : "16",
        "bssplit" : "4k/80:8k/20"
      },
      "read" : {
        "io_bytes" : 41213952,
        "io_kbytes" : 40248,
        "bw_bytes" : 8216497,
        "bw" : 8023,
        "iops" : 1769.537480,
        "runtime" : 5016,
        "total_ios" : 8876,
        "short_ios" : 0,
        "drop_ios" : 0,
        "slat_ns" : {
          "min" : 669,
          "max" : 294815920,
          "mean" : 4280812.890266,
          "stddev" : 12304834.561273,
          "N" : 8876
        },
        "clat_ns" : {
          "min" : 11032,
          "max" : 418822117,
          "mean" : 46497344.470595,
          "stddev" : 55599513.405584,
          "N" : 8876,
          "percentile" : {
            "1.000000" : 30592,
            "5.000000" : 127488,
            "10.000000" : 148480,
            "20.000000" : 5472256,
            "30.000000" : 11862016,
            "40.000000" : 20578304,
            "50.000000" : 30277632,
            "60.000000" : 41680896,
            "70.000000" : 55836672,
            "80.000000" : 74973184,
            "90.000000" : 112721920,
            "95.000000" : 147849216,
            "99.000000" : 287309824,
            "99.500000" : 367001600,
            "99.900000" : 408944640,
            "99.950000" : 408944640,
            "99.990000" : 417333248
          }
        },
        "lat_ns" : {
          "min" : 24349,
          "max" : 418929934,
          "mean" : 50778157.360861,
          "stddev" : 59099387.155008,
          "N" : 8876
        },
        "bw_min" : 2432,
        "bw_max" : 30824,
        "bw_agg" : 100.000000,
        "bw_mean" : 8278.844444,
        "bw_dev" : 1035.128517,
        "bw_samples" : 75,
        "iops_min" : 532,
        "iops_max" : 6806,
        "iops_mean" : 1824.533333,
        "iops_stddev" : 228.429880,
        "iops_samples" : 75
      },
      "write" : {
        "io_bytes" : 18173952,
        "io_kbytes" : 17748,
        "bw_bytes" : 3623196,
        "bw" : 3538,
        "iops" : 786.283892,
        "runtime" : 5016,
        "total_ios" : 3944,
        "short_ios" : 0,
        "drop_ios" : 0,
        "slat_ns" : {
          "min" : 1932,
          "max" : 37734902,
          "mean" : 72875.943966,
          "stddev" : 972006.072931,
          "N" : 3944
        },
        "clat_ns" : {
          "min" : 22992,
          "max" : 413530562,
          "mean" : 46857198.259635,
          "stddev" : 57126771.011667,
          "N" : 3944,
          "percentile" : {
            "1.000000" : 31104,
            "5.000000" : 132096,
            "10.000000" : 154624,
            "20.000000" : 5799936,
            "30.000000" : 11730944,
            "40.000000" : 20316160,
            "50.000000" : 29753344,
            "60.000000" : 41156608,
            "70.000000" : 55312384,
            "80.000000" : 73924608,
            "90.000000" : 113770496,
            "95.000000" : 147849216,
            "99.000000" : 308281344,
            "99.500000" : 371195904,
            "99.900000" : 408944640,
            "99.950000" : 408944640,
            "99.990000" : 413138944
          }
        },
        "lat_ns" : {
          "min" : 25070,
          "max" : 413577366,
          "mean" : 46930074.203600,
          "stddev" : 57108819.503576,
          "N" : 3944
        },
        "bw_min" : 1104,
        "bw_max" : 13456,
        "bw_agg" : 100.000000,
        "bw_mean" : 3665.244444,
        "bw_dev" : 450.782074,
        "bw_samples" : 75,
        "iops_min" : 244,
        "iops_max" : 2982,
        "iops_mean" : 813.800000,
        "iops_stddev" : 99.805664,
        "iops_samples" : 75
      },
      "trim" : {
        "io_bytes" : 0,
        "io_kbytes" : 0,
        "bw_bytes" : 0,
        "bw" : 0,
        "iops" : 0.000000,
        "runtime" : 0,
        "total_ios" : 0,
        "short_ios" : 0,
        "drop_ios" : 0,
        "slat_ns" : {
          "min" : 0,
          "max" : 0,
          "mean" : 0.000000,
          "stddev" : 0.000000,
          "N" : 0
        },
        "clat_ns" : {
          "min" : 0,
          "max" : 0,
          "mean" : 0.000000,
          "stddev" : 0.000000,
          "N" : 0
        },
        "lat_ns" : {
          "min" : 0,
          "max" : 0,
          "mean" : 0.000000,
          "stddev" : 0.000000,
          "N" : 0
        },
        "bw_min" : 0,
        "bw_max" : 0,
        "bw_agg" : 0.000000,
        "bw_mean" : 0.000000,
        "bw_dev" : 0.000000,
        "bw_samples" : 0,
        "iops_min" : 0,
        "iops_max" : 0,
        "iops_mean" : 0.000000,
        "iops_stddev" : 0.000000,
        "iops_samples" : 0
      },
      "sync" : {
        "total_ios" : 0,
        "lat_ns" : {
          "min" : 0,
          "max" : 0,
          "mean" : 0.000000,
          "stddev" : 0.000000,
          "N" : 0
        }
      },
      "job_runtime" : 40032,
      "usr_cpu" : 0.519584,
      "sys_cpu" : 2.493006,
      "ctx" : 8411,
      "majf" : 0,
      "minf" : 115,
      "iodepth_level" : {
        "1" : 0.100000,
        "2" : 0.124805,
        "4" : 0.249610,
        "8" : 0.499220,
        "16" : 99.063963,
        "32" : 0.000000,
        ">=64" : 0.000000
      },
      "iodepth_submit" : {
        "0" : 0.000000,
        "4" : 100.000000,
        "8" : 0.000000,
        "16" : 0.000000,
        "32" : 0.000000,
        "64" : 0.000000,
        ">=64" : 0.000000
      },
      "iodepth_complete" : {
        "0" : 0.000000,
        "4" : 99.937048,
        "8" : 0.000000,
        "16" : 0.100000,
        "32" : 0.000000,
        "64" : 0.000000,
        ">=64" : 0.000000
      },
      "latency_ns" : {
        "2" : 0.000000,
        "4" : 0.000000,
        "10" : 0.000000,
        "20" : 0.000000,
        "50" : 0.000000,
        "100" : 0.000000,
        "250" : 0.000000,
        "500" : 0.000000,
        "750" : 0.000000,
        "1000" : 0.000000
      },
      "latency_us" : {
        "2" : 0.000000,
        "4" : 0.000000,
        "10" : 0.000000,
        "20" : 0.054602,
        "50" : 1.677067,
        "100" : 0.046802,
        "250" : 11.396256,
        "500" : 0.000000,
        "750" : 0.010000,
        "1000" : 0.010000
      },
      "latency_ms" : {
        "2" : 0.507020,
        "4" : 4.500780,
        "10" : 8.478939,
        "20" : 12.808112,
        "50" : 26.856474,
        "100" : 21.224649,
        "250" : 11.131045,
        "500" : 1.302652,
        "750" : 0.000000,
        "1000" : 0.000000,
        "2000" : 0.000000,
        ">=2000" : 0.000000
      },
      "latency_depth" : 16,
      "latency_target" : 0,
      "latency_percentile" : 100.000000,
      "latency_window" : 0
    }
  ]
}
