{
  "fio version" : "fio-3.36",
  "timestamp" : 1752809896,
  "timestamp_ms" : 1752809896511,
  "time" : "Fri Jul 18 03:38:16 2025",
  "global options" : {
    "ioengine" : "libaio",
    "direct" : "0",
    "directory" : "/mnt/test",
    "buffer_compress_percentage" : "70",
    "buffer_pattern" : "0xdeadbeef"
  },
  "jobs" : [
    {
      "jobname" : "webserver_test",
      "groupid" : 0,
      "job_start" : 1752809776461,
      "error" : 0,
      "eta" : 0,
      "elapsed" : 121,
      "job options" : {
        "rw" : "randread",
        "size" : "2G",
        "numjobs" : "16",
        "runtime" : "120",
        "iodepth" : "32",
        "bssplit" : "4k/90:8k/10"
      },
      "read" : {
        "io_bytes" : 33214959616,
        "io_kbytes" : 32436484,
        "bw_bytes" : 276789023,
        "bw" : 270301,
        "iops" : 63405.888284,
        "runtime" : 120001,
        "total_ios" : 7608770,
        "short_ios" : 0,
        "drop_ios" : 0,
        "slat_ns" : {
          "min" : 111670,
          "max" : 3334923,
          "mean" : 250254.132870,
          "stddev" : 64761.933738,
          "N" : 7608770
        },
        "clat_ns" : {
          "min" : 1389,
          "max" : 12208958,
          "mean" : 7823154.725753,
          "stddev" : 373556.038060,
          "N" : 7608770,
          "percentile" : {
            "1.000000" : 7045120,
            "5.000000" : 7241728,
            "10.000000" : 7372800,
            "20.000000" : 7503872,
            "30.000000" : 7634944,
            "40.000000" : 7700480,
            "50.000000" : 7831552,
            "60.000000" : 7897088,
            "70.000000" : 8028160,
            "80.000000" : 8159232,
            "90.000000" : 8290304,
            "95.000000" : 8454144,
            "99.000000" : 8716288,
            "99.500000" : 8847360,
            "99.900000" : 9109504,
            "99.950000" : 9371648,
            "99.990000" : 10813440
          }
        },
        "lat_ns" : {
          "min" : 140669,
          "max" : 12554518,
          "mean" : 8073408.858623,
          "stddev" : 380259.187387,
          "N" : 7608770
        },
        "bw_min" : 261696,
        "bw_max" : 278040,
        "bw_agg" : 100.000000,
        "bw_mean" : 270329.317992,
        "bw_dev" : 176.670517,
        "bw_samples" : 3824,
        "iops_min" : 59816,
        "iops_max" : 65468,
        "iops_mean" : 63405.472803,
        "iops_stddev" : 56.957325,
        "iops_samples" : 3824
      },
      "write" : {
        "io_bytes" : 0,
        "io_kbytes" : 0,
        "bw_bytes" : 0,
        "bw" : 0,
        "iops" : 0.000000,
        "runtime" : 0,
        "total_ios" : 0,
        "short_ios" : 0,
        "drop_ios" : 0,
        "slat_ns" : {
          "min" : 0,
          "max" : 0,
          "mean" : 0.000000,
          "stddev" : 0.000000,
          "N" : 0
        },
        "clat_ns" : {
          "min" : 0,
          "max" : 0,
          "mean" : 0.000000,
          "stddev" : 0.000000,
          "N" : 0
        },
        "lat_ns" : {
          "min" : 0,
          "max" : 0,
          "mean" : 0.000000,
          "stddev" : 0.000000,
          "N" : 0
        },
        "bw_min" : 0,
        "bw_max" : 0,
        "bw_agg" : 0.000000,
        "bw_mean" : 0.000000,
        "bw_dev" : 0.000000,
        "bw_samples" : 0,
        "iops_min" : 0,
        "iops_max" : 0,
        "iops_mean" : 0.000000,
        "iops_stddev" : 0.000000,
        "iops_samples" : 0
      },
      "trim" : {
        "io_bytes" : 0,
        "io_kbytes" : 0,
        "bw_bytes" : 0,
        "bw" : 0,
        "iops" : 0.000000,
        "runtime" : 0,
        "total_ios" : 0,
        "short_ios" : 0,
        "drop_ios" : 0,
        "slat_ns" : {
          "min" : 0,
          "max" : 0,
          "mean" : 0.000000,
          "stddev" : 0.000000,
          "N" : 0
        },
        "clat_ns" : {
          "min" : 0,
          "max" : 0,
          "mean" : 0.000000,
          "stddev" : 0.000000,
          "N" : 0
        },
        "lat_ns" : {
          "min" : 0,
          "max" : 0,
          "mean" : 0.000000,
          "stddev" : 0.000000,
          "N" : 0
        },
        "bw_min" : 0,
        "bw_max" : 0,
        "bw_agg" : 0.000000,
        "bw_mean" : 0.000000,
        "bw_dev" : 0.000000,
        "bw_samples" : 0,
        "iops_min" : 0,
        "iops_max" : 0,
        "iops_mean" : 0.000000,
        "iops_stddev" : 0.000000,
        "iops_samples" : 0
      },
      "sync" : {
        "total_ios" : 0,
        "lat_ns" : {
          "min" : 0,
          "max" : 0,
          "mean" : 0.000000,
          "stddev" : 0.000000,
          "N" : 0
        }
      },
      "job_runtime" : 1920000,
      "usr_cpu" : 0.837812,
      "sys_cpu" : 4.351615,
      "ctx" : 7609046,
      "majf" : 0,
      "minf" : 1179,
      "iodepth_level" : {
        "1" : 0.100000,
        "2" : 0.100000,
        "4" : 0.100000,
        "8" : 0.100000,
        "16" : 0.100000,
        "32" : 99.993481,
        ">=64" : 0.000000
      },
      "iodepth_submit" : {
        "0" : 0.000000,
        "4" : 100.000000,
        "8" : 0.000000,
        "16" : 0.000000,
        "32" : 0.000000,
        "64" : 0.000000,
        ">=64" : 0.000000
      },
      "iodepth_complete" : {
        "0" : 0.000000,
        "4" : 99.999790,
        "8" : 0.000000,
        "16" : 0.000000,
        "32" : 0.100000,
        "64" : 0.000000,
        ">=64" : 0.000000
      },
      "latency_ns" : {
        "2" : 0.000000,
        "4" : 0.000000,
        "10" : 0.000000,
        "20" : 0.000000,
        "50" : 0.000000,
        "100" : 0.000000,
        "250" : 0.000000,
        "500" : 0.000000,
        "750" : 0.000000,
        "1000" : 0.000000
      },
      "latency_us" : {
        "2" : 0.010000,
        "4" : 0.000000,
        "10" : 0.000000,
        "20" : 0.000000,
        "50" : 0.000000,
        "100" : 0.000000,
        "250" : 0.010000,
        "500" : 0.010000,
        "750" : 0.010000,
        "1000" : 0.010000
      },
      "latency_ms" : {
        "2" : 0.010000,
        "4" : 0.010000,
        "10" : 99.981653,
        "20" : 0.014707,
        "50" : 0.000000,
        "100" : 0.000000,
        "250" : 0.000000,
        "500" : 0.000000,
        "750" : 0.000000,
        "1000" : 0.000000,
        "2000" : 0.000000,
        ">=2000" : 0.000000
      },
      "latency_depth" : 32,
      "latency_target" : 0,
      "latency_percentile" : 100.000000,
      "latency_window" : 0
    }
  ]
}
