{
  "fio version" : "fio-3.36",
  "timestamp" : 1752832888,
  "timestamp_ms" : 1752832888959,
  "time" : "Fri Jul 18 10:01:28 2025",
  "global options" : {
    "ioengine" : "libaio",
    "direct" : "0",
    "directory" : "/mnt/test",
    "buffer_compress_percentage" : "70",
    "buffer_pattern" : "0xdeadbeef"
  },
  "jobs" : [
    {
      "jobname" : "database_test",
      "groupid" : 0,
      "job_start" : 1752832828918,
      "error" : 0,
      "eta" : 0,
      "elapsed" : 61,
      "job options" : {
        "rw" : "randrw",
        "rwmixread" : "70",
        "size" : "1G",
        "numjobs" : "24",
        "runtime" : "60",
        "iodepth" : "16",
        "bssplit" : "4k/80:8k/20"
      },
      "read" : {
        "io_bytes" : 11190898688,
        "io_kbytes" : 10928612,
        "bw_bytes" : 186505652,
        "bw" : 182134,
        "iops" : 39433.744979,
        "runtime" : 60003,
        "total_ios" : 2366143,
        "short_ios" : 0,
        "drop_ios" : 0,
        "slat_ns" : {
          "min" : 44564,
          "max" : 24639741,
          "mean" : 586769.416367,
          "stddev" : 952995.336876,
          "N" : 2366143
        },
        "clat_ns" : {
          "min" : 3396,
          "max" : 85375146,
          "mean" : 6389649.896861,
          "stddev" : 6051258.608241,
          "N" : 2366143,
          "percentile" : {
            "1.000000" : 1105920,
            "5.000000" : 1400832,
            "10.000000" : 1613824,
            "20.000000" : 2113536,
            "30.000000" : 3096576,
            "40.000000" : 4112384,
            "50.000000" : 4947968,
            "60.000000" : 5865472,
            "70.000000" : 7045120,
            "80.000000" : 8847360,
            "90.000000" : 12517376,
            "95.000000" : 15925248,
            "99.000000" : 34340864,
            "99.500000" : 42205184,
            "99.900000" : 55836672,
            "99.950000" : 60555264,
            "99.990000" : 69730304
          }
        },
        "lat_ns" : {
          "min" : 107910,
          "max" : 89421377,
          "mean" : 6976419.313227,
          "stddev" : 6501670.533225,
          "N" : 2366143
        },
        "bw_min" : 31976,
        "bw_max" : 553968,
        "bw_agg" : 99.999217,
        "bw_mean" : 182133.949580,
        "bw_dev" : 2795.070481,
        "bw_samples" : 2856,
        "iops_min" : 7168,
        "iops_max" : 115676,
        "iops_mean" : 39422.201681,
        "iops_stddev" : 598.100849,
        "iops_samples" : 2856
      },
      "write" : {
        "io_bytes" : 4797517824,
        "io_kbytes" : 4685076,
        "bw_bytes" : 79954632,
        "bw" : 78080,
        "iops" : 16906.104695,
        "runtime" : 60003,
        "total_ios" : 1014417,
        "short_ios" : 0,
        "drop_ios" : 0,
        "slat_ns" : {
          "min" : 2539,
          "max" : 57130962,
          "mean" : 25497.886696,
          "stddev" : 375587.361781,
          "N" : 1014417
        },
        "clat_ns" : {
          "min" : 330047,
          "max" : 85398169,
          "mean" : 6399016.651982,
          "stddev" : 6063767.736300,
          "N" : 1014417,
          "percentile" : {
            "1.000000" : 1089536,
            "5.000000" : 1400832,
            "10.000000" : 1613824,
            "20.000000" : 2113536,
            "30.000000" : 3096576,
            "40.000000" : 4112384,
            "50.000000" : 4947968,
            "60.000000" : 5865472,
            "70.000000" : 7045120,
            "80.000000" : 8847360,
            "90.000000" : 12648448,
            "95.000000" : 15925248,
            "99.000000" : 34340864,
            "99.500000" : 42729472,
            "99.900000" : 55312384,
            "99.950000" : 60030976,
            "99.990000" : 68681728
          }
        },
        "lat_ns" : {
          "min" : 345545,
          "max" : 85425079,
          "mean" : 6424514.538679,
          "stddev" : 6077692.143230,
          "N" : 1014417
        },
        "bw_min" : 13296,
        "bw_max" : 238976,
        "bw_agg" : 100.000000,
        "bw_mean" : 78086.092437,
        "bw_dev" : 1214.304047,
        "bw_samples" : 2856,
        "iops_min" : 2978,
        "iops_max" : 50004,
        "iops_mean" : 16902.571429,
        "iops_stddev" : 260.150695,
        "iops_samples" : 2856
      },
      "trim" : {
        "io_bytes" : 0,
        "io_kbytes" : 0,
        "bw_bytes" : 0,
        "bw" : 0,
        "iops" : 0.000000,
        "runtime" : 0,
        "total_ios" : 0,
        "short_ios" : 0,
        "drop_ios" : 0,
        "slat_ns" : {
          "min" : 0,
          "max" : 0,
          "mean" : 0.000000,
          "stddev" : 0.000000,
          "N" : 0
        },
        "clat_ns" : {
          "min" : 0,
          "max" : 0,
          "mean" : 0.000000,
          "stddev" : 0.000000,
          "N" : 0
        },
        "lat_ns" : {
          "min" : 0,
          "max" : 0,
          "mean" : 0.000000,
          "stddev" : 0.000000,
          "N" : 0
        },
        "bw_min" : 0,
        "bw_max" : 0,
        "bw_agg" : 0.000000,
        "bw_mean" : 0.000000,
        "bw_dev" : 0.000000,
        "bw_samples" : 0,
        "iops_min" : 0,
        "iops_max" : 0,
        "iops_mean" : 0.000000,
        "iops_stddev" : 0.000000,
        "iops_samples" : 0
      },
      "sync" : {
        "total_ios" : 0,
        "lat_ns" : {
          "min" : 0,
          "max" : 0,
          "mean" : 0.000000,
          "stddev" : 0.000000,
          "N" : 0
        }
      },
      "job_runtime" : 1440005,
      "usr_cpu" : 1.663605,
      "sys_cpu" : 7.558446,
      "ctx" : 2512120,
      "majf" : 0,
      "minf" : 307,
      "iodepth_level" : {
        "1" : 0.100000,
        "2" : 0.100000,
        "4" : 0.100000,
        "8" : 0.100000,
        "16" : 99.989351,
        "32" : 0.000000,
        ">=64" : 0.000000
      },
      "iodepth_submit" : {
        "0" : 0.000000,
        "4" : 100.000000,
        "8" : 0.000000,
        "16" : 0.000000,
        "32" : 0.000000,
        "64" : 0.000000,
        ">=64" : 0.000000
      },
      "iodepth_complete" : {
        "0" : 0.000000,
        "4" : 99.999290,
        "8" : 0.000000,
        "16" : 0.100000,
        "32" : 0.000000,
        "64" : 0.000000,
        ">=64" : 0.000000
      },
      "latency_ns" : {
        "2" : 0.000000,
        "4" : 0.000000,
        "10" : 0.000000,
        "20" : 0.000000,
        "50" : 0.000000,
        "100" : 0.000000,
        "250" : 0.000000,
        "500" : 0.000000,
        "750" : 0.000000,
        "1000" : 0.000000
      },
      "latency_us" : {
        "2" : 0.000000,
        "4" : 0.010000,
        "10" : 0.010000,
        "20" : 0.010000,
        "50" : 0.010000,
        "100" : 0.000000,
        "250" : 0.010000,
        "500" : 0.010000,
        "750" : 0.035172,
        "1000" : 0.430639
      },
      "latency_ms" : {
        "2" : 17.548099,
        "4" : 20.965787,
        "10" : 44.821568,
        "20" : 13.519210,
        "50" : 2.473377,
        "100" : 0.204019,
        "250" : 0.000000,
        "500" : 0.000000,
        "750" : 0.000000,
        "1000" : 0.000000,
        "2000" : 0.000000,
        ">=2000" : 0.000000
      },
      "latency_depth" : 16,
      "latency_target" : 0,
      "latency_percentile" : 100.000000,
      "latency_window" : 0
    }
  ]
}
