{
  "fio version" : "fio-3.36",
  "timestamp" : 1752163896,
  "timestamp_ms" : 1752163896353,
  "time" : "Thu Jul 10 16:11:36 2025",
  "global options" : {
    "ioengine" : "libaio",
    "direct" : "1",
    "directory" : "/mnt/test"
  },
  "jobs" : [
    {
      "jobname" : "archive_test",
      "groupid" : 0,
      "job_start" : 1752163716094,
      "error" : 0,
      "eta" : 0,
      "elapsed" : 181,
      "job options" : {
        "rw" : "write",
        "size" : "10G",
        "numjobs" : "3",
        "runtime" : "180",
        "iodepth" : "128",
        "bssplit" : "64k/70:128k/30"
      },
      "read" : {
        "io_bytes" : 0,
        "io_kbytes" : 0,
        "bw_bytes" : 0,
        "bw" : 0,
        "iops" : 0.000000,
        "runtime" : 0,
        "total_ios" : 0,
        "short_ios" : 0,
        "drop_ios" : 0,
        "slat_ns" : {
          "min" : 0,
          "max" : 0,
          "mean" : 0.000000,
          "stddev" : 0.000000,
          "N" : 0
        },
        "clat_ns" : {
          "min" : 0,
          "max" : 0,
          "mean" : 0.000000,
          "stddev" : 0.000000,
          "N" : 0
        },
        "lat_ns" : {
          "min" : 0,
          "max" : 0,
          "mean" : 0.000000,
          "stddev" : 0.000000,
          "N" : 0
        },
        "bw_min" : 0,
        "bw_max" : 0,
        "bw_agg" : 0.000000,
        "bw_mean" : 0.000000,
        "bw_dev" : 0.000000,
        "bw_samples" : 0,
        "iops_min" : 0,
        "iops_max" : 0,
        "iops_mean" : 0.000000,
        "iops_stddev" : 0.000000,
        "iops_samples" : 0
      },
      "write" : {
        "io_bytes" : 25009586176,
        "io_kbytes" : 24423424,
        "bw_bytes" : 138768684,
        "bw" : 135516,
        "iops" : 1628.425579,
        "runtime" : 180225,
        "total_ios" : 293483,
        "short_ios" : 0,
        "drop_ios" : 0,
        "slat_ns" : {
          "min" : 2556,
          "max" : 5260192,
          "mean" : 28331.847548,
          "stddev" : 32189.202353,
          "N" : 293483
        },
        "clat_ns" : {
          "min" : 846906,
          "max" : 599724159,
          "mean" : 235689359.805185,
          "stddev" : 24960845.687449,
          "N" : 293483,
          "percentile" : {
            "1.000000" : 196083712,
            "5.000000" : 219152384,
            "10.000000" : 223346688,
            "20.000000" : 225443840,
            "30.000000" : 227540992,
            "40.000000" : 231735296,
            "50.000000" : 233832448,
            "60.000000" : 235929600,
            "70.000000" : 238026752,
            "80.000000" : 242221056,
            "90.000000" : 250609664,
            "95.000000" : 261095424,
            "99.000000" : 337641472,
            "99.500000" : 354418688,
            "99.900000" : 455081984,
            "99.950000" : 488636416,
            "99.990000" : 530579456
          }
        },
        "lat_ns" : {
          "min" : 869262,
          "max" : 599762416,
          "mean" : 235717691.652732,
          "stddev" : 24959672.327565,
          "N" : 293483
        },
        "bw_min" : 62848,
        "bw_max" : 184569,
        "bw_agg" : 100.000000,
        "bw_mean" : 135664.876764,
        "bw_dev" : 5227.196967,
        "bw_samples" : 1079,
        "iops_min" : 768,
        "iops_max" : 2208,
        "iops_mean" : 1629.973793,
        "iops_stddev" : 62.073335,
        "iops_samples" : 1079
      },
      "trim" : {
        "io_bytes" : 0,
        "io_kbytes" : 0,
        "bw_bytes" : 0,
        "bw" : 0,
        "iops" : 0.000000,
        "runtime" : 0,
        "total_ios" : 0,
        "short_ios" : 0,
        "drop_ios" : 0,
        "slat_ns" : {
          "min" : 0,
          "max" : 0,
          "mean" : 0.000000,
          "stddev" : 0.000000,
          "N" : 0
        },
        "clat_ns" : {
          "min" : 0,
          "max" : 0,
          "mean" : 0.000000,
          "stddev" : 0.000000,
          "N" : 0
        },
        "lat_ns" : {
          "min" : 0,
          "max" : 0,
          "mean" : 0.000000,
          "stddev" : 0.000000,
          "N" : 0
        },
        "bw_min" : 0,
        "bw_max" : 0,
        "bw_agg" : 0.000000,
        "bw_mean" : 0.000000,
        "bw_dev" : 0.000000,
        "bw_samples" : 0,
        "iops_min" : 0,
        "iops_max" : 0,
        "iops_mean" : 0.000000,
        "iops_stddev" : 0.000000,
        "iops_samples" : 0
      },
      "sync" : {
        "total_ios" : 0,
        "lat_ns" : {
          "min" : 0,
          "max" : 0,
          "mean" : 0.000000,
          "stddev" : 0.000000,
          "N" : 0
        }
      },
      "job_runtime" : 540470,
      "usr_cpu" : 0.655911,
      "sys_cpu" : 1.229485,
      "ctx" : 51172,
      "majf" : 0,
      "minf" : 40,
      "iodepth_level" : {
        "1" : 0.100000,
        "2" : 0.100000,
        "4" : 0.100000,
        "8" : 0.100000,
        "16" : 0.100000,
        "32" : 0.100000,
        ">=64" : 99.935601
      },
      "iodepth_submit" : {
        "0" : 0.000000,
        "4" : 100.000000,
        "8" : 0.000000,
        "16" : 0.000000,
        "32" : 0.000000,
        "64" : 0.000000,
        ">=64" : 0.000000
      },
      "iodepth_complete" : {
        "0" : 0.000000,
        "4" : 99.998976,
        "8" : 0.000000,
        "16" : 0.000000,
        "32" : 0.000000,
        "64" : 0.000000,
        ">=64" : 0.100000
      },
      "latency_ns" : {
        "2" : 0.000000,
        "4" : 0.000000,
        "10" : 0.000000,
        "20" : 0.000000,
        "50" : 0.000000,
        "100" : 0.000000,
        "250" : 0.000000,
        "500" : 0.000000,
        "750" : 0.000000,
        "1000" : 0.000000
      },
      "latency_us" : {
        "2" : 0.000000,
        "4" : 0.000000,
        "10" : 0.000000,
        "20" : 0.000000,
        "50" : 0.000000,
        "100" : 0.000000,
        "250" : 0.000000,
        "500" : 0.000000,
        "750" : 0.000000,
        "1000" : 0.010000
      },
      "latency_ms" : {
        "2" : 0.010000,
        "4" : 0.010000,
        "10" : 0.010000,
        "20" : 0.000000,
        "50" : 0.024192,
        "100" : 0.357431,
        "250" : 89.345891,
        "500" : 10.223761,
        "750" : 0.033051,
        "1000" : 0.000000,
        "2000" : 0.000000,
        ">=2000" : 0.000000
      },
      "latency_depth" : 128,
      "latency_target" : 0,
      "latency_percentile" : 100.000000,
      "latency_window" : 0
    }
  ],
  "disk_util" : [
    {
      "name" : "sda",
      "read_ios" : 60,
      "write_ios" : 27005,
      "read_sectors" : 3080,
      "write_sectors" : 48822160,
      "read_merges" : 139,
      "write_merges" : 266757,
      "read_ticks" : 15551,
      "write_ticks" : 6448021,
      "in_queue" : 6474079,
      "util" : 91.092344
    }
  ]
}
