{
  "fio version" : "fio-3.36",
  "timestamp" : 1748744287,
  "timestamp_ms" : 1748744287927,
  "time" : "Sun Jun  1 02:18:07 2025",
  "global options" : {
    "ioengine" : "libaio",
    "direct" : "1",
    "directory" : "/mnt/test",
    "buffer_compress_percentage" : "70",
    "buffer_pattern" : "0xdeadbeef"
  },
  "jobs" : [
    {
      "jobname" : "database_test",
      "groupid" : 0,
      "job_start" : 1748744227830,
      "error" : 0,
      "eta" : 0,
      "elapsed" : 61,
      "job options" : {
        "rw" : "randrw",
        "rwmixread" : "70",
        "size" : "1G",
        "numjobs" : "8",
        "runtime" : "60",
        "iodepth" : "16",
        "bssplit" : "4k/80:8k/20"
      },
      "read" : {
        "io_bytes" : 364294144,
        "io_kbytes" : 355756,
        "bw_bytes" : 6065402,
        "bw" : 5923,
        "iops" : 1238.873812,
        "runtime" : 60061,
        "total_ios" : 74408,
        "short_ios" : 0,
        "drop_ios" : 0,
        "slat_ns" : {
          "min" : 11193,
          "max" : 704842,
          "mean" : 44302.406462,
          "stddev" : 24045.218518,
          "N" : 74408
        },
        "clat_ns" : {
          "min" : 163649,
          "max" : 878011052,
          "mean" : 55429328.149231,
          "stddev" : 61256065.057750,
          "N" : 74408,
          "percentile" : {
            "1.000000" : 4292608,
            "5.000000" : 6455296,
            "10.000000" : 8454144,
            "20.000000" : 12648448,
            "30.000000" : 18219008,
            "40.000000" : 25034752,
            "50.000000" : 33816576,
            "60.000000" : 45350912,
            "70.000000" : 61603840,
            "80.000000" : 86507520,
            "90.000000" : 130547712,
            "95.000000" : 177209344,
            "99.000000" : 295698432,
            "99.500000" : 346030080,
            "99.900000" : 450887680,
            "99.950000" : 505413632,
            "99.990000" : 624951296
          }
        },
        "lat_ns" : {
          "min" : 191563,
          "max" : 878051078,
          "mean" : 55473630.555693,
          "stddev" : 61255590.261712,
          "N" : 74408
        },
        "bw_min" : 2624,
        "bw_max" : 8392,
        "bw_agg" : 100.000000,
        "bw_mean" : 5927.075000,
        "bw_dev" : 119.915268,
        "bw_samples" : 960,
        "iops_min" : 558,
        "iops_max" : 1706,
        "iops_mean" : 1239.683333,
        "iops_stddev" : 24.248627,
        "iops_samples" : 960
      },
      "write" : {
        "io_bytes" : 156844032,
        "io_kbytes" : 153168,
        "bw_bytes" : 2611412,
        "bw" : 2550,
        "iops" : 533.574200,
        "runtime" : 60061,
        "total_ios" : 32047,
        "short_ios" : 0,
        "drop_ios" : 0,
        "slat_ns" : {
          "min" : 14113,
          "max" : 632234,
          "mean" : 45361.228196,
          "stddev" : 11619.573144,
          "N" : 32047
        },
        "clat_ns" : {
          "min" : 1032519,
          "max" : 522411766,
          "mean" : 110943442.269760,
          "stddev" : 68484267.120614,
          "N" : 32047,
          "percentile" : {
            "1.000000" : 4554752,
            "5.000000" : 16908288,
            "10.000000" : 29491200,
            "20.000000" : 51642368,
            "30.000000" : 69730304,
            "40.000000" : 86507520,
            "50.000000" : 101187584,
            "60.000000" : 117964800,
            "70.000000" : 139460608,
            "80.000000" : 162529280,
            "90.000000" : 198180864,
            "95.000000" : 233832448,
            "99.000000" : 304087040,
            "99.500000" : 362807296,
            "99.900000" : 488636416,
            "99.950000" : 492830720,
            "99.990000" : 513802240
          }
        },
        "lat_ns" : {
          "min" : 1073436,
          "max" : 522459805,
          "mean" : 110988803.497956,
          "stddev" : 68483091.355875,
          "N" : 32047
        },
        "bw_min" : 256,
        "bw_max" : 4144,
        "bw_agg" : 99.795819,
        "bw_mean" : 2545.200000,
        "bw_dev" : 76.606068,
        "bw_samples" : 960,
        "iops_min" : 58,
        "iops_max" : 844,
        "iops_mean" : 532.566667,
        "iops_stddev" : 15.573089,
        "iops_samples" : 960
      },
      "trim" : {
        "io_bytes" : 0,
        "io_kbytes" : 0,
        "bw_bytes" : 0,
        "bw" : 0,
        "iops" : 0.000000,
        "runtime" : 0,
        "total_ios" : 0,
        "short_ios" : 0,
        "drop_ios" : 0,
        "slat_ns" : {
          "min" : 0,
          "max" : 0,
          "mean" : 0.000000,
          "stddev" : 0.000000,
          "N" : 0
        },
        "clat_ns" : {
          "min" : 0,
          "max" : 0,
          "mean" : 0.000000,
          "stddev" : 0.000000,
          "N" : 0
        },
        "lat_ns" : {
          "min" : 0,
          "max" : 0,
          "mean" : 0.000000,
          "stddev" : 0.000000,
          "N" : 0
        },
        "bw_min" : 0,
        "bw_max" : 0,
        "bw_agg" : 0.000000,
        "bw_mean" : 0.000000,
        "bw_dev" : 0.000000,
        "bw_samples" : 0,
        "iops_min" : 0,
        "iops_max" : 0,
        "iops_mean" : 0.000000,
        "iops_stddev" : 0.000000,
        "iops_samples" : 0
      },
      "sync" : {
        "total_ios" : 0,
        "lat_ns" : {
          "min" : 0,
          "max" : 0,
          "mean" : 0.000000,
          "stddev" : 0.000000,
          "N" : 0
        }
      },
      "job_runtime" : 480344,
      "usr_cpu" : 0.347876,
      "sys_cpu" : 1.233491,
      "ctx" : 83206,
      "majf" : 0,
      "minf" : 102,
      "iodepth_level" : {
        "1" : 0.100000,
        "2" : 0.100000,
        "4" : 0.100000,
        "8" : 0.100000,
        "16" : 99.887276,
        "32" : 0.000000,
        ">=64" : 0.000000
      },
      "iodepth_submit" : {
        "0" : 0.000000,
        "4" : 100.000000,
        "8" : 0.000000,
        "16" : 0.000000,
        "32" : 0.000000,
        "64" : 0.000000,
        ">=64" : 0.000000
      },
      "iodepth_complete" : {
        "0" : 0.000000,
        "4" : 99.992477,
        "8" : 0.000000,
        "16" : 0.100000,
        "32" : 0.000000,
        "64" : 0.000000,
        ">=64" : 0.000000
      },
      "latency_ns" : {
        "2" : 0.000000,
        "4" : 0.000000,
        "10" : 0.000000,
        "20" : 0.000000,
        "50" : 0.000000,
        "100" : 0.000000,
        "250" : 0.000000,
        "500" : 0.000000,
        "750" : 0.000000,
        "1000" : 0.000000
      },
      "latency_us" : {
        "2" : 0.000000,
        "4" : 0.000000,
        "10" : 0.000000,
        "20" : 0.000000,
        "50" : 0.000000,
        "100" : 0.000000,
        "250" : 0.010000,
        "500" : 0.013151,
        "750" : 0.010000,
        "1000" : 0.010000
      },
      "latency_ms" : {
        "2" : 0.073270,
        "4" : 0.628435,
        "10" : 9.352308,
        "20" : 14.953736,
        "50" : 24.856512,
        "100" : 23.557372,
        "250" : 24.229956,
        "500" : 2.272322,
        "750" : 0.047908,
        "1000" : 0.010000,
        "2000" : 0.000000,
        ">=2000" : 0.000000
      },
      "latency_depth" : 16,
      "latency_target" : 0,
      "latency_percentile" : 100.000000,
      "latency_window" : 0
    }
  ]
}
