{
  "fio version" : "fio-3.36",
  "timestamp" : 1751429640,
  "timestamp_ms" : 1751429640586,
  "time" : "Wed Jul  2 04:14:00 2025",
  "global options" : {
    "ioengine" : "libaio",
    "direct" : "1",
    "directory" : "/mnt/test"
  },
  "jobs" : [
    {
      "jobname" : "database_article_test",
      "groupid" : 0,
      "job_start" : 1751429460305,
      "error" : 0,
      "eta" : 0,
      "elapsed" : 181,
      "job options" : {
        "rw" : "randrw",
        "rwmixread" : "50",
        "size" : "50G",
        "numjobs" : "1",
        "runtime" : "180",
        "iodepth" : "128",
        "bssplit" : "8k-64k"
      },
      "read" : {
        "io_bytes" : 408879104,
        "io_kbytes" : 399296,
        "bw_bytes" : 2268324,
        "bw" : 2215,
        "iops" : 276.895083,
        "runtime" : 180256,
        "total_ios" : 49912,
        "short_ios" : 0,
        "drop_ios" : 0,
        "slat_ns" : {
          "min" : 3760,
          "max" : 102874195,
          "mean" : 3406233.402569,
          "stddev" : 1861450.371526,
          "N" : 49912
        },
        "clat_ns" : {
          "min" : 18057175,
          "max" : 2377808545,
          "mean" : 302438572.234193,
          "stddev" : 171029530.621691,
          "N" : 49912,
          "percentile" : {
            "1.000000" : 81264640,
            "5.000000" : 116916224,
            "10.000000" : 141557760,
            "20.000000" : 177209344,
            "30.000000" : 204472320,
            "40.000000" : 233832448,
            "50.000000" : 261095424,
            "60.000000" : 291504128,
            "70.000000" : 337641472,
            "80.000000" : 400556032,
            "90.000000" : 513802240,
            "95.000000" : 624951296,
            "99.000000" : 926941184,
            "99.500000" : 1069547520,
            "99.900000" : 1400897536,
            "99.950000" : 1518338048,
            "99.990000" : 1887436800
          }
        },
        "lat_ns" : {
          "min" : 21280588,
          "max" : 2381010686,
          "mean" : 305844805.636762,
          "stddev" : 171058453.293741,
          "N" : 49912
        },
        "bw_min" : 1040,
        "bw_max" : 2800,
        "bw_agg" : 99.947627,
        "bw_mean" : 2214.177778,
        "bw_dev" : 230.825312,
        "bw_samples" : 360,
        "iops_min" : 130,
        "iops_max" : 350,
        "iops_mean" : 276.772222,
        "iops_stddev" : 28.853164,
        "iops_samples" : 360
      },
      "write" : {
        "io_bytes" : 406585344,
        "io_kbytes" : 397056,
        "bw_bytes" : 2255599,
        "bw" : 2202,
        "iops" : 275.341736,
        "runtime" : 180256,
        "total_ios" : 49632,
        "short_ios" : 0,
        "drop_ios" : 0,
        "slat_ns" : {
          "min" : 5741,
          "max" : 26893117,
          "mean" : 150268.362931,
          "stddev" : 615736.317277,
          "N" : 49632
        },
        "clat_ns" : {
          "min" : 1337664,
          "max" : 447807128,
          "mean" : 157130807.921141,
          "stddev" : 34367221.518335,
          "N" : 49632,
          "percentile" : {
            "1.000000" : 94896128,
            "5.000000" : 109576192,
            "10.000000" : 117964800,
            "20.000000" : 129499136,
            "30.000000" : 139460608,
            "40.000000" : 145752064,
            "50.000000" : 154140672,
            "60.000000" : 162529280,
            "70.000000" : 170917888,
            "80.000000" : 181403648,
            "90.000000" : 196083712,
            "95.000000" : 210763776,
            "99.000000" : 261095424,
            "99.500000" : 320864256,
            "99.900000" : 379584512,
            "99.950000" : 408944640,
            "99.990000" : 442499072
          }
        },
        "lat_ns" : {
          "min" : 1353669,
          "max" : 447845285,
          "mean" : 157281076.284071,
          "stddev" : 34436678.962856,
          "N" : 49632
        },
        "bw_min" : 1168,
        "bw_max" : 3456,
        "bw_agg" : 100.000000,
        "bw_mean" : 2204.355556,
        "bw_dev" : 325.338557,
        "bw_samples" : 360,
        "iops_min" : 146,
        "iops_max" : 432,
        "iops_mean" : 275.544444,
        "iops_stddev" : 40.667320,
        "iops_samples" : 360
      },
      "trim" : {
        "io_bytes" : 0,
        "io_kbytes" : 0,
        "bw_bytes" : 0,
        "bw" : 0,
        "iops" : 0.000000,
        "runtime" : 0,
        "total_ios" : 0,
        "short_ios" : 0,
        "drop_ios" : 0,
        "slat_ns" : {
          "min" : 0,
          "max" : 0,
          "mean" : 0.000000,
          "stddev" : 0.000000,
          "N" : 0
        },
        "clat_ns" : {
          "min" : 0,
          "max" : 0,
          "mean" : 0.000000,
          "stddev" : 0.000000,
          "N" : 0
        },
        "lat_ns" : {
          "min" : 0,
          "max" : 0,
          "mean" : 0.000000,
          "stddev" : 0.000000,
          "N" : 0
        },
        "bw_min" : 0,
        "bw_max" : 0,
        "bw_agg" : 0.000000,
        "bw_mean" : 0.000000,
        "bw_dev" : 0.000000,
        "bw_samples" : 0,
        "iops_min" : 0,
        "iops_max" : 0,
        "iops_mean" : 0.000000,
        "iops_stddev" : 0.000000,
        "iops_samples" : 0
      },
      "sync" : {
        "total_ios" : 0,
        "lat_ns" : {
          "min" : 0,
          "max" : 0,
          "mean" : 0.000000,
          "stddev" : 0.000000,
          "N" : 0
        }
      },
      "job_runtime" : 180255,
      "usr_cpu" : 1.032426,
      "sys_cpu" : 4.837036,
      "ctx" : 51094,
      "majf" : 0,
      "minf" : 12,
      "iodepth_level" : {
        "1" : 0.100000,
        "2" : 0.100000,
        "4" : 0.100000,
        "8" : 0.100000,
        "16" : 0.100000,
        "32" : 0.100000,
        ">=64" : 99.936711
      },
      "iodepth_submit" : {
        "0" : 0.000000,
        "4" : 100.000000,
        "8" : 0.000000,
        "16" : 0.000000,
        "32" : 0.000000,
        "64" : 0.000000,
        ">=64" : 0.000000
      },
      "iodepth_complete" : {
        "0" : 0.000000,
        "4" : 99.998994,
        "8" : 0.000000,
        "16" : 0.000000,
        "32" : 0.000000,
        "64" : 0.000000,
        ">=64" : 0.100000
      },
      "latency_ns" : {
        "2" : 0.000000,
        "4" : 0.000000,
        "10" : 0.000000,
        "20" : 0.000000,
        "50" : 0.000000,
        "100" : 0.000000,
        "250" : 0.000000,
        "500" : 0.000000,
        "750" : 0.000000,
        "1000" : 0.000000
      },
      "latency_us" : {
        "2" : 0.000000,
        "4" : 0.000000,
        "10" : 0.000000,
        "20" : 0.000000,
        "50" : 0.000000,
        "100" : 0.000000,
        "250" : 0.000000,
        "500" : 0.000000,
        "750" : 0.000000,
        "1000" : 0.000000
      },
      "latency_ms" : {
        "2" : 0.010000,
        "4" : 0.000000,
        "10" : 0.000000,
        "20" : 0.010000,
        "50" : 0.070321,
        "100" : 2.203046,
        "250" : 70.058467,
        "500" : 22.202242,
        "750" : 4.212208,
        "1000" : 0.890059,
        "2000" : 0.349594,
        ">=2000" : 0.010000
      },
      "latency_depth" : 128,
      "latency_target" : 0,
      "latency_percentile" : 100.000000,
      "latency_window" : 0
    }
  ]
}
