{
  "fio version" : "fio-3.36",
  "timestamp" : 1752967490,
  "timestamp_ms" : 1752967490944,
  "time" : "Sat Jul 19 23:24:50 2025",
  "global options" : {
    "ioengine" : "libaio",
    "direct" : "1",
    "directory" : "/mnt/test",
    "buffer_compress_percentage" : "70",
    "buffer_pattern" : "0xdeadbeef"
  },
  "jobs" : [
    {
      "jobname" : "webserver_test",
      "groupid" : 0,
      "job_start" : 1752967370787,
      "error" : 0,
      "eta" : 0,
      "elapsed" : 121,
      "job options" : {
        "rw" : "randread",
        "size" : "4G",
        "numjobs" : "16",
        "runtime" : "120",
        "iodepth" : "32",
        "bssplit" : "4k/90:8k/10"
      },
      "read" : {
        "io_bytes" : 401682432,
        "io_kbytes" : 392268,
        "bw_bytes" : 3344065,
        "bw" : 3265,
        "iops" : 741.945420,
        "runtime" : 120118,
        "total_ios" : 89121,
        "short_ios" : 0,
        "drop_ios" : 0,
        "slat_ns" : {
          "min" : 2341,
          "max" : 716394020,
          "mean" : 21546909.021196,
          "stddev" : 51951764.279537,
          "N" : 89121
        },
        "clat_ns" : {
          "min" : 10362,
          "max" : 5452548241,
          "mean" : 668127658.099292,
          "stddev" : 1375430935.294371,
          "N" : 89121,
          "percentile" : {
            "1.000000" : 634880,
            "5.000000" : 692224,
            "10.000000" : 831488,
            "20.000000" : 913408,
            "30.000000" : 978944,
            "40.000000" : 1056768,
            "50.000000" : 1187840,
            "60.000000" : 1449984,
            "70.000000" : 4554752,
            "80.000000" : 1052770304,
            "90.000000" : 3439329280,
            "95.000000" : 3875536896,
            "99.000000" : 4462739456,
            "99.500000" : 4596957184,
            "99.900000" : 4999610368,
            "99.950000" : 5133828096,
            "99.990000" : 5335154688
          }
        },
        "lat_ns" : {
          "min" : 611299,
          "max" : 5593528928,
          "mean" : 689674567.120488,
          "stddev" : 1419225336.567157,
          "N" : 89121
        },
        "bw_min" : 200,
        "bw_max" : 621394,
        "bw_agg" : 99.948296,
        "bw_mean" : 3264.364878,
        "bw_dev" : 2675.023913,
        "bw_samples" : 3822,
        "iops_min" : 48,
        "iops_max" : 141119,
        "iops_mean" : 741.715868,
        "iops_stddev" : 606.788908,
        "iops_samples" : 3822
      },
      "write" : {
        "io_bytes" : 0,
        "io_kbytes" : 0,
        "bw_bytes" : 0,
        "bw" : 0,
        "iops" : 0.000000,
        "runtime" : 0,
        "total_ios" : 0,
        "short_ios" : 0,
        "drop_ios" : 0,
        "slat_ns" : {
          "min" : 0,
          "max" : 0,
          "mean" : 0.000000,
          "stddev" : 0.000000,
          "N" : 0
        },
        "clat_ns" : {
          "min" : 0,
          "max" : 0,
          "mean" : 0.000000,
          "stddev" : 0.000000,
          "N" : 0
        },
        "lat_ns" : {
          "min" : 0,
          "max" : 0,
          "mean" : 0.000000,
          "stddev" : 0.000000,
          "N" : 0
        },
        "bw_min" : 0,
        "bw_max" : 0,
        "bw_agg" : 0.000000,
        "bw_mean" : 0.000000,
        "bw_dev" : 0.000000,
        "bw_samples" : 0,
        "iops_min" : 0,
        "iops_max" : 0,
        "iops_mean" : 0.000000,
        "iops_stddev" : 0.000000,
        "iops_samples" : 0
      },
      "trim" : {
        "io_bytes" : 0,
        "io_kbytes" : 0,
        "bw_bytes" : 0,
        "bw" : 0,
        "iops" : 0.000000,
        "runtime" : 0,
        "total_ios" : 0,
        "short_ios" : 0,
        "drop_ios" : 0,
        "slat_ns" : {
          "min" : 0,
          "max" : 0,
          "mean" : 0.000000,
          "stddev" : 0.000000,
          "N" : 0
        },
        "clat_ns" : {
          "min" : 0,
          "max" : 0,
          "mean" : 0.000000,
          "stddev" : 0.000000,
          "N" : 0
        },
        "lat_ns" : {
          "min" : 0,
          "max" : 0,
          "mean" : 0.000000,
          "stddev" : 0.000000,
          "N" : 0
        },
        "bw_min" : 0,
        "bw_max" : 0,
        "bw_agg" : 0.000000,
        "bw_mean" : 0.000000,
        "bw_dev" : 0.000000,
        "bw_samples" : 0,
        "iops_min" : 0,
        "iops_max" : 0,
        "iops_mean" : 0.000000,
        "iops_stddev" : 0.000000,
        "iops_samples" : 0
      },
      "sync" : {
        "total_ios" : 0,
        "lat_ns" : {
          "min" : 0,
          "max" : 0,
          "mean" : 0.000000,
          "stddev" : 0.000000,
          "N" : 0
        }
      },
      "job_runtime" : 1920841,
      "usr_cpu" : 0.028009,
      "sys_cpu" : 0.324493,
      "ctx" : 18224,
      "majf" : 0,
      "minf" : 1229,
      "iodepth_level" : {
        "1" : 0.100000,
        "2" : 0.100000,
        "4" : 0.100000,
        "8" : 0.143625,
        "16" : 0.287250,
        "32" : 99.443453,
        ">=64" : 0.000000
      },
      "iodepth_submit" : {
        "0" : 0.000000,
        "4" : 100.000000,
        "8" : 0.000000,
        "16" : 0.000000,
        "32" : 0.000000,
        "64" : 0.000000,
        ">=64" : 0.000000
      },
      "iodepth_complete" : {
        "0" : 0.000000,
        "4" : 99.981950,
        "8" : 0.000000,
        "16" : 0.000000,
        "32" : 0.100000,
        "64" : 0.000000,
        ">=64" : 0.000000
      },
      "latency_ns" : {
        "2" : 0.000000,
        "4" : 0.000000,
        "10" : 0.000000,
        "20" : 0.000000,
        "50" : 0.000000,
        "100" : 0.000000,
        "250" : 0.000000,
        "500" : 0.000000,
        "750" : 0.000000,
        "1000" : 0.000000
      },
      "latency_us" : {
        "2" : 0.000000,
        "4" : 0.000000,
        "10" : 0.000000,
        "20" : 0.017953,
        "50" : 0.000000,
        "100" : 0.000000,
        "250" : 0.000000,
        "500" : 0.000000,
        "750" : 6.775059,
        "1000" : 26.264292
      },
      "latency_ms" : {
        "2" : 32.128230,
        "4" : 3.279811,
        "10" : 9.398458,
        "20" : 1.126558,
        "50" : 0.115573,
        "100" : 0.024686,
        "250" : 0.043761,
        "500" : 0.104353,
        "750" : 0.170555,
        "1000" : 0.405067,
        "2000" : 2.827616,
        ">=2000" : 17.318028
      },
      "latency_depth" : 32,
      "latency_target" : 0,
      "latency_percentile" : 100.000000,
      "latency_window" : 0
    }
  ]
}
