{
  "fio version" : "fio-3.36",
  "timestamp" : 1751443977,
  "timestamp_ms" : 1751443977300,
  "time" : "Wed Jul  2 08:12:57 2025",
  "global options" : {
    "ioengine" : "libaio",
    "direct" : "0",
    "directory" : "/mnt/test"
  },
  "jobs" : [
    {
      "jobname" : "seq_write_article_test",
      "groupid" : 0,
      "job_start" : 1751443797272,
      "error" : 0,
      "eta" : 0,
      "elapsed" : 181,
      "job options" : {
        "rw" : "write",
        "size" : "50G",
        "numjobs" : "1",
        "runtime" : "180"
      },
      "read" : {
        "io_bytes" : 0,
        "io_kbytes" : 0,
        "bw_bytes" : 0,
        "bw" : 0,
        "iops" : 0.000000,
        "runtime" : 0,
        "total_ios" : 0,
        "short_ios" : 0,
        "drop_ios" : 0,
        "slat_ns" : {
          "min" : 0,
          "max" : 0,
          "mean" : 0.000000,
          "stddev" : 0.000000,
          "N" : 0
        },
        "clat_ns" : {
          "min" : 0,
          "max" : 0,
          "mean" : 0.000000,
          "stddev" : 0.000000,
          "N" : 0
        },
        "lat_ns" : {
          "min" : 0,
          "max" : 0,
          "mean" : 0.000000,
          "stddev" : 0.000000,
          "N" : 0
        },
        "bw_min" : 0,
        "bw_max" : 0,
        "bw_agg" : 0.000000,
        "bw_mean" : 0.000000,
        "bw_dev" : 0.000000,
        "bw_samples" : 0,
        "iops_min" : 0,
        "iops_max" : 0,
        "iops_mean" : 0.000000,
        "iops_stddev" : 0.000000,
        "iops_samples" : 0
      },
      "write" : {
        "io_bytes" : 202278998016,
        "io_kbytes" : 197538084,
        "bw_bytes" : 1123772211,
        "bw" : 1097433,
        "iops" : 274358.450000,
        "runtime" : 180000,
        "total_ios" : 49384521,
        "short_ios" : 0,
        "drop_ios" : 0,
        "slat_ns" : {
          "min" : 2326,
          "max" : 3103822,
          "mean" : 3039.665394,
          "stddev" : 6912.860065,
          "N" : 49384521
        },
        "clat_ns" : {
          "min" : 291,
          "max" : 582425,
          "mean" : 374.104583,
          "stddev" : 363.827377,
          "N" : 49384521,
          "percentile" : {
            "1.000000" : 330,
            "5.000000" : 342,
            "10.000000" : 346,
            "20.000000" : 350,
            "30.000000" : 354,
            "40.000000" : 358,
            "50.000000" : 362,
            "60.000000" : 366,
            "70.000000" : 370,
            "80.000000" : 382,
            "90.000000" : 402,
            "95.000000" : 414,
            "99.000000" : 454,
            "99.500000" : 564,
            "99.900000" : 828,
            "99.950000" : 2480,
            "99.990000" : 17536
          }
        },
        "lat_ns" : {
          "min" : 2657,
          "max" : 3111390,
          "mean" : 3413.769977,
          "stddev" : 6954.534119,
          "N" : 49384521
        },
        "bw_min" : 1024552,
        "bw_max" : 1148272,
        "bw_agg" : 100.000000,
        "bw_mean" : 1097744.779944,
        "bw_dev" : 16394.749311,
        "bw_samples" : 359,
        "iops_min" : 256138,
        "iops_max" : 287068,
        "iops_mean" : 274436.220056,
        "iops_stddev" : 4098.666019,
        "iops_samples" : 359
      },
      "trim" : {
        "io_bytes" : 0,
        "io_kbytes" : 0,
        "bw_bytes" : 0,
        "bw" : 0,
        "iops" : 0.000000,
        "runtime" : 0,
        "total_ios" : 0,
        "short_ios" : 0,
        "drop_ios" : 0,
        "slat_ns" : {
          "min" : 0,
          "max" : 0,
          "mean" : 0.000000,
          "stddev" : 0.000000,
          "N" : 0
        },
        "clat_ns" : {
          "min" : 0,
          "max" : 0,
          "mean" : 0.000000,
          "stddev" : 0.000000,
          "N" : 0
        },
        "lat_ns" : {
          "min" : 0,
          "max" : 0,
          "mean" : 0.000000,
          "stddev" : 0.000000,
          "N" : 0
        },
        "bw_min" : 0,
        "bw_max" : 0,
        "bw_agg" : 0.000000,
        "bw_mean" : 0.000000,
        "bw_dev" : 0.000000,
        "bw_samples" : 0,
        "iops_min" : 0,
        "iops_max" : 0,
        "iops_mean" : 0.000000,
        "iops_stddev" : 0.000000,
        "iops_samples" : 0
      },
      "sync" : {
        "total_ios" : 0,
        "lat_ns" : {
          "min" : 0,
          "max" : 0,
          "mean" : 0.000000,
          "stddev" : 0.000000,
          "N" : 0
        }
      },
      "job_runtime" : 180000,
      "usr_cpu" : 14.692778,
      "sys_cpu" : 84.903333,
      "ctx" : 2457,
      "majf" : 0,
      "minf" : 10,
      "iodepth_level" : {
        "1" : 100.000000,
        "2" : 0.000000,
        "4" : 0.000000,
        "8" : 0.000000,
        "16" : 0.000000,
        "32" : 0.000000,
        ">=64" : 0.000000
      },
      "iodepth_submit" : {
        "0" : 0.000000,
        "4" : 100.000000,
        "8" : 0.000000,
        "16" : 0.000000,
        "32" : 0.000000,
        "64" : 0.000000,
        ">=64" : 0.000000
      },
      "iodepth_complete" : {
        "0" : 0.000000,
        "4" : 100.000000,
        "8" : 0.000000,
        "16" : 0.000000,
        "32" : 0.000000,
        "64" : 0.000000,
        ">=64" : 0.000000
      },
      "latency_ns" : {
        "2" : 0.000000,
        "4" : 0.000000,
        "10" : 0.000000,
        "20" : 0.000000,
        "50" : 0.000000,
        "100" : 0.000000,
        "250" : 0.000000,
        "500" : 99.383768,
        "750" : 0.486859,
        "1000" : 0.049088
      },
      "latency_us" : {
        "2" : 0.011155,
        "4" : 0.036366,
        "10" : 0.010000,
        "20" : 0.021942,
        "50" : 0.010000,
        "100" : 0.010000,
        "250" : 0.010000,
        "500" : 0.010000,
        "750" : 0.010000,
        "1000" : 0.000000
      },
      "latency_ms" : {
        "2" : 0.000000,
        "4" : 0.000000,
        "10" : 0.000000,
        "20" : 0.000000,
        "50" : 0.000000,
        "100" : 0.000000,
        "250" : 0.000000,
        "500" : 0.000000,
        "750" : 0.000000,
        "1000" : 0.000000,
        "2000" : 0.000000,
        ">=2000" : 0.000000
      },
      "latency_depth" : 1,
      "latency_target" : 0,
      "latency_percentile" : 100.000000,
      "latency_window" : 0
    }
  ]
}
