{
  "fio version" : "fio-3.36",
  "timestamp" : 1751232504,
  "timestamp_ms" : 1751232504661,
  "time" : "Sun Jun 29 21:28:24 2025",
  "global options" : {
    "ioengine" : "libaio",
    "direct" : "0",
    "directory" : "/mnt/test"
  },
  "jobs" : [
    {
      "jobname" : "multimedia_test",
      "groupid" : 0,
      "job_start" : 1751232499607,
      "error" : 0,
      "eta" : 0,
      "elapsed" : 6,
      "job options" : {
        "rw" : "read",
        "size" : "4M",
        "numjobs" : "4",
        "runtime" : "5",
        "iodepth" : "64",
        "bssplit" : "128k"
      },
      "read" : {
        "io_bytes" : 2219442176,
        "io_kbytes" : 2167424,
        "bw_bytes" : 443002430,
        "bw" : 432619,
        "iops" : 3379.840319,
        "runtime" : 5010,
        "total_ios" : 16933,
        "short_ios" : 0,
        "drop_ios" : 0,
        "slat_ns" : {
          "min" : 12253,
          "max" : 34548334,
          "mean" : 1112452.563987,
          "stddev" : 3495120.952060,
          "N" : 16933
        },
        "clat_ns" : {
          "min" : 8630,
          "max" : 112147090,
          "mean" : 73093961.105829,
          "stddev" : 11778118.942240,
          "N" : 16933,
          "percentile" : {
            "1.000000" : 41680896,
            "5.000000" : 55312384,
            "10.000000" : 60030976,
            "20.000000" : 64749568,
            "30.000000" : 68681728,
            "40.000000" : 70778880,
            "50.000000" : 72876032,
            "60.000000" : 74973184,
            "70.000000" : 78118912,
            "80.000000" : 80216064,
            "90.000000" : 87556096,
            "95.000000" : 92798976,
            "99.000000" : 101187584,
            "99.500000" : 104333312,
            "99.900000" : 110624768,
            "99.950000" : 111673344,
            "99.990000" : 111673344
          }
        },
        "lat_ns" : {
          "min" : 1018613,
          "max" : 112204639,
          "mean" : 74206413.669816,
          "stddev" : 11423611.904265,
          "N" : 16933
        },
        "bw_min" : 328704,
        "bw_max" : 473088,
        "bw_agg" : 98.614589,
        "bw_mean" : 426626.844444,
        "bw_dev" : 10334.493502,
        "bw_samples" : 38,
        "iops_min" : 2568,
        "iops_max" : 3696,
        "iops_mean" : 3333.022222,
        "iops_stddev" : 80.738230,
        "iops_samples" : 38
      },
      "write" : {
        "io_bytes" : 0,
        "io_kbytes" : 0,
        "bw_bytes" : 0,
        "bw" : 0,
        "iops" : 0.000000,
        "runtime" : 0,
        "total_ios" : 0,
        "short_ios" : 0,
        "drop_ios" : 0,
        "slat_ns" : {
          "min" : 0,
          "max" : 0,
          "mean" : 0.000000,
          "stddev" : 0.000000,
          "N" : 0
        },
        "clat_ns" : {
          "min" : 0,
          "max" : 0,
          "mean" : 0.000000,
          "stddev" : 0.000000,
          "N" : 0
        },
        "lat_ns" : {
          "min" : 0,
          "max" : 0,
          "mean" : 0.000000,
          "stddev" : 0.000000,
          "N" : 0
        },
        "bw_min" : 0,
        "bw_max" : 0,
        "bw_agg" : 0.000000,
        "bw_mean" : 0.000000,
        "bw_dev" : 0.000000,
        "bw_samples" : 0,
        "iops_min" : 0,
        "iops_max" : 0,
        "iops_mean" : 0.000000,
        "iops_stddev" : 0.000000,
        "iops_samples" : 0
      },
      "trim" : {
        "io_bytes" : 0,
        "io_kbytes" : 0,
        "bw_bytes" : 0,
        "bw" : 0,
        "iops" : 0.000000,
        "runtime" : 0,
        "total_ios" : 0,
        "short_ios" : 0,
        "drop_ios" : 0,
        "slat_ns" : {
          "min" : 0,
          "max" : 0,
          "mean" : 0.000000,
          "stddev" : 0.000000,
          "N" : 0
        },
        "clat_ns" : {
          "min" : 0,
          "max" : 0,
          "mean" : 0.000000,
          "stddev" : 0.000000,
          "N" : 0
        },
        "lat_ns" : {
          "min" : 0,
          "max" : 0,
          "mean" : 0.000000,
          "stddev" : 0.000000,
          "N" : 0
        },
        "bw_min" : 0,
        "bw_max" : 0,
        "bw_agg" : 0.000000,
        "bw_mean" : 0.000000,
        "bw_dev" : 0.000000,
        "bw_samples" : 0,
        "iops_min" : 0,
        "iops_max" : 0,
        "iops_mean" : 0.000000,
        "iops_stddev" : 0.000000,
        "iops_samples" : 0
      },
      "sync" : {
        "total_ios" : 0,
        "lat_ns" : {
          "min" : 0,
          "max" : 0,
          "mean" : 0.000000,
          "stddev" : 0.000000,
          "N" : 0
        }
      },
      "job_runtime" : 20014,
      "usr_cpu" : 0.474668,
      "sys_cpu" : 19.406416,
      "ctx" : 2570,
      "majf" : 0,
      "minf" : 8245,
      "iodepth_level" : {
        "1" : 0.100000,
        "2" : 0.100000,
        "4" : 0.100000,
        "8" : 0.188980,
        "16" : 0.377960,
        "32" : 0.755920,
        ">=64" : 98.511782
      },
      "iodepth_submit" : {
        "0" : 0.000000,
        "4" : 100.000000,
        "8" : 0.000000,
        "16" : 0.000000,
        "32" : 0.000000,
        "64" : 0.000000,
        ">=64" : 0.000000
      },
      "iodepth_complete" : {
        "0" : 0.000000,
        "4" : 99.976026,
        "8" : 0.000000,
        "16" : 0.000000,
        "32" : 0.000000,
        "64" : 0.100000,
        ">=64" : 0.000000
      },
      "latency_ns" : {
        "2" : 0.000000,
        "4" : 0.000000,
        "10" : 0.000000,
        "20" : 0.000000,
        "50" : 0.000000,
        "100" : 0.000000,
        "250" : 0.000000,
        "500" : 0.000000,
        "750" : 0.000000,
        "1000" : 0.000000
      },
      "latency_us" : {
        "2" : 0.000000,
        "4" : 0.000000,
        "10" : 0.010000,
        "20" : 0.017717,
        "50" : 0.000000,
        "100" : 0.000000,
        "250" : 0.000000,
        "500" : 0.000000,
        "750" : 0.000000,
        "1000" : 0.000000
      },
      "latency_ms" : {
        "2" : 0.029528,
        "4" : 0.029528,
        "10" : 0.088584,
        "20" : 0.165358,
        "50" : 1.996102,
        "100" : 96.397567,
        "250" : 1.269710,
        "500" : 0.000000,
        "750" : 0.000000,
        "1000" : 0.000000,
        "2000" : 0.000000,
        ">=2000" : 0.000000
      },
      "latency_depth" : 64,
      "latency_target" : 0,
      "latency_percentile" : 100.000000,
      "latency_window" : 0
    }
  ]
}
