{
  "fio version" : "fio-3.36",
  "timestamp" : 1751236697,
  "timestamp_ms" : 1751236697958,
  "time" : "Sun Jun 29 22:38:17 2025",
  "global options" : {
    "ioengine" : "libaio",
    "direct" : "0",
    "directory" : "/mnt/test"
  },
  "jobs" : [
    {
      "jobname" : "archive_test",
      "groupid" : 0,
      "job_start" : 1751236692898,
      "error" : 0,
      "eta" : 0,
      "elapsed" : 6,
      "job options" : {
        "rw" : "write",
        "size" : "10M",
        "numjobs" : "2",
        "runtime" : "5",
        "iodepth" : "128",
        "bssplit" : "64k/70:128k/30"
      },
      "read" : {
        "io_bytes" : 0,
        "io_kbytes" : 0,
        "bw_bytes" : 0,
        "bw" : 0,
        "iops" : 0.000000,
        "runtime" : 0,
        "total_ios" : 0,
        "short_ios" : 0,
        "drop_ios" : 0,
        "slat_ns" : {
          "min" : 0,
          "max" : 0,
          "mean" : 0.000000,
          "stddev" : 0.000000,
          "N" : 0
        },
        "clat_ns" : {
          "min" : 0,
          "max" : 0,
          "mean" : 0.000000,
          "stddev" : 0.000000,
          "N" : 0
        },
        "lat_ns" : {
          "min" : 0,
          "max" : 0,
          "mean" : 0.000000,
          "stddev" : 0.000000,
          "N" : 0
        },
        "bw_min" : 0,
        "bw_max" : 0,
        "bw_agg" : 0.000000,
        "bw_mean" : 0.000000,
        "bw_dev" : 0.000000,
        "bw_samples" : 0,
        "iops_min" : 0,
        "iops_max" : 0,
        "iops_mean" : 0.000000,
        "iops_stddev" : 0.000000,
        "iops_samples" : 0
      },
      "write" : {
        "io_bytes" : 1698889728,
        "io_kbytes" : 1659072,
        "bw_bytes" : 337885785,
        "bw" : 329966,
        "iops" : 3972.752586,
        "runtime" : 5028,
        "total_ios" : 19975,
        "short_ios" : 0,
        "drop_ios" : 0,
        "slat_ns" : {
          "min" : 10544,
          "max" : 21796296,
          "mean" : 144130.104180,
          "stddev" : 953721.332519,
          "N" : 19975
        },
        "clat_ns" : {
          "min" : 6331,
          "max" : 159249978,
          "mean" : 62699487.771114,
          "stddev" : 13604345.992387,
          "N" : 19975,
          "percentile" : {
            "1.000000" : 37486592,
            "5.000000" : 47448064,
            "10.000000" : 50593792,
            "20.000000" : 53215232,
            "30.000000" : 55836672,
            "40.000000" : 58458112,
            "50.000000" : 61079552,
            "60.000000" : 63700992,
            "70.000000" : 66322432,
            "80.000000" : 68681728,
            "90.000000" : 74973184,
            "95.000000" : 83361792,
            "99.000000" : 121110528,
            "99.500000" : 127401984,
            "99.900000" : 141557760,
            "99.950000" : 158334976,
            "99.990000" : 158334976
          }
        },
        "lat_ns" : {
          "min" : 2535546,
          "max" : 159262134,
          "mean" : 62843617.875294,
          "stddev" : 13595740.030702,
          "N" : 19975
        },
        "bw_min" : 244608,
        "bw_max" : 375936,
        "bw_agg" : 99.318541,
        "bw_mean" : 327718.400000,
        "bw_dev" : 18416.557274,
        "bw_samples" : 20,
        "iops_min" : 2978,
        "iops_max" : 4534,
        "iops_mean" : 3943.800000,
        "iops_stddev" : 221.989900,
        "iops_samples" : 20
      },
      "trim" : {
        "io_bytes" : 0,
        "io_kbytes" : 0,
        "bw_bytes" : 0,
        "bw" : 0,
        "iops" : 0.000000,
        "runtime" : 0,
        "total_ios" : 0,
        "short_ios" : 0,
        "drop_ios" : 0,
        "slat_ns" : {
          "min" : 0,
          "max" : 0,
          "mean" : 0.000000,
          "stddev" : 0.000000,
          "N" : 0
        },
        "clat_ns" : {
          "min" : 0,
          "max" : 0,
          "mean" : 0.000000,
          "stddev" : 0.000000,
          "N" : 0
        },
        "lat_ns" : {
          "min" : 0,
          "max" : 0,
          "mean" : 0.000000,
          "stddev" : 0.000000,
          "N" : 0
        },
        "bw_min" : 0,
        "bw_max" : 0,
        "bw_agg" : 0.000000,
        "bw_mean" : 0.000000,
        "bw_dev" : 0.000000,
        "bw_samples" : 0,
        "iops_min" : 0,
        "iops_max" : 0,
        "iops_mean" : 0.000000,
        "iops_stddev" : 0.000000,
        "iops_samples" : 0
      },
      "sync" : {
        "total_ios" : 0,
        "lat_ns" : {
          "min" : 0,
          "max" : 0,
          "mean" : 0.000000,
          "stddev" : 0.000000,
          "N" : 0
        }
      },
      "job_runtime" : 10038,
      "usr_cpu" : 1.683602,
      "sys_cpu" : 28.730823,
      "ctx" : 1638,
      "majf" : 0,
      "minf" : 22,
      "iodepth_level" : {
        "1" : 0.100000,
        "2" : 0.100000,
        "4" : 0.100000,
        "8" : 0.100000,
        "16" : 0.160200,
        "32" : 0.320401,
        ">=64" : 99.369212
      },
      "iodepth_submit" : {
        "0" : 0.000000,
        "4" : 100.000000,
        "8" : 0.000000,
        "16" : 0.000000,
        "32" : 0.000000,
        "64" : 0.000000,
        ">=64" : 0.000000
      },
      "iodepth_complete" : {
        "0" : 0.000000,
        "4" : 99.989860,
        "8" : 0.000000,
        "16" : 0.000000,
        "32" : 0.000000,
        "64" : 0.000000,
        ">=64" : 0.100000
      },
      "latency_ns" : {
        "2" : 0.000000,
        "4" : 0.000000,
        "10" : 0.000000,
        "20" : 0.000000,
        "50" : 0.000000,
        "100" : 0.000000,
        "250" : 0.000000,
        "500" : 0.000000,
        "750" : 0.000000,
        "1000" : 0.000000
      },
      "latency_us" : {
        "2" : 0.000000,
        "4" : 0.000000,
        "10" : 0.010013,
        "20" : 0.000000,
        "50" : 0.000000,
        "100" : 0.000000,
        "250" : 0.000000,
        "500" : 0.000000,
        "750" : 0.000000,
        "1000" : 0.000000
      },
      "latency_ms" : {
        "2" : 0.000000,
        "4" : 0.015019,
        "10" : 0.155194,
        "20" : 0.200250,
        "50" : 7.779725,
        "100" : 88.971214,
        "250" : 2.868586,
        "500" : 0.000000,
        "750" : 0.000000,
        "1000" : 0.000000,
        "2000" : 0.000000,
        ">=2000" : 0.000000
      },
      "latency_depth" : 128,
      "latency_target" : 0,
      "latency_percentile" : 100.000000,
      "latency_window" : 0
    }
  ]
}
