{
  "fio version" : "fio-3.36",
  "timestamp" : 1753312943,
  "timestamp_ms" : 1753312943728,
  "time" : "Wed Jul 23 23:22:23 2025",
  "global options" : {
    "ioengine" : "libaio",
    "direct" : "1",
    "directory" : "/mnt/test",
    "buffer_compress_percentage" : "70",
    "buffer_pattern" : "0xdeadbeef"
  },
  "jobs" : [
    {
      "jobname" : "database_mysql_innodb_test",
      "groupid" : 0,
      "job_start" : 1753312883207,
      "error" : 0,
      "eta" : 0,
      "elapsed" : 62,
      "job options" : {
        "rw" : "randrw",
        "rwmixread" : "70",
        "size" : "1G",
        "numjobs" : "24",
        "runtime" : "60",
        "iodepth" : "16",
        "bssplit" : "16k"
      },
      "read" : {
        "io_bytes" : 11623448576,
        "io_kbytes" : 11351024,
        "bw_bytes" : 192186649,
        "bw" : 187682,
        "iops" : 11730.142196,
        "runtime" : 60480,
        "total_ios" : 709439,
        "short_ios" : 0,
        "drop_ios" : 0,
        "slat_ns" : {
          "min" : 3006,
          "max" : 609391883,
          "mean" : 1730043.385798,
          "stddev" : 12704235.289430,
          "N" : 709439
        },
        "clat_ns" : {
          "min" : 182787,
          "max" : 726459494,
          "mean" : 15018595.675707,
          "stddev" : 37161849.184510,
          "N" : 709439,
          "percentile" : {
            "1.000000" : 716800,
            "5.000000" : 1433600,
            "10.000000" : 2211840,
            "20.000000" : 3784704,
            "30.000000" : 5406720,
            "40.000000" : 7241728,
            "50.000000" : 9502720,
            "60.000000" : 12255232,
            "70.000000" : 15532032,
            "80.000000" : 19267584,
            "90.000000" : 26083328,
            "95.000000" : 34340864,
            "99.000000" : 79167488,
            "99.500000" : 135266304,
            "99.900000" : 557842432,
            "99.950000" : 591396864,
            "99.990000" : 641728512
          }
        },
        "lat_ns" : {
          "min" : 215277,
          "max" : 731688269,
          "mean" : 16748639.061505,
          "stddev" : 39584433.968477,
          "N" : 709439
        },
        "bw_min" : 2784,
        "bw_max" : 318400,
        "bw_agg" : 100.000000,
        "bw_mean" : 191405.969378,
        "bw_dev" : 3242.084500,
        "bw_samples" : 2846,
        "iops_min" : 174,
        "iops_max" : 19900,
        "iops_mean" : 11962.839410,
        "iops_stddev" : 202.629521,
        "iops_samples" : 2846
      },
      "write" : {
        "io_bytes" : 4982538240,
        "io_kbytes" : 4865760,
        "bw_bytes" : 82383238,
        "bw" : 80452,
        "iops" : 5028.273810,
        "runtime" : 60480,
        "total_ios" : 304110,
        "short_ios" : 0,
        "drop_ios" : 0,
        "slat_ns" : {
          "min" : 4410,
          "max" : 586006058,
          "mean" : 606368.288701,
          "stddev" : 7813629.153951,
          "N" : 304110
        },
        "clat_ns" : {
          "min" : 425050,
          "max" : 874417591,
          "mean" : 36642004.485055,
          "stddev" : 61228268.247184,
          "N" : 304110,
          "percentile" : {
            "1.000000" : 8454144,
            "5.000000" : 12648448,
            "10.000000" : 15269888,
            "20.000000" : 18743296,
            "30.000000" : 21364736,
            "40.000000" : 23986176,
            "50.000000" : 26607616,
            "60.000000" : 29229056,
            "70.000000" : 32899072,
            "80.000000" : 38535168,
            "90.000000" : 49545216,
            "95.000000" : 64749568,
            "99.000000" : 534773760,
            "99.500000" : 557842432,
            "99.900000" : 633339904,
            "99.950000" : 666894336,
            "99.990000" : 734003200
          }
        },
        "lat_ns" : {
          "min" : 493725,
          "max" : 879927864,
          "mean" : 37248372.773756,
          "stddev" : 61947632.382535,
          "N" : 304110
        },
        "bw_min" : 2496,
        "bw_max" : 141056,
        "bw_agg" : 100.000000,
        "bw_mean" : 81861.687461,
        "bw_dev" : 1414.280425,
        "bw_samples" : 2851,
        "iops_min" : 156,
        "iops_max" : 8816,
        "iops_mean" : 5116.318070,
        "iops_stddev" : 88.391641,
        "iops_samples" : 2851
      },
      "trim" : {
        "io_bytes" : 0,
        "io_kbytes" : 0,
        "bw_bytes" : 0,
        "bw" : 0,
        "iops" : 0.000000,
        "runtime" : 0,
        "total_ios" : 0,
        "short_ios" : 0,
        "drop_ios" : 0,
        "slat_ns" : {
          "min" : 0,
          "max" : 0,
          "mean" : 0.000000,
          "stddev" : 0.000000,
          "N" : 0
        },
        "clat_ns" : {
          "min" : 0,
          "max" : 0,
          "mean" : 0.000000,
          "stddev" : 0.000000,
          "N" : 0
        },
        "lat_ns" : {
          "min" : 0,
          "max" : 0,
          "mean" : 0.000000,
          "stddev" : 0.000000,
          "N" : 0
        },
        "bw_min" : 0,
        "bw_max" : 0,
        "bw_agg" : 0.000000,
        "bw_mean" : 0.000000,
        "bw_dev" : 0.000000,
        "bw_samples" : 0,
        "iops_min" : 0,
        "iops_max" : 0,
        "iops_mean" : 0.000000,
        "iops_stddev" : 0.000000,
        "iops_samples" : 0
      },
      "sync" : {
        "total_ios" : 0,
        "lat_ns" : {
          "min" : 0,
          "max" : 0,
          "mean" : 0.000000,
          "stddev" : 0.000000,
          "N" : 0
        }
      },
      "job_runtime" : 1451278,
      "usr_cpu" : 0.869923,
      "sys_cpu" : 5.021712,
      "ctx" : 862974,
      "majf" : 0,
      "minf" : 290,
      "iodepth_level" : {
        "1" : 0.100000,
        "2" : 0.100000,
        "4" : 0.100000,
        "8" : 0.100000,
        "16" : 99.964481,
        "32" : 0.000000,
        ">=64" : 0.000000
      },
      "iodepth_submit" : {
        "0" : 0.000000,
        "4" : 100.000000,
        "8" : 0.000000,
        "16" : 0.000000,
        "32" : 0.000000,
        "64" : 0.000000,
        ">=64" : 0.000000
      },
      "iodepth_complete" : {
        "0" : 0.000000,
        "4" : 99.997631,
        "8" : 0.000000,
        "16" : 0.100000,
        "32" : 0.000000,
        "64" : 0.000000,
        ">=64" : 0.000000
      },
      "latency_ns" : {
        "2" : 0.000000,
        "4" : 0.000000,
        "10" : 0.000000,
        "20" : 0.000000,
        "50" : 0.000000,
        "100" : 0.000000,
        "250" : 0.000000,
        "500" : 0.000000,
        "750" : 0.000000,
        "1000" : 0.000000
      },
      "latency_us" : {
        "2" : 0.000000,
        "4" : 0.000000,
        "10" : 0.000000,
        "20" : 0.000000,
        "50" : 0.000000,
        "100" : 0.000000,
        "250" : 0.010000,
        "500" : 0.203148,
        "750" : 0.588230,
        "1000" : 0.873564
      },
      "latency_ms" : {
        "2" : 4.392782,
        "4" : 8.930402,
        "10" : 21.840878,
        "20" : 27.506514,
        "50" : 31.397791,
        "100" : 2.971736,
        "250" : 0.649895,
        "500" : 0.010000,
        "750" : 0.637858,
        "1000" : 0.010000,
        "2000" : 0.000000,
        ">=2000" : 0.000000
      },
      "latency_depth" : 16,
      "latency_target" : 0,
      "latency_percentile" : 100.000000,
      "latency_window" : 0
    }
  ]
}
