{
  "fio version" : "fio-3.36",
  "timestamp" : 1747476509,
  "timestamp_ms" : 1747476509895,
  "time" : "Sat May 17 10:08:29 2025",
  "global options" : {
    "ioengine" : "libaio",
    "direct" : "1",
    "directory" : "/mnt/test"
  },
  "jobs" : [
    {
      "jobname" : "database_test",
      "groupid" : 0,
      "job_start" : 1747476449834,
      "error" : 0,
      "eta" : 0,
      "elapsed" : 61,
      "job options" : {
        "rw" : "randrw",
        "rwmixread" : "70",
        "size" : "1G",
        "numjobs" : "8",
        "runtime" : "60",
        "iodepth" : "16",
        "bssplit" : "4k/80:8k/20"
      },
      "read" : {
        "io_bytes" : 101982208,
        "io_kbytes" : 99592,
        "bw_bytes" : 1698967,
        "bw" : 1659,
        "iops" : 346.216639,
        "runtime" : 60026,
        "total_ios" : 20782,
        "short_ios" : 0,
        "drop_ios" : 0,
        "slat_ns" : {
          "min" : 10489,
          "max" : 461361701,
          "mean" : 16484968.477914,
          "stddev" : 22182440.049235,
          "N" : 20782
        },
        "clat_ns" : {
          "min" : 8490,
          "max" : 909783624,
          "mean" : 239962264.401020,
          "stddev" : 115770965.116531,
          "N" : 20782,
          "percentile" : {
            "1.000000" : 129499136,
            "5.000000" : 149946368,
            "10.000000" : 162529280,
            "20.000000" : 179306496,
            "30.000000" : 189792256,
            "40.000000" : 200278016,
            "50.000000" : 210763776,
            "60.000000" : 223346688,
            "70.000000" : 238026752,
            "80.000000" : 258998272,
            "90.000000" : 312475648,
            "95.000000" : 429916160,
            "99.000000" : 767557632,
            "99.500000" : 801112064,
            "99.900000" : 859832320,
            "99.950000" : 868220928,
            "99.990000" : 893386752
          }
        },
        "lat_ns" : {
          "min" : 9215428,
          "max" : 920507065,
          "mean" : 256447232.878934,
          "stddev" : 120401604.857045,
          "N" : 20782
        },
        "bw_min" : 128,
        "bw_max" : 2896,
        "bw_agg" : 99.448665,
        "bw_mean" : 1650.323097,
        "bw_dev" : 73.309335,
        "bw_samples" : 952,
        "iops_min" : 24,
        "iops_max" : 588,
        "iops_mean" : 344.312918,
        "iops_stddev" : 14.962917,
        "iops_samples" : 952
      },
      "write" : {
        "io_bytes" : 44318720,
        "io_kbytes" : 43280,
        "bw_bytes" : 738325,
        "bw" : 721,
        "iops" : 151.051211,
        "runtime" : 60026,
        "total_ios" : 9067,
        "short_ios" : 0,
        "drop_ios" : 0,
        "slat_ns" : {
          "min" : 19973,
          "max" : 425489482,
          "mean" : 15128755.535458,
          "stddev" : 20630260.210850,
          "N" : 9067
        },
        "clat_ns" : {
          "min" : 9019,
          "max" : 905607137,
          "mean" : 241175333.751847,
          "stddev" : 117220791.854152,
          "N" : 9067,
          "percentile" : {
            "1.000000" : 129499136,
            "5.000000" : 152043520,
            "10.000000" : 164626432,
            "20.000000" : 179306496,
            "30.000000" : 189792256,
            "40.000000" : 202375168,
            "50.000000" : 212860928,
            "60.000000" : 223346688,
            "70.000000" : 238026752,
            "80.000000" : 258998272,
            "90.000000" : 316669952,
            "95.000000" : 476053504,
            "99.000000" : 767557632,
            "99.500000" : 801112064,
            "99.900000" : 843055104,
            "99.950000" : 876609536,
            "99.990000" : 901775360
          }
        },
        "lat_ns" : {
          "min" : 8992805,
          "max" : 920055699,
          "mean" : 256304089.287306,
          "stddev" : 121459417.012265,
          "N" : 9067
        },
        "bw_min" : 64,
        "bw_max" : 1592,
        "bw_agg" : 100.000000,
        "bw_mean" : 725.886117,
        "bw_dev" : 38.374129,
        "bw_samples" : 942,
        "iops_min" : 16,
        "iops_max" : 322,
        "iops_mean" : 152.147798,
        "iops_stddev" : 7.698091,
        "iops_samples" : 942
      },
      "trim" : {
        "io_bytes" : 0,
        "io_kbytes" : 0,
        "bw_bytes" : 0,
        "bw" : 0,
        "iops" : 0.000000,
        "runtime" : 0,
        "total_ios" : 0,
        "short_ios" : 0,
        "drop_ios" : 0,
        "slat_ns" : {
          "min" : 0,
          "max" : 0,
          "mean" : 0.000000,
          "stddev" : 0.000000,
          "N" : 0
        },
        "clat_ns" : {
          "min" : 0,
          "max" : 0,
          "mean" : 0.000000,
          "stddev" : 0.000000,
          "N" : 0
        },
        "lat_ns" : {
          "min" : 0,
          "max" : 0,
          "mean" : 0.000000,
          "stddev" : 0.000000,
          "N" : 0
        },
        "bw_min" : 0,
        "bw_max" : 0,
        "bw_agg" : 0.000000,
        "bw_mean" : 0.000000,
        "bw_dev" : 0.000000,
        "bw_samples" : 0,
        "iops_min" : 0,
        "iops_max" : 0,
        "iops_mean" : 0.000000,
        "iops_stddev" : 0.000000,
        "iops_samples" : 0
      },
      "sync" : {
        "total_ios" : 0,
        "lat_ns" : {
          "min" : 0,
          "max" : 0,
          "mean" : 0.000000,
          "stddev" : 0.000000,
          "N" : 0
        }
      },
      "job_runtime" : 480072,
      "usr_cpu" : 0.084779,
      "sys_cpu" : 0.596785,
      "ctx" : 31181,
      "majf" : 0,
      "minf" : 111,
      "iodepth_level" : {
        "1" : 0.100000,
        "2" : 0.100000,
        "4" : 0.107206,
        "8" : 0.214413,
        "16" : 99.597976,
        "32" : 0.000000,
        ">=64" : 0.000000
      },
      "iodepth_submit" : {
        "0" : 0.000000,
        "4" : 100.000000,
        "8" : 0.000000,
        "16" : 0.000000,
        "32" : 0.000000,
        "64" : 0.000000,
        ">=64" : 0.000000
      },
      "iodepth_complete" : {
        "0" : 0.000000,
        "4" : 99.973097,
        "8" : 0.000000,
        "16" : 0.100000,
        "32" : 0.000000,
        "64" : 0.000000,
        ">=64" : 0.000000
      },
      "latency_ns" : {
        "2" : 0.000000,
        "4" : 0.000000,
        "10" : 0.000000,
        "20" : 0.000000,
        "50" : 0.000000,
        "100" : 0.000000,
        "250" : 0.000000,
        "500" : 0.000000,
        "750" : 0.000000,
        "1000" : 0.000000
      },
      "latency_us" : {
        "2" : 0.000000,
        "4" : 0.000000,
        "10" : 0.013401,
        "20" : 0.013401,
        "50" : 0.000000,
        "100" : 0.000000,
        "250" : 0.000000,
        "500" : 0.000000,
        "750" : 0.000000,
        "1000" : 0.000000
      },
      "latency_ms" : {
        "2" : 0.000000,
        "4" : 0.000000,
        "10" : 0.010000,
        "20" : 0.023451,
        "50" : 0.067004,
        "100" : 0.123957,
        "250" : 75.925492,
        "500" : 19.002312,
        "750" : 3.423900,
        "1000" : 1.400382,
        "2000" : 0.000000,
        ">=2000" : 0.000000
      },
      "latency_depth" : 16,
      "latency_target" : 0,
      "latency_percentile" : 100.000000,
      "latency_window" : 0
    }
  ]
}
