{
  "fio version" : "fio-3.36",
  "timestamp" : 1749230484,
  "timestamp_ms" : 1749230484133,
  "time" : "Fri Jun  6 17:21:24 2025",
  "global options" : {
    "ioengine" : "libaio",
    "direct" : "1",
    "directory" : "/mnt/test"
  },
  "jobs" : [
    {
      "jobname" : "database_mysql_innodb_test",
      "groupid" : 0,
      "job_start" : 1749230459799,
      "error" : 0,
      "eta" : 0,
      "elapsed" : 25,
      "job options" : {
        "rw" : "randrw",
        "rwmixread" : "70",
        "size" : "1G",
        "numjobs" : "8",
        "runtime" : "60",
        "iodepth" : "16",
        "bssplit" : "16k"
      },
      "read" : {
        "io_bytes" : 6009602048,
        "io_kbytes" : 5868752,
        "bw_bytes" : 247268023,
        "bw" : 241472,
        "iops" : 15092.042462,
        "runtime" : 24304,
        "total_ios" : 366797,
        "short_ios" : 0,
        "drop_ios" : 0,
        "slat_ns" : {
          "min" : 6230,
          "max" : 25154762,
          "mean" : 269359.428251,
          "stddev" : 301457.842751,
          "N" : 366797
        },
        "clat_ns" : {
          "min" : 1160,
          "max" : 44158970,
          "mean" : 5405614.011682,
          "stddev" : 2148183.965830,
          "N" : 366797,
          "percentile" : {
            "1.000000" : 1269760,
            "5.000000" : 2146304,
            "10.000000" : 2801664,
            "20.000000" : 3620864,
            "30.000000" : 4177920,
            "40.000000" : 4816896,
            "50.000000" : 5275648,
            "60.000000" : 5799936,
            "70.000000" : 6324224,
            "80.000000" : 7045120,
            "90.000000" : 8093696,
            "95.000000" : 9109504,
            "99.000000" : 11206656,
            "99.500000" : 11993088,
            "99.900000" : 13828096,
            "99.950000" : 15007744,
            "99.990000" : 32899072
          }
        },
        "lat_ns" : {
          "min" : 8050,
          "max" : 44771710,
          "mean" : 5674973.439933,
          "stddev" : 2229448.114092,
          "N" : 366797
        },
        "bw_min" : 143264,
        "bw_max" : 531697,
        "bw_agg" : 100.000000,
        "bw_mean" : 242409.020833,
        "bw_dev" : 8212.151824,
        "bw_samples" : 384,
        "iops_min" : 8954,
        "iops_max" : 33231,
        "iops_mean" : 15150.562500,
        "iops_stddev" : 513.258643,
        "iops_samples" : 384
      },
      "write" : {
        "io_bytes" : 2580332544,
        "io_kbytes" : 2519856,
        "bw_bytes" : 106169048,
        "bw" : 103680,
        "iops" : 6480.044437,
        "runtime" : 24304,
        "total_ios" : 157491,
        "short_ios" : 0,
        "drop_ios" : 0,
        "slat_ns" : {
          "min" : 87688,
          "max" : 13106418,
          "mean" : 575154.223727,
          "stddev" : 175252.381054,
          "N" : 157491
        },
        "clat_ns" : {
          "min" : 1915,
          "max" : 44295838,
          "mean" : 5894004.081071,
          "stddev" : 2163800.849341,
          "N" : 157491,
          "percentile" : {
            "1.000000" : 1662976,
            "5.000000" : 2605056,
            "10.000000" : 3260416,
            "20.000000" : 4079616,
            "30.000000" : 4685824,
            "40.000000" : 5275648,
            "50.000000" : 5734400,
            "60.000000" : 6258688,
            "70.000000" : 6848512,
            "80.000000" : 7503872,
            "90.000000" : 8585216,
            "95.000000" : 9764864,
            "99.000000" : 11730944,
            "99.500000" : 12386304,
            "99.900000" : 14483456,
            "99.950000" : 15269888,
            "99.990000" : 21626880
          }
        },
        "lat_ns" : {
          "min" : 250292,
          "max" : 45019080,
          "mean" : 6469158.304798,
          "stddev" : 2259204.717704,
          "N" : 157491
        },
        "bw_min" : 61024,
        "bw_max" : 231225,
        "bw_agg" : 100.000000,
        "bw_mean" : 104075.187500,
        "bw_dev" : 3581.881776,
        "bw_samples" : 384,
        "iops_min" : 3814,
        "iops_max" : 14451,
        "iops_mean" : 6504.687500,
        "iops_stddev" : 223.861190,
        "iops_samples" : 384
      },
      "trim" : {
        "io_bytes" : 0,
        "io_kbytes" : 0,
        "bw_bytes" : 0,
        "bw" : 0,
        "iops" : 0.000000,
        "runtime" : 0,
        "total_ios" : 0,
        "short_ios" : 0,
        "drop_ios" : 0,
        "slat_ns" : {
          "min" : 0,
          "max" : 0,
          "mean" : 0.000000,
          "stddev" : 0.000000,
          "N" : 0
        },
        "clat_ns" : {
          "min" : 0,
          "max" : 0,
          "mean" : 0.000000,
          "stddev" : 0.000000,
          "N" : 0
        },
        "lat_ns" : {
          "min" : 0,
          "max" : 0,
          "mean" : 0.000000,
          "stddev" : 0.000000,
          "N" : 0
        },
        "bw_min" : 0,
        "bw_max" : 0,
        "bw_agg" : 0.000000,
        "bw_mean" : 0.000000,
        "bw_dev" : 0.000000,
        "bw_samples" : 0,
        "iops_min" : 0,
        "iops_max" : 0,
        "iops_mean" : 0.000000,
        "iops_stddev" : 0.000000,
        "iops_samples" : 0
      },
      "sync" : {
        "total_ios" : 0,
        "lat_ns" : {
          "min" : 0,
          "max" : 0,
          "mean" : 0.000000,
          "stddev" : 0.000000,
          "N" : 0
        }
      },
      "job_runtime" : 193932,
      "usr_cpu" : 2.679290,
      "sys_cpu" : 16.131428,
      "ctx" : 311684,
      "majf" : 0,
      "minf" : 96,
      "iodepth_level" : {
        "1" : 0.100000,
        "2" : 0.100000,
        "4" : 0.100000,
        "8" : 0.100000,
        "16" : 99.977112,
        "32" : 0.000000,
        ">=64" : 0.000000
      },
      "iodepth_submit" : {
        "0" : 0.000000,
        "4" : 100.000000,
        "8" : 0.000000,
        "16" : 0.000000,
        "32" : 0.000000,
        "64" : 0.000000,
        ">=64" : 0.000000
      },
      "iodepth_complete" : {
        "0" : 0.000000,
        "4" : 99.998474,
        "8" : 0.000000,
        "16" : 0.100000,
        "32" : 0.000000,
        "64" : 0.000000,
        ">=64" : 0.000000
      },
      "latency_ns" : {
        "2" : 0.000000,
        "4" : 0.000000,
        "10" : 0.000000,
        "20" : 0.000000,
        "50" : 0.000000,
        "100" : 0.000000,
        "250" : 0.000000,
        "500" : 0.000000,
        "750" : 0.000000,
        "1000" : 0.000000
      },
      "latency_us" : {
        "2" : 0.010000,
        "4" : 0.010000,
        "10" : 0.010000,
        "20" : 0.010000,
        "50" : 0.010000,
        "100" : 0.000000,
        "250" : 0.010000,
        "500" : 0.066376,
        "750" : 0.125313,
        "1000" : 0.157738
      },
      "latency_ms" : {
        "2" : 2.823067,
        "4" : 20.862961,
        "10" : 72.735786,
        "20" : 3.204346,
        "50" : 0.016212,
        "100" : 0.000000,
        "250" : 0.000000,
        "500" : 0.000000,
        "750" : 0.000000,
        "1000" : 0.000000,
        "2000" : 0.000000,
        ">=2000" : 0.000000
      },
      "latency_depth" : 16,
      "latency_target" : 0,
      "latency_percentile" : 100.000000,
      "latency_window" : 0
    }
  ]
}
