{
  "fio version" : "fio-3.36",
  "timestamp" : 1751622559,
  "timestamp_ms" : 1751622559187,
  "time" : "Fri Jul  4 09:49:19 2025",
  "global options" : {
    "ioengine" : "libaio",
    "direct" : "1",
    "directory" : "/mnt/test"
  },
  "jobs" : [
    {
      "jobname" : "seq_read_article_test",
      "groupid" : 0,
      "job_start" : 1751622554154,
      "error" : 0,
      "eta" : 0,
      "elapsed" : 6,
      "job options" : {
        "rw" : "read",
        "size" : "50M",
        "numjobs" : "1",
        "runtime" : "5"
      },
      "read" : {
        "io_bytes" : 12984320,
        "io_kbytes" : 12680,
        "bw_bytes" : 2595825,
        "bw" : 2534,
        "iops" : 633.746501,
        "runtime" : 5002,
        "total_ios" : 3170,
        "short_ios" : 0,
        "drop_ios" : 0,
        "slat_ns" : {
          "min" : 26299,
          "max" : 138288,
          "mean" : 70672.955521,
          "stddev" : 21062.377316,
          "N" : 3170
        },
        "clat_ns" : {
          "min" : 101012,
          "max" : 65436216,
          "mean" : 1499556.584543,
          "stddev" : 3020587.338298,
          "N" : 3170,
          "percentile" : {
            "1.000000" : 125440,
            "5.000000" : 156672,
            "10.000000" : 171008,
            "20.000000" : 218112,
            "30.000000" : 228352,
            "40.000000" : 240640,
            "50.000000" : 257024,
            "60.000000" : 264192,
            "70.000000" : 272384,
            "80.000000" : 2277376,
            "90.000000" : 6258688,
            "95.000000" : 8093696,
            "99.000000" : 9633792,
            "99.500000" : 10027008,
            "99.900000" : 19791872,
            "99.950000" : 54263808,
            "99.990000" : 65273856
          }
        },
        "lat_ns" : {
          "min" : 130647,
          "max" : 65521190,
          "mean" : 1570229.540063,
          "stddev" : 3021151.869044,
          "N" : 3170
        },
        "bw_min" : 1112,
        "bw_max" : 3200,
        "bw_agg" : 99.645546,
        "bw_mean" : 2526.222222,
        "bw_dev" : 679.196911,
        "bw_samples" : 9,
        "iops_min" : 278,
        "iops_max" : 800,
        "iops_mean" : 631.555556,
        "iops_stddev" : 169.799228,
        "iops_samples" : 9
      },
      "write" : {
        "io_bytes" : 0,
        "io_kbytes" : 0,
        "bw_bytes" : 0,
        "bw" : 0,
        "iops" : 0.000000,
        "runtime" : 0,
        "total_ios" : 0,
        "short_ios" : 0,
        "drop_ios" : 0,
        "slat_ns" : {
          "min" : 0,
          "max" : 0,
          "mean" : 0.000000,
          "stddev" : 0.000000,
          "N" : 0
        },
        "clat_ns" : {
          "min" : 0,
          "max" : 0,
          "mean" : 0.000000,
          "stddev" : 0.000000,
          "N" : 0
        },
        "lat_ns" : {
          "min" : 0,
          "max" : 0,
          "mean" : 0.000000,
          "stddev" : 0.000000,
          "N" : 0
        },
        "bw_min" : 0,
        "bw_max" : 0,
        "bw_agg" : 0.000000,
        "bw_mean" : 0.000000,
        "bw_dev" : 0.000000,
        "bw_samples" : 0,
        "iops_min" : 0,
        "iops_max" : 0,
        "iops_mean" : 0.000000,
        "iops_stddev" : 0.000000,
        "iops_samples" : 0
      },
      "trim" : {
        "io_bytes" : 0,
        "io_kbytes" : 0,
        "bw_bytes" : 0,
        "bw" : 0,
        "iops" : 0.000000,
        "runtime" : 0,
        "total_ios" : 0,
        "short_ios" : 0,
        "drop_ios" : 0,
        "slat_ns" : {
          "min" : 0,
          "max" : 0,
          "mean" : 0.000000,
          "stddev" : 0.000000,
          "N" : 0
        },
        "clat_ns" : {
          "min" : 0,
          "max" : 0,
          "mean" : 0.000000,
          "stddev" : 0.000000,
          "N" : 0
        },
        "lat_ns" : {
          "min" : 0,
          "max" : 0,
          "mean" : 0.000000,
          "stddev" : 0.000000,
          "N" : 0
        },
        "bw_min" : 0,
        "bw_max" : 0,
        "bw_agg" : 0.000000,
        "bw_mean" : 0.000000,
        "bw_dev" : 0.000000,
        "bw_samples" : 0,
        "iops_min" : 0,
        "iops_max" : 0,
        "iops_mean" : 0.000000,
        "iops_stddev" : 0.000000,
        "iops_samples" : 0
      },
      "sync" : {
        "total_ios" : 0,
        "lat_ns" : {
          "min" : 0,
          "max" : 0,
          "mean" : 0.000000,
          "stddev" : 0.000000,
          "N" : 0
        }
      },
      "job_runtime" : 5001,
      "usr_cpu" : 1.459708,
      "sys_cpu" : 5.398920,
      "ctx" : 3170,
      "majf" : 0,
      "minf" : 11,
      "iodepth_level" : {
        "1" : 100.000000,
        "2" : 0.000000,
        "4" : 0.000000,
        "8" : 0.000000,
        "16" : 0.000000,
        "32" : 0.000000,
        ">=64" : 0.000000
      },
      "iodepth_submit" : {
        "0" : 0.000000,
        "4" : 100.000000,
        "8" : 0.000000,
        "16" : 0.000000,
        "32" : 0.000000,
        "64" : 0.000000,
        ">=64" : 0.000000
      },
      "iodepth_complete" : {
        "0" : 0.000000,
        "4" : 100.000000,
        "8" : 0.000000,
        "16" : 0.000000,
        "32" : 0.000000,
        "64" : 0.000000,
        ">=64" : 0.000000
      },
      "latency_ns" : {
        "2" : 0.000000,
        "4" : 0.000000,
        "10" : 0.000000,
        "20" : 0.000000,
        "50" : 0.000000,
        "100" : 0.000000,
        "250" : 0.000000,
        "500" : 0.000000,
        "750" : 0.000000,
        "1000" : 0.000000
      },
      "latency_us" : {
        "2" : 0.000000,
        "4" : 0.000000,
        "10" : 0.000000,
        "20" : 0.000000,
        "50" : 0.000000,
        "100" : 0.000000,
        "250" : 45.015773,
        "500" : 32.113565,
        "750" : 0.410095,
        "1000" : 0.189274
      },
      "latency_ms" : {
        "2" : 1.798107,
        "4" : 5.015773,
        "10" : 14.952681,
        "20" : 0.410095,
        "50" : 0.031546,
        "100" : 0.063091,
        "250" : 0.000000,
        "500" : 0.000000,
        "750" : 0.000000,
        "1000" : 0.000000,
        "2000" : 0.000000,
        ">=2000" : 0.000000
      },
      "latency_depth" : 1,
      "latency_target" : 0,
      "latency_percentile" : 100.000000,
      "latency_window" : 0
    }
  ]
}
