{
  "fio version" : "fio-3.36",
  "timestamp" : 1746818441,
  "timestamp_ms" : 1746818441878,
  "time" : "Fri May  9 19:20:41 2025",
  "global options" : {
    "ioengine" : "libaio",
    "direct" : "1",
    "directory" : "/mnt/test"
  },
  "jobs" : [
    {
      "jobname" : "database_test",
      "groupid" : 0,
      "job_start" : 1746818381846,
      "error" : 0,
      "eta" : 0,
      "elapsed" : 61,
      "job options" : {
        "rw" : "randrw",
        "rwmixread" : "70",
        "size" : "1G",
        "numjobs" : "8",
        "runtime" : "60",
        "iodepth" : "16",
        "bssplit" : "4k/80:8k/20"
      },
      "read" : {
        "io_bytes" : 1351573504,
        "io_kbytes" : 1319896,
        "bw_bytes" : 22525474,
        "bw" : 21997,
        "iops" : 4653.328222,
        "runtime" : 60002,
        "total_ios" : 279209,
        "short_ios" : 0,
        "drop_ios" : 0,
        "slat_ns" : {
          "min" : 2186,
          "max" : 28002437,
          "mean" : 920776.006515,
          "stddev" : 980379.461249,
          "N" : 279209
        },
        "clat_ns" : {
          "min" : 6985,
          "max" : 89667693,
          "mean" : 17516150.457782,
          "stddev" : 7645784.232734,
          "N" : 279209,
          "percentile" : {
            "1.000000" : 4292608,
            "5.000000" : 7372800,
            "10.000000" : 9502720,
            "20.000000" : 11862016,
            "30.000000" : 13697024,
            "40.000000" : 15269888,
            "50.000000" : 16908288,
            "60.000000" : 18481152,
            "70.000000" : 20054016,
            "80.000000" : 22151168,
            "90.000000" : 25034752,
            "95.000000" : 28704768,
            "99.000000" : 47448064,
            "99.500000" : 56360960,
            "99.900000" : 70778880,
            "99.950000" : 76021760,
            "99.990000" : 83361792
          }
        },
        "lat_ns" : {
          "min" : 75843,
          "max" : 94577431,
          "mean" : 18436926.464297,
          "stddev" : 7945628.327016,
          "N" : 279209
        },
        "bw_min" : 6256,
        "bw_max" : 42920,
        "bw_agg" : 100.000000,
        "bw_mean" : 22006.857143,
        "bw_dev" : 713.413759,
        "bw_samples" : 952,
        "iops_min" : 1368,
        "iops_max" : 8952,
        "iops_mean" : 4655.008403,
        "iops_stddev" : 148.411073,
        "iops_samples" : 952
      },
      "write" : {
        "io_bytes" : 581881856,
        "io_kbytes" : 568244,
        "bw_bytes" : 9697707,
        "bw" : 9470,
        "iops" : 2001.533282,
        "runtime" : 60002,
        "total_ios" : 120096,
        "short_ios" : 0,
        "drop_ios" : 0,
        "slat_ns" : {
          "min" : 124712,
          "max" : 30178601,
          "mean" : 1815526.200157,
          "stddev" : 615984.611612,
          "N" : 120096
        },
        "clat_ns" : {
          "min" : 8872,
          "max" : 88503921,
          "mean" : 19246876.957326,
          "stddev" : 7815660.595036,
          "N" : 120096,
          "percentile" : {
            "1.000000" : 5734400,
            "5.000000" : 9371648,
            "10.000000" : 11337728,
            "20.000000" : 13697024,
            "30.000000" : 15400960,
            "40.000000" : 16908288,
            "50.000000" : 18481152,
            "60.000000" : 20054016,
            "70.000000" : 21626880,
            "80.000000" : 23461888,
            "90.000000" : 26607616,
            "95.000000" : 30015488,
            "99.000000" : 51118080,
            "99.500000" : 60555264,
            "99.900000" : 76021760,
            "99.950000" : 80216064,
            "99.990000" : 84410368
          }
        },
        "lat_ns" : {
          "min" : 1431939,
          "max" : 94117247,
          "mean" : 21062403.157482,
          "stddev" : 8258666.411798,
          "N" : 120096
        },
        "bw_min" : 3064,
        "bw_max" : 19064,
        "bw_agg" : 100.000000,
        "bw_mean" : 9473.613445,
        "bw_dev" : 300.594137,
        "bw_samples" : 952,
        "iops_min" : 656,
        "iops_max" : 3990,
        "iops_mean" : 2001.781513,
        "iops_stddev" : 62.250003,
        "iops_samples" : 952
      },
      "trim" : {
        "io_bytes" : 0,
        "io_kbytes" : 0,
        "bw_bytes" : 0,
        "bw" : 0,
        "iops" : 0.000000,
        "runtime" : 0,
        "total_ios" : 0,
        "short_ios" : 0,
        "drop_ios" : 0,
        "slat_ns" : {
          "min" : 0,
          "max" : 0,
          "mean" : 0.000000,
          "stddev" : 0.000000,
          "N" : 0
        },
        "clat_ns" : {
          "min" : 0,
          "max" : 0,
          "mean" : 0.000000,
          "stddev" : 0.000000,
          "N" : 0
        },
        "lat_ns" : {
          "min" : 0,
          "max" : 0,
          "mean" : 0.000000,
          "stddev" : 0.000000,
          "N" : 0
        },
        "bw_min" : 0,
        "bw_max" : 0,
        "bw_agg" : 0.000000,
        "bw_mean" : 0.000000,
        "bw_dev" : 0.000000,
        "bw_samples" : 0,
        "iops_min" : 0,
        "iops_max" : 0,
        "iops_mean" : 0.000000,
        "iops_stddev" : 0.000000,
        "iops_samples" : 0
      },
      "sync" : {
        "total_ios" : 0,
        "lat_ns" : {
          "min" : 0,
          "max" : 0,
          "mean" : 0.000000,
          "stddev" : 0.000000,
          "N" : 0
        }
      },
      "job_runtime" : 480004,
      "usr_cpu" : 1.088324,
      "sys_cpu" : 8.736802,
      "ctx" : 256270,
      "majf" : 0,
      "minf" : 117,
      "iodepth_level" : {
        "1" : 0.100000,
        "2" : 0.100000,
        "4" : 0.100000,
        "8" : 0.100000,
        "16" : 99.969948,
        "32" : 0.000000,
        ">=64" : 0.000000
      },
      "iodepth_submit" : {
        "0" : 0.000000,
        "4" : 100.000000,
        "8" : 0.000000,
        "16" : 0.000000,
        "32" : 0.000000,
        "64" : 0.000000,
        ">=64" : 0.000000
      },
      "iodepth_complete" : {
        "0" : 0.000000,
        "4" : 99.997996,
        "8" : 0.000000,
        "16" : 0.100000,
        "32" : 0.000000,
        "64" : 0.000000,
        ">=64" : 0.000000
      },
      "latency_ns" : {
        "2" : 0.000000,
        "4" : 0.000000,
        "10" : 0.000000,
        "20" : 0.000000,
        "50" : 0.000000,
        "100" : 0.000000,
        "250" : 0.000000,
        "500" : 0.000000,
        "750" : 0.000000,
        "1000" : 0.000000
      },
      "latency_us" : {
        "2" : 0.000000,
        "4" : 0.000000,
        "10" : 0.010000,
        "20" : 0.010000,
        "50" : 0.000000,
        "100" : 0.010000,
        "250" : 0.010000,
        "500" : 0.010000,
        "750" : 0.010000,
        "1000" : 0.096918
      },
      "latency_ms" : {
        "2" : 0.116452,
        "4" : 0.421733,
        "10" : 9.670302,
        "20" : 56.419529,
        "50" : 32.346202,
        "100" : 0.914339,
        "250" : 0.000000,
        "500" : 0.000000,
        "750" : 0.000000,
        "1000" : 0.000000,
        "2000" : 0.000000,
        ">=2000" : 0.000000
      },
      "latency_depth" : 16,
      "latency_target" : 0,
      "latency_percentile" : 100.000000,
      "latency_window" : 0
    }
  ]
}
