{
  "fio version" : "fio-3.36",
  "timestamp" : 1748746830,
  "timestamp_ms" : 1748746830607,
  "time" : "Sun Jun  1 03:00:30 2025",
  "global options" : {
    "ioengine" : "libaio",
    "direct" : "1",
    "directory" : "/mnt/test",
    "buffer_compress_percentage" : "70",
    "buffer_pattern" : "0xdeadbeef"
  },
  "jobs" : [
    {
      "jobname" : "webserver_test",
      "groupid" : 0,
      "job_start" : 1748746796911,
      "error" : 0,
      "eta" : 0,
      "elapsed" : 34,
      "job options" : {
        "rw" : "randread",
        "size" : "2G",
        "numjobs" : "16",
        "runtime" : "120",
        "iodepth" : "32",
        "bssplit" : "4k/90:8k/10"
      },
      "read" : {
        "io_bytes" : 34359738368,
        "io_kbytes" : 33554432,
        "bw_bytes" : 1021031093,
        "bw" : 997100,
        "iops" : 234082.788542,
        "runtime" : 33652,
        "total_ios" : 7877354,
        "short_ios" : 0,
        "drop_ios" : 0,
        "slat_ns" : {
          "min" : 2678,
          "max" : 10614425,
          "mean" : 7533.127544,
          "stddev" : 22546.386652,
          "N" : 7877354
        },
        "clat_ns" : {
          "min" : 65362,
          "max" : 15793786,
          "mean" : 2168659.602980,
          "stddev" : 1110302.626291,
          "N" : 7877354,
          "percentile" : {
            "1.000000" : 337920,
            "5.000000" : 552960,
            "10.000000" : 741376,
            "20.000000" : 1073152,
            "30.000000" : 1400832,
            "40.000000" : 1728512,
            "50.000000" : 2072576,
            "60.000000" : 2441216,
            "70.000000" : 2834432,
            "80.000000" : 3260416,
            "90.000000" : 3751936,
            "95.000000" : 4046848,
            "99.000000" : 4489216,
            "99.500000" : 4685824,
            "99.900000" : 5013504,
            "99.950000" : 5144576,
            "99.990000" : 6389760
          }
        },
        "lat_ns" : {
          "min" : 68562,
          "max" : 15830515,
          "mean" : 2176192.730524,
          "stddev" : 1111114.423413,
          "N" : 7877354
        },
        "bw_min" : 840600,
        "bw_max" : 1075440,
        "bw_agg" : 100.000000,
        "bw_mean" : 1001159.035730,
        "bw_dev" : 4010.767524,
        "bw_samples" : 1064,
        "iops_min" : 201742,
        "iops_max" : 250260,
        "iops_mean" : 234991.092266,
        "iops_stddev" : 805.432948,
        "iops_samples" : 1064
      },
      "write" : {
        "io_bytes" : 0,
        "io_kbytes" : 0,
        "bw_bytes" : 0,
        "bw" : 0,
        "iops" : 0.000000,
        "runtime" : 0,
        "total_ios" : 0,
        "short_ios" : 0,
        "drop_ios" : 0,
        "slat_ns" : {
          "min" : 0,
          "max" : 0,
          "mean" : 0.000000,
          "stddev" : 0.000000,
          "N" : 0
        },
        "clat_ns" : {
          "min" : 0,
          "max" : 0,
          "mean" : 0.000000,
          "stddev" : 0.000000,
          "N" : 0
        },
        "lat_ns" : {
          "min" : 0,
          "max" : 0,
          "mean" : 0.000000,
          "stddev" : 0.000000,
          "N" : 0
        },
        "bw_min" : 0,
        "bw_max" : 0,
        "bw_agg" : 0.000000,
        "bw_mean" : 0.000000,
        "bw_dev" : 0.000000,
        "bw_samples" : 0,
        "iops_min" : 0,
        "iops_max" : 0,
        "iops_mean" : 0.000000,
        "iops_stddev" : 0.000000,
        "iops_samples" : 0
      },
      "trim" : {
        "io_bytes" : 0,
        "io_kbytes" : 0,
        "bw_bytes" : 0,
        "bw" : 0,
        "iops" : 0.000000,
        "runtime" : 0,
        "total_ios" : 0,
        "short_ios" : 0,
        "drop_ios" : 0,
        "slat_ns" : {
          "min" : 0,
          "max" : 0,
          "mean" : 0.000000,
          "stddev" : 0.000000,
          "N" : 0
        },
        "clat_ns" : {
          "min" : 0,
          "max" : 0,
          "mean" : 0.000000,
          "stddev" : 0.000000,
          "N" : 0
        },
        "lat_ns" : {
          "min" : 0,
          "max" : 0,
          "mean" : 0.000000,
          "stddev" : 0.000000,
          "N" : 0
        },
        "bw_min" : 0,
        "bw_max" : 0,
        "bw_agg" : 0.000000,
        "bw_mean" : 0.000000,
        "bw_dev" : 0.000000,
        "bw_samples" : 0,
        "iops_min" : 0,
        "iops_max" : 0,
        "iops_mean" : 0.000000,
        "iops_stddev" : 0.000000,
        "iops_samples" : 0
      },
      "sync" : {
        "total_ios" : 0,
        "lat_ns" : {
          "min" : 0,
          "max" : 0,
          "mean" : 0.000000,
          "stddev" : 0.000000,
          "N" : 0
        }
      },
      "job_runtime" : 535916,
      "usr_cpu" : 2.658999,
      "sys_cpu" : 11.050612,
      "ctx" : 6257191,
      "majf" : 0,
      "minf" : 1153,
      "iodepth_level" : {
        "1" : 0.100000,
        "2" : 0.100000,
        "4" : 0.100000,
        "8" : 0.100000,
        "16" : 0.100000,
        "32" : 99.993703,
        ">=64" : 0.000000
      },
      "iodepth_submit" : {
        "0" : 0.000000,
        "4" : 100.000000,
        "8" : 0.000000,
        "16" : 0.000000,
        "32" : 0.000000,
        "64" : 0.000000,
        ">=64" : 0.000000
      },
      "iodepth_complete" : {
        "0" : 0.000000,
        "4" : 99.999797,
        "8" : 0.000000,
        "16" : 0.000000,
        "32" : 0.100000,
        "64" : 0.000000,
        ">=64" : 0.000000
      },
      "latency_ns" : {
        "2" : 0.000000,
        "4" : 0.000000,
        "10" : 0.000000,
        "20" : 0.000000,
        "50" : 0.000000,
        "100" : 0.000000,
        "250" : 0.000000,
        "500" : 0.000000,
        "750" : 0.000000,
        "1000" : 0.000000
      },
      "latency_us" : {
        "2" : 0.000000,
        "4" : 0.000000,
        "10" : 0.000000,
        "20" : 0.000000,
        "50" : 0.000000,
        "100" : 0.010000,
        "250" : 0.270878,
        "500" : 3.573840,
        "750" : 6.470777,
        "1000" : 7.337007
      },
      "latency_ms" : {
        "2" : 30.243671,
        "4" : 46.586290,
        "10" : 5.512536,
        "20" : 0.010000,
        "50" : 0.000000,
        "100" : 0.000000,
        "250" : 0.000000,
        "500" : 0.000000,
        "750" : 0.000000,
        "1000" : 0.000000,
        "2000" : 0.000000,
        ">=2000" : 0.000000
      },
      "latency_depth" : 32,
      "latency_target" : 0,
      "latency_percentile" : 100.000000,
      "latency_window" : 0
    }
  ]
}
