{
  "fio version" : "fio-3.36",
  "timestamp" : 1750606855,
  "timestamp_ms" : 1750606855499,
  "time" : "Sun Jun 22 15:40:55 2025",
  "global options" : {
    "ioengine" : "libaio",
    "direct" : "1",
    "directory" : "/mnt/test"
  },
  "jobs" : [
    {
      "jobname" : "database_test",
      "groupid" : 0,
      "job_start" : 1750606850457,
      "error" : 0,
      "eta" : 0,
      "elapsed" : 6,
      "job options" : {
        "rw" : "randrw",
        "rwmixread" : "70",
        "size" : "1M",
        "numjobs" : "8",
        "runtime" : "5",
        "iodepth" : "16",
        "bssplit" : "4k/80:8k/20"
      },
      "read" : {
        "io_bytes" : 32250195968,
        "io_kbytes" : 31494332,
        "bw_bytes" : 6447460209,
        "bw" : 6296347,
        "iops" : 1390359.456218,
        "runtime" : 5002,
        "total_ios" : 6954578,
        "short_ios" : 0,
        "drop_ios" : 0,
        "slat_ns" : {
          "min" : 1521,
          "max" : 19307012,
          "mean" : 2278.853423,
          "stddev" : 17843.230522,
          "N" : 6954578
        },
        "clat_ns" : {
          "min" : 960,
          "max" : 21753309,
          "mean" : 60673.465125,
          "stddev" : 92305.722227,
          "N" : 6954578,
          "percentile" : {
            "1.000000" : 44288,
            "5.000000" : 47872,
            "10.000000" : 50432,
            "20.000000" : 52992,
            "30.000000" : 55040,
            "40.000000" : 57088,
            "50.000000" : 58624,
            "60.000000" : 60672,
            "70.000000" : 62720,
            "80.000000" : 65280,
            "90.000000" : 69120,
            "95.000000" : 72192,
            "99.000000" : 82432,
            "99.500000" : 96768,
            "99.900000" : 248832,
            "99.950000" : 346112,
            "99.990000" : 3620864
          }
        },
        "lat_ns" : {
          "min" : 3052,
          "max" : 21755638,
          "mean" : 62952.318548,
          "stddev" : 94096.278798,
          "N" : 6954578
        },
        "bw_min" : 5942656,
        "bw_max" : 6799800,
        "bw_agg" : 100.000000,
        "bw_mean" : 6314802.666667,
        "bw_dev" : 36296.350321,
        "bw_samples" : 72,
        "iops_min" : 1311590,
        "iops_max" : 1500668,
        "iops_mean" : 1394414.000000,
        "iops_stddev" : 8013.593609,
        "iops_samples" : 72
      },
      "write" : {
        "io_bytes" : 13829492736,
        "io_kbytes" : 13505364,
        "bw_bytes" : 2764792630,
        "bw" : 2699992,
        "iops" : 596036.785286,
        "runtime" : 5002,
        "total_ios" : 2981376,
        "short_ios" : 0,
        "drop_ios" : 0,
        "slat_ns" : {
          "min" : 3674,
          "max" : 21667719,
          "mean" : 5414.763322,
          "stddev" : 31665.355791,
          "N" : 2981376
        },
        "clat_ns" : {
          "min" : 1135,
          "max" : 21752615,
          "mean" : 61098.306535,
          "stddev" : 90858.754512,
          "N" : 2981376,
          "percentile" : {
            "1.000000" : 44288,
            "5.000000" : 48384,
            "10.000000" : 50432,
            "20.000000" : 53504,
            "30.000000" : 55552,
            "40.000000" : 57600,
            "50.000000" : 59136,
            "60.000000" : 61184,
            "70.000000" : 63232,
            "80.000000" : 66048,
            "90.000000" : 69120,
            "95.000000" : 72192,
            "99.000000" : 82432,
            "99.500000" : 96768,
            "99.900000" : 248832,
            "99.950000" : 342016,
            "99.990000" : 3981312
          }
        },
        "lat_ns" : {
          "min" : 5848,
          "max" : 21757928,
          "mean" : 66513.069857,
          "stddev" : 96369.811376,
          "N" : 2981376
        },
        "bw_min" : 2547632,
        "bw_max" : 2918712,
        "bw_agg" : 100.000000,
        "bw_mean" : 2708104.888889,
        "bw_dev" : 15730.800885,
        "bw_samples" : 72,
        "iops_min" : 562760,
        "iops_max" : 644354,
        "iops_mean" : 597833.555556,
        "iops_stddev" : 3461.405576,
        "iops_samples" : 72
      },
      "trim" : {
        "io_bytes" : 0,
        "io_kbytes" : 0,
        "bw_bytes" : 0,
        "bw" : 0,
        "iops" : 0.000000,
        "runtime" : 0,
        "total_ios" : 0,
        "short_ios" : 0,
        "drop_ios" : 0,
        "slat_ns" : {
          "min" : 0,
          "max" : 0,
          "mean" : 0.000000,
          "stddev" : 0.000000,
          "N" : 0
        },
        "clat_ns" : {
          "min" : 0,
          "max" : 0,
          "mean" : 0.000000,
          "stddev" : 0.000000,
          "N" : 0
        },
        "lat_ns" : {
          "min" : 0,
          "max" : 0,
          "mean" : 0.000000,
          "stddev" : 0.000000,
          "N" : 0
        },
        "bw_min" : 0,
        "bw_max" : 0,
        "bw_agg" : 0.000000,
        "bw_mean" : 0.000000,
        "bw_dev" : 0.000000,
        "bw_samples" : 0,
        "iops_min" : 0,
        "iops_max" : 0,
        "iops_mean" : 0.000000,
        "iops_stddev" : 0.000000,
        "iops_samples" : 0
      },
      "sync" : {
        "total_ios" : 0,
        "lat_ns" : {
          "min" : 0,
          "max" : 0,
          "mean" : 0.000000,
          "stddev" : 0.000000,
          "N" : 0
        }
      },
      "job_runtime" : 40001,
      "usr_cpu" : 18.324542,
      "sys_cpu" : 79.383015,
      "ctx" : 8809,
      "majf" : 0,
      "minf" : 119,
      "iodepth_level" : {
        "1" : 0.100000,
        "2" : 0.100000,
        "4" : 0.100000,
        "8" : 0.100000,
        "16" : 99.998792,
        "32" : 0.000000,
        ">=64" : 0.000000
      },
      "iodepth_submit" : {
        "0" : 0.000000,
        "4" : 100.000000,
        "8" : 0.000000,
        "16" : 0.000000,
        "32" : 0.000000,
        "64" : 0.000000,
        ">=64" : 0.000000
      },
      "iodepth_complete" : {
        "0" : 0.000000,
        "4" : 99.999919,
        "8" : 0.000000,
        "16" : 0.100000,
        "32" : 0.000000,
        "64" : 0.000000,
        ">=64" : 0.000000
      },
      "latency_ns" : {
        "2" : 0.000000,
        "4" : 0.000000,
        "10" : 0.000000,
        "20" : 0.000000,
        "50" : 0.000000,
        "100" : 0.000000,
        "250" : 0.000000,
        "500" : 0.000000,
        "750" : 0.000000,
        "1000" : 0.010000
      },
      "latency_us" : {
        "2" : 0.010000,
        "4" : 0.010000,
        "10" : 0.010000,
        "20" : 0.010000,
        "50" : 9.000515,
        "100" : 90.538684,
        "250" : 0.361626,
        "500" : 0.068489,
        "750" : 0.010000,
        "1000" : 0.010000
      },
      "latency_ms" : {
        "2" : 0.010000,
        "4" : 0.010000,
        "10" : 0.010000,
        "20" : 0.010000,
        "50" : 0.010000,
        "100" : 0.000000,
        "250" : 0.000000,
        "500" : 0.000000,
        "750" : 0.000000,
        "1000" : 0.000000,
        "2000" : 0.000000,
        ">=2000" : 0.000000
      },
      "latency_depth" : 16,
      "latency_target" : 0,
      "latency_percentile" : 100.000000,
      "latency_window" : 0
    }
  ]
}
