{
  "fio version" : "fio-3.36",
  "timestamp" : 1752152554,
  "timestamp_ms" : 1752152554567,
  "time" : "Thu Jul 10 13:02:34 2025",
  "global options" : {
    "ioengine" : "libaio",
    "direct" : "1",
    "directory" : "/mnt/test"
  },
  "jobs" : [
    {
      "jobname" : "database_mysql_innodb_test",
      "groupid" : 0,
      "job_start" : 1752152493949,
      "error" : 0,
      "eta" : 0,
      "elapsed" : 61,
      "job options" : {
        "rw" : "randrw",
        "rwmixread" : "70",
        "size" : "1G",
        "numjobs" : "24",
        "runtime" : "60",
        "iodepth" : "16",
        "bssplit" : "16k"
      },
      "read" : {
        "io_bytes" : 208044032,
        "io_kbytes" : 203168,
        "bw_bytes" : 3434089,
        "bw" : 3353,
        "iops" : 209.600211,
        "runtime" : 60582,
        "total_ios" : 12698,
        "short_ios" : 0,
        "drop_ios" : 0,
        "slat_ns" : {
          "min" : 2660,
          "max" : 632427544,
          "mean" : 78103495.705150,
          "stddev" : 59870423.761294,
          "N" : 12698
        },
        "clat_ns" : {
          "min" : 12494970,
          "max" : 2724021925,
          "mean" : 1193415747.491416,
          "stddev" : 310064044.282022,
          "N" : 12698,
          "percentile" : {
            "1.000000" : 480247808,
            "5.000000" : 725614592,
            "10.000000" : 826277888,
            "20.000000" : 943718400,
            "30.000000" : 1035993088,
            "40.000000" : 1098907648,
            "50.000000" : 1166016512,
            "60.000000" : 1249902592,
            "70.000000" : 1333788672,
            "80.000000" : 1434451968,
            "90.000000" : 1602224128,
            "95.000000" : 1719664640,
            "99.000000" : 2004877312,
            "99.500000" : 2122317824,
            "99.900000" : 2399141888,
            "99.950000" : 2466250752,
            "99.990000" : 2701131776
          }
        },
        "lat_ns" : {
          "min" : 12500391,
          "max" : 2788649515,
          "mean" : 1271519243.196566,
          "stddev" : 319423033.304203,
          "N" : 12698
        },
        "bw_min" : 768,
        "bw_max" : 7968,
        "bw_agg" : 100.000000,
        "bw_mean" : 3401.831160,
        "bw_dev" : 58.718639,
        "bw_samples" : 2809,
        "iops_min" : 48,
        "iops_max" : 498,
        "iops_mean" : 212.614448,
        "iops_stddev" : 3.669915,
        "iops_samples" : 2809
      },
      "write" : {
        "io_bytes" : 91045888,
        "io_kbytes" : 88912,
        "bw_bytes" : 1502853,
        "bw" : 1467,
        "iops" : 91.726916,
        "runtime" : 60582,
        "total_ios" : 5557,
        "short_ios" : 0,
        "drop_ios" : 0,
        "slat_ns" : {
          "min" : 3275,
          "max" : 592960002,
          "mean" : 80882424.733129,
          "stddev" : 61473866.130355,
          "N" : 5557
        },
        "clat_ns" : {
          "min" : 374691,
          "max" : 2677844880,
          "mean" : 1151254074.226921,
          "stddev" : 301649724.276449,
          "N" : 5557,
          "percentile" : {
            "1.000000" : 387973120,
            "5.000000" : 692060160,
            "10.000000" : 801112064,
            "20.000000" : 918552576,
            "30.000000" : 1002438656,
            "40.000000" : 1069547520,
            "50.000000" : 1132462080,
            "60.000000" : 1199570944,
            "70.000000" : 1283457024,
            "80.000000" : 1384120320,
            "90.000000" : 1551892480,
            "95.000000" : 1686110208,
            "99.000000" : 1904214016,
            "99.500000" : 1971322880,
            "99.900000" : 2164260864,
            "99.950000" : 2197815296,
            "99.990000" : 2667577344
          }
        },
        "lat_ns" : {
          "min" : 392188,
          "max" : 2779464385,
          "mean" : 1232136498.960050,
          "stddev" : 310435635.353971,
          "N" : 5557
        },
        "bw_min" : 768,
        "bw_max" : 4576,
        "bw_agg" : 100.000000,
        "bw_mean" : 1745.626969,
        "bw_dev" : 38.869026,
        "bw_samples" : 2399,
        "iops_min" : 48,
        "iops_max" : 286,
        "iops_mean" : 109.101686,
        "iops_stddev" : 2.429314,
        "iops_samples" : 2399
      },
      "trim" : {
        "io_bytes" : 0,
        "io_kbytes" : 0,
        "bw_bytes" : 0,
        "bw" : 0,
        "iops" : 0.000000,
        "runtime" : 0,
        "total_ios" : 0,
        "short_ios" : 0,
        "drop_ios" : 0,
        "slat_ns" : {
          "min" : 0,
          "max" : 0,
          "mean" : 0.000000,
          "stddev" : 0.000000,
          "N" : 0
        },
        "clat_ns" : {
          "min" : 0,
          "max" : 0,
          "mean" : 0.000000,
          "stddev" : 0.000000,
          "N" : 0
        },
        "lat_ns" : {
          "min" : 0,
          "max" : 0,
          "mean" : 0.000000,
          "stddev" : 0.000000,
          "N" : 0
        },
        "bw_min" : 0,
        "bw_max" : 0,
        "bw_agg" : 0.000000,
        "bw_mean" : 0.000000,
        "bw_dev" : 0.000000,
        "bw_samples" : 0,
        "iops_min" : 0,
        "iops_max" : 0,
        "iops_mean" : 0.000000,
        "iops_stddev" : 0.000000,
        "iops_samples" : 0
      },
      "sync" : {
        "total_ios" : 0,
        "lat_ns" : {
          "min" : 0,
          "max" : 0,
          "mean" : 0.000000,
          "stddev" : 0.000000,
          "N" : 0
        }
      },
      "job_runtime" : 1446575,
      "usr_cpu" : 0.034634,
      "sys_cpu" : 0.108740,
      "ctx" : 18408,
      "majf" : 0,
      "minf" : 272,
      "iodepth_level" : {
        "1" : 0.131471,
        "2" : 0.262942,
        "4" : 0.525883,
        "8" : 1.051767,
        "16" : 98.027938,
        "32" : 0.000000,
        ">=64" : 0.000000
      },
      "iodepth_submit" : {
        "0" : 0.000000,
        "4" : 100.000000,
        "8" : 0.000000,
        "16" : 0.000000,
        "32" : 0.000000,
        "64" : 0.000000,
        ">=64" : 0.000000
      },
      "iodepth_complete" : {
        "0" : 0.000000,
        "4" : 99.866064,
        "8" : 0.000000,
        "16" : 0.133936,
        "32" : 0.000000,
        "64" : 0.000000,
        ">=64" : 0.000000
      },
      "latency_ns" : {
        "2" : 0.000000,
        "4" : 0.000000,
        "10" : 0.000000,
        "20" : 0.000000,
        "50" : 0.000000,
        "100" : 0.000000,
        "250" : 0.000000,
        "500" : 0.000000,
        "750" : 0.000000,
        "1000" : 0.000000
      },
      "latency_us" : {
        "2" : 0.000000,
        "4" : 0.000000,
        "10" : 0.000000,
        "20" : 0.000000,
        "50" : 0.000000,
        "100" : 0.000000,
        "250" : 0.000000,
        "500" : 0.021912,
        "750" : 0.010956,
        "1000" : 0.010000
      },
      "latency_ms" : {
        "2" : 0.000000,
        "4" : 0.000000,
        "10" : 0.000000,
        "20" : 0.010000,
        "50" : 0.010000,
        "100" : 0.060257,
        "250" : 0.197206,
        "500" : 1.013421,
        "750" : 4.963024,
        "1000" : 21.029855,
        "2000" : 71.843331,
        ">=2000" : 0.843604
      },
      "latency_depth" : 16,
      "latency_target" : 0,
      "latency_percentile" : 100.000000,
      "latency_window" : 0
    }
  ],
  "disk_util" : [
    {
      "name" : "sda",
      "read_ios" : 12694,
      "write_ios" : 5591,
      "read_sectors" : 406184,
      "write_sectors" : 178632,
      "read_merges" : 0,
      "write_merges" : 67,
      "read_ticks" : 2829629,
      "write_ticks" : 1020183,
      "in_queue" : 3857118,
      "util" : 97.241038
    }
  ]
}
