{
  "fio version" : "fio-3.36",
  "timestamp" : 1748109154,
  "timestamp_ms" : 1748109154989,
  "time" : "Sat May 24 17:52:34 2025",
  "global options" : {
    "ioengine" : "libaio",
    "direct" : "1",
    "directory" : "/mnt/test"
  },
  "jobs" : [
    {
      "jobname" : "database_test",
      "groupid" : 0,
      "job_start" : 1748109094742,
      "error" : 0,
      "eta" : 0,
      "elapsed" : 61,
      "job options" : {
        "rw" : "randrw",
        "rwmixread" : "70",
        "size" : "1G",
        "numjobs" : "8",
        "runtime" : "60",
        "iodepth" : "16",
        "bssplit" : "4k/80:8k/20"
      },
      "read" : {
        "io_bytes" : 118517760,
        "io_kbytes" : 115740,
        "bw_bytes" : 1968177,
        "bw" : 1922,
        "iops" : 401.066144,
        "runtime" : 60217,
        "total_ios" : 24151,
        "short_ios" : 0,
        "drop_ios" : 0,
        "slat_ns" : {
          "min" : 12520,
          "max" : 163641698,
          "mean" : 16930621.632479,
          "stddev" : 10020574.994665,
          "N" : 24151
        },
        "clat_ns" : {
          "min" : 11851818,
          "max" : 1323411322,
          "mean" : 235149376.778560,
          "stddev" : 119276848.669183,
          "N" : 24151,
          "percentile" : {
            "1.000000" : 52690944,
            "5.000000" : 91750400,
            "10.000000" : 113770496,
            "20.000000" : 143654912,
            "30.000000" : 168820736,
            "40.000000" : 189792256,
            "50.000000" : 212860928,
            "60.000000" : 235929600,
            "70.000000" : 267386880,
            "80.000000" : 308281344,
            "90.000000" : 379584512,
            "95.000000" : 459276288,
            "99.000000" : 641728512,
            "99.500000" : 725614592,
            "99.900000" : 977272832,
            "99.950000" : 1082130432,
            "99.990000" : 1300234240
          }
        },
        "lat_ns" : {
          "min" : 20135037,
          "max" : 1338996735,
          "mean" : 252079998.411039,
          "stddev" : 120114737.621544,
          "N" : 24151
        },
        "bw_min" : 1064,
        "bw_max" : 2728,
        "bw_agg" : 99.997510,
        "bw_mean" : 1922.266667,
        "bw_dev" : 39.779245,
        "bw_samples" : 960,
        "iops_min" : 216,
        "iops_max" : 558,
        "iops_mean" : 401.116667,
        "iops_stddev" : 7.705410,
        "iops_samples" : 960
      },
      "write" : {
        "io_bytes" : 51712000,
        "io_kbytes" : 50500,
        "bw_bytes" : 858760,
        "bw" : 838,
        "iops" : 175.199694,
        "runtime" : 60217,
        "total_ios" : 10550,
        "short_ios" : 0,
        "drop_ios" : 0,
        "slat_ns" : {
          "min" : 16867,
          "max" : 63622506,
          "mean" : 5830862.659810,
          "stddev" : 9491775.136025,
          "N" : 10550
        },
        "clat_ns" : {
          "min" : 4060253,
          "max" : 5135986437,
          "mean" : 146798569.561896,
          "stddev" : 233582407.664087,
          "N" : 10550,
          "percentile" : {
            "1.000000" : 33816576,
            "5.000000" : 54788096,
            "10.000000" : 67633152,
            "20.000000" : 86507520,
            "30.000000" : 100139008,
            "40.000000" : 113770496,
            "50.000000" : 126353408,
            "60.000000" : 139460608,
            "70.000000" : 154140672,
            "80.000000" : 168820736,
            "90.000000" : 193986560,
            "95.000000" : 219152384,
            "99.000000" : 312475648,
            "99.500000" : 1988100096,
            "99.900000" : 3875536896,
            "99.950000" : 4244635648,
            "99.990000" : 5133828096
          }
        },
        "lat_ns" : {
          "min" : 4149680,
          "max" : 5172466120,
          "mean" : 152629432.221706,
          "stddev" : 235488745.469350,
          "N" : 10550
        },
        "bw_min" : 176,
        "bw_max" : 1656,
        "bw_agg" : 99.924542,
        "bw_mean" : 838.400000,
        "bw_dev" : 36.399743,
        "bw_samples" : 960,
        "iops_min" : 40,
        "iops_max" : 334,
        "iops_mean" : 175.233333,
        "iops_stddev" : 7.249830,
        "iops_samples" : 960
      },
      "trim" : {
        "io_bytes" : 0,
        "io_kbytes" : 0,
        "bw_bytes" : 0,
        "bw" : 0,
        "iops" : 0.000000,
        "runtime" : 0,
        "total_ios" : 0,
        "short_ios" : 0,
        "drop_ios" : 0,
        "slat_ns" : {
          "min" : 0,
          "max" : 0,
          "mean" : 0.000000,
          "stddev" : 0.000000,
          "N" : 0
        },
        "clat_ns" : {
          "min" : 0,
          "max" : 0,
          "mean" : 0.000000,
          "stddev" : 0.000000,
          "N" : 0
        },
        "lat_ns" : {
          "min" : 0,
          "max" : 0,
          "mean" : 0.000000,
          "stddev" : 0.000000,
          "N" : 0
        },
        "bw_min" : 0,
        "bw_max" : 0,
        "bw_agg" : 0.000000,
        "bw_mean" : 0.000000,
        "bw_dev" : 0.000000,
        "bw_samples" : 0,
        "iops_min" : 0,
        "iops_max" : 0,
        "iops_mean" : 0.000000,
        "iops_stddev" : 0.000000,
        "iops_samples" : 0
      },
      "sync" : {
        "total_ios" : 0,
        "lat_ns" : {
          "min" : 0,
          "max" : 0,
          "mean" : 0.000000,
          "stddev" : 0.000000,
          "N" : 0
        }
      },
      "job_runtime" : 481390,
      "usr_cpu" : 0.163693,
      "sys_cpu" : 0.719998,
      "ctx" : 28537,
      "majf" : 0,
      "minf" : 98,
      "iodepth_level" : {
        "1" : 0.100000,
        "2" : 0.100000,
        "4" : 0.100000,
        "8" : 0.184433,
        "16" : 99.654189,
        "32" : 0.000000,
        ">=64" : 0.000000
      },
      "iodepth_submit" : {
        "0" : 0.000000,
        "4" : 100.000000,
        "8" : 0.000000,
        "16" : 0.000000,
        "32" : 0.000000,
        "64" : 0.000000,
        ">=64" : 0.000000
      },
      "iodepth_complete" : {
        "0" : 0.000000,
        "4" : 99.976871,
        "8" : 0.000000,
        "16" : 0.100000,
        "32" : 0.000000,
        "64" : 0.000000,
        ">=64" : 0.000000
      },
      "latency_ns" : {
        "2" : 0.000000,
        "4" : 0.000000,
        "10" : 0.000000,
        "20" : 0.000000,
        "50" : 0.000000,
        "100" : 0.000000,
        "250" : 0.000000,
        "500" : 0.000000,
        "750" : 0.000000,
        "1000" : 0.000000
      },
      "latency_us" : {
        "2" : 0.000000,
        "4" : 0.000000,
        "10" : 0.000000,
        "20" : 0.000000,
        "50" : 0.000000,
        "100" : 0.000000,
        "250" : 0.000000,
        "500" : 0.000000,
        "750" : 0.000000,
        "1000" : 0.000000
      },
      "latency_ms" : {
        "2" : 0.000000,
        "4" : 0.000000,
        "10" : 0.011527,
        "20" : 0.086453,
        "50" : 1.645486,
        "100" : 11.936255,
        "250" : 61.272009,
        "500" : 22.411458,
        "750" : 2.129622,
        "1000" : 0.236304,
        "2000" : 0.121034,
        ">=2000" : 0.149852
      },
      "latency_depth" : 16,
      "latency_target" : 0,
      "latency_percentile" : 100.000000,
      "latency_window" : 0
    }
  ]
}
