{
  "fio version" : "fio-3.36",
  "timestamp" : 1751593535,
  "timestamp_ms" : 1751593535718,
  "time" : "Fri Jul  4 01:45:35 2025",
  "global options" : {
    "ioengine" : "libaio",
    "direct" : "0",
    "directory" : "/mnt/test"
  },
  "jobs" : [
    {
      "jobname" : "seq_write_article_test",
      "groupid" : 0,
      "job_start" : 1751593530689,
      "error" : 0,
      "eta" : 0,
      "elapsed" : 6,
      "job options" : {
        "rw" : "write",
        "size" : "50M",
        "numjobs" : "1",
        "runtime" : "5"
      },
      "read" : {
        "io_bytes" : 0,
        "io_kbytes" : 0,
        "bw_bytes" : 0,
        "bw" : 0,
        "iops" : 0.000000,
        "runtime" : 0,
        "total_ios" : 0,
        "short_ios" : 0,
        "drop_ios" : 0,
        "slat_ns" : {
          "min" : 0,
          "max" : 0,
          "mean" : 0.000000,
          "stddev" : 0.000000,
          "N" : 0
        },
        "clat_ns" : {
          "min" : 0,
          "max" : 0,
          "mean" : 0.000000,
          "stddev" : 0.000000,
          "N" : 0
        },
        "lat_ns" : {
          "min" : 0,
          "max" : 0,
          "mean" : 0.000000,
          "stddev" : 0.000000,
          "N" : 0
        },
        "bw_min" : 0,
        "bw_max" : 0,
        "bw_agg" : 0.000000,
        "bw_mean" : 0.000000,
        "bw_dev" : 0.000000,
        "bw_samples" : 0,
        "iops_min" : 0,
        "iops_max" : 0,
        "iops_mean" : 0.000000,
        "iops_stddev" : 0.000000,
        "iops_samples" : 0
      },
      "write" : {
        "io_bytes" : 6209974272,
        "io_kbytes" : 6064428,
        "bw_bytes" : 1241746505,
        "bw" : 1212643,
        "iops" : 303160.767846,
        "runtime" : 5001,
        "total_ios" : 1516107,
        "short_ios" : 0,
        "drop_ios" : 0,
        "slat_ns" : {
          "min" : 2414,
          "max" : 1592551,
          "mean" : 2706.211914,
          "stddev" : 1844.008584,
          "N" : 1516107
        },
        "clat_ns" : {
          "min" : 307,
          "max" : 30677,
          "mean" : 363.652585,
          "stddev" : 155.222520,
          "N" : 1516107,
          "percentile" : {
            "1.000000" : 330,
            "5.000000" : 338,
            "10.000000" : 338,
            "20.000000" : 346,
            "30.000000" : 346,
            "40.000000" : 350,
            "50.000000" : 354,
            "60.000000" : 358,
            "70.000000" : 366,
            "80.000000" : 378,
            "90.000000" : 394,
            "95.000000" : 406,
            "99.000000" : 450,
            "99.500000" : 510,
            "99.900000" : 636,
            "99.950000" : 764,
            "99.990000" : 2384
          }
        },
        "lat_ns" : {
          "min" : 2760,
          "max" : 1596988,
          "mean" : 3069.864499,
          "stddev" : 1857.085840,
          "N" : 1516107
        },
        "bw_min" : 1183448,
        "bw_max" : 1228696,
        "bw_agg" : 99.848424,
        "bw_mean" : 1210805.333333,
        "bw_dev" : 17947.959884,
        "bw_samples" : 9,
        "iops_min" : 295862,
        "iops_max" : 307174,
        "iops_mean" : 302701.333333,
        "iops_stddev" : 4486.989971,
        "iops_samples" : 9
      },
      "trim" : {
        "io_bytes" : 0,
        "io_kbytes" : 0,
        "bw_bytes" : 0,
        "bw" : 0,
        "iops" : 0.000000,
        "runtime" : 0,
        "total_ios" : 0,
        "short_ios" : 0,
        "drop_ios" : 0,
        "slat_ns" : {
          "min" : 0,
          "max" : 0,
          "mean" : 0.000000,
          "stddev" : 0.000000,
          "N" : 0
        },
        "clat_ns" : {
          "min" : 0,
          "max" : 0,
          "mean" : 0.000000,
          "stddev" : 0.000000,
          "N" : 0
        },
        "lat_ns" : {
          "min" : 0,
          "max" : 0,
          "mean" : 0.000000,
          "stddev" : 0.000000,
          "N" : 0
        },
        "bw_min" : 0,
        "bw_max" : 0,
        "bw_agg" : 0.000000,
        "bw_mean" : 0.000000,
        "bw_dev" : 0.000000,
        "bw_samples" : 0,
        "iops_min" : 0,
        "iops_max" : 0,
        "iops_mean" : 0.000000,
        "iops_stddev" : 0.000000,
        "iops_samples" : 0
      },
      "sync" : {
        "total_ios" : 0,
        "lat_ns" : {
          "min" : 0,
          "max" : 0,
          "mean" : 0.000000,
          "stddev" : 0.000000,
          "N" : 0
        }
      },
      "job_runtime" : 5000,
      "usr_cpu" : 17.160000,
      "sys_cpu" : 82.760000,
      "ctx" : 24,
      "majf" : 0,
      "minf" : 11,
      "iodepth_level" : {
        "1" : 100.000000,
        "2" : 0.000000,
        "4" : 0.000000,
        "8" : 0.000000,
        "16" : 0.000000,
        "32" : 0.000000,
        ">=64" : 0.000000
      },
      "iodepth_submit" : {
        "0" : 0.000000,
        "4" : 100.000000,
        "8" : 0.000000,
        "16" : 0.000000,
        "32" : 0.000000,
        "64" : 0.000000,
        ">=64" : 0.000000
      },
      "iodepth_complete" : {
        "0" : 0.000000,
        "4" : 100.000000,
        "8" : 0.000000,
        "16" : 0.000000,
        "32" : 0.000000,
        "64" : 0.000000,
        ">=64" : 0.000000
      },
      "latency_ns" : {
        "2" : 0.000000,
        "4" : 0.000000,
        "10" : 0.000000,
        "20" : 0.000000,
        "50" : 0.000000,
        "100" : 0.000000,
        "250" : 0.000000,
        "500" : 99.451424,
        "750" : 0.495545,
        "1000" : 0.010000
      },
      "latency_us" : {
        "2" : 0.010817,
        "4" : 0.025460,
        "10" : 0.010000,
        "20" : 0.010000,
        "50" : 0.010000,
        "100" : 0.000000,
        "250" : 0.000000,
        "500" : 0.000000,
        "750" : 0.000000,
        "1000" : 0.000000
      },
      "latency_ms" : {
        "2" : 0.000000,
        "4" : 0.000000,
        "10" : 0.000000,
        "20" : 0.000000,
        "50" : 0.000000,
        "100" : 0.000000,
        "250" : 0.000000,
        "500" : 0.000000,
        "750" : 0.000000,
        "1000" : 0.000000,
        "2000" : 0.000000,
        ">=2000" : 0.000000
      },
      "latency_depth" : 1,
      "latency_target" : 0,
      "latency_percentile" : 100.000000,
      "latency_window" : 0
    }
  ]
}
