{
  "fio version" : "fio-3.36",
  "timestamp" : 1750375661,
  "timestamp_ms" : 1750375661099,
  "time" : "Thu Jun 19 23:27:41 2025",
  "global options" : {
    "ioengine" : "libaio",
    "direct" : "1",
    "directory" : "/mnt/test",
    "buffer_compress_percentage" : "70",
    "buffer_pattern" : "0xdeadbeef"
  },
  "jobs" : [
    {
      "jobname" : "webserver_test",
      "groupid" : 0,
      "job_start" : 1750375541028,
      "error" : 0,
      "eta" : 0,
      "elapsed" : 121,
      "job options" : {
        "rw" : "randread",
        "size" : "2G",
        "numjobs" : "16",
        "runtime" : "120",
        "iodepth" : "32",
        "bssplit" : "4k/90:8k/10"
      },
      "read" : {
        "io_bytes" : 24185630720,
        "io_kbytes" : 23618780,
        "bw_bytes" : 201488155,
        "bw" : 196765,
        "iops" : 46163.935519,
        "runtime" : 120035,
        "total_ios" : 5541288,
        "short_ios" : 0,
        "drop_ios" : 0,
        "slat_ns" : {
          "min" : 1784,
          "max" : 1047166821,
          "mean" : 143154.078990,
          "stddev" : 3156122.450781,
          "N" : 5541288
        },
        "clat_ns" : {
          "min" : 1037,
          "max" : 3472578376,
          "mean" : 4491016.303175,
          "stddev" : 54786912.698850,
          "N" : 5541288,
          "percentile" : {
            "1.000000" : 593920,
            "5.000000" : 724992,
            "10.000000" : 749568,
            "20.000000" : 774144,
            "30.000000" : 798720,
            "40.000000" : 815104,
            "50.000000" : 831488,
            "60.000000" : 839680,
            "70.000000" : 856064,
            "80.000000" : 880640,
            "90.000000" : 929792,
            "95.000000" : 4751360,
            "99.000000" : 8847360,
            "99.500000" : 18219008,
            "99.900000" : 817889280,
            "99.950000" : 960495616,
            "99.990000" : 2038431744
          }
        },
        "lat_ns" : {
          "min" : 3216,
          "max" : 3538990300,
          "mean" : 4634170.382165,
          "stddev" : 56483550.400356,
          "N" : 5541288
        },
        "bw_min" : 758952,
        "bw_max" : 2315968,
        "bw_agg" : 100.000000,
        "bw_mean" : 1245735.380222,
        "bw_dev" : 13877.901214,
        "bw_samples" : 1576,
        "iops_min" : 175462,
        "iops_max" : 547909,
        "iops_mean" : 292234.098006,
        "iops_stddev" : 3278.067543,
        "iops_samples" : 1576
      },
      "write" : {
        "io_bytes" : 0,
        "io_kbytes" : 0,
        "bw_bytes" : 0,
        "bw" : 0,
        "iops" : 0.000000,
        "runtime" : 0,
        "total_ios" : 0,
        "short_ios" : 0,
        "drop_ios" : 0,
        "slat_ns" : {
          "min" : 0,
          "max" : 0,
          "mean" : 0.000000,
          "stddev" : 0.000000,
          "N" : 0
        },
        "clat_ns" : {
          "min" : 0,
          "max" : 0,
          "mean" : 0.000000,
          "stddev" : 0.000000,
          "N" : 0
        },
        "lat_ns" : {
          "min" : 0,
          "max" : 0,
          "mean" : 0.000000,
          "stddev" : 0.000000,
          "N" : 0
        },
        "bw_min" : 0,
        "bw_max" : 0,
        "bw_agg" : 0.000000,
        "bw_mean" : 0.000000,
        "bw_dev" : 0.000000,
        "bw_samples" : 0,
        "iops_min" : 0,
        "iops_max" : 0,
        "iops_mean" : 0.000000,
        "iops_stddev" : 0.000000,
        "iops_samples" : 0
      },
      "trim" : {
        "io_bytes" : 0,
        "io_kbytes" : 0,
        "bw_bytes" : 0,
        "bw" : 0,
        "iops" : 0.000000,
        "runtime" : 0,
        "total_ios" : 0,
        "short_ios" : 0,
        "drop_ios" : 0,
        "slat_ns" : {
          "min" : 0,
          "max" : 0,
          "mean" : 0.000000,
          "stddev" : 0.000000,
          "N" : 0
        },
        "clat_ns" : {
          "min" : 0,
          "max" : 0,
          "mean" : 0.000000,
          "stddev" : 0.000000,
          "N" : 0
        },
        "lat_ns" : {
          "min" : 0,
          "max" : 0,
          "mean" : 0.000000,
          "stddev" : 0.000000,
          "N" : 0
        },
        "bw_min" : 0,
        "bw_max" : 0,
        "bw_agg" : 0.000000,
        "bw_mean" : 0.000000,
        "bw_dev" : 0.000000,
        "bw_samples" : 0,
        "iops_min" : 0,
        "iops_max" : 0,
        "iops_mean" : 0.000000,
        "iops_stddev" : 0.000000,
        "iops_samples" : 0
      },
      "sync" : {
        "total_ios" : 0,
        "lat_ns" : {
          "min" : 0,
          "max" : 0,
          "mean" : 0.000000,
          "stddev" : 0.000000,
          "N" : 0
        }
      },
      "job_runtime" : 802739,
      "usr_cpu" : 0.822310,
      "sys_cpu" : 17.801303,
      "ctx" : 42918,
      "majf" : 0,
      "minf" : 1221,
      "iodepth_level" : {
        "1" : 0.100000,
        "2" : 0.100000,
        "4" : 0.100000,
        "8" : 0.100000,
        "16" : 0.100000,
        "32" : 99.991049,
        ">=64" : 0.000000
      },
      "iodepth_submit" : {
        "0" : 0.000000,
        "4" : 100.000000,
        "8" : 0.000000,
        "16" : 0.000000,
        "32" : 0.000000,
        "64" : 0.000000,
        ">=64" : 0.000000
      },
      "iodepth_complete" : {
        "0" : 0.000000,
        "4" : 99.999711,
        "8" : 0.000000,
        "16" : 0.000000,
        "32" : 0.100000,
        "64" : 0.000000,
        ">=64" : 0.000000
      },
      "latency_ns" : {
        "2" : 0.000000,
        "4" : 0.000000,
        "10" : 0.000000,
        "20" : 0.000000,
        "50" : 0.000000,
        "100" : 0.000000,
        "250" : 0.000000,
        "500" : 0.000000,
        "750" : 0.000000,
        "1000" : 0.000000
      },
      "latency_us" : {
        "2" : 0.010000,
        "4" : 0.000000,
        "10" : 0.010000,
        "20" : 0.010000,
        "50" : 0.010000,
        "100" : 0.010000,
        "250" : 0.010000,
        "500" : 0.145327,
        "750" : 9.162906,
        "1000" : 82.075720
      },
      "latency_ms" : {
        "2" : 0.534641,
        "4" : 2.369034,
        "10" : 4.913966,
        "20" : 0.300418,
        "50" : 0.019779,
        "100" : 0.010000,
        "250" : 0.010000,
        "500" : 0.118763,
        "750" : 0.198979,
        "1000" : 0.104687,
        "2000" : 0.033151,
        ">=2000" : 0.010701
      },
      "latency_depth" : 32,
      "latency_target" : 0,
      "latency_percentile" : 100.000000,
      "latency_window" : 0
    }
  ]
}
