{
  "fio version" : "fio-3.36",
  "timestamp" : 1751100558,
  "timestamp_ms" : 1751100558675,
  "time" : "Sat Jun 28 08:49:18 2025",
  "global options" : {
    "ioengine" : "libaio",
    "direct" : "0",
    "directory" : "/mnt/test",
    "buffer_compress_percentage" : "70",
    "buffer_pattern" : "0xdeadbeef"
  },
  "jobs" : [
    {
      "jobname" : "multimedia_test",
      "groupid" : 0,
      "job_start" : 1751100443273,
      "error" : 0,
      "eta" : 0,
      "elapsed" : 116,
      "job options" : {
        "rw" : "read",
        "size" : "4G",
        "numjobs" : "4",
        "runtime" : "120",
        "iodepth" : "64",
        "bssplit" : "128k"
      },
      "read" : {
        "io_bytes" : 17179869184,
        "io_kbytes" : 16777216,
        "bw_bytes" : 148909770,
        "bw" : 145419,
        "iops" : 1136.091392,
        "runtime" : 115371,
        "total_ios" : 131072,
        "short_ios" : 0,
        "drop_ios" : 0,
        "slat_ns" : {
          "min" : 10913,
          "max" : 574303727,
          "mean" : 3511811.746155,
          "stddev" : 34354344.778174,
          "N" : 131072
        },
        "clat_ns" : {
          "min" : 4966,
          "max" : 719722272,
          "mean" : 220880436.753693,
          "stddev" : 165707862.454528,
          "N" : 131072,
          "percentile" : {
            "1.000000" : 3162112,
            "5.000000" : 46399488,
            "10.000000" : 47448064,
            "20.000000" : 50069504,
            "30.000000" : 52690944,
            "40.000000" : 92798976,
            "50.000000" : 104333312,
            "60.000000" : 354418688,
            "70.000000" : 387973120,
            "80.000000" : 392167424,
            "90.000000" : 400556032,
            "95.000000" : 417333248,
            "99.000000" : 501219328,
            "99.500000" : 517996544,
            "99.900000" : 530579456,
            "99.950000" : 574619648,
            "99.990000" : 574619648
          }
        },
        "lat_ns" : {
          "min" : 43576,
          "max" : 922196440,
          "mean" : 224392248.499848,
          "stddev" : 164714583.063205,
          "N" : 131072
        },
        "bw_min" : 63232,
        "bw_max" : 262144,
        "bw_agg" : 100.000000,
        "bw_mean" : 145496.804986,
        "bw_dev" : 7654.411598,
        "bw_samples" : 916,
        "iops_min" : 494,
        "iops_max" : 2048,
        "iops_mean" : 1136.602304,
        "iops_stddev" : 59.806395,
        "iops_samples" : 916
      },
      "write" : {
        "io_bytes" : 0,
        "io_kbytes" : 0,
        "bw_bytes" : 0,
        "bw" : 0,
        "iops" : 0.000000,
        "runtime" : 0,
        "total_ios" : 0,
        "short_ios" : 0,
        "drop_ios" : 0,
        "slat_ns" : {
          "min" : 0,
          "max" : 0,
          "mean" : 0.000000,
          "stddev" : 0.000000,
          "N" : 0
        },
        "clat_ns" : {
          "min" : 0,
          "max" : 0,
          "mean" : 0.000000,
          "stddev" : 0.000000,
          "N" : 0
        },
        "lat_ns" : {
          "min" : 0,
          "max" : 0,
          "mean" : 0.000000,
          "stddev" : 0.000000,
          "N" : 0
        },
        "bw_min" : 0,
        "bw_max" : 0,
        "bw_agg" : 0.000000,
        "bw_mean" : 0.000000,
        "bw_dev" : 0.000000,
        "bw_samples" : 0,
        "iops_min" : 0,
        "iops_max" : 0,
        "iops_mean" : 0.000000,
        "iops_stddev" : 0.000000,
        "iops_samples" : 0
      },
      "trim" : {
        "io_bytes" : 0,
        "io_kbytes" : 0,
        "bw_bytes" : 0,
        "bw" : 0,
        "iops" : 0.000000,
        "runtime" : 0,
        "total_ios" : 0,
        "short_ios" : 0,
        "drop_ios" : 0,
        "slat_ns" : {
          "min" : 0,
          "max" : 0,
          "mean" : 0.000000,
          "stddev" : 0.000000,
          "N" : 0
        },
        "clat_ns" : {
          "min" : 0,
          "max" : 0,
          "mean" : 0.000000,
          "stddev" : 0.000000,
          "N" : 0
        },
        "lat_ns" : {
          "min" : 0,
          "max" : 0,
          "mean" : 0.000000,
          "stddev" : 0.000000,
          "N" : 0
        },
        "bw_min" : 0,
        "bw_max" : 0,
        "bw_agg" : 0.000000,
        "bw_mean" : 0.000000,
        "bw_dev" : 0.000000,
        "bw_samples" : 0,
        "iops_min" : 0,
        "iops_max" : 0,
        "iops_mean" : 0.000000,
        "iops_stddev" : 0.000000,
        "iops_samples" : 0
      },
      "sync" : {
        "total_ios" : 0,
        "lat_ns" : {
          "min" : 0,
          "max" : 0,
          "mean" : 0.000000,
          "stddev" : 0.000000,
          "N" : 0
        }
      },
      "job_runtime" : 460692,
      "usr_cpu" : 0.067507,
      "sys_cpu" : 2.704410,
      "ctx" : 2343,
      "majf" : 0,
      "minf" : 8245,
      "iodepth_level" : {
        "1" : 0.100000,
        "2" : 0.100000,
        "4" : 0.100000,
        "8" : 0.100000,
        "16" : 0.100000,
        "32" : 0.100000,
        ">=64" : 99.807739
      },
      "iodepth_submit" : {
        "0" : 0.000000,
        "4" : 100.000000,
        "8" : 0.000000,
        "16" : 0.000000,
        "32" : 0.000000,
        "64" : 0.000000,
        ">=64" : 0.000000
      },
      "iodepth_complete" : {
        "0" : 0.000000,
        "4" : 99.996942,
        "8" : 0.000000,
        "16" : 0.000000,
        "32" : 0.000000,
        "64" : 0.100000,
        ">=64" : 0.000000
      },
      "latency_ns" : {
        "2" : 0.000000,
        "4" : 0.000000,
        "10" : 0.000000,
        "20" : 0.000000,
        "50" : 0.000000,
        "100" : 0.000000,
        "250" : 0.000000,
        "500" : 0.000000,
        "750" : 0.000000,
        "1000" : 0.000000
      },
      "latency_us" : {
        "2" : 0.000000,
        "4" : 0.000000,
        "10" : 0.010000,
        "20" : 0.000000,
        "50" : 0.010000,
        "100" : 0.010000,
        "250" : 0.010000,
        "500" : 0.010000,
        "750" : 0.011444,
        "1000" : 0.030518
      },
      "latency_ms" : {
        "2" : 0.473785,
        "4" : 1.166534,
        "10" : 0.000000,
        "20" : 0.096130,
        "50" : 17.225647,
        "100" : 28.422546,
        "250" : 3.636169,
        "500" : 47.850800,
        "750" : 1.060486,
        "1000" : 0.000000,
        "2000" : 0.000000,
        ">=2000" : 0.000000
      },
      "latency_depth" : 64,
      "latency_target" : 0,
      "latency_percentile" : 100.000000,
      "latency_window" : 0
    }
  ]
}
