{
  "fio version" : "fio-3.36",
  "timestamp" : 1753365083,
  "timestamp_ms" : 1753365083372,
  "time" : "Thu Jul 24 13:51:23 2025",
  "global options" : {
    "ioengine" : "libaio",
    "direct" : "1",
    "directory" : "/mnt/test",
    "buffer_compress_percentage" : "70",
    "buffer_pattern" : "0xdeadbeef"
  },
  "jobs" : [
    {
      "jobname" : "archive_test",
      "groupid" : 0,
      "job_start" : 1753364902950,
      "error" : 0,
      "eta" : 0,
      "elapsed" : 181,
      "job options" : {
        "rw" : "write",
        "size" : "10G",
        "numjobs" : "9",
        "runtime" : "180",
        "iodepth" : "128",
        "bssplit" : "64k/70:128k/30"
      },
      "read" : {
        "io_bytes" : 0,
        "io_kbytes" : 0,
        "bw_bytes" : 0,
        "bw" : 0,
        "iops" : 0.000000,
        "runtime" : 0,
        "total_ios" : 0,
        "short_ios" : 0,
        "drop_ios" : 0,
        "slat_ns" : {
          "min" : 0,
          "max" : 0,
          "mean" : 0.000000,
          "stddev" : 0.000000,
          "N" : 0
        },
        "clat_ns" : {
          "min" : 0,
          "max" : 0,
          "mean" : 0.000000,
          "stddev" : 0.000000,
          "N" : 0
        },
        "lat_ns" : {
          "min" : 0,
          "max" : 0,
          "mean" : 0.000000,
          "stddev" : 0.000000,
          "N" : 0
        },
        "bw_min" : 0,
        "bw_max" : 0,
        "bw_agg" : 0.000000,
        "bw_mean" : 0.000000,
        "bw_dev" : 0.000000,
        "bw_samples" : 0,
        "iops_min" : 0,
        "iops_max" : 0,
        "iops_mean" : 0.000000,
        "iops_stddev" : 0.000000,
        "iops_samples" : 0
      },
      "write" : {
        "io_bytes" : 23779016704,
        "io_kbytes" : 23221696,
        "bw_bytes" : 131839771,
        "bw" : 128749,
        "iops" : 1546.087612,
        "runtime" : 180363,
        "total_ios" : 278857,
        "short_ios" : 0,
        "drop_ios" : 0,
        "slat_ns" : {
          "min" : 8890,
          "max" : 403649033,
          "mean" : 5585369.665115,
          "stddev" : 19605315.087474,
          "N" : 278857
        },
        "clat_ns" : {
          "min" : 118540615,
          "max" : 1744597368,
          "mean" : 738946096.881843,
          "stddev" : 144107511.048380,
          "N" : 278857,
          "percentile" : {
            "1.000000" : 438304768,
            "5.000000" : 522190848,
            "10.000000" : 566231040,
            "20.000000" : 616562688,
            "30.000000" : 658505728,
            "40.000000" : 692060160,
            "50.000000" : 734003200,
            "60.000000" : 767557632,
            "70.000000" : 809500672,
            "80.000000" : 851443712,
            "90.000000" : 918552576,
            "95.000000" : 977272832,
            "99.000000" : 1132462080,
            "99.500000" : 1199570944,
            "99.900000" : 1384120320,
            "99.950000" : 1468006400,
            "99.990000" : 1585446912
          }
        },
        "lat_ns" : {
          "min" : 153832162,
          "max" : 1744673723,
          "mean" : 744531466.546955,
          "stddev" : 144739509.322181,
          "N" : 278857
        },
        "bw_min" : 28545,
        "bw_max" : 214144,
        "bw_agg" : 99.868135,
        "bw_mean" : 128580.544862,
        "bw_dev" : 3247.103354,
        "bw_samples" : 3238,
        "iops_min" : 356,
        "iops_max" : 2552,
        "iops_mean" : 1543.932761,
        "iops_stddev" : 38.422074,
        "iops_samples" : 3238
      },
      "trim" : {
        "io_bytes" : 0,
        "io_kbytes" : 0,
        "bw_bytes" : 0,
        "bw" : 0,
        "iops" : 0.000000,
        "runtime" : 0,
        "total_ios" : 0,
        "short_ios" : 0,
        "drop_ios" : 0,
        "slat_ns" : {
          "min" : 0,
          "max" : 0,
          "mean" : 0.000000,
          "stddev" : 0.000000,
          "N" : 0
        },
        "clat_ns" : {
          "min" : 0,
          "max" : 0,
          "mean" : 0.000000,
          "stddev" : 0.000000,
          "N" : 0
        },
        "lat_ns" : {
          "min" : 0,
          "max" : 0,
          "mean" : 0.000000,
          "stddev" : 0.000000,
          "N" : 0
        },
        "bw_min" : 0,
        "bw_max" : 0,
        "bw_agg" : 0.000000,
        "bw_mean" : 0.000000,
        "bw_dev" : 0.000000,
        "bw_samples" : 0,
        "iops_min" : 0,
        "iops_max" : 0,
        "iops_mean" : 0.000000,
        "iops_stddev" : 0.000000,
        "iops_samples" : 0
      },
      "sync" : {
        "total_ios" : 0,
        "lat_ns" : {
          "min" : 0,
          "max" : 0,
          "mean" : 0.000000,
          "stddev" : 0.000000,
          "N" : 0
        }
      },
      "job_runtime" : 1622929,
      "usr_cpu" : 0.974473,
      "sys_cpu" : 1.333700,
      "ctx" : 45506,
      "majf" : 0,
      "minf" : 102,
      "iodepth_level" : {
        "1" : 0.100000,
        "2" : 0.100000,
        "4" : 0.100000,
        "8" : 0.100000,
        "16" : 0.100000,
        "32" : 0.103279,
        ">=64" : 99.796670
      },
      "iodepth_submit" : {
        "0" : 0.000000,
        "4" : 100.000000,
        "8" : 0.000000,
        "16" : 0.000000,
        "32" : 0.000000,
        "64" : 0.000000,
        ">=64" : 0.000000
      },
      "iodepth_complete" : {
        "0" : 0.000000,
        "4" : 99.996759,
        "8" : 0.000000,
        "16" : 0.000000,
        "32" : 0.000000,
        "64" : 0.000000,
        ">=64" : 0.100000
      },
      "latency_ns" : {
        "2" : 0.000000,
        "4" : 0.000000,
        "10" : 0.000000,
        "20" : 0.000000,
        "50" : 0.000000,
        "100" : 0.000000,
        "250" : 0.000000,
        "500" : 0.000000,
        "750" : 0.000000,
        "1000" : 0.000000
      },
      "latency_us" : {
        "2" : 0.000000,
        "4" : 0.000000,
        "10" : 0.000000,
        "20" : 0.000000,
        "50" : 0.000000,
        "100" : 0.000000,
        "250" : 0.000000,
        "500" : 0.000000,
        "750" : 0.000000,
        "1000" : 0.000000
      },
      "latency_ms" : {
        "2" : 0.000000,
        "4" : 0.000000,
        "10" : 0.000000,
        "20" : 0.000000,
        "50" : 0.000000,
        "100" : 0.000000,
        "250" : 0.010000,
        "500" : 3.428639,
        "750" : 51.832301,
        "1000" : 40.687521,
        "2000" : 4.047594,
        ">=2000" : 0.000000
      },
      "latency_depth" : 128,
      "latency_target" : 0,
      "latency_percentile" : 100.000000,
      "latency_window" : 0
    }
  ]
}
