{
  "fio version" : "fio-3.36",
  "timestamp" : 1748767750,
  "timestamp_ms" : 1748767750186,
  "time" : "Sun Jun  1 08:49:10 2025",
  "global options" : {
    "ioengine" : "libaio",
    "direct" : "1",
    "directory" : "/mnt/test",
    "buffer_compress_percentage" : "70",
    "buffer_pattern" : "0xdeadbeef"
  },
  "jobs" : [
    {
      "jobname" : "database_test",
      "groupid" : 0,
      "job_start" : 1748767734591,
      "error" : 0,
      "eta" : 0,
      "elapsed" : 16,
      "job options" : {
        "rw" : "randrw",
        "rwmixread" : "70",
        "size" : "1G",
        "numjobs" : "8",
        "runtime" : "60",
        "iodepth" : "16",
        "bssplit" : "4k/80:8k/20"
      },
      "read" : {
        "io_bytes" : 6011162624,
        "io_kbytes" : 5870276,
        "bw_bytes" : 386247036,
        "bw" : 377194,
        "iops" : 83241.084624,
        "runtime" : 15563,
        "total_ios" : 1295481,
        "short_ios" : 0,
        "drop_ios" : 0,
        "slat_ns" : {
          "min" : 1697,
          "max" : 375054376,
          "mean" : 56158.706737,
          "stddev" : 1558336.638471,
          "N" : 1295481
        },
        "clat_ns" : {
          "min" : 889,
          "max" : 473446017,
          "mean" : 972652.626073,
          "stddev" : 7098415.079730,
          "N" : 1295481,
          "percentile" : {
            "1.000000" : 292864,
            "5.000000" : 346112,
            "10.000000" : 370688,
            "20.000000" : 395264,
            "30.000000" : 411648,
            "40.000000" : 423936,
            "50.000000" : 440320,
            "60.000000" : 452608,
            "70.000000" : 468992,
            "80.000000" : 493568,
            "90.000000" : 749568,
            "95.000000" : 1843200,
            "99.000000" : 9240576,
            "99.500000" : 16187392,
            "99.900000" : 88604672,
            "99.950000" : 166723584,
            "99.990000" : 346030080
          }
        },
        "lat_ns" : {
          "min" : 16205,
          "max" : 473474664,
          "mean" : 1028811.332811,
          "stddev" : 7285418.574243,
          "N" : 1295481
        },
        "bw_min" : 40405,
        "bw_max" : 887224,
        "bw_agg" : 100.000000,
        "bw_mean" : 387037.196825,
        "bw_dev" : 32503.798302,
        "bw_samples" : 232,
        "iops_min" : 8881,
        "iops_max" : 196909,
        "iops_mean" : 85272.832011,
        "iops_stddev" : 7146.986398,
        "iops_samples" : 232
      },
      "write" : {
        "io_bytes" : 2578771968,
        "io_kbytes" : 2518332,
        "bw_bytes" : 165698899,
        "bw" : 161815,
        "iops" : 35696.138277,
        "runtime" : 15563,
        "total_ios" : 555539,
        "short_ios" : 0,
        "drop_ios" : 0,
        "slat_ns" : {
          "min" : 4007,
          "max" : 472958213,
          "mean" : 71033.446231,
          "stddev" : 1926086.935792,
          "N" : 555539
        },
        "clat_ns" : {
          "min" : 1248,
          "max" : 473451310,
          "mean" : 971853.348300,
          "stddev" : 7093591.149134,
          "N" : 555539,
          "percentile" : {
            "1.000000" : 292864,
            "5.000000" : 346112,
            "10.000000" : 370688,
            "20.000000" : 395264,
            "30.000000" : 411648,
            "40.000000" : 428032,
            "50.000000" : 440320,
            "60.000000" : 452608,
            "70.000000" : 468992,
            "80.000000" : 493568,
            "90.000000" : 757760,
            "95.000000" : 1859584,
            "99.000000" : 9109504,
            "99.500000" : 16187392,
            "99.900000" : 88604672,
            "99.950000" : 162529280,
            "99.990000" : 346030080
          }
        },
        "lat_ns" : {
          "min" : 11252,
          "max" : 473478179,
          "mean" : 1042886.794531,
          "stddev" : 7412718.754177,
          "N" : 555539
        },
        "bw_min" : 17661,
        "bw_max" : 382351,
        "bw_agg" : 100.000000,
        "bw_mean" : 165977.937302,
        "bw_dev" : 13937.383881,
        "bw_samples" : 232,
        "iops_min" : 3829,
        "iops_max" : 84516,
        "iops_mean" : 36543.014815,
        "iops_stddev" : 3060.898069,
        "iops_samples" : 232
      },
      "trim" : {
        "io_bytes" : 0,
        "io_kbytes" : 0,
        "bw_bytes" : 0,
        "bw" : 0,
        "iops" : 0.000000,
        "runtime" : 0,
        "total_ios" : 0,
        "short_ios" : 0,
        "drop_ios" : 0,
        "slat_ns" : {
          "min" : 0,
          "max" : 0,
          "mean" : 0.000000,
          "stddev" : 0.000000,
          "N" : 0
        },
        "clat_ns" : {
          "min" : 0,
          "max" : 0,
          "mean" : 0.000000,
          "stddev" : 0.000000,
          "N" : 0
        },
        "lat_ns" : {
          "min" : 0,
          "max" : 0,
          "mean" : 0.000000,
          "stddev" : 0.000000,
          "N" : 0
        },
        "bw_min" : 0,
        "bw_max" : 0,
        "bw_agg" : 0.000000,
        "bw_mean" : 0.000000,
        "bw_dev" : 0.000000,
        "bw_samples" : 0,
        "iops_min" : 0,
        "iops_max" : 0,
        "iops_mean" : 0.000000,
        "iops_stddev" : 0.000000,
        "iops_samples" : 0
      },
      "sync" : {
        "total_ios" : 0,
        "lat_ns" : {
          "min" : 0,
          "max" : 0,
          "mean" : 0.000000,
          "stddev" : 0.000000,
          "N" : 0
        }
      },
      "job_runtime" : 119751,
      "usr_cpu" : 2.566158,
      "sys_cpu" : 41.641406,
      "ctx" : 153577,
      "majf" : 0,
      "minf" : 112,
      "iodepth_level" : {
        "1" : 0.100000,
        "2" : 0.100000,
        "4" : 0.100000,
        "8" : 0.100000,
        "16" : 99.993517,
        "32" : 0.000000,
        ">=64" : 0.000000
      },
      "iodepth_submit" : {
        "0" : 0.000000,
        "4" : 100.000000,
        "8" : 0.000000,
        "16" : 0.000000,
        "32" : 0.000000,
        "64" : 0.000000,
        ">=64" : 0.000000
      },
      "iodepth_complete" : {
        "0" : 0.000000,
        "4" : 99.999568,
        "8" : 0.000000,
        "16" : 0.100000,
        "32" : 0.000000,
        "64" : 0.000000,
        ">=64" : 0.000000
      },
      "latency_ns" : {
        "2" : 0.000000,
        "4" : 0.000000,
        "10" : 0.000000,
        "20" : 0.000000,
        "50" : 0.000000,
        "100" : 0.000000,
        "250" : 0.000000,
        "500" : 0.000000,
        "750" : 0.000000,
        "1000" : 0.010000
      },
      "latency_us" : {
        "2" : 0.010000,
        "4" : 0.000000,
        "10" : 0.000000,
        "20" : 0.010000,
        "50" : 0.010000,
        "100" : 0.010000,
        "250" : 0.233007,
        "500" : 81.155471,
        "750" : 8.615952,
        "1000" : 2.071020
      },
      "latency_ms" : {
        "2" : 3.208447,
        "4" : 2.054651,
        "10" : 1.731910,
        "20" : 0.574926,
        "50" : 0.215233,
        "100" : 0.054997,
        "250" : 0.058616,
        "500" : 0.023393,
        "750" : 0.000000,
        "1000" : 0.000000,
        "2000" : 0.000000,
        ">=2000" : 0.000000
      },
      "latency_depth" : 16,
      "latency_target" : 0,
      "latency_percentile" : 100.000000,
      "latency_window" : 0
    }
  ]
}
