{
  "fio version" : "fio-3.36",
  "timestamp" : 1749332551,
  "timestamp_ms" : 1749332551194,
  "time" : "Sat Jun  7 21:42:31 2025",
  "global options" : {
    "ioengine" : "io_uring",
    "direct" : "1",
    "directory" : "/mnt/test"
  },
  "jobs" : [
    {
      "jobname" : "database_mysql_innodb_test",
      "groupid" : 0,
      "job_start" : 1749332490930,
      "error" : 0,
      "eta" : 0,
      "elapsed" : 61,
      "job options" : {
        "rw" : "randrw",
        "rwmixread" : "70",
        "size" : "1G",
        "numjobs" : "8",
        "runtime" : "60",
        "iodepth" : "16",
        "bssplit" : "16k"
      },
      "read" : {
        "io_bytes" : 256344064,
        "io_kbytes" : 250336,
        "bw_bytes" : 4254743,
        "bw" : 4155,
        "iops" : 259.688957,
        "runtime" : 60249,
        "total_ios" : 15646,
        "short_ios" : 0,
        "drop_ios" : 0,
        "slat_ns" : {
          "min" : 2148,
          "max" : 376732793,
          "mean" : 20662508.576825,
          "stddev" : 21281088.357413,
          "N" : 15646
        },
        "clat_ns" : {
          "min" : 8317318,
          "max" : 1895783849,
          "mean" : 334487714.502365,
          "stddev" : 171108013.725377,
          "N" : 15646,
          "percentile" : {
            "1.000000" : 74973184,
            "5.000000" : 131596288,
            "10.000000" : 164626432,
            "20.000000" : 204472320,
            "30.000000" : 238026752,
            "40.000000" : 267386880,
            "50.000000" : 295698432,
            "60.000000" : 329252864,
            "70.000000" : 375390208,
            "80.000000" : 438304768,
            "90.000000" : 574619648,
            "95.000000" : 675282944,
            "99.000000" : 893386752,
            "99.500000" : 1010827264,
            "99.900000" : 1300234240,
            "99.950000" : 1434451968,
            "99.990000" : 1702887424
          }
        },
        "lat_ns" : {
          "min" : 11675172,
          "max" : 1918511704,
          "mean" : 355150223.079190,
          "stddev" : 173611724.128489,
          "N" : 15646
        },
        "bw_min" : 1216,
        "bw_max" : 6786,
        "bw_agg" : 99.879123,
        "bw_mean" : 4150.758333,
        "bw_dev" : 134.865911,
        "bw_samples" : 960,
        "iops_min" : 76,
        "iops_max" : 424,
        "iops_mean" : 259.233333,
        "iops_stddev" : 8.419485,
        "iops_samples" : 960
      },
      "write" : {
        "io_bytes" : 111673344,
        "io_kbytes" : 109056,
        "bw_bytes" : 1853530,
        "bw" : 1810,
        "iops" : 113.130508,
        "runtime" : 60249,
        "total_ios" : 6816,
        "short_ios" : 0,
        "drop_ios" : 0,
        "slat_ns" : {
          "min" : 2770,
          "max" : 351676815,
          "mean" : 21786716.700117,
          "stddev" : 21703065.789143,
          "N" : 6816
        },
        "clat_ns" : {
          "min" : 197974,
          "max" : 1692983602,
          "mean" : 292230138.696596,
          "stddev" : 151530207.793527,
          "N" : 6816,
          "percentile" : {
            "1.000000" : 49020928,
            "5.000000" : 107479040,
            "10.000000" : 139460608,
            "20.000000" : 177209344,
            "30.000000" : 208666624,
            "40.000000" : 238026752,
            "50.000000" : 265289728,
            "60.000000" : 291504128,
            "70.000000" : 329252864,
            "80.000000" : 379584512,
            "90.000000" : 476053504,
            "95.000000" : 608174080,
            "99.000000" : 801112064,
            "99.500000" : 876609536,
            "99.900000" : 1061158912,
            "99.950000" : 1149239296,
            "99.990000" : 1686110208
          }
        },
        "lat_ns" : {
          "min" : 212188,
          "max" : 1725233411,
          "mean" : 314016855.396714,
          "stddev" : 153730300.100472,
          "N" : 6816
        },
        "bw_min" : 288,
        "bw_max" : 3904,
        "bw_agg" : 100.000000,
        "bw_mean" : 1822.517014,
        "bw_dev" : 95.368479,
        "bw_samples" : 952,
        "iops_min" : 18,
        "iops_max" : 244,
        "iops_mean" : 113.780715,
        "iops_stddev" : 5.956400,
        "iops_samples" : 952
      },
      "trim" : {
        "io_bytes" : 0,
        "io_kbytes" : 0,
        "bw_bytes" : 0,
        "bw" : 0,
        "iops" : 0.000000,
        "runtime" : 0,
        "total_ios" : 0,
        "short_ios" : 0,
        "drop_ios" : 0,
        "slat_ns" : {
          "min" : 0,
          "max" : 0,
          "mean" : 0.000000,
          "stddev" : 0.000000,
          "N" : 0
        },
        "clat_ns" : {
          "min" : 0,
          "max" : 0,
          "mean" : 0.000000,
          "stddev" : 0.000000,
          "N" : 0
        },
        "lat_ns" : {
          "min" : 0,
          "max" : 0,
          "mean" : 0.000000,
          "stddev" : 0.000000,
          "N" : 0
        },
        "bw_min" : 0,
        "bw_max" : 0,
        "bw_agg" : 0.000000,
        "bw_mean" : 0.000000,
        "bw_dev" : 0.000000,
        "bw_samples" : 0,
        "iops_min" : 0,
        "iops_max" : 0,
        "iops_mean" : 0.000000,
        "iops_stddev" : 0.000000,
        "iops_samples" : 0
      },
      "sync" : {
        "total_ios" : 0,
        "lat_ns" : {
          "min" : 0,
          "max" : 0,
          "mean" : 0.000000,
          "stddev" : 0.000000,
          "N" : 0
        }
      },
      "job_runtime" : 481417,
      "usr_cpu" : 0.123801,
      "sys_cpu" : 0.404431,
      "ctx" : 22669,
      "majf" : 0,
      "minf" : 106,
      "iodepth_level" : {
        "1" : 0.100000,
        "2" : 0.100000,
        "4" : 0.142463,
        "8" : 0.284926,
        "16" : 99.465764,
        "32" : 0.000000,
        ">=64" : 0.000000
      },
      "iodepth_submit" : {
        "0" : 0.000000,
        "4" : 100.000000,
        "8" : 0.000000,
        "16" : 0.000000,
        "32" : 0.000000,
        "64" : 0.000000,
        ">=64" : 0.000000
      },
      "iodepth_complete" : {
        "0" : 0.000000,
        "4" : 99.964206,
        "8" : 0.000000,
        "16" : 0.100000,
        "32" : 0.000000,
        "64" : 0.000000,
        ">=64" : 0.000000
      },
      "latency_ns" : {
        "2" : 0.000000,
        "4" : 0.000000,
        "10" : 0.000000,
        "20" : 0.000000,
        "50" : 0.000000,
        "100" : 0.000000,
        "250" : 0.000000,
        "500" : 0.000000,
        "750" : 0.000000,
        "1000" : 0.000000
      },
      "latency_us" : {
        "2" : 0.000000,
        "4" : 0.000000,
        "10" : 0.000000,
        "20" : 0.000000,
        "50" : 0.000000,
        "100" : 0.000000,
        "250" : 0.010000,
        "500" : 0.000000,
        "750" : 0.010000,
        "1000" : 0.010000
      },
      "latency_ms" : {
        "2" : 0.010000,
        "4" : 0.010000,
        "10" : 0.013356,
        "20" : 0.044520,
        "50" : 0.396225,
        "100" : 2.350637,
        "250" : 34.645179,
        "500" : 49.821921,
        "750" : 10.199448,
        "1000" : 2.070163,
        "2000" : 0.422937,
        ">=2000" : 0.000000
      },
      "latency_depth" : 16,
      "latency_target" : 0,
      "latency_percentile" : 100.000000,
      "latency_window" : 0
    }
  ],
  "disk_util" : [
    {
      "name" : "sda",
      "read_ios" : 15613,
      "write_ios" : 6843,
      "read_sectors" : 499680,
      "write_sectors" : 218392,
      "read_merges" : 2,
      "write_merges" : 25,
      "read_ticks" : 2826826,
      "write_ticks" : 1005883,
      "in_queue" : 3839504,
      "util" : 96.552700
    }
  ]
}
