{
  "fio version" : "fio-3.36",
  "timestamp" : 1752971807,
  "timestamp_ms" : 1752971807073,
  "time" : "Sun Jul 20 00:36:47 2025",
  "global options" : {
    "ioengine" : "libaio",
    "direct" : "0",
    "directory" : "/mnt/test",
    "buffer_compress_percentage" : "70",
    "buffer_pattern" : "0xdeadbeef"
  },
  "jobs" : [
    {
      "jobname" : "database_test",
      "groupid" : 0,
      "job_start" : 1752971746895,
      "error" : 0,
      "eta" : 0,
      "elapsed" : 61,
      "job options" : {
        "rw" : "randrw",
        "rwmixread" : "70",
        "size" : "3G",
        "numjobs" : "24",
        "runtime" : "60",
        "iodepth" : "16",
        "bssplit" : "4k/80:8k/20"
      },
      "read" : {
        "io_bytes" : 176541696,
        "io_kbytes" : 172404,
        "bw_bytes" : 2935463,
        "bw" : 2866,
        "iops" : 597.745299,
        "runtime" : 60141,
        "total_ios" : 35949,
        "short_ios" : 0,
        "drop_ios" : 0,
        "slat_ns" : {
          "min" : 2107,
          "max" : 2524855520,
          "mean" : 29270467.382347,
          "stddev" : 90290149.024782,
          "N" : 35949
        },
        "clat_ns" : {
          "min" : 10175,
          "max" : 10223003450,
          "mean" : 423698673.161757,
          "stddev" : 1027874028.673131,
          "N" : 35949,
          "percentile" : {
            "1.000000" : 301056,
            "5.000000" : 346112,
            "10.000000" : 391168,
            "20.000000" : 428032,
            "30.000000" : 452608,
            "40.000000" : 477184,
            "50.000000" : 509952,
            "60.000000" : 585728,
            "70.000000" : 2539520,
            "80.000000" : 113770496,
            "90.000000" : 2021654528,
            "95.000000" : 2332033024,
            "99.000000" : 3305111552,
            "99.500000" : 6543114240,
            "99.900000" : 9596567552,
            "99.950000" : 9730785280,
            "99.990000" : 9999220736
          }
        },
        "lat_ns" : {
          "min" : 254347,
          "max" : 10688438208,
          "mean" : 452969140.544104,
          "stddev" : 1090979289.244799,
          "N" : 35949
        },
        "bw_min" : 192,
        "bw_max" : 275224,
        "bw_agg" : 100.000000,
        "bw_mean" : 3213.433787,
        "bw_dev" : 1215.295232,
        "bw_samples" : 2549,
        "iops_min" : 48,
        "iops_max" : 57421,
        "iops_mean" : 670.097295,
        "iops_stddev" : 253.560286,
        "iops_samples" : 2549
      },
      "write" : {
        "io_bytes" : 76144640,
        "io_kbytes" : 74360,
        "bw_bytes" : 1266101,
        "bw" : 1236,
        "iops" : 258.076853,
        "runtime" : 60141,
        "total_ios" : 15521,
        "short_ios" : 0,
        "drop_ios" : 0,
        "slat_ns" : {
          "min" : 3580,
          "max" : 1975490030,
          "mean" : 25058383.395078,
          "stddev" : 83887920.985768,
          "N" : 15521
        },
        "clat_ns" : {
          "min" : 12850,
          "max" : 10531425174,
          "mean" : 411723012.758714,
          "stddev" : 1014985684.738736,
          "N" : 15521,
          "percentile" : {
            "1.000000" : 305152,
            "5.000000" : 350208,
            "10.000000" : 395264,
            "20.000000" : 428032,
            "30.000000" : 452608,
            "40.000000" : 481280,
            "50.000000" : 514048,
            "60.000000" : 585728,
            "70.000000" : 2539520,
            "80.000000" : 27394048,
            "90.000000" : 2004877312,
            "95.000000" : 2332033024,
            "99.000000" : 3204448256,
            "99.500000" : 6341787648,
            "99.900000" : 9730785280,
            "99.950000" : 9865003008,
            "99.990000" : 10536091648
          }
        },
        "lat_ns" : {
          "min" : 256056,
          "max" : 10602627885,
          "mean" : 436781396.153792,
          "stddev" : 1067814086.393080,
          "N" : 15521
        },
        "bw_min" : 192,
        "bw_max" : 119682,
        "bw_agg" : 100.000000,
        "bw_mean" : 1953.221389,
        "bw_dev" : 626.537120,
        "bw_samples" : 1783,
        "iops_min" : 48,
        "iops_max" : 25008,
        "iops_mean" : 407.530185,
        "iops_stddev" : 130.730761,
        "iops_samples" : 1783
      },
      "trim" : {
        "io_bytes" : 0,
        "io_kbytes" : 0,
        "bw_bytes" : 0,
        "bw" : 0,
        "iops" : 0.000000,
        "runtime" : 0,
        "total_ios" : 0,
        "short_ios" : 0,
        "drop_ios" : 0,
        "slat_ns" : {
          "min" : 0,
          "max" : 0,
          "mean" : 0.000000,
          "stddev" : 0.000000,
          "N" : 0
        },
        "clat_ns" : {
          "min" : 0,
          "max" : 0,
          "mean" : 0.000000,
          "stddev" : 0.000000,
          "N" : 0
        },
        "lat_ns" : {
          "min" : 0,
          "max" : 0,
          "mean" : 0.000000,
          "stddev" : 0.000000,
          "N" : 0
        },
        "bw_min" : 0,
        "bw_max" : 0,
        "bw_agg" : 0.000000,
        "bw_mean" : 0.000000,
        "bw_dev" : 0.000000,
        "bw_samples" : 0,
        "iops_min" : 0,
        "iops_max" : 0,
        "iops_mean" : 0.000000,
        "iops_stddev" : 0.000000,
        "iops_samples" : 0
      },
      "sync" : {
        "total_ios" : 0,
        "lat_ns" : {
          "min" : 0,
          "max" : 0,
          "mean" : 0.000000,
          "stddev" : 0.000000,
          "N" : 0
        }
      },
      "job_runtime" : 1441559,
      "usr_cpu" : 0.021574,
      "sys_cpu" : 0.221011,
      "ctx" : 10587,
      "majf" : 0,
      "minf" : 349,
      "iodepth_level" : {
        "1" : 0.100000,
        "2" : 0.100000,
        "4" : 0.186516,
        "8" : 0.373033,
        "16" : 99.300563,
        "32" : 0.000000,
        ">=64" : 0.000000
      },
      "iodepth_submit" : {
        "0" : 0.000000,
        "4" : 100.000000,
        "8" : 0.000000,
        "16" : 0.000000,
        "32" : 0.000000,
        "64" : 0.000000,
        ">=64" : 0.000000
      },
      "iodepth_complete" : {
        "0" : 0.000000,
        "4" : 99.953064,
        "8" : 0.000000,
        "16" : 0.100000,
        "32" : 0.000000,
        "64" : 0.000000,
        ">=64" : 0.000000
      },
      "latency_ns" : {
        "2" : 0.000000,
        "4" : 0.000000,
        "10" : 0.000000,
        "20" : 0.000000,
        "50" : 0.000000,
        "100" : 0.000000,
        "250" : 0.000000,
        "500" : 0.000000,
        "750" : 0.000000,
        "1000" : 0.000000
      },
      "latency_us" : {
        "2" : 0.000000,
        "4" : 0.000000,
        "10" : 0.000000,
        "20" : 0.044686,
        "50" : 0.010000,
        "100" : 0.000000,
        "250" : 0.015543,
        "500" : 46.984651,
        "750" : 17.643287,
        "1000" : 1.369730
      },
      "latency_ms" : {
        "2" : 2.657859,
        "4" : 3.277637,
        "10" : 4.919371,
        "20" : 2.288712,
        "50" : 0.835438,
        "100" : 0.104915,
        "250" : 0.396347,
        "500" : 0.936468,
        "750" : 0.707208,
        "1000" : 0.557606,
        "2000" : 7.011852,
        ">=2000" : 10.246746
      },
      "latency_depth" : 16,
      "latency_target" : 0,
      "latency_percentile" : 100.000000,
      "latency_window" : 0
    }
  ]
}
