{
  "fio version" : "fio-3.36",
  "timestamp" : 1752636805,
  "timestamp_ms" : 1752636805367,
  "time" : "Wed Jul 16 03:33:25 2025",
  "global options" : {
    "ioengine" : "libaio",
    "direct" : "0",
    "directory" : "/mnt/test",
    "buffer_compress_percentage" : "70",
    "buffer_pattern" : "0xdeadbeef"
  },
  "jobs" : [
    {
      "jobname" : "database_test",
      "groupid" : 0,
      "job_start" : 1752636750195,
      "error" : 0,
      "eta" : 0,
      "elapsed" : 56,
      "job options" : {
        "rw" : "randrw",
        "rwmixread" : "70",
        "size" : "1G",
        "numjobs" : "24",
        "runtime" : "60",
        "iodepth" : "16",
        "bssplit" : "4k/80:8k/20"
      },
      "read" : {
        "io_bytes" : 18039349248,
        "io_kbytes" : 17616552,
        "bw_bytes" : 327404792,
        "bw" : 319731,
        "iops" : 70561.508585,
        "runtime" : 55098,
        "total_ios" : 3887798,
        "short_ios" : 0,
        "drop_ios" : 0,
        "slat_ns" : {
          "min" : 1510,
          "max" : 525205716,
          "mean" : 192621.987320,
          "stddev" : 2430386.707599,
          "N" : 3887798
        },
        "clat_ns" : {
          "min" : 1109,
          "max" : 695931527,
          "mean" : 3266203.016404,
          "stddev" : 11317397.631394,
          "N" : 3887798,
          "percentile" : {
            "1.000000" : 309248,
            "5.000000" : 350208,
            "10.000000" : 366592,
            "20.000000" : 391168,
            "30.000000" : 407552,
            "40.000000" : 423936,
            "50.000000" : 440320,
            "60.000000" : 473088,
            "70.000000" : 757760,
            "80.000000" : 2867200,
            "90.000000" : 8454144,
            "95.000000" : 14614528,
            "99.000000" : 43253760,
            "99.500000" : 66846720,
            "99.900000" : 154140672,
            "99.950000" : 202375168,
            "99.990000" : 337641472
          }
        },
        "lat_ns" : {
          "min" : 5591,
          "max" : 695956206,
          "mean" : 3458825.003724,
          "stddev" : 11657123.592321,
          "N" : 3887798
        },
        "bw_min" : 38768,
        "bw_max" : 1758242,
        "bw_agg" : 100.000000,
        "bw_mean" : 346027.182624,
        "bw_dev" : 14741.414948,
        "bw_samples" : 2391,
        "iops_min" : 8520,
        "iops_max" : 392652,
        "iops_mean" : 76319.109699,
        "iops_stddev" : 3265.813624,
        "iops_samples" : 2391
      },
      "write" : {
        "io_bytes" : 7730454528,
        "io_kbytes" : 7549272,
        "bw_bytes" : 140303722,
        "bw" : 137015,
        "iops" : 30243.239319,
        "runtime" : 55098,
        "total_ios" : 1666342,
        "short_ios" : 0,
        "drop_ios" : 0,
        "slat_ns" : {
          "min" : 3298,
          "max" : 586721640,
          "mean" : 262953.596324,
          "stddev" : 3066808.757440,
          "N" : 1666342
        },
        "clat_ns" : {
          "min" : 1192,
          "max" : 695892847,
          "mean" : 3366738.838570,
          "stddev" : 11464467.006336,
          "N" : 1666342,
          "percentile" : {
            "1.000000" : 309248,
            "5.000000" : 350208,
            "10.000000" : 370688,
            "20.000000" : 391168,
            "30.000000" : 407552,
            "40.000000" : 423936,
            "50.000000" : 444416,
            "60.000000" : 473088,
            "70.000000" : 798720,
            "80.000000" : 3031040,
            "90.000000" : 8847360,
            "95.000000" : 15400960,
            "99.000000" : 43253760,
            "99.500000" : 66322432,
            "99.900000" : 156237824,
            "99.950000" : 206569472,
            "99.990000" : 341835776
          }
        },
        "lat_ns" : {
          "min" : 8010,
          "max" : 695935107,
          "mean" : 3629692.434894,
          "stddev" : 11999552.516744,
          "N" : 1666342
        },
        "bw_min" : 17889,
        "bw_max" : 755497,
        "bw_agg" : 100.000000,
        "bw_mean" : 148309.484405,
        "bw_dev" : 6315.393096,
        "bw_samples" : 2390,
        "iops_min" : 3908,
        "iops_max" : 168608,
        "iops_mean" : 32714.444105,
        "iops_stddev" : 1399.146858,
        "iops_samples" : 2390
      },
      "trim" : {
        "io_bytes" : 0,
        "io_kbytes" : 0,
        "bw_bytes" : 0,
        "bw" : 0,
        "iops" : 0.000000,
        "runtime" : 0,
        "total_ios" : 0,
        "short_ios" : 0,
        "drop_ios" : 0,
        "slat_ns" : {
          "min" : 0,
          "max" : 0,
          "mean" : 0.000000,
          "stddev" : 0.000000,
          "N" : 0
        },
        "clat_ns" : {
          "min" : 0,
          "max" : 0,
          "mean" : 0.000000,
          "stddev" : 0.000000,
          "N" : 0
        },
        "lat_ns" : {
          "min" : 0,
          "max" : 0,
          "mean" : 0.000000,
          "stddev" : 0.000000,
          "N" : 0
        },
        "bw_min" : 0,
        "bw_max" : 0,
        "bw_agg" : 0.000000,
        "bw_mean" : 0.000000,
        "bw_dev" : 0.000000,
        "bw_samples" : 0,
        "iops_min" : 0,
        "iops_max" : 0,
        "iops_mean" : 0.000000,
        "iops_stddev" : 0.000000,
        "iops_samples" : 0
      },
      "sync" : {
        "total_ios" : 0,
        "lat_ns" : {
          "min" : 0,
          "max" : 0,
          "mean" : 0.000000,
          "stddev" : 0.000000,
          "N" : 0
        }
      },
      "job_runtime" : 1219810,
      "usr_cpu" : 0.780531,
      "sys_cpu" : 13.505710,
      "ctx" : 724374,
      "majf" : 0,
      "minf" : 315,
      "iodepth_level" : {
        "1" : 0.100000,
        "2" : 0.100000,
        "4" : 0.100000,
        "8" : 0.100000,
        "16" : 99.993518,
        "32" : 0.000000,
        ">=64" : 0.000000
      },
      "iodepth_submit" : {
        "0" : 0.000000,
        "4" : 100.000000,
        "8" : 0.000000,
        "16" : 0.000000,
        "32" : 0.000000,
        "64" : 0.000000,
        ">=64" : 0.000000
      },
      "iodepth_complete" : {
        "0" : 0.000000,
        "4" : 99.999568,
        "8" : 0.000000,
        "16" : 0.100000,
        "32" : 0.000000,
        "64" : 0.000000,
        ">=64" : 0.000000
      },
      "latency_ns" : {
        "2" : 0.000000,
        "4" : 0.000000,
        "10" : 0.000000,
        "20" : 0.000000,
        "50" : 0.000000,
        "100" : 0.000000,
        "250" : 0.000000,
        "500" : 0.000000,
        "750" : 0.000000,
        "1000" : 0.000000
      },
      "latency_us" : {
        "2" : 0.010000,
        "4" : 0.010000,
        "10" : 0.010000,
        "20" : 0.010000,
        "50" : 0.010000,
        "100" : 0.010000,
        "250" : 0.063412,
        "500" : 64.015725,
        "750" : 5.756967,
        "1000" : 1.889852
      },
      "latency_ms" : {
        "2" : 5.005491,
        "4" : 6.161026,
        "10" : 8.408016,
        "20" : 5.939551,
        "50" : 1.933549,
        "100" : 0.604954,
        "250" : 0.192055,
        "500" : 0.026413,
        "750" : 0.010000,
        "1000" : 0.000000,
        "2000" : 0.000000,
        ">=2000" : 0.000000
      },
      "latency_depth" : 16,
      "latency_target" : 0,
      "latency_percentile" : 100.000000,
      "latency_window" : 0
    }
  ]
}
