{
  "fio version" : "fio-3.36",
  "timestamp" : 1751202355,
  "timestamp_ms" : 1751202355180,
  "time" : "Sun Jun 29 13:05:55 2025",
  "global options" : {
    "ioengine" : "libaio",
    "direct" : "1",
    "directory" : "/mnt/test"
  },
  "jobs" : [
    {
      "jobname" : "multimedia_test",
      "groupid" : 0,
      "job_start" : 1751202350131,
      "error" : 0,
      "eta" : 0,
      "elapsed" : 6,
      "job options" : {
        "rw" : "read",
        "size" : "4M",
        "numjobs" : "4",
        "runtime" : "5",
        "iodepth" : "64",
        "bssplit" : "128k"
      },
      "read" : {
        "io_bytes" : 51281395712,
        "io_kbytes" : 50079488,
        "bw_bytes" : 10254228296,
        "bw" : 10013894,
        "iops" : 78233.553289,
        "runtime" : 5001,
        "total_ios" : 391246,
        "short_ios" : 0,
        "drop_ios" : 0,
        "slat_ns" : {
          "min" : 7117,
          "max" : 240819862,
          "mean" : 50125.418458,
          "stddev" : 701357.915677,
          "N" : 391246
        },
        "clat_ns" : {
          "min" : 13108,
          "max" : 414213917,
          "mean" : 3219908.105790,
          "stddev" : 12147578.216817,
          "N" : 391246,
          "percentile" : {
            "1.000000" : 2023424,
            "5.000000" : 2039808,
            "10.000000" : 2056192,
            "20.000000" : 2113536,
            "30.000000" : 2146304,
            "40.000000" : 2146304,
            "50.000000" : 2179072,
            "60.000000" : 2179072,
            "70.000000" : 2211840,
            "80.000000" : 2211840,
            "90.000000" : 2244608,
            "95.000000" : 2277376,
            "99.000000" : 70778880,
            "99.500000" : 77070336,
            "99.900000" : 93847552,
            "99.950000" : 358612992,
            "99.990000" : 387973120
          }
        },
        "lat_ns" : {
          "min" : 569257,
          "max" : 421290060,
          "mean" : 3270033.524248,
          "stddev" : 12304090.987757,
          "N" : 391246
        },
        "bw_min" : 241408,
        "bw_max" : 14954752,
        "bw_agg" : 100.000000,
        "bw_mean" : 11074247.111111,
        "bw_dev" : 1515217.351643,
        "bw_samples" : 36,
        "iops_min" : 1886,
        "iops_max" : 116834,
        "iops_mean" : 86517.555556,
        "iops_stddev" : 11837.635560,
        "iops_samples" : 36
      },
      "write" : {
        "io_bytes" : 0,
        "io_kbytes" : 0,
        "bw_bytes" : 0,
        "bw" : 0,
        "iops" : 0.000000,
        "runtime" : 0,
        "total_ios" : 0,
        "short_ios" : 0,
        "drop_ios" : 0,
        "slat_ns" : {
          "min" : 0,
          "max" : 0,
          "mean" : 0.000000,
          "stddev" : 0.000000,
          "N" : 0
        },
        "clat_ns" : {
          "min" : 0,
          "max" : 0,
          "mean" : 0.000000,
          "stddev" : 0.000000,
          "N" : 0
        },
        "lat_ns" : {
          "min" : 0,
          "max" : 0,
          "mean" : 0.000000,
          "stddev" : 0.000000,
          "N" : 0
        },
        "bw_min" : 0,
        "bw_max" : 0,
        "bw_agg" : 0.000000,
        "bw_mean" : 0.000000,
        "bw_dev" : 0.000000,
        "bw_samples" : 0,
        "iops_min" : 0,
        "iops_max" : 0,
        "iops_mean" : 0.000000,
        "iops_stddev" : 0.000000,
        "iops_samples" : 0
      },
      "trim" : {
        "io_bytes" : 0,
        "io_kbytes" : 0,
        "bw_bytes" : 0,
        "bw" : 0,
        "iops" : 0.000000,
        "runtime" : 0,
        "total_ios" : 0,
        "short_ios" : 0,
        "drop_ios" : 0,
        "slat_ns" : {
          "min" : 0,
          "max" : 0,
          "mean" : 0.000000,
          "stddev" : 0.000000,
          "N" : 0
        },
        "clat_ns" : {
          "min" : 0,
          "max" : 0,
          "mean" : 0.000000,
          "stddev" : 0.000000,
          "N" : 0
        },
        "lat_ns" : {
          "min" : 0,
          "max" : 0,
          "mean" : 0.000000,
          "stddev" : 0.000000,
          "N" : 0
        },
        "bw_min" : 0,
        "bw_max" : 0,
        "bw_agg" : 0.000000,
        "bw_mean" : 0.000000,
        "bw_dev" : 0.000000,
        "bw_samples" : 0,
        "iops_min" : 0,
        "iops_max" : 0,
        "iops_mean" : 0.000000,
        "iops_stddev" : 0.000000,
        "iops_samples" : 0
      },
      "sync" : {
        "total_ios" : 0,
        "lat_ns" : {
          "min" : 0,
          "max" : 0,
          "mean" : 0.000000,
          "stddev" : 0.000000,
          "N" : 0
        }
      },
      "job_runtime" : 20000,
      "usr_cpu" : 1.970000,
      "sys_cpu" : 68.400000,
      "ctx" : 4854,
      "majf" : 0,
      "minf" : 8239,
      "iodepth_level" : {
        "1" : 0.100000,
        "2" : 0.100000,
        "4" : 0.100000,
        "8" : 0.100000,
        "16" : 0.100000,
        "32" : 0.100000,
        ">=64" : 99.935590
      },
      "iodepth_submit" : {
        "0" : 0.000000,
        "4" : 100.000000,
        "8" : 0.000000,
        "16" : 0.000000,
        "32" : 0.000000,
        "64" : 0.000000,
        ">=64" : 0.000000
      },
      "iodepth_complete" : {
        "0" : 0.000000,
        "4" : 99.998977,
        "8" : 0.000000,
        "16" : 0.000000,
        "32" : 0.000000,
        "64" : 0.100000,
        ">=64" : 0.000000
      },
      "latency_ns" : {
        "2" : 0.000000,
        "4" : 0.000000,
        "10" : 0.000000,
        "20" : 0.000000,
        "50" : 0.000000,
        "100" : 0.000000,
        "250" : 0.000000,
        "500" : 0.000000,
        "750" : 0.000000,
        "1000" : 0.000000
      },
      "latency_us" : {
        "2" : 0.000000,
        "4" : 0.000000,
        "10" : 0.000000,
        "20" : 0.010000,
        "50" : 0.000000,
        "100" : 0.000000,
        "250" : 0.000000,
        "500" : 0.000000,
        "750" : 0.146455,
        "1000" : 0.088947
      },
      "latency_ms" : {
        "2" : 0.084857,
        "4" : 98.410974,
        "10" : 0.036550,
        "20" : 0.046262,
        "50" : 0.044984,
        "100" : 1.056880,
        "250" : 0.018658,
        "500" : 0.064410,
        "750" : 0.000000,
        "1000" : 0.000000,
        "2000" : 0.000000,
        ">=2000" : 0.000000
      },
      "latency_depth" : 64,
      "latency_target" : 0,
      "latency_percentile" : 100.000000,
      "latency_window" : 0
    }
  ]
}
