{
  "fio version" : "fio-3.36",
  "timestamp" : 1752529343,
  "timestamp_ms" : 1752529343466,
  "time" : "Mon Jul 14 21:42:23 2025",
  "global options" : {
    "ioengine" : "libaio",
    "direct" : "0",
    "directory" : "/mnt/test"
  },
  "jobs" : [
    {
      "jobname" : "database_mysql_innodb_test",
      "groupid" : 0,
      "job_start" : 1752529307375,
      "error" : 0,
      "eta" : 0,
      "elapsed" : 37,
      "job options" : {
        "rw" : "randrw",
        "rwmixread" : "70",
        "size" : "1G",
        "numjobs" : "24",
        "runtime" : "60",
        "iodepth" : "16",
        "bssplit" : "16k"
      },
      "read" : {
        "io_bytes" : 18040209408,
        "io_kbytes" : 17617392,
        "bw_bytes" : 500491313,
        "bw" : 488761,
        "iops" : 30547.565543,
        "runtime" : 36045,
        "total_ios" : 1101087,
        "short_ios" : 0,
        "drop_ios" : 0,
        "slat_ns" : {
          "min" : 98396,
          "max" : 624386600,
          "mean" : 735375.072402,
          "stddev" : 4049487.534402,
          "N" : 1101087
        },
        "clat_ns" : {
          "min" : 1769,
          "max" : 635554722,
          "mean" : 7864173.522656,
          "stddev" : 16546383.799360,
          "N" : 1101087,
          "percentile" : {
            "1.000000" : 1466368,
            "5.000000" : 1826816,
            "10.000000" : 2023424,
            "20.000000" : 2310144,
            "30.000000" : 2539520,
            "40.000000" : 2736128,
            "50.000000" : 2998272,
            "60.000000" : 3457024,
            "70.000000" : 6193152,
            "80.000000" : 9371648,
            "90.000000" : 19005440,
            "95.000000" : 25821184,
            "99.000000" : 73924608,
            "99.500000" : 99090432,
            "99.900000" : 166723584,
            "99.950000" : 308281344,
            "99.990000" : 517996544
          }
        },
        "lat_ns" : {
          "min" : 139166,
          "max" : 641728602,
          "mean" : 8599548.595058,
          "stddev" : 17568859.678583,
          "N" : 1101087
        },
        "bw_min" : 28320,
        "bw_max" : 1430592,
        "bw_agg" : 100.000000,
        "bw_mean" : 509689.131768,
        "bw_dev" : 16781.873063,
        "bw_samples" : 1632,
        "iops_min" : 1770,
        "iops_max" : 89412,
        "iops_mean" : 31853.964841,
        "iops_stddev" : 1048.882195,
        "iops_samples" : 1632
      },
      "write" : {
        "io_bytes" : 7729594368,
        "io_kbytes" : 7548432,
        "bw_bytes" : 214442901,
        "bw" : 209416,
        "iops" : 13088.555972,
        "runtime" : 36045,
        "total_ios" : 471777,
        "short_ios" : 0,
        "drop_ios" : 0,
        "slat_ns" : {
          "min" : 2358,
          "max" : 8261466,
          "mean" : 16841.927968,
          "stddev" : 26212.524363,
          "N" : 471777
        },
        "clat_ns" : {
          "min" : 1098,
          "max" : 637238216,
          "mean" : 7883987.811739,
          "stddev" : 16672544.319085,
          "N" : 471777,
          "percentile" : {
            "1.000000" : 1466368,
            "5.000000" : 1810432,
            "10.000000" : 2023424,
            "20.000000" : 2277376,
            "30.000000" : 2506752,
            "40.000000" : 2736128,
            "50.000000" : 2998272,
            "60.000000" : 3457024,
            "70.000000" : 6193152,
            "80.000000" : 9371648,
            "90.000000" : 19005440,
            "95.000000" : 25821184,
            "99.000000" : 74973184,
            "99.500000" : 99090432,
            "99.900000" : 166723584,
            "99.950000" : 308281344,
            "99.990000" : 517996544
          }
        },
        "lat_ns" : {
          "min" : 4821,
          "max" : 637251722,
          "mean" : 7900829.739708,
          "stddev" : 16676614.409736,
          "N" : 471777
        },
        "bw_min" : 11808,
        "bw_max" : 632064,
        "bw_agg" : 100.000000,
        "bw_mean" : 218443.172067,
        "bw_dev" : 7212.611082,
        "bw_samples" : 1632,
        "iops_min" : 738,
        "iops_max" : 39504,
        "iops_mean" : 13650.820032,
        "iops_stddev" : 450.804998,
        "iops_samples" : 1632
      },
      "trim" : {
        "io_bytes" : 0,
        "io_kbytes" : 0,
        "bw_bytes" : 0,
        "bw" : 0,
        "iops" : 0.000000,
        "runtime" : 0,
        "total_ios" : 0,
        "short_ios" : 0,
        "drop_ios" : 0,
        "slat_ns" : {
          "min" : 0,
          "max" : 0,
          "mean" : 0.000000,
          "stddev" : 0.000000,
          "N" : 0
        },
        "clat_ns" : {
          "min" : 0,
          "max" : 0,
          "mean" : 0.000000,
          "stddev" : 0.000000,
          "N" : 0
        },
        "lat_ns" : {
          "min" : 0,
          "max" : 0,
          "mean" : 0.000000,
          "stddev" : 0.000000,
          "N" : 0
        },
        "bw_min" : 0,
        "bw_max" : 0,
        "bw_agg" : 0.000000,
        "bw_mean" : 0.000000,
        "bw_dev" : 0.000000,
        "bw_samples" : 0,
        "iops_min" : 0,
        "iops_max" : 0,
        "iops_mean" : 0.000000,
        "iops_stddev" : 0.000000,
        "iops_samples" : 0
      },
      "sync" : {
        "total_ios" : 0,
        "lat_ns" : {
          "min" : 0,
          "max" : 0,
          "mean" : 0.000000,
          "stddev" : 0.000000,
          "N" : 0
        }
      },
      "job_runtime" : 825154,
      "usr_cpu" : 0.906619,
      "sys_cpu" : 6.107708,
      "ctx" : 1188901,
      "majf" : 0,
      "minf" : 506,
      "iodepth_level" : {
        "1" : 0.100000,
        "2" : 0.100000,
        "4" : 0.100000,
        "8" : 0.100000,
        "16" : 99.977112,
        "32" : 0.000000,
        ">=64" : 0.000000
      },
      "iodepth_submit" : {
        "0" : 0.000000,
        "4" : 100.000000,
        "8" : 0.000000,
        "16" : 0.000000,
        "32" : 0.000000,
        "64" : 0.000000,
        ">=64" : 0.000000
      },
      "iodepth_complete" : {
        "0" : 0.000000,
        "4" : 99.998474,
        "8" : 0.000000,
        "16" : 0.100000,
        "32" : 0.000000,
        "64" : 0.000000,
        ">=64" : 0.000000
      },
      "latency_ns" : {
        "2" : 0.000000,
        "4" : 0.000000,
        "10" : 0.000000,
        "20" : 0.000000,
        "50" : 0.000000,
        "100" : 0.000000,
        "250" : 0.000000,
        "500" : 0.000000,
        "750" : 0.000000,
        "1000" : 0.000000
      },
      "latency_us" : {
        "2" : 0.010000,
        "4" : 0.010000,
        "10" : 0.010000,
        "20" : 0.010000,
        "50" : 0.010000,
        "100" : 0.000000,
        "250" : 0.010000,
        "500" : 0.010000,
        "750" : 0.010000,
        "1000" : 0.036812
      },
      "latency_ms" : {
        "2" : 9.285291,
        "4" : 54.829597,
        "10" : 17.219734,
        "20" : 9.328397,
        "50" : 7.744789,
        "100" : 1.072057,
        "250" : 0.408808,
        "500" : 0.047684,
        "750" : 0.014305,
        "1000" : 0.000000,
        "2000" : 0.000000,
        ">=2000" : 0.000000
      },
      "latency_depth" : 16,
      "latency_target" : 0,
      "latency_percentile" : 100.000000,
      "latency_window" : 0
    }
  ],
  "disk_util" : [
    {
      "name" : "bcache0",
      "read_ios" : 1100365,
      "write_ios" : 360872,
      "read_sectors" : 35211680,
      "write_sectors" : 0,
      "read_merges" : 0,
      "write_merges" : 0,
      "read_ticks" : 718137,
      "write_ticks" : 4094320,
      "in_queue" : 4812457,
      "util" : 98.635056,
      "aggr_read_ios" : 550543,
      "aggr_write_ios" : 633449,
      "aggr_read_sectors" : 17617392,
      "aggr_write_sectors" : 21484820,
      "aggr_read_merges" : 53,
      "aggr_write_merge" : 2,
      "aggr_read_ticks" : 263165,
      "aggr_write_ticks" : 163447,
      "aggr_in_queue" : 426612,
      "aggr_util" : 62.644872
    },
    {
      "name" : "nvme0n1",