{
  "fio version" : "fio-3.36",
  "timestamp" : 1751239811,
  "timestamp_ms" : 1751239811601,
  "time" : "Sun Jun 29 23:30:11 2025",
  "global options" : {
    "ioengine" : "libaio",
    "direct" : "1",
    "directory" : "/mnt/test"
  },
  "jobs" : [
    {
      "jobname" : "database_test",
      "groupid" : 0,
      "job_start" : 1751239806554,
      "error" : 0,
      "eta" : 0,
      "elapsed" : 6,
      "job options" : {
        "rw" : "randrw",
        "rwmixread" : "70",
        "size" : "1M",
        "numjobs" : "8",
        "runtime" : "5",
        "iodepth" : "16",
        "bssplit" : "4k/80:8k/20"
      },
      "read" : {
        "io_bytes" : 412876800,
        "io_kbytes" : 403200,
        "bw_bytes" : 82476388,
        "bw" : 80543,
        "iops" : 17790.251698,
        "runtime" : 5006,
        "total_ios" : 89058,
        "short_ios" : 0,
        "drop_ios" : 0,
        "slat_ns" : {
          "min" : 6867,
          "max" : 478695507,
          "mean" : 230232.682566,
          "stddev" : 4295226.910920,
          "N" : 89058
        },
        "clat_ns" : {
          "min" : 45152,
          "max" : 493060669,
          "mean" : 2623125.026039,
          "stddev" : 9787502.054460,
          "N" : 89058,
          "percentile" : {
            "1.000000" : 191488,
            "5.000000" : 288768,
            "10.000000" : 387072,
            "20.000000" : 577536,
            "30.000000" : 774144,
            "40.000000" : 995328,
            "50.000000" : 1318912,
            "60.000000" : 1843200,
            "70.000000" : 2572288,
            "80.000000" : 3719168,
            "90.000000" : 5668864,
            "95.000000" : 7962624,
            "99.000000" : 14614528,
            "99.500000" : 18481152,
            "99.900000" : 41156608,
            "99.950000" : 50069504,
            "99.990000" : 492830720
          }
        },
        "lat_ns" : {
          "min" : 133406,
          "max" : 493070598,
          "mean" : 2853357.708606,
          "stddev" : 10735175.937816,
          "N" : 89058
        },
        "bw_min" : 35136,
        "bw_max" : 175824,
        "bw_agg" : 100.000000,
        "bw_mean" : 80619.300000,
        "bw_dev" : 5216.938650,
        "bw_samples" : 80,
        "iops_min" : 7736,
        "iops_max" : 38750,
        "iops_mean" : 17807.100000,
        "iops_stddev" : 1152.140742,
        "iops_samples" : 80
      },
      "write" : {
        "io_bytes" : 177598464,
        "io_kbytes" : 173436,
        "bw_bytes" : 35477120,
        "bw" : 34645,
        "iops" : 7631.042749,
        "runtime" : 5006,
        "total_ios" : 38201,
        "short_ios" : 0,
        "drop_ios" : 0,
        "slat_ns" : {
          "min" : 10424,
          "max" : 36426135,
          "mean" : 89114.388969,
          "stddev" : 436089.339239,
          "N" : 38201
        },
        "clat_ns" : {
          "min" : 359642,
          "max" : 499322388,
          "mean" : 10013375.853564,
          "stddev" : 23897917.200180,
          "N" : 38201,
          "percentile" : {
            "1.000000" : 1843200,
            "5.000000" : 2801664,
            "10.000000" : 3489792,
            "20.000000" : 4423680,
            "30.000000" : 5210112,
            "40.000000" : 5996544,
            "50.000000" : 6979584,
            "60.000000" : 8355840,
            "70.000000" : 10027008,
            "80.000000" : 12517376,
            "90.000000" : 16908288,
            "95.000000" : 21626880,
            "99.000000" : 32374784,
            "99.500000" : 39583744,
            "99.900000" : 488636416,
            "99.950000" : 492830720,
            "99.990000" : 501219328
          }
        },
        "lat_ns" : {
          "min" : 411392,
          "max" : 499336111,
          "mean" : 10102490.242533,
          "stddev" : 23906944.494343,
          "N" : 38201
        },
        "bw_min" : 13952,
        "bw_max" : 74480,
        "bw_agg" : 99.865423,
        "bw_mean" : 34599.200000,
        "bw_dev" : 2238.392787,
        "bw_samples" : 80,
        "iops_min" : 3078,
        "iops_max" : 16422,
        "iops_mean" : 7620.900000,
        "iops_stddev" : 492.892379,
        "iops_samples" : 80
      },
      "trim" : {
        "io_bytes" : 0,
        "io_kbytes" : 0,
        "bw_bytes" : 0,
        "bw" : 0,
        "iops" : 0.000000,
        "runtime" : 0,
        "total_ios" : 0,
        "short_ios" : 0,
        "drop_ios" : 0,
        "slat_ns" : {
          "min" : 0,
          "max" : 0,
          "mean" : 0.000000,
          "stddev" : 0.000000,
          "N" : 0
        },
        "clat_ns" : {
          "min" : 0,
          "max" : 0,
          "mean" : 0.000000,
          "stddev" : 0.000000,
          "N" : 0
        },
        "lat_ns" : {
          "min" : 0,
          "max" : 0,
          "mean" : 0.000000,
          "stddev" : 0.000000,
          "N" : 0
        },
        "bw_min" : 0,
        "bw_max" : 0,
        "bw_agg" : 0.000000,
        "bw_mean" : 0.000000,
        "bw_dev" : 0.000000,
        "bw_samples" : 0,
        "iops_min" : 0,
        "iops_max" : 0,
        "iops_mean" : 0.000000,
        "iops_stddev" : 0.000000,
        "iops_samples" : 0
      },
      "sync" : {
        "total_ios" : 0,
        "lat_ns" : {
          "min" : 0,
          "max" : 0,
          "mean" : 0.000000,
          "stddev" : 0.000000,
          "N" : 0
        }
      },
      "job_runtime" : 40039,
      "usr_cpu" : 2.372687,
      "sys_cpu" : 17.285646,
      "ctx" : 71192,
      "majf" : 0,
      "minf" : 118,
      "iodepth_level" : {
        "1" : 0.100000,
        "2" : 0.100000,
        "4" : 0.100000,
        "8" : 0.100000,
        "16" : 99.905704,
        "32" : 0.000000,
        ">=64" : 0.000000
      },
      "iodepth_submit" : {
        "0" : 0.000000,
        "4" : 100.000000,
        "8" : 0.000000,
        "16" : 0.000000,
        "32" : 0.000000,
        "64" : 0.000000,
        ">=64" : 0.000000
      },
      "iodepth_complete" : {
        "0" : 0.000000,
        "4" : 99.993708,
        "8" : 0.000000,
        "16" : 0.100000,
        "32" : 0.000000,
        "64" : 0.000000,
        ">=64" : 0.000000
      },
      "latency_ns" : {
        "2" : 0.000000,
        "4" : 0.000000,
        "10" : 0.000000,
        "20" : 0.000000,
        "50" : 0.000000,
        "100" : 0.000000,
        "250" : 0.000000,
        "500" : 0.000000,
        "750" : 0.000000,
        "1000" : 0.000000
      },
      "latency_us" : {
        "2" : 0.000000,
        "4" : 0.000000,
        "10" : 0.000000,
        "20" : 0.000000,
        "50" : 0.010000,
        "100" : 0.010000,
        "250" : 2.205738,
        "500" : 8.850455,
        "750" : 9.037475,
        "1000" : 8.085872
      },
      "latency_ms" : {
        "2" : 15.836208,
        "4" : 17.857283,
        "10" : 26.966266,
        "20" : 9.003685,
        "50" : 2.025004,
        "100" : 0.032218,
        "250" : 0.000000,
        "500" : 0.095082,
        "750" : 0.000000,
        "1000" : 0.000000,
        "2000" : 0.000000,
        ">=2000" : 0.000000
      },
      "latency_depth" : 16,
      "latency_target" : 0,
      "latency_percentile" : 100.000000,
      "latency_window" : 0
    }
  ]
}
