{
  "fio version" : "fio-3.36",
  "timestamp" : 1751245107,
  "timestamp_ms" : 1751245107039,
  "time" : "Mon Jun 30 00:58:27 2025",
  "global options" : {
    "ioengine" : "libaio",
    "direct" : "1",
    "directory" : "/mnt/test"
  },
  "jobs" : [
    {
      "jobname" : "archive_test",
      "groupid" : 0,
      "job_start" : 1751245101919,
      "error" : 0,
      "eta" : 0,
      "elapsed" : 6,
      "job options" : {
        "rw" : "write",
        "size" : "10M",
        "numjobs" : "2",
        "runtime" : "5",
        "iodepth" : "128",
        "bssplit" : "64k/70:128k/30"
      },
      "read" : {
        "io_bytes" : 0,
        "io_kbytes" : 0,
        "bw_bytes" : 0,
        "bw" : 0,
        "iops" : 0.000000,
        "runtime" : 0,
        "total_ios" : 0,
        "short_ios" : 0,
        "drop_ios" : 0,
        "slat_ns" : {
          "min" : 0,
          "max" : 0,
          "mean" : 0.000000,
          "stddev" : 0.000000,
          "N" : 0
        },
        "clat_ns" : {
          "min" : 0,
          "max" : 0,
          "mean" : 0.000000,
          "stddev" : 0.000000,
          "N" : 0
        },
        "lat_ns" : {
          "min" : 0,
          "max" : 0,
          "mean" : 0.000000,
          "stddev" : 0.000000,
          "N" : 0
        },
        "bw_min" : 0,
        "bw_max" : 0,
        "bw_agg" : 0.000000,
        "bw_mean" : 0.000000,
        "bw_dev" : 0.000000,
        "bw_samples" : 0,
        "iops_min" : 0,
        "iops_max" : 0,
        "iops_mean" : 0.000000,
        "iops_stddev" : 0.000000,
        "iops_samples" : 0
      },
      "write" : {
        "io_bytes" : 1402470400,
        "io_kbytes" : 1369600,
        "bw_bytes" : 276566830,
        "bw" : 270084,
        "iops" : 3246.499704,
        "runtime" : 5071,
        "total_ios" : 16463,
        "short_ios" : 0,
        "drop_ios" : 0,
        "slat_ns" : {
          "min" : 8826,
          "max" : 98784880,
          "mean" : 519298.977586,
          "stddev" : 2554698.317230,
          "N" : 16463
        },
        "clat_ns" : {
          "min" : 2293458,
          "max" : 169343315,
          "mean" : 78287836.831197,
          "stddev" : 13581673.196405,
          "N" : 16463,
          "percentile" : {
            "1.000000" : 41156608,
            "5.000000" : 66322432,
            "10.000000" : 70778880,
            "20.000000" : 71827456,
            "30.000000" : 72876032,
            "40.000000" : 73924608,
            "50.000000" : 74973184,
            "60.000000" : 76021760,
            "70.000000" : 77070336,
            "80.000000" : 87556096,
            "90.000000" : 91750400,
            "95.000000" : 102236160,
            "99.000000" : 131596288,
            "99.500000" : 147849216,
            "99.900000" : 154140672,
            "99.950000" : 154140672,
            "99.990000" : 168820736
          }
        },
        "lat_ns" : {
          "min" : 2309880,
          "max" : 169396610,
          "mean" : 78807135.808783,
          "stddev" : 13818988.988436,
          "N" : 16463
        },
        "bw_min" : 250880,
        "bw_max" : 287744,
        "bw_agg" : 99.884186,
        "bw_mean" : 269772.800000,
        "bw_dev" : 5115.450610,
        "bw_samples" : 20,
        "iops_min" : 3060,
        "iops_max" : 3428,
        "iops_mean" : 3241.600000,
        "iops_stddev" : 52.549726,
        "iops_samples" : 20
      },
      "trim" : {
        "io_bytes" : 0,
        "io_kbytes" : 0,
        "bw_bytes" : 0,
        "bw" : 0,
        "iops" : 0.000000,
        "runtime" : 0,
        "total_ios" : 0,
        "short_ios" : 0,
        "drop_ios" : 0,
        "slat_ns" : {
          "min" : 0,
          "max" : 0,
          "mean" : 0.000000,
          "stddev" : 0.000000,
          "N" : 0
        },
        "clat_ns" : {
          "min" : 0,
          "max" : 0,
          "mean" : 0.000000,
          "stddev" : 0.000000,
          "N" : 0
        },
        "lat_ns" : {
          "min" : 0,
          "max" : 0,
          "mean" : 0.000000,
          "stddev" : 0.000000,
          "N" : 0
        },
        "bw_min" : 0,
        "bw_max" : 0,
        "bw_agg" : 0.000000,
        "bw_mean" : 0.000000,
        "bw_dev" : 0.000000,
        "bw_samples" : 0,
        "iops_min" : 0,
        "iops_max" : 0,
        "iops_mean" : 0.000000,
        "iops_stddev" : 0.000000,
        "iops_samples" : 0
      },
      "sync" : {
        "total_ios" : 0,
        "lat_ns" : {
          "min" : 0,
          "max" : 0,
          "mean" : 0.000000,
          "stddev" : 0.000000,
          "N" : 0
        }
      },
      "job_runtime" : 10140,
      "usr_cpu" : 2.416174,
      "sys_cpu" : 12.909270,
      "ctx" : 5217,
      "majf" : 0,
      "minf" : 22,
      "iodepth_level" : {
        "1" : 0.100000,
        "2" : 0.100000,
        "4" : 0.100000,
        "8" : 0.100000,
        "16" : 0.194375,
        "32" : 0.388751,
        ">=64" : 99.234647
      },
      "iodepth_submit" : {
        "0" : 0.000000,
        "4" : 100.000000,
        "8" : 0.000000,
        "16" : 0.000000,
        "32" : 0.000000,
        "64" : 0.000000,
        ">=64" : 0.000000
      },
      "iodepth_complete" : {
        "0" : 0.000000,
        "4" : 99.987663,
        "8" : 0.000000,
        "16" : 0.000000,
        "32" : 0.000000,
        "64" : 0.000000,
        ">=64" : 0.100000
      },
      "latency_ns" : {
        "2" : 0.000000,
        "4" : 0.000000,
        "10" : 0.000000,
        "20" : 0.000000,
        "50" : 0.000000,
        "100" : 0.000000,
        "250" : 0.000000,
        "500" : 0.000000,
        "750" : 0.000000,
        "1000" : 0.000000
      },
      "latency_us" : {
        "2" : 0.000000,
        "4" : 0.000000,
        "10" : 0.000000,
        "20" : 0.000000,
        "50" : 0.000000,
        "100" : 0.000000,
        "250" : 0.000000,
        "500" : 0.000000,
        "750" : 0.000000,
        "1000" : 0.000000
      },
      "latency_ms" : {
        "2" : 0.000000,
        "4" : 0.018223,
        "10" : 0.012148,
        "20" : 0.000000,
        "50" : 2.144202,
        "100" : 91.969872,
        "250" : 5.855555,
        "500" : 0.000000,
        "750" : 0.000000,
        "1000" : 0.000000,
        "2000" : 0.000000,
        ">=2000" : 0.000000
      },
      "latency_depth" : 128,
      "latency_target" : 0,
      "latency_percentile" : 100.000000,
      "latency_window" : 0
    }
  ]
}
