{
  "fio version" : "fio-3.36",
  "timestamp" : 1751236514,
  "timestamp_ms" : 1751236514572,
  "time" : "Sun Jun 29 22:35:14 2025",
  "global options" : {
    "ioengine" : "libaio",
    "direct" : "0",
    "directory" : "/mnt/test"
  },
  "jobs" : [
    {
      "jobname" : "multimedia_test",
      "groupid" : 0,
      "job_start" : 1751236509536,
      "error" : 0,
      "eta" : 0,
      "elapsed" : 6,
      "job options" : {
        "rw" : "read",
        "size" : "4M",
        "numjobs" : "4",
        "runtime" : "5",
        "iodepth" : "64",
        "bssplit" : "128k"
      },
      "read" : {
        "io_bytes" : 57317654528,
        "io_kbytes" : 55974272,
        "bw_bytes" : 11461238657,
        "bw" : 11192615,
        "iops" : 87442.311538,
        "runtime" : 5001,
        "total_ios" : 437299,
        "short_ios" : 0,
        "drop_ios" : 0,
        "slat_ns" : {
          "min" : 8554,
          "max" : 3479875,
          "mean" : 44758.471620,
          "stddev" : 55359.514536,
          "N" : 437299
        },
        "clat_ns" : {
          "min" : 2045,
          "max" : 43131187,
          "mean" : 2880971.660102,
          "stddev" : 2934684.066307,
          "N" : 437299,
          "percentile" : {
            "1.000000" : 2277376,
            "5.000000" : 2310144,
            "10.000000" : 2310144,
            "20.000000" : 2342912,
            "30.000000" : 2342912,
            "40.000000" : 2342912,
            "50.000000" : 2375680,
            "60.000000" : 2375680,
            "70.000000" : 2375680,
            "80.000000" : 2408448,
            "90.000000" : 2441216,
            "95.000000" : 2506752,
            "99.000000" : 19529728,
            "99.500000" : 20316160,
            "99.900000" : 22675456,
            "99.950000" : 26345472,
            "99.990000" : 36962304
          }
        },
        "lat_ns" : {
          "min" : 203884,
          "max" : 43493974,
          "mean" : 2925730.131722,
          "stddev" : 2980340.109265,
          "N" : 437299
        },
        "bw_min" : 1656064,
        "bw_max" : 13661952,
        "bw_agg" : 100.000000,
        "bw_mean" : 12239417.555556,
        "bw_dev" : 949975.786666,
        "bw_samples" : 36,
        "iops_min" : 12938,
        "iops_max" : 106734,
        "iops_mean" : 95620.000000,
        "iops_stddev" : 7421.644823,
        "iops_samples" : 36
      },
      "write" : {
        "io_bytes" : 0,
        "io_kbytes" : 0,
        "bw_bytes" : 0,
        "bw" : 0,
        "iops" : 0.000000,
        "runtime" : 0,
        "total_ios" : 0,
        "short_ios" : 0,
        "drop_ios" : 0,
        "slat_ns" : {
          "min" : 0,
          "max" : 0,
          "mean" : 0.000000,
          "stddev" : 0.000000,
          "N" : 0
        },
        "clat_ns" : {
          "min" : 0,
          "max" : 0,
          "mean" : 0.000000,
          "stddev" : 0.000000,
          "N" : 0
        },
        "lat_ns" : {
          "min" : 0,
          "max" : 0,
          "mean" : 0.000000,
          "stddev" : 0.000000,
          "N" : 0
        },
        "bw_min" : 0,
        "bw_max" : 0,
        "bw_agg" : 0.000000,
        "bw_mean" : 0.000000,
        "bw_dev" : 0.000000,
        "bw_samples" : 0,
        "iops_min" : 0,
        "iops_max" : 0,
        "iops_mean" : 0.000000,
        "iops_stddev" : 0.000000,
        "iops_samples" : 0
      },
      "trim" : {
        "io_bytes" : 0,
        "io_kbytes" : 0,
        "bw_bytes" : 0,
        "bw" : 0,
        "iops" : 0.000000,
        "runtime" : 0,
        "total_ios" : 0,
        "short_ios" : 0,
        "drop_ios" : 0,
        "slat_ns" : {
          "min" : 0,
          "max" : 0,
          "mean" : 0.000000,
          "stddev" : 0.000000,
          "N" : 0
        },
        "clat_ns" : {
          "min" : 0,
          "max" : 0,
          "mean" : 0.000000,
          "stddev" : 0.000000,
          "N" : 0
        },
        "lat_ns" : {
          "min" : 0,
          "max" : 0,
          "mean" : 0.000000,
          "stddev" : 0.000000,
          "N" : 0
        },
        "bw_min" : 0,
        "bw_max" : 0,
        "bw_agg" : 0.000000,
        "bw_mean" : 0.000000,
        "bw_dev" : 0.000000,
        "bw_samples" : 0,
        "iops_min" : 0,
        "iops_max" : 0,
        "iops_mean" : 0.000000,
        "iops_stddev" : 0.000000,
        "iops_samples" : 0
      },
      "sync" : {
        "total_ios" : 0,
        "lat_ns" : {
          "min" : 0,
          "max" : 0,
          "mean" : 0.000000,
          "stddev" : 0.000000,
          "N" : 0
        }
      },
      "job_runtime" : 20000,
      "usr_cpu" : 2.035000,
      "sys_cpu" : 80.405000,
      "ctx" : 15484,
      "majf" : 0,
      "minf" : 8247,
      "iodepth_level" : {
        "1" : 0.100000,
        "2" : 0.100000,
        "4" : 0.100000,
        "8" : 0.100000,
        "16" : 0.100000,
        "32" : 0.100000,
        ">=64" : 99.942374
      },
      "iodepth_submit" : {
        "0" : 0.000000,
        "4" : 100.000000,
        "8" : 0.000000,
        "16" : 0.000000,
        "32" : 0.000000,
        "64" : 0.000000,
        ">=64" : 0.000000
      },
      "iodepth_complete" : {
        "0" : 0.000000,
        "4" : 99.999085,
        "8" : 0.000000,
        "16" : 0.000000,
        "32" : 0.000000,
        "64" : 0.100000,
        ">=64" : 0.000000
      },
      "latency_ns" : {
        "2" : 0.000000,
        "4" : 0.000000,
        "10" : 0.000000,
        "20" : 0.000000,
        "50" : 0.000000,
        "100" : 0.000000,
        "250" : 0.000000,
        "500" : 0.000000,
        "750" : 0.000000,
        "1000" : 0.000000
      },
      "latency_us" : {
        "2" : 0.000000,
        "4" : 0.010000,
        "10" : 0.000000,
        "20" : 0.000000,
        "50" : 0.000000,
        "100" : 0.000000,
        "250" : 0.010000,
        "500" : 0.010000,
        "750" : 0.014178,
        "1000" : 0.077521
      },
      "latency_ms" : {
        "2" : 0.047336,
        "4" : 96.772231,
        "10" : 0.048708,
        "20" : 2.348736,
        "50" : 0.689460,
        "100" : 0.000000,
        "250" : 0.000000,
        "500" : 0.000000,
        "750" : 0.000000,
        "1000" : 0.000000,
        "2000" : 0.000000,
        ">=2000" : 0.000000
      },
      "latency_depth" : 64,
      "latency_target" : 0,
      "latency_percentile" : 100.000000,
      "latency_window" : 0
    }
  ]
}
