{
  "fio version" : "fio-3.36",
  "timestamp" : 1748716618,
  "timestamp_ms" : 1748716618617,
  "time" : "Sat May 31 18:36:58 2025",
  "global options" : {
    "ioengine" : "libaio",
    "direct" : "1",
    "directory" : "/mnt/test",
    "buffer_compress_percentage" : "70",
    "buffer_pattern" : "0xdeadbeef"
  },
  "jobs" : [
    {
      "jobname" : "archive_test",
      "groupid" : 0,
      "job_start" : 1748716438341,
      "error" : 0,
      "eta" : 0,
      "elapsed" : 181,
      "job options" : {
        "rw" : "write",
        "size" : "10G",
        "numjobs" : "2",
        "runtime" : "180",
        "iodepth" : "128",
        "bssplit" : "64k/70:128k/30"
      },
      "read" : {
        "io_bytes" : 0,
        "io_kbytes" : 0,
        "bw_bytes" : 0,
        "bw" : 0,
        "iops" : 0.000000,
        "runtime" : 0,
        "total_ios" : 0,
        "short_ios" : 0,
        "drop_ios" : 0,
        "slat_ns" : {
          "min" : 0,
          "max" : 0,
          "mean" : 0.000000,
          "stddev" : 0.000000,
          "N" : 0
        },
        "clat_ns" : {
          "min" : 0,
          "max" : 0,
          "mean" : 0.000000,
          "stddev" : 0.000000,
          "N" : 0
        },
        "lat_ns" : {
          "min" : 0,
          "max" : 0,
          "mean" : 0.000000,
          "stddev" : 0.000000,
          "N" : 0
        },
        "bw_min" : 0,
        "bw_max" : 0,
        "bw_agg" : 0.000000,
        "bw_mean" : 0.000000,
        "bw_dev" : 0.000000,
        "bw_samples" : 0,
        "iops_min" : 0,
        "iops_max" : 0,
        "iops_mean" : 0.000000,
        "iops_stddev" : 0.000000,
        "iops_samples" : 0
      },
      "write" : {
        "io_bytes" : 16774791168,
        "io_kbytes" : 16381632,
        "bw_bytes" : 93067642,
        "bw" : 90886,
        "iops" : 1092.231044,
        "runtime" : 180243,
        "total_ios" : 196867,
        "short_ios" : 0,
        "drop_ios" : 0,
        "slat_ns" : {
          "min" : 15840,
          "max" : 276664,
          "mean" : 89536.592034,
          "stddev" : 23403.421712,
          "N" : 196867
        },
        "clat_ns" : {
          "min" : 4891660,
          "max" : 5187018545,
          "mean" : 234175597.423480,
          "stddev" : 733238013.074432,
          "N" : 196867,
          "percentile" : {
            "1.000000" : 105381888,
            "5.000000" : 108527616,
            "10.000000" : 109576192,
            "20.000000" : 111673344,
            "30.000000" : 112721920,
            "40.000000" : 113770496,
            "50.000000" : 115867648,
            "60.000000" : 117964800,
            "70.000000" : 119013376,
            "80.000000" : 122159104,
            "90.000000" : 126353408,
            "95.000000" : 131596288,
            "99.000000" : 5066719232,
            "99.500000" : 5066719232,
            "99.900000" : 5066719232,
            "99.950000" : 5133828096,
            "99.990000" : 5200936960
          }
        },
        "lat_ns" : {
          "min" : 4918139,
          "max" : 5187048447,
          "mean" : 234265134.015510,
          "stddev" : 733237376.307022,
          "N" : 196867
        },
        "bw_min" : 6528,
        "bw_max" : 188672,
        "bw_agg" : 100.000000,
        "bw_mean" : 161460.524834,
        "bw_dev" : 22672.281975,
        "bw_samples" : 403,
        "iops_min" : 78,
        "iops_max" : 2340,
        "iops_mean" : 1940.354075,
        "iops_stddev" : 272.395513,
        "iops_samples" : 403
      },
      "trim" : {
        "io_bytes" : 0,
        "io_kbytes" : 0,
        "bw_bytes" : 0,
        "bw" : 0,
        "iops" : 0.000000,
        "runtime" : 0,
        "total_ios" : 0,
        "short_ios" : 0,
        "drop_ios" : 0,
        "slat_ns" : {
          "min" : 0,
          "max" : 0,
          "mean" : 0.000000,
          "stddev" : 0.000000,
          "N" : 0
        },
        "clat_ns" : {
          "min" : 0,
          "max" : 0,
          "mean" : 0.000000,
          "stddev" : 0.000000,
          "N" : 0
        },
        "lat_ns" : {
          "min" : 0,
          "max" : 0,
          "mean" : 0.000000,
          "stddev" : 0.000000,
          "N" : 0
        },
        "bw_min" : 0,
        "bw_max" : 0,
        "bw_agg" : 0.000000,
        "bw_mean" : 0.000000,
        "bw_dev" : 0.000000,
        "bw_samples" : 0,
        "iops_min" : 0,
        "iops_max" : 0,
        "iops_mean" : 0.000000,
        "iops_stddev" : 0.000000,
        "iops_samples" : 0
      },
      "sync" : {
        "total_ios" : 0,
        "lat_ns" : {
          "min" : 0,
          "max" : 0,
          "mean" : 0.000000,
          "stddev" : 0.000000,
          "N" : 0
        }
      },
      "job_runtime" : 360370,
      "usr_cpu" : 2.646447,
      "sys_cpu" : 5.394456,
      "ctx" : 140070,
      "majf" : 0,
      "minf" : 22,
      "iodepth_level" : {
        "1" : 0.100000,
        "2" : 0.100000,
        "4" : 0.100000,
        "8" : 0.100000,
        "16" : 0.100000,
        "32" : 0.100000,
        ">=64" : 99.935997
      },
      "iodepth_submit" : {
        "0" : 0.000000,
        "4" : 100.000000,
        "8" : 0.000000,
        "16" : 0.000000,
        "32" : 0.000000,
        "64" : 0.000000,
        ">=64" : 0.000000
      },
      "iodepth_complete" : {
        "0" : 0.000000,
        "4" : 99.998983,
        "8" : 0.000000,
        "16" : 0.000000,
        "32" : 0.000000,
        "64" : 0.000000,
        ">=64" : 0.100000
      },
      "latency_ns" : {
        "2" : 0.000000,
        "4" : 0.000000,
        "10" : 0.000000,
        "20" : 0.000000,
        "50" : 0.000000,
        "100" : 0.000000,
        "250" : 0.000000,
        "500" : 0.000000,
        "750" : 0.000000,
        "1000" : 0.000000
      },
      "latency_us" : {
        "2" : 0.000000,
        "4" : 0.000000,
        "10" : 0.000000,
        "20" : 0.000000,
        "50" : 0.000000,
        "100" : 0.000000,
        "250" : 0.000000,
        "500" : 0.000000,
        "750" : 0.000000,
        "1000" : 0.000000
      },
      "latency_ms" : {
        "2" : 0.000000,
        "4" : 0.000000,
        "10" : 0.012699,
        "20" : 0.010000,
        "50" : 0.012191,
        "100" : 0.035557,
        "250" : 96.962924,
        "500" : 0.239248,
        "750" : 0.065019,
        "1000" : 0.065019,
        "2000" : 0.195056,
        ">=2000" : 2.405685
      },
      "latency_depth" : 128,
      "latency_target" : 0,
      "latency_percentile" : 100.000000,
      "latency_window" : 0
    }
  ]
}
