{
  "fio version" : "fio-3.36",
  "timestamp" : 1749238109,
  "timestamp_ms" : 1749238109622,
  "time" : "Fri Jun  6 19:28:29 2025",
  "global options" : {
    "ioengine" : "libaio",
    "direct" : "1",
    "directory" : "/mnt/test"
  },
  "jobs" : [
    {
      "jobname" : "webserver_test",
      "groupid" : 0,
      "job_start" : 1749238052515,
      "error" : 0,
      "eta" : 0,
      "elapsed" : 58,
      "job options" : {
        "rw" : "randread",
        "size" : "2G",
        "numjobs" : "16",
        "runtime" : "120",
        "iodepth" : "32",
        "bssplit" : "4k/90:8k/10"
      },
      "read" : {
        "io_bytes" : 34359738368,
        "io_kbytes" : 33554432,
        "bw_bytes" : 602010308,
        "bw" : 587900,
        "iops" : 138017.590889,
        "runtime" : 57075,
        "total_ios" : 7877354,
        "short_ios" : 0,
        "drop_ios" : 0,
        "slat_ns" : {
          "min" : 1844,
          "max" : 3717426,
          "mean" : 106989.312877,
          "stddev" : 105731.864063,
          "N" : 7877354
        },
        "clat_ns" : {
          "min" : 929,
          "max" : 11752040,
          "mean" : 3380635.288474,
          "stddev" : 928626.119514,
          "N" : 7877354,
          "percentile" : {
            "1.000000" : 1482752,
            "5.000000" : 1941504,
            "10.000000" : 2211840,
            "20.000000" : 2572288,
            "30.000000" : 2834432,
            "40.000000" : 3096576,
            "50.000000" : 3325952,
            "60.000000" : 3588096,
            "70.000000" : 3850240,
            "80.000000" : 4177920,
            "90.000000" : 4620288,
            "95.000000" : 4947968,
            "99.000000" : 5668864,
            "99.500000" : 5931008,
            "99.900000" : 6520832,
            "99.950000" : 6782976,
            "99.990000" : 7438336
          }
        },
        "lat_ns" : {
          "min" : 3626,
          "max" : 12747388,
          "mean" : 3487624.601351,
          "stddev" : 952054.304568,
          "N" : 7877354
        },
        "bw_min" : 429931,
        "bw_max" : 984608,
        "bw_agg" : 100.000000,
        "bw_mean" : 623272.935280,
        "bw_dev" : 7274.119828,
        "bw_samples" : 1707,
        "iops_min" : 98052,
        "iops_max" : 236762,
        "iops_mean" : 146286.553550,
        "iops_stddev" : 1818.648194,
        "iops_samples" : 1707
      },
      "write" : {
        "io_bytes" : 0,
        "io_kbytes" : 0,
        "bw_bytes" : 0,
        "bw" : 0,
        "iops" : 0.000000,
        "runtime" : 0,
        "total_ios" : 0,
        "short_ios" : 0,
        "drop_ios" : 0,
        "slat_ns" : {
          "min" : 0,
          "max" : 0,
          "mean" : 0.000000,
          "stddev" : 0.000000,
          "N" : 0
        },
        "clat_ns" : {
          "min" : 0,
          "max" : 0,
          "mean" : 0.000000,
          "stddev" : 0.000000,
          "N" : 0
        },
        "lat_ns" : {
          "min" : 0,
          "max" : 0,
          "mean" : 0.000000,
          "stddev" : 0.000000,
          "N" : 0
        },
        "bw_min" : 0,
        "bw_max" : 0,
        "bw_agg" : 0.000000,
        "bw_mean" : 0.000000,
        "bw_dev" : 0.000000,
        "bw_samples" : 0,
        "iops_min" : 0,
        "iops_max" : 0,
        "iops_mean" : 0.000000,
        "iops_stddev" : 0.000000,
        "iops_samples" : 0
      },
      "trim" : {
        "io_bytes" : 0,
        "io_kbytes" : 0,
        "bw_bytes" : 0,
        "bw" : 0,
        "iops" : 0.000000,
        "runtime" : 0,
        "total_ios" : 0,
        "short_ios" : 0,
        "drop_ios" : 0,
        "slat_ns" : {
          "min" : 0,
          "max" : 0,
          "mean" : 0.000000,
          "stddev" : 0.000000,
          "N" : 0
        },
        "clat_ns" : {
          "min" : 0,
          "max" : 0,
          "mean" : 0.000000,
          "stddev" : 0.000000,
          "N" : 0
        },
        "lat_ns" : {
          "min" : 0,
          "max" : 0,
          "mean" : 0.000000,
          "stddev" : 0.000000,
          "N" : 0
        },
        "bw_min" : 0,
        "bw_max" : 0,
        "bw_agg" : 0.000000,
        "bw_mean" : 0.000000,
        "bw_dev" : 0.000000,
        "bw_samples" : 0,
        "iops_min" : 0,
        "iops_max" : 0,
        "iops_mean" : 0.000000,
        "iops_stddev" : 0.000000,
        "iops_samples" : 0
      },
      "sync" : {
        "total_ios" : 0,
        "lat_ns" : {
          "min" : 0,
          "max" : 0,
          "mean" : 0.000000,
          "stddev" : 0.000000,
          "N" : 0
        }
      },
      "job_runtime" : 858916,
      "usr_cpu" : 2.004969,
      "sys_cpu" : 13.044582,
      "ctx" : 4041019,
      "majf" : 0,
      "minf" : 1213,
      "iodepth_level" : {
        "1" : 0.100000,
        "2" : 0.100000,
        "4" : 0.100000,
        "8" : 0.100000,
        "16" : 0.100000,
        "32" : 99.993703,
        ">=64" : 0.000000
      },
      "iodepth_submit" : {
        "0" : 0.000000,
        "4" : 100.000000,
        "8" : 0.000000,
        "16" : 0.000000,
        "32" : 0.000000,
        "64" : 0.000000,
        ">=64" : 0.000000
      },
      "iodepth_complete" : {
        "0" : 0.000000,
        "4" : 99.999797,
        "8" : 0.000000,
        "16" : 0.000000,
        "32" : 0.100000,
        "64" : 0.000000,
        ">=64" : 0.000000
      },
      "latency_ns" : {
        "2" : 0.000000,
        "4" : 0.000000,
        "10" : 0.000000,
        "20" : 0.000000,
        "50" : 0.000000,
        "100" : 0.000000,
        "250" : 0.000000,
        "500" : 0.000000,
        "750" : 0.000000,
        "1000" : 0.010000
      },
      "latency_us" : {
        "2" : 0.010000,
        "4" : 0.010000,
        "10" : 0.010000,
        "20" : 0.010000,
        "50" : 0.010000,
        "100" : 0.010000,
        "250" : 0.010000,
        "500" : 0.010000,
        "750" : 0.023891,
        "1000" : 0.084686
      },
      "latency_ms" : {
        "2" : 5.750078,
        "4" : 68.788466,
        "10" : 25.346963,
        "20" : 0.010000,
        "50" : 0.000000,
        "100" : 0.000000,
        "250" : 0.000000,
        "500" : 0.000000,
        "750" : 0.000000,
        "1000" : 0.000000,
        "2000" : 0.000000,
        ">=2000" : 0.000000
      },
      "latency_depth" : 32,
      "latency_target" : 0,
      "latency_percentile" : 100.000000,
      "latency_window" : 0
    }
  ]
}
