{
  "fio version" : "fio-3.36",
  "timestamp" : 1752147192,
  "timestamp_ms" : 1752147192050,
  "time" : "Thu Jul 10 11:33:12 2025",
  "global options" : {
    "ioengine" : "libaio",
    "direct" : "0",
    "directory" : "/mnt/test"
  },
  "jobs" : [
    {
      "jobname" : "database_test",
      "groupid" : 0,
      "job_start" : 1752147131836,
      "error" : 0,
      "eta" : 0,
      "elapsed" : 61,
      "job options" : {
        "rw" : "randrw",
        "rwmixread" : "70",
        "size" : "1G",
        "numjobs" : "24",
        "runtime" : "60",
        "iodepth" : "16",
        "bssplit" : "4k/80:8k/20"
      },
      "read" : {
        "io_bytes" : 57667584,
        "io_kbytes" : 56316,
        "bw_bytes" : 958331,
        "bw" : 935,
        "iops" : 195.147486,
        "runtime" : 60175,
        "total_ios" : 11743,
        "short_ios" : 0,
        "drop_ios" : 0,
        "slat_ns" : {
          "min" : 2620961,
          "max" : 2119626719,
          "mean" : 122713143.601465,
          "stddev" : 170706733.647005,
          "N" : 11743
        },
        "clat_ns" : {
          "min" : 10135,
          "max" : 6846444424,
          "mean" : 1267929626.277527,
          "stddev" : 863891458.979028,
          "N" : 11743,
          "percentile" : {
            "1.000000" : 223346688,
            "5.000000" : 413138944,
            "10.000000" : 517996544,
            "20.000000" : 675282944,
            "30.000000" : 801112064,
            "40.000000" : 918552576,
            "50.000000" : 1044381696,
            "60.000000" : 1182793728,
            "70.000000" : 1367343104,
            "80.000000" : 1652555776,
            "90.000000" : 2264924160,
            "95.000000" : 3103784960,
            "99.000000" : 4664066048,
            "99.500000" : 5268045824,
            "99.900000" : 6341787648,
            "99.950000" : 6408896512,
            "99.990000" : 6811549696
          }
        },
        "lat_ns" : {
          "min" : 23919665,
          "max" : 7256214541,
          "mean" : 1390642769.878992,
          "stddev" : 921861131.126047,
          "N" : 11743
        },
        "bw_min" : 177,
        "bw_max" : 3455,
        "bw_agg" : 100.000000,
        "bw_mean" : 1041.606453,
        "bw_dev" : 29.481888,
        "bw_samples" : 2499,
        "iops_min" : 31,
        "iops_max" : 708,
        "iops_mean" : 215.882392,
        "iops_stddev" : 6.032158,
        "iops_samples" : 2499
      },
      "write" : {
        "io_bytes" : 25292800,
        "io_kbytes" : 24700,
        "bw_bytes" : 420320,
        "bw" : 410,
        "iops" : 85.500623,
        "runtime" : 60175,
        "total_ios" : 5145,
        "short_ios" : 0,
        "drop_ios" : 0,
        "slat_ns" : {
          "min" : 2422,
          "max" : 7921635,
          "mean" : 44307.623907,
          "stddev" : 112015.427640,
          "N" : 5145
        },
        "clat_ns" : {
          "min" : 23925055,
          "max" : 7091831830,
          "mean" : 1271960860.160933,
          "stddev" : 855906495.249136,
          "N" : 5145,
          "percentile" : {
            "1.000000" : 263192576,
            "5.000000" : 404750336,
            "10.000000" : 517996544,
            "20.000000" : 675282944,
            "30.000000" : 801112064,
            "40.000000" : 918552576,
            "50.000000" : 1044381696,
            "60.000000" : 1199570944,
            "70.000000" : 1367343104,
            "80.000000" : 1669332992,
            "90.000000" : 2298478592,
            "95.000000" : 3070230528,
            "99.000000" : 4529848320,
            "99.500000" : 5133828096,
            "99.900000" : 6408896512,
            "99.950000" : 6610223104,
            "99.990000" : 7079985152
          }
        },
        "lat_ns" : {
          "min" : 23971676,
          "max" : 7091885596,
          "mean" : 1272005167.784840,
          "stddev" : 855907584.034840,
          "N" : 5145
        },
        "bw_min" : 172,
        "bw_max" : 1903,
        "bw_agg" : 100.000000,
        "bw_mean" : 557.890669,
        "bw_dev" : 15.755957,
        "bw_samples" : 2038,
        "iops_min" : 27,
        "iops_max" : 376,
        "iops_mean" : 115.092578,
        "iops_stddev" : 3.125697,
        "iops_samples" : 2038
      },
      "trim" : {
        "io_bytes" : 0,
        "io_kbytes" : 0,
        "bw_bytes" : 0,
        "bw" : 0,
        "iops" : 0.000000,
        "runtime" : 0,
        "total_ios" : 0,
        "short_ios" : 0,
        "drop_ios" : 0,
        "slat_ns" : {
          "min" : 0,
          "max" : 0,
          "mean" : 0.000000,
          "stddev" : 0.000000,
          "N" : 0
        },
        "clat_ns" : {
          "min" : 0,
          "max" : 0,
          "mean" : 0.000000,
          "stddev" : 0.000000,
          "N" : 0
        },
        "lat_ns" : {
          "min" : 0,
          "max" : 0,
          "mean" : 0.000000,
          "stddev" : 0.000000,
          "N" : 0
        },
        "bw_min" : 0,
        "bw_max" : 0,
        "bw_agg" : 0.000000,
        "bw_mean" : 0.000000,
        "bw_dev" : 0.000000,
        "bw_samples" : 0,
        "iops_min" : 0,
        "iops_max" : 0,
        "iops_mean" : 0.000000,
        "iops_stddev" : 0.000000,
        "iops_samples" : 0
      },
      "sync" : {
        "total_ios" : 0,
        "lat_ns" : {
          "min" : 0,
          "max" : 0,
          "mean" : 0.000000,
          "stddev" : 0.000000,
          "N" : 0
        }
      },
      "job_runtime" : 1441628,
      "usr_cpu" : 0.028648,
      "sys_cpu" : 0.097945,
      "ctx" : 11842,
      "majf" : 0,
      "minf" : 387,
      "iodepth_level" : {
        "1" : 0.142113,
        "2" : 0.284225,
        "4" : 0.568451,
        "8" : 1.136902,
        "16" : 97.868309,
        "32" : 0.000000,
        ">=64" : 0.000000
      },
      "iodepth_submit" : {
        "0" : 0.000000,
        "4" : 100.000000,
        "8" : 0.000000,
        "16" : 0.000000,
        "32" : 0.000000,
        "64" : 0.000000,
        ">=64" : 0.000000
      },
      "iodepth_complete" : {
        "0" : 0.000000,
        "4" : 99.855002,
        "8" : 0.000000,
        "16" : 0.144998,
        "32" : 0.000000,
        "64" : 0.000000,
        ">=64" : 0.000000
      },
      "latency_ns" : {
        "2" : 0.000000,
        "4" : 0.000000,
        "10" : 0.000000,
        "20" : 0.000000,
        "50" : 0.000000,
        "100" : 0.000000,
        "250" : 0.000000,
        "500" : 0.000000,
        "750" : 0.000000,
        "1000" : 0.000000
      },
      "latency_us" : {
        "2" : 0.000000,
        "4" : 0.000000,
        "10" : 0.000000,
        "20" : 0.130270,
        "50" : 0.011843,
        "100" : 0.000000,
        "250" : 0.000000,
        "500" : 0.000000,
        "750" : 0.000000,
        "1000" : 0.000000
      },
      "latency_ms" : {
        "2" : 0.000000,
        "4" : 0.000000,
        "10" : 0.000000,
        "20" : 0.000000,
        "50" : 0.071056,
        "100" : 0.076978,
        "250" : 0.787541,
        "500" : 7.863572,
        "750" : 17.296305,
        "1000" : 20.233302,
        "2000" : 40.448839,
        ">=2000" : 13.080294
      },
      "latency_depth" : 16,
      "latency_target" : 0,
      "latency_percentile" : 100.000000,
      "latency_window" : 0
    }
  ],
  "disk_util" : [
    {
      "name" : "sda",
      "read_ios" : 11737,
      "write_ios" : 4249,
      "read_sectors" : 112584,
      "write_sectors" : 686472,
      "read_merges" : 0,
      "write_merges" : 73,
      "read_ticks" : 1437549,
      "write_ticks" : 52894,
      "in_queue" : 1496052,
      "util" : 93.618685
    }
  ]
}
