{
  "fio version" : "fio-3.36",
  "timestamp" : 1752523413,
  "timestamp_ms" : 1752523413173,
  "time" : "Mon Jul 14 20:03:33 2025",
  "global options" : {
    "ioengine" : "libaio",
    "direct" : "0",
    "directory" : "/mnt/test"
  },
  "jobs" : [
    {
      "jobname" : "multimedia_test",
      "groupid" : 0,
      "job_start" : 1752523293016,
      "error" : 0,
      "eta" : 0,
      "elapsed" : 121,
      "job options" : {
        "rw" : "read",
        "size" : "8G",
        "numjobs" : "4",
        "runtime" : "120",
        "iodepth" : "64",
        "bssplit" : "128k"
      },
      "read" : {
        "io_bytes" : 19216334848,
        "io_kbytes" : 18765952,
        "bw_bytes" : 159965493,
        "bw" : 156216,
        "iops" : 1220.439864,
        "runtime" : 120128,
        "total_ios" : 146609,
        "short_ios" : 0,
        "drop_ios" : 0,
        "slat_ns" : {
          "min" : 12591,
          "max" : 2200940616,
          "mean" : 3051128.820877,
          "stddev" : 65280801.700556,
          "N" : 146609
        },
        "clat_ns" : {
          "min" : 6301,
          "max" : 2733056342,
          "mean" : 192320561.737929,
          "stddev" : 527475848.042487,
          "N" : 146609,
          "percentile" : {
            "1.000000" : 46923776,
            "5.000000" : 47448064,
            "10.000000" : 47448064,
            "20.000000" : 47972352,
            "30.000000" : 48496640,
            "40.000000" : 49020928,
            "50.000000" : 49020928,
            "60.000000" : 50069504,
            "70.000000" : 50593792,
            "80.000000" : 51118080,
            "90.000000" : 70778880,
            "95.000000" : 2231369728,
            "99.000000" : 2298478592,
            "99.500000" : 2298478592,
            "99.900000" : 2332033024,
            "99.950000" : 2332033024,
            "99.990000" : 2600468480
          }
        },
        "lat_ns" : {
          "min" : 55181,
          "max" : 2760540913,
          "mean" : 195371690.558806,
          "stddev" : 531443048.035742,
          "N" : 146609
        },
        "bw_min" : 3584,
        "bw_max" : 674127,
        "bw_agg" : 100.000000,
        "bw_mean" : 321168.520660,
        "bw_dev" : 63687.931321,
        "bw_samples" : 445,
        "iops_min" : 28,
        "iops_max" : 5266,
        "iops_mean" : 2508.160465,
        "iops_stddev" : 497.490005,
        "iops_samples" : 445
      },
      "write" : {
        "io_bytes" : 0,
        "io_kbytes" : 0,
        "bw_bytes" : 0,
        "bw" : 0,
        "iops" : 0.000000,
        "runtime" : 0,
        "total_ios" : 0,
        "short_ios" : 0,
        "drop_ios" : 0,
        "slat_ns" : {
          "min" : 0,
          "max" : 0,
          "mean" : 0.000000,
          "stddev" : 0.000000,
          "N" : 0
        },
        "clat_ns" : {
          "min" : 0,
          "max" : 0,
          "mean" : 0.000000,
          "stddev" : 0.000000,
          "N" : 0
        },
        "lat_ns" : {
          "min" : 0,
          "max" : 0,
          "mean" : 0.000000,
          "stddev" : 0.000000,
          "N" : 0
        },
        "bw_min" : 0,
        "bw_max" : 0,
        "bw_agg" : 0.000000,
        "bw_mean" : 0.000000,
        "bw_dev" : 0.000000,
        "bw_samples" : 0,
        "iops_min" : 0,
        "iops_max" : 0,
        "iops_mean" : 0.000000,
        "iops_stddev" : 0.000000,
        "iops_samples" : 0
      },
      "trim" : {
        "io_bytes" : 0,
        "io_kbytes" : 0,
        "bw_bytes" : 0,
        "bw" : 0,
        "iops" : 0.000000,
        "runtime" : 0,
        "total_ios" : 0,
        "short_ios" : 0,
        "drop_ios" : 0,
        "slat_ns" : {
          "min" : 0,
          "max" : 0,
          "mean" : 0.000000,
          "stddev" : 0.000000,
          "N" : 0
        },
        "clat_ns" : {
          "min" : 0,
          "max" : 0,
          "mean" : 0.000000,
          "stddev" : 0.000000,
          "N" : 0
        },
        "lat_ns" : {
          "min" : 0,
          "max" : 0,
          "mean" : 0.000000,
          "stddev" : 0.000000,
          "N" : 0
        },
        "bw_min" : 0,
        "bw_max" : 0,
        "bw_agg" : 0.000000,
        "bw_mean" : 0.000000,
        "bw_dev" : 0.000000,
        "bw_samples" : 0,
        "iops_min" : 0,
        "iops_max" : 0,
        "iops_mean" : 0.000000,
        "iops_stddev" : 0.000000,
        "iops_samples" : 0
      },
      "sync" : {
        "total_ios" : 0,
        "lat_ns" : {
          "min" : 0,
          "max" : 0,
          "mean" : 0.000000,
          "stddev" : 0.000000,
          "N" : 0
        }
      },
      "job_runtime" : 449301,
      "usr_cpu" : 0.448252,
      "sys_cpu" : 8.506547,
      "ctx" : 71815,
      "majf" : 0,
      "minf" : 8252,
      "iodepth_level" : {
        "1" : 0.100000,
        "2" : 0.100000,
        "4" : 0.100000,
        "8" : 0.100000,
        "16" : 0.100000,
        "32" : 0.100000,
        ">=64" : 99.828114
      },
      "iodepth_submit" : {
        "0" : 0.000000,
        "4" : 100.000000,
        "8" : 0.000000,
        "16" : 0.000000,
        "32" : 0.000000,
        "64" : 0.000000,
        ">=64" : 0.000000
      },
      "iodepth_complete" : {
        "0" : 0.000000,
        "4" : 99.997267,
        "8" : 0.000000,
        "16" : 0.000000,
        "32" : 0.000000,
        "64" : 0.100000,
        ">=64" : 0.000000
      },
      "latency_ns" : {
        "2" : 0.000000,
        "4" : 0.000000,
        "10" : 0.000000,
        "20" : 0.000000,
        "50" : 0.000000,
        "100" : 0.000000,
        "250" : 0.000000,
        "500" : 0.000000,
        "750" : 0.000000,
        "1000" : 0.000000
      },
      "latency_us" : {
        "2" : 0.000000,
        "4" : 0.000000,
        "10" : 0.010000,
        "20" : 0.000000,
        "50" : 0.010000,
        "100" : 0.010000,
        "250" : 0.000000,
        "500" : 0.000000,
        "750" : 0.000000,
        "1000" : 0.000000
      },
      "latency_ms" : {
        "2" : 0.010000,
        "4" : 0.010000,
        "10" : 0.010913,
        "20" : 0.017734,
        "50" : 59.722118,
        "100" : 30.908062,
        "250" : 1.037453,
        "500" : 1.859367,
        "750" : 0.012960,
        "1000" : 0.122776,
        "2000" : 0.555218,
        ">=2000" : 5.744531
      },
      "latency_depth" : 64,
      "latency_target" : 0,
      "latency_percentile" : 100.000000,
      "latency_window" : 0
    }
  ],
  "disk_util" : [
    {
      "name" : "bcache0",
      "read_ios" : 73305,
      "write_ios" : 6,
      "read_sectors" : 37532160,
      "write_sectors" : 0,
      "read_merges" : 0,
      "write_merges" : 0,
      "read_ticks" : 872478,
      "write_ticks" : 563,
      "in_queue" : 873041,
      "util" : 100.000000,
      "aggr_read_ios" : 36661,
      "aggr_write_ios" : 45,
      "aggr_read_sectors" : 18769592,
      "aggr_write_sectors" : 15532,
      "aggr_read_merges" : 72,
      "aggr_write_merge" : 7,
      "aggr_read_ticks" : 434425,
      "aggr_write_ticks" : 786,
      "aggr_in_queue" : 435955,
      "aggr_util" : 68.605048
    },
    {
      "name" : "sda",
      "read_ios" : 73322,
      "write_ios" : 18,
      "read_sectors" : 37539184,
      "write_sectors" : 280,
      "read_merges" : 144,
      "write_merges" : 14,
      "read_ticks" : 868850,
      "write_ticks" : 1532,
      "in_queue" : 871870,
      "util" : 68.605048
    },
    {
      "name" : "zram0",
      "read_ios" : 0,
      "write_ios" : 72,
      "read_sectors" : 0,
      "write_sectors" : 30784,
      "read_merges" : 0,
      "write_merges" : 0,
      "read_ticks" : 0,
      "write_ticks" : 40,
      "in_queue" : 40,
      "util" : 0.033310
    }
  ]
}
