{
  "fio version" : "fio-3.36",
  "timestamp" : 1751124848,
  "timestamp_ms" : 1751124848679,
  "time" : "Sat Jun 28 15:34:08 2025",
  "global options" : {
    "ioengine" : "libaio",
    "direct" : "0",
    "directory" : "/mnt/test",
    "buffer_compress_percentage" : "70",
    "buffer_pattern" : "0xdeadbeef"
  },
  "jobs" : [
    {
      "jobname" : "database_test",
      "groupid" : 0,
      "job_start" : 1751124788593,
      "error" : 0,
      "eta" : 0,
      "elapsed" : 61,
      "job options" : {
        "rw" : "randrw",
        "rwmixread" : "70",
        "size" : "1G",
        "numjobs" : "8",
        "runtime" : "60",
        "iodepth" : "16",
        "bssplit" : "4k/80:8k/20"
      },
      "read" : {
        "io_bytes" : 73064448,
        "io_kbytes" : 71352,
        "bw_bytes" : 1216767,
        "bw" : 1188,
        "iops" : 247.635225,
        "runtime" : 60048,
        "total_ios" : 14870,
        "short_ios" : 0,
        "drop_ios" : 0,
        "slat_ns" : {
          "min" : 3344601,
          "max" : 314205852,
          "mean" : 32245741.154943,
          "stddev" : 28710825.967474,
          "N" : 14870
        },
        "clat_ns" : {
          "min" : 11149,
          "max" : 855479542,
          "mean" : 336633398.073705,
          "stddev" : 113214860.630288,
          "N" : 14870,
          "percentile" : {
            "1.000000" : 127401984,
            "5.000000" : 177209344,
            "10.000000" : 204472320,
            "20.000000" : 242221056,
            "30.000000" : 270532608,
            "40.000000" : 295698432,
            "50.000000" : 320864256,
            "60.000000" : 350224384,
            "70.000000" : 383778816,
            "80.000000" : 425721856,
            "90.000000" : 488636416,
            "95.000000" : 541065216,
            "99.000000" : 658505728,
            "99.500000" : 692060160,
            "99.900000" : 792723456,
            "99.950000" : 826277888,
            "99.990000" : 843055104
          }
        },
        "lat_ns" : {
          "min" : 17923858,
          "max" : 960020575,
          "mean" : 368879139.228648,
          "stddev" : 117640788.179495,
          "N" : 14870
        },
        "bw_min" : 432,
        "bw_max" : 2072,
        "bw_agg" : 99.642413,
        "bw_mean" : 1184.094573,
        "bw_dev" : 40.821097,
        "bw_samples" : 950,
        "iops_min" : 94,
        "iops_max" : 416,
        "iops_mean" : 246.763709,
        "iops_stddev" : 8.134776,
        "iops_samples" : 950
      },
      "write" : {
        "io_bytes" : 31498240,
        "io_kbytes" : 30760,
        "bw_bytes" : 524551,
        "bw" : 512,
        "iops" : 107.647216,
        "runtime" : 60048,
        "total_ios" : 6464,
        "short_ios" : 0,
        "drop_ios" : 0,
        "slat_ns" : {
          "min" : 3385,
          "max" : 262225,
          "mean" : 44808.761139,
          "stddev" : 22910.729311,
          "N" : 6464
        },
        "clat_ns" : {
          "min" : 25192257,
          "max" : 925875332,
          "mean" : 336379965.948484,
          "stddev" : 114824421.428521,
          "N" : 6464,
          "percentile" : {
            "1.000000" : 127401984,
            "5.000000" : 179306496,
            "10.000000" : 204472320,
            "20.000000" : 242221056,
            "30.000000" : 270532608,
            "40.000000" : 295698432,
            "50.000000" : 320864256,
            "60.000000" : 346030080,
            "70.000000" : 379584512,
            "80.000000" : 429916160,
            "90.000000" : 488636416,
            "95.000000" : 549453824,
            "99.000000" : 666894336,
            "99.500000" : 717225984,
            "99.900000" : 826277888,
            "99.950000" : 868220928,
            "99.990000" : 926941184
          }
        },
        "lat_ns" : {
          "min" : 25256396,
          "max" : 925889739,
          "mean" : 336424774.709623,
          "stddev" : 114825250.208413,
          "N" : 6464
        },
        "bw_min" : 72,
        "bw_max" : 1264,
        "bw_agg" : 100.000000,
        "bw_mean" : 513.177751,
        "bw_dev" : 29.731218,
        "bw_samples" : 946,
        "iops_min" : 18,
        "iops_max" : 246,
        "iops_mean" : 107.805543,
        "iops_stddev" : 6.030398,
        "iops_samples" : 946
      },
      "trim" : {
        "io_bytes" : 0,
        "io_kbytes" : 0,
        "bw_bytes" : 0,
        "bw" : 0,
        "iops" : 0.000000,
        "runtime" : 0,
        "total_ios" : 0,
        "short_ios" : 0,
        "drop_ios" : 0,
        "slat_ns" : {
          "min" : 0,
          "max" : 0,
          "mean" : 0.000000,
          "stddev" : 0.000000,
          "N" : 0
        },
        "clat_ns" : {
          "min" : 0,
          "max" : 0,
          "mean" : 0.000000,
          "stddev" : 0.000000,
          "N" : 0
        },
        "lat_ns" : {
          "min" : 0,
          "max" : 0,
          "mean" : 0.000000,
          "stddev" : 0.000000,
          "N" : 0
        },
        "bw_min" : 0,
        "bw_max" : 0,
        "bw_agg" : 0.000000,
        "bw_mean" : 0.000000,
        "bw_dev" : 0.000000,
        "bw_samples" : 0,
        "iops_min" : 0,
        "iops_max" : 0,
        "iops_mean" : 0.000000,
        "iops_stddev" : 0.000000,
        "iops_samples" : 0
      },
      "sync" : {
        "total_ios" : 0,
        "lat_ns" : {
          "min" : 0,
          "max" : 0,
          "mean" : 0.000000,
          "stddev" : 0.000000,
          "N" : 0
        }
      },
      "job_runtime" : 480179,
      "usr_cpu" : 0.088509,
      "sys_cpu" : 0.405266,
      "ctx" : 14888,
      "majf" : 0,
      "minf" : 108,
      "iodepth_level" : {
        "1" : 0.100000,
        "2" : 0.100000,
        "4" : 0.149995,
        "8" : 0.299991,
        "16" : 99.437518,
        "32" : 0.000000,
        ">=64" : 0.000000
      },
      "iodepth_submit" : {
        "0" : 0.000000,
        "4" : 100.000000,
        "8" : 0.000000,
        "16" : 0.000000,
        "32" : 0.000000,
        "64" : 0.000000,
        ">=64" : 0.000000
      },
      "iodepth_complete" : {
        "0" : 0.000000,
        "4" : 99.962303,
        "8" : 0.000000,
        "16" : 0.100000,
        "32" : 0.000000,
        "64" : 0.000000,
        ">=64" : 0.000000
      },
      "latency_ns" : {
        "2" : 0.000000,
        "4" : 0.000000,
        "10" : 0.000000,
        "20" : 0.000000,
        "50" : 0.000000,
        "100" : 0.000000,
        "250" : 0.000000,
        "500" : 0.000000,
        "750" : 0.000000,
        "1000" : 0.000000
      },
      "latency_us" : {
        "2" : 0.000000,
        "4" : 0.000000,
        "10" : 0.000000,
        "20" : 0.032811,
        "50" : 0.010000,
        "100" : 0.000000,
        "250" : 0.000000,
        "500" : 0.000000,
        "750" : 0.000000,
        "1000" : 0.000000
      },
      "latency_ms" : {
        "2" : 0.000000,
        "4" : 0.000000,
        "10" : 0.000000,
        "20" : 0.010000,
        "50" : 0.046874,
        "100" : 0.257804,
        "250" : 22.353989,
        "500" : 68.599419,
        "750" : 8.446611,
        "1000" : 0.248430,
        "2000" : 0.000000,
        ">=2000" : 0.000000
      },
      "latency_depth" : 16,
      "latency_target" : 0,
      "latency_percentile" : 100.000000,
      "latency_window" : 0
    }
  ]
}
