{
  "fio version" : "fio-3.36",
  "timestamp" : 1750976527,
  "timestamp_ms" : 1750976527935,
  "time" : "Thu Jun 26 22:22:07 2025",
  "global options" : {
    "ioengine" : "libaio",
    "direct" : "0",
    "directory" : "/mnt/test",
    "buffer_compress_percentage" : "70",
    "buffer_pattern" : "0xdeadbeef"
  },
  "jobs" : [
    {
      "jobname" : "webserver_test",
      "groupid" : 0,
      "job_start" : 1750976407810,
      "error" : 0,
      "eta" : 0,
      "elapsed" : 121,
      "job options" : {
        "rw" : "randread",
        "size" : "2G",
        "numjobs" : "16",
        "runtime" : "120",
        "iodepth" : "32",
        "bssplit" : "4k/90:8k/10"
      },
      "read" : {
        "io_bytes" : 129191936,
        "io_kbytes" : 126164,
        "bw_bytes" : 1075810,
        "bw" : 1050,
        "iops" : 239.083006,
        "runtime" : 120088,
        "total_ios" : 28711,
        "short_ios" : 0,
        "drop_ios" : 0,
        "slat_ns" : {
          "min" : 3224354,
          "max" : 1057090216,
          "mean" : 66866467.279266,
          "stddev" : 75174382.518951,
          "N" : 28711
        },
        "clat_ns" : {
          "min" : 10598,
          "max" : 5449637157,
          "mean" : 2055232017.073700,
          "stddev" : 601561498.018658,
          "N" : 28711,
          "percentile" : {
            "1.000000" : 977272832,
            "5.000000" : 1266679808,
            "10.000000" : 1400897536,
            "20.000000" : 1585446912,
            "30.000000" : 1719664640,
            "40.000000" : 1853882368,
            "50.000000" : 1971322880,
            "60.000000" : 2088763392,
            "70.000000" : 2264924160,
            "80.000000" : 2466250752,
            "90.000000" : 2835349504,
            "95.000000" : 3204448256,
            "99.000000" : 3976200192,
            "99.500000" : 4278190080,
            "99.900000" : 4664066048,
            "99.950000" : 4865392640,
            "99.990000" : 5402263552
          }
        },
        "lat_ns" : {
          "min" : 25189535,
          "max" : 5505076841,
          "mean" : 2122098484.352966,
          "stddev" : 614614577.096166,
          "N" : 28711
        },
        "bw_min" : 152,
        "bw_max" : 2424,
        "bw_agg" : 100.000000,
        "bw_mean" : 1052.112811,
        "bw_dev" : 27.260450,
        "bw_samples" : 3753,
        "iops_min" : 36,
        "iops_max" : 536,
        "iops_mean" : 239.493279,
        "iops_stddev" : 6.017253,
        "iops_samples" : 3753
      },
      "write" : {
        "io_bytes" : 0,
        "io_kbytes" : 0,
        "bw_bytes" : 0,
        "bw" : 0,
        "iops" : 0.000000,
        "runtime" : 0,
        "total_ios" : 0,
        "short_ios" : 0,
        "drop_ios" : 0,
        "slat_ns" : {
          "min" : 0,
          "max" : 0,
          "mean" : 0.000000,
          "stddev" : 0.000000,
          "N" : 0
        },
        "clat_ns" : {
          "min" : 0,
          "max" : 0,
          "mean" : 0.000000,
          "stddev" : 0.000000,
          "N" : 0
        },
        "lat_ns" : {
          "min" : 0,
          "max" : 0,
          "mean" : 0.000000,
          "stddev" : 0.000000,
          "N" : 0
        },
        "bw_min" : 0,
        "bw_max" : 0,
        "bw_agg" : 0.000000,
        "bw_mean" : 0.000000,
        "bw_dev" : 0.000000,
        "bw_samples" : 0,
        "iops_min" : 0,
        "iops_max" : 0,
        "iops_mean" : 0.000000,
        "iops_stddev" : 0.000000,
        "iops_samples" : 0
      },
      "trim" : {
        "io_bytes" : 0,
        "io_kbytes" : 0,
        "bw_bytes" : 0,
        "bw" : 0,
        "iops" : 0.000000,
        "runtime" : 0,
        "total_ios" : 0,
        "short_ios" : 0,
        "drop_ios" : 0,
        "slat_ns" : {
          "min" : 0,
          "max" : 0,
          "mean" : 0.000000,
          "stddev" : 0.000000,
          "N" : 0
        },
        "clat_ns" : {
          "min" : 0,
          "max" : 0,
          "mean" : 0.000000,
          "stddev" : 0.000000,
          "N" : 0
        },
        "lat_ns" : {
          "min" : 0,
          "max" : 0,
          "mean" : 0.000000,
          "stddev" : 0.000000,
          "N" : 0
        },
        "bw_min" : 0,
        "bw_max" : 0,
        "bw_agg" : 0.000000,
        "bw_mean" : 0.000000,
        "bw_dev" : 0.000000,
        "bw_samples" : 0,
        "iops_min" : 0,
        "iops_max" : 0,
        "iops_mean" : 0.000000,
        "iops_stddev" : 0.000000,
        "iops_samples" : 0
      },
      "sync" : {
        "total_ios" : 0,
        "lat_ns" : {
          "min" : 0,
          "max" : 0,
          "mean" : 0.000000,
          "stddev" : 0.000000,
          "N" : 0
        }
      },
      "job_runtime" : 1920592,
      "usr_cpu" : 0.045507,
      "sys_cpu" : 0.204052,
      "ctx" : 28763,
      "majf" : 0,
      "minf" : 1214,
      "iodepth_level" : {
        "1" : 0.100000,
        "2" : 0.111456,
        "4" : 0.222911,
        "8" : 0.445822,
        "16" : 0.891644,
        "32" : 98.272439,
        ">=64" : 0.000000
      },
      "iodepth_submit" : {
        "0" : 0.000000,
        "4" : 100.000000,
        "8" : 0.000000,
        "16" : 0.000000,
        "32" : 0.000000,
        "64" : 0.000000,
        ">=64" : 0.000000
      },
      "iodepth_complete" : {
        "0" : 0.000000,
        "4" : 99.943325,
        "8" : 0.000000,
        "16" : 0.000000,
        "32" : 0.100000,
        "64" : 0.000000,
        ">=64" : 0.000000
      },
      "latency_ns" : {
        "2" : 0.000000,
        "4" : 0.000000,
        "10" : 0.000000,
        "20" : 0.000000,
        "50" : 0.000000,
        "100" : 0.000000,
        "250" : 0.000000,
        "500" : 0.000000,
        "750" : 0.000000,
        "1000" : 0.000000
      },
      "latency_us" : {
        "2" : 0.000000,
        "4" : 0.000000,
        "10" : 0.000000,
        "20" : 0.052245,
        "50" : 0.010000,
        "100" : 0.000000,
        "250" : 0.000000,
        "500" : 0.000000,
        "750" : 0.000000,
        "1000" : 0.000000
      },
      "latency_ms" : {
        "2" : 0.000000,
        "4" : 0.000000,
        "10" : 0.000000,
        "20" : 0.000000,
        "50" : 0.010449,
        "100" : 0.038313,
        "250" : 0.118422,
        "500" : 0.226394,
        "750" : 0.181115,
        "1000" : 0.518965,
        "2000" : 51.482010,
        ">=2000" : 47.368604
      },
      "latency_depth" : 32,
      "latency_target" : 0,
      "latency_percentile" : 100.000000,
      "latency_window" : 0
    }
  ]
}
