{
  "fio version" : "fio-3.36",
  "timestamp" : 1752591633,
  "timestamp_ms" : 1752591633010,
  "time" : "Tue Jul 15 15:00:33 2025",
  "global options" : {
    "ioengine" : "libaio",
    "direct" : "0",
    "directory" : "/mnt/test"
  },
  "jobs" : [
    {
      "jobname" : "webserver_test",
      "groupid" : 0,
      "job_start" : 1752591528861,
      "error" : 0,
      "eta" : 0,
      "elapsed" : 105,
      "job options" : {
        "rw" : "randread",
        "size" : "2G",
        "numjobs" : "16",
        "runtime" : "120",
        "iodepth" : "32",
        "bssplit" : "4k/90:8k/10"
      },
      "read" : {
        "io_bytes" : 34359738368,
        "io_kbytes" : 33554432,
        "bw_bytes" : 330023516,
        "bw" : 322288,
        "iops" : 75661.579246,
        "runtime" : 104113,
        "total_ios" : 7877354,
        "short_ios" : 0,
        "drop_ios" : 0,
        "slat_ns" : {
          "min" : 3190,
          "max" : 237538293,
          "mean" : 207971.562850,
          "stddev" : 1926793.018126,
          "N" : 7877354
        },
        "clat_ns" : {
          "min" : 1151,
          "max" : 390164475,
          "mean" : 6531954.764666,
          "stddev" : 11032956.306978,
          "N" : 7877354,
          "percentile" : {
            "1.000000" : 4423680,
            "5.000000" : 4685824,
            "10.000000" : 4751360,
            "20.000000" : 4947968,
            "30.000000" : 5079040,
            "40.000000" : 5210112,
            "50.000000" : 5341184,
            "60.000000" : 5472256,
            "70.000000" : 5668864,
            "80.000000" : 5996544,
            "90.000000" : 7766016,
            "95.000000" : 8454144,
            "99.000000" : 11337728,
            "99.500000" : 131596288,
            "99.900000" : 162529280,
            "99.950000" : 164626432,
            "99.990000" : 170917888
          }
        },
        "lat_ns" : {
          "min" : 7524,
          "max" : 390350941,
          "mean" : 6739926.327517,
          "stddev" : 11213106.966895,
          "N" : 7877354
        },
        "bw_min" : 124751,
        "bw_max" : 407096,
        "bw_agg" : 100.000000,
        "bw_mean" : 322540.013726,
        "bw_dev" : 4858.951768,
        "bw_samples" : 3315,
        "iops_min" : 28994,
        "iops_max" : 95184,
        "iops_mean" : 75712.963489,
        "iops_stddev" : 1139.844249,
        "iops_samples" : 3315
      },
      "write" : {
        "io_bytes" : 0,
        "io_kbytes" : 0,
        "bw_bytes" : 0,
        "bw" : 0,
        "iops" : 0.000000,
        "runtime" : 0,
        "total_ios" : 0,
        "short_ios" : 0,
        "drop_ios" : 0,
        "slat_ns" : {
          "min" : 0,
          "max" : 0,
          "mean" : 0.000000,
          "stddev" : 0.000000,
          "N" : 0
        },
        "clat_ns" : {
          "min" : 0,
          "max" : 0,
          "mean" : 0.000000,
          "stddev" : 0.000000,
          "N" : 0
        },
        "lat_ns" : {
          "min" : 0,
          "max" : 0,
          "mean" : 0.000000,
          "stddev" : 0.000000,
          "N" : 0
        },
        "bw_min" : 0,
        "bw_max" : 0,
        "bw_agg" : 0.000000,
        "bw_mean" : 0.000000,
        "bw_dev" : 0.000000,
        "bw_samples" : 0,
        "iops_min" : 0,
        "iops_max" : 0,
        "iops_mean" : 0.000000,
        "iops_stddev" : 0.000000,
        "iops_samples" : 0
      },
      "trim" : {
        "io_bytes" : 0,
        "io_kbytes" : 0,
        "bw_bytes" : 0,
        "bw" : 0,
        "iops" : 0.000000,
        "runtime" : 0,
        "total_ios" : 0,
        "short_ios" : 0,
        "drop_ios" : 0,
        "slat_ns" : {
          "min" : 0,
          "max" : 0,
          "mean" : 0.000000,
          "stddev" : 0.000000,
          "N" : 0
        },
        "clat_ns" : {
          "min" : 0,
          "max" : 0,
          "mean" : 0.000000,
          "stddev" : 0.000000,
          "N" : 0
        },
        "lat_ns" : {
          "min" : 0,
          "max" : 0,
          "mean" : 0.000000,
          "stddev" : 0.000000,
          "N" : 0
        },
        "bw_min" : 0,
        "bw_max" : 0,
        "bw_agg" : 0.000000,
        "bw_mean" : 0.000000,
        "bw_dev" : 0.000000,
        "bw_samples" : 0,
        "iops_min" : 0,
        "iops_max" : 0,
        "iops_mean" : 0.000000,
        "iops_stddev" : 0.000000,
        "iops_samples" : 0
      },
      "sync" : {
        "total_ios" : 0,
        "lat_ns" : {
          "min" : 0,
          "max" : 0,
          "mean" : 0.000000,
          "stddev" : 0.000000,
          "N" : 0
        }
      },
      "job_runtime" : 1663776,
      "usr_cpu" : 1.309611,
      "sys_cpu" : 6.791599,
      "ctx" : 8016644,
      "majf" : 0,
      "minf" : 1245,
      "iodepth_level" : {
        "1" : 0.100000,
        "2" : 0.100000,
        "4" : 0.100000,
        "8" : 0.100000,
        "16" : 0.100000,
        "32" : 99.993703,
        ">=64" : 0.000000
      },
      "iodepth_submit" : {
        "0" : 0.000000,
        "4" : 100.000000,
        "8" : 0.000000,
        "16" : 0.000000,
        "32" : 0.000000,
        "64" : 0.000000,
        ">=64" : 0.000000
      },
      "iodepth_complete" : {
        "0" : 0.000000,
        "4" : 99.999797,
        "8" : 0.000000,
        "16" : 0.000000,
        "32" : 0.100000,
        "64" : 0.000000,
        ">=64" : 0.000000
      },
      "latency_ns" : {
        "2" : 0.000000,
        "4" : 0.000000,
        "10" : 0.000000,
        "20" : 0.000000,
        "50" : 0.000000,
        "100" : 0.000000,
        "250" : 0.000000,
        "500" : 0.000000,
        "750" : 0.000000,
        "1000" : 0.000000
      },
      "latency_us" : {
        "2" : 0.010000,
        "4" : 0.010000,
        "10" : 0.010000,
        "20" : 0.010000,
        "50" : 0.010000,
        "100" : 0.010000,
        "250" : 0.010000,
        "500" : 0.010000,
        "750" : 0.010000,
        "1000" : 0.010000
      },
      "latency_ms" : {
        "2" : 0.010000,
        "4" : 0.115026,
        "10" : 97.935385,
        "20" : 1.361295,
        "50" : 0.015856,
        "100" : 0.000000,
        "250" : 0.565164,
        "500" : 0.010000,
        "750" : 0.000000,
        "1000" : 0.000000,
        "2000" : 0.000000,
        ">=2000" : 0.000000
      },
      "latency_depth" : 32,
      "latency_target" : 0,
      "latency_percentile" : 100.000000,
      "latency_window" : 0
    }
  ],
  "disk_util" : [
    {
      "name" : "bcache0",
      "read_ios" : 7865785,
      "write_ios" : 0,
      "read_sectors" : 67012520,
      "write_sectors" : 0,
      "read_merges" : 0,
      "write_merges" : 0,
      "read_ticks" : 1481904,
      "write_ticks" : 0,
      "in_queue" : 1481904,
      "util" : 99.816247,
      "aggr_read_ios" : 3938684,
      "aggr_write_ios" : 3891708,
      "aggr_read_sectors" : 33554432,
      "aggr_write_sectors" : 35119656,
      "aggr_read_merges" : 0,
      "aggr_write_merge" : 0,
      "aggr_read_ticks" : 544414,
      "aggr_write_ticks" : 18453,
      "aggr_in_queue" : 562867,
      "aggr_util" : 52.741442
    },
    {
      "name" : "nvme0n1",
      "read_ios" : 7874365,
      "write_ios" : 0,
      "read_sectors" : 67083960,
      "write_sectors" : 0,
      "read_merges" : 0,
      "write_merges" : 0,
      "read_ticks" : 1088825,
      "write_ticks" : 0,
      "in_queue" : 1088825,
      "util" : 52.741442
    },
    {
      "name" : "zram0",
      "read_ios" : 3003,
      "write_ios" : 7783417,
      "read_sectors" : 24904,
      "write_sectors" : 70239312,
      "read_merges" : 0,
      "write_merges" : 0,
      "read_ticks" : 3,
      "write_ticks" : 36907,
      "in_queue" : 36910,
      "util" : 29.011392
    }
  ]
}
