{
  "fio version" : "fio-3.36",
  "timestamp" : 1748104689,
  "timestamp_ms" : 1748104689029,
  "time" : "Sat May 24 16:38:09 2025",
  "global options" : {
    "ioengine" : "libaio",
    "direct" : "1",
    "directory" : "/mnt/test"
  },
  "jobs" : [
    {
      "jobname" : "webserver_test",
      "groupid" : 0,
      "job_start" : 1748104568697,
      "error" : 0,
      "eta" : 0,
      "elapsed" : 121,
      "job options" : {
        "rw" : "randread",
        "size" : "2G",
        "numjobs" : "16",
        "runtime" : "120",
        "iodepth" : "32",
        "bssplit" : "4k/90:8k/10"
      },
      "read" : {
        "io_bytes" : 167239680,
        "io_kbytes" : 163320,
        "bw_bytes" : 1390292,
        "bw" : 1357,
        "iops" : 308.851036,
        "runtime" : 120291,
        "total_ios" : 37152,
        "short_ios" : 0,
        "drop_ios" : 0,
        "slat_ns" : {
          "min" : 4992,
          "max" : 2489337572,
          "mean" : 51669976.927541,
          "stddev" : 43577982.253789,
          "N" : 37152
        },
        "clat_ns" : {
          "min" : 87739692,
          "max" : 5635129434,
          "mean" : 1596555853.491844,
          "stddev" : 320701579.541652,
          "N" : 37152,
          "percentile" : {
            "1.000000" : 918552576,
            "5.000000" : 1216348160,
            "10.000000" : 1333788672,
            "20.000000" : 1417674752,
            "30.000000" : 1468006400,
            "40.000000" : 1518338048,
            "50.000000" : 1551892480,
            "60.000000" : 1602224128,
            "70.000000" : 1652555776,
            "80.000000" : 1736441856,
            "90.000000" : 1904214016,
            "95.000000" : 2088763392,
            "99.000000" : 2768240640,
            "99.500000" : 3103784960,
            "99.900000" : 4664066048,
            "99.950000" : 4932501504,
            "99.990000" : 5268045824
          }
        },
        "lat_ns" : {
          "min" : 101537575,
          "max" : 5712319991,
          "mean" : 1648225830.419385,
          "stddev" : 326137906.928491,
          "N" : 37152
        },
        "bw_min" : 200,
        "bw_max" : 2624,
        "bw_agg" : 100.000000,
        "bw_mean" : 1367.386726,
        "bw_dev" : 19.125798,
        "bw_samples" : 3768,
        "iops_min" : 50,
        "iops_max" : 576,
        "iops_mean" : 311.107385,
        "iops_stddev" : 3.997151,
        "iops_samples" : 3768
      },
      "write" : {
        "io_bytes" : 0,
        "io_kbytes" : 0,
        "bw_bytes" : 0,
        "bw" : 0,
        "iops" : 0.000000,
        "runtime" : 0,
        "total_ios" : 0,
        "short_ios" : 0,
        "drop_ios" : 0,
        "slat_ns" : {
          "min" : 0,
          "max" : 0,
          "mean" : 0.000000,
          "stddev" : 0.000000,
          "N" : 0
        },
        "clat_ns" : {
          "min" : 0,
          "max" : 0,
          "mean" : 0.000000,
          "stddev" : 0.000000,
          "N" : 0
        },
        "lat_ns" : {
          "min" : 0,
          "max" : 0,
          "mean" : 0.000000,
          "stddev" : 0.000000,
          "N" : 0
        },
        "bw_min" : 0,
        "bw_max" : 0,
        "bw_agg" : 0.000000,
        "bw_mean" : 0.000000,
        "bw_dev" : 0.000000,
        "bw_samples" : 0,
        "iops_min" : 0,
        "iops_max" : 0,
        "iops_mean" : 0.000000,
        "iops_stddev" : 0.000000,
        "iops_samples" : 0
      },
      "trim" : {
        "io_bytes" : 0,
        "io_kbytes" : 0,
        "bw_bytes" : 0,
        "bw" : 0,
        "iops" : 0.000000,
        "runtime" : 0,
        "total_ios" : 0,
        "short_ios" : 0,
        "drop_ios" : 0,
        "slat_ns" : {
          "min" : 0,
          "max" : 0,
          "mean" : 0.000000,
          "stddev" : 0.000000,
          "N" : 0
        },
        "clat_ns" : {
          "min" : 0,
          "max" : 0,
          "mean" : 0.000000,
          "stddev" : 0.000000,
          "N" : 0
        },
        "lat_ns" : {
          "min" : 0,
          "max" : 0,
          "mean" : 0.000000,
          "stddev" : 0.000000,
          "N" : 0
        },
        "bw_min" : 0,
        "bw_max" : 0,
        "bw_agg" : 0.000000,
        "bw_mean" : 0.000000,
        "bw_dev" : 0.000000,
        "bw_samples" : 0,
        "iops_min" : 0,
        "iops_max" : 0,
        "iops_mean" : 0.000000,
        "iops_stddev" : 0.000000,
        "iops_samples" : 0
      },
      "sync" : {
        "total_ios" : 0,
        "lat_ns" : {
          "min" : 0,
          "max" : 0,
          "mean" : 0.000000,
          "stddev" : 0.000000,
          "N" : 0
        }
      },
      "job_runtime" : 1923447,
      "usr_cpu" : 0.043932,
      "sys_cpu" : 0.162001,
      "ctx" : 38094,
      "majf" : 0,
      "minf" : 1196,
      "iodepth_level" : {
        "1" : 0.100000,
        "2" : 0.100000,
        "4" : 0.172265,
        "8" : 0.344531,
        "16" : 0.689061,
        "32" : 98.664944,
        ">=64" : 0.000000
      },
      "iodepth_submit" : {
        "0" : 0.000000,
        "4" : 100.000000,
        "8" : 0.000000,
        "16" : 0.000000,
        "32" : 0.000000,
        "64" : 0.000000,
        ">=64" : 0.000000
      },
      "iodepth_complete" : {
        "0" : 0.000000,
        "4" : 99.956370,
        "8" : 0.000000,
        "16" : 0.000000,
        "32" : 0.100000,
        "64" : 0.000000,
        ">=64" : 0.000000
      },
      "latency_ns" : {
        "2" : 0.000000,
        "4" : 0.000000,
        "10" : 0.000000,
        "20" : 0.000000,
        "50" : 0.000000,
        "100" : 0.000000,
        "250" : 0.000000,
        "500" : 0.000000,
        "750" : 0.000000,
        "1000" : 0.000000
      },
      "latency_us" : {
        "2" : 0.000000,
        "4" : 0.000000,
        "10" : 0.000000,
        "20" : 0.000000,
        "50" : 0.000000,
        "100" : 0.000000,
        "250" : 0.000000,
        "500" : 0.000000,
        "750" : 0.000000,
        "1000" : 0.000000
      },
      "latency_ms" : {
        "2" : 0.000000,
        "4" : 0.000000,
        "10" : 0.000000,
        "20" : 0.000000,
        "50" : 0.000000,
        "100" : 0.010000,
        "250" : 0.078058,
        "500" : 0.207257,
        "750" : 0.271856,
        "1000" : 0.923234,
        "2000" : 91.747416,
        ">=2000" : 6.769488
      },
      "latency_depth" : 32,
      "latency_target" : 0,
      "latency_percentile" : 100.000000,
      "latency_window" : 0
    }
  ]
}
