{
  "fio version" : "fio-3.36",
  "timestamp" : 1751040119,
  "timestamp_ms" : 1751040119589,
  "time" : "Fri Jun 27 16:01:59 2025",
  "global options" : {
    "ioengine" : "libaio",
    "direct" : "0",
    "directory" : "/mnt/test",
    "buffer_compress_percentage" : "70",
    "buffer_pattern" : "0xdeadbeef"
  },
  "jobs" : [
    {
      "jobname" : "database_mysql_innodb_test",
      "groupid" : 0,
      "job_start" : 1751040113706,
      "error" : 0,
      "eta" : 0,
      "elapsed" : 6,
      "job options" : {
        "rw" : "randrw",
        "rwmixread" : "70",
        "size" : "1G",
        "numjobs" : "8",
        "runtime" : "60",
        "iodepth" : "16",
        "bssplit" : "16k"
      },
      "read" : {
        "io_bytes" : 6009602048,
        "io_kbytes" : 5868752,
        "bw_bytes" : 1026405132,
        "bw" : 1002348,
        "iops" : 62646.797609,
        "runtime" : 5855,
        "total_ios" : 366797,
        "short_ios" : 0,
        "drop_ios" : 0,
        "slat_ns" : {
          "min" : 34606,
          "max" : 452624812,
          "mean" : 96444.431577,
          "stddev" : 1570167.275551,
          "N" : 366797
        },
        "clat_ns" : {
          "min" : 1357,
          "max" : 514853688,
          "mean" : 1262537.628680,
          "stddev" : 7258636.971311,
          "N" : 366797,
          "percentile" : {
            "1.000000" : 391168,
            "5.000000" : 428032,
            "10.000000" : 448512,
            "20.000000" : 473088,
            "30.000000" : 493568,
            "40.000000" : 514048,
            "50.000000" : 528384,
            "60.000000" : 544768,
            "70.000000" : 577536,
            "80.000000" : 659456,
            "90.000000" : 1597440,
            "95.000000" : 4112384,
            "99.000000" : 12910592,
            "99.500000" : 18743296,
            "99.900000" : 63700992,
            "99.950000" : 115867648,
            "99.990000" : 371195904
          }
        },
        "lat_ns" : {
          "min" : 42860,
          "max" : 514897866,
          "mean" : 1358982.060257,
          "stddev" : 7471728.007642,
          "N" : 366797
        },
        "bw_min" : 192766,
        "bw_max" : 2661045,
        "bw_agg" : 100.000000,
        "bw_mean" : 1060774.566667,
        "bw_dev" : 109469.063105,
        "bw_samples" : 78,
        "iops_min" : 12047,
        "iops_max" : 166314,
        "iops_mean" : 66297.177778,
        "iops_stddev" : 6841.760738,
        "iops_samples" : 78
      },
      "write" : {
        "io_bytes" : 2580332544,
        "io_kbytes" : 2519856,
        "bw_bytes" : 440705814,
        "bw" : 430376,
        "iops" : 26898.548249,
        "runtime" : 5855,
        "total_ios" : 157491,
        "short_ios" : 0,
        "drop_ios" : 0,
        "slat_ns" : {
          "min" : 8270,
          "max" : 329209690,
          "mean" : 34712.193503,
          "stddev" : 1349825.218654,
          "N" : 157491
        },
        "clat_ns" : {
          "min" : 1559,
          "max" : 514850935,
          "mean" : 1254963.422380,
          "stddev" : 6790058.746300,
          "N" : 157491,
          "percentile" : {
            "1.000000" : 391168,
            "5.000000" : 432128,
            "10.000000" : 448512,
            "20.000000" : 473088,
            "30.000000" : 493568,
            "40.000000" : 514048,
            "50.000000" : 528384,
            "60.000000" : 544768,
            "70.000000" : 577536,
            "80.000000" : 651264,
            "90.000000" : 1613824,
            "95.000000" : 4112384,
            "99.000000" : 12910592,
            "99.500000" : 18219008,
            "99.900000" : 57933824,
            "99.950000" : 117964800,
            "99.990000" : 341835776
          }
        },
        "lat_ns" : {
          "min" : 11955,
          "max" : 514862776,
          "mean" : 1289675.615883,
          "stddev" : 6949613.332909,
          "N" : 157491
        },
        "bw_min" : 83355,
        "bw_max" : 1146484,
        "bw_agg" : 100.000000,
        "bw_mean" : 455598.100000,
        "bw_dev" : 46890.107101,
        "bw_samples" : 78,
        "iops_min" : 5209,
        "iops_max" : 71654,
        "iops_mean" : 28473.500000,
        "iops_stddev" : 2930.571054,
        "iops_samples" : 78
      },
      "trim" : {
        "io_bytes" : 0,
        "io_kbytes" : 0,
        "bw_bytes" : 0,
        "bw" : 0,
        "iops" : 0.000000,
        "runtime" : 0,
        "total_ios" : 0,
        "short_ios" : 0,
        "drop_ios" : 0,
        "slat_ns" : {
          "min" : 0,
          "max" : 0,
          "mean" : 0.000000,
          "stddev" : 0.000000,
          "N" : 0
        },
        "clat_ns" : {
          "min" : 0,
          "max" : 0,
          "mean" : 0.000000,
          "stddev" : 0.000000,
          "N" : 0
        },
        "lat_ns" : {
          "min" : 0,
          "max" : 0,
          "mean" : 0.000000,
          "stddev" : 0.000000,
          "N" : 0
        },
        "bw_min" : 0,
        "bw_max" : 0,
        "bw_agg" : 0.000000,
        "bw_mean" : 0.000000,
        "bw_dev" : 0.000000,
        "bw_samples" : 0,
        "iops_min" : 0,
        "iops_max" : 0,
        "iops_mean" : 0.000000,
        "iops_stddev" : 0.000000,
        "iops_samples" : 0
      },
      "sync" : {
        "total_ios" : 0,
        "lat_ns" : {
          "min" : 0,
          "max" : 0,
          "mean" : 0.000000,
          "stddev" : 0.000000,
          "N" : 0
        }
      },
      "job_runtime" : 43953,
      "usr_cpu" : 2.436694,
      "sys_cpu" : 38.081587,
      "ctx" : 42833,
      "majf" : 0,
      "minf" : 124,
      "iodepth_level" : {
        "1" : 0.100000,
        "2" : 0.100000,
        "4" : 0.100000,
        "8" : 0.100000,
        "16" : 99.977112,
        "32" : 0.000000,
        ">=64" : 0.000000
      },
      "iodepth_submit" : {
        "0" : 0.000000,
        "4" : 100.000000,
        "8" : 0.000000,
        "16" : 0.000000,
        "32" : 0.000000,
        "64" : 0.000000,
        ">=64" : 0.000000
      },
      "iodepth_complete" : {
        "0" : 0.000000,
        "4" : 99.998474,
        "8" : 0.000000,
        "16" : 0.100000,
        "32" : 0.000000,
        "64" : 0.000000,
        ">=64" : 0.000000
      },
      "latency_ns" : {
        "2" : 0.000000,
        "4" : 0.000000,
        "10" : 0.000000,
        "20" : 0.000000,
        "50" : 0.000000,
        "100" : 0.000000,
        "250" : 0.000000,
        "500" : 0.000000,
        "750" : 0.000000,
        "1000" : 0.000000
      },
      "latency_us" : {
        "2" : 0.010000,
        "4" : 0.000000,
        "10" : 0.000000,
        "20" : 0.010000,
        "50" : 0.010000,
        "100" : 0.010000,
        "250" : 0.010000,
        "500" : 33.776665,
        "750" : 49.344444,
        "1000" : 3.696251
      },
      "latency_ms" : {
        "2" : 4.394531,
        "4" : 3.655815,
        "10" : 3.593063,
        "20" : 1.109505,
        "50" : 0.312042,
        "100" : 0.039291,
        "250" : 0.044060,
        "500" : 0.016975,
        "750" : 0.010000,
        "1000" : 0.000000,
        "2000" : 0.000000,
        ">=2000" : 0.000000
      },
      "latency_depth" : 16,
      "latency_target" : 0,
      "latency_percentile" : 100.000000,
      "latency_window" : 0
    }
  ]
}
